"gene_id","WT_Veh_1","WT_Veh_2","WT_Veh_3","WT_Veh_4","WT_LPS_1","WT_LPS_2","WT_LPS_3","WT_LPS_4","WT_LPS_Drug_1","WT_LPS_Drug_2","WT_LPS_Drug_3","WT_LPS_Drug_4","KO_Veh_1","KO_Veh_2","KO_Veh_3","KO_Veh_4","KO_LPS_1","KO_LPS_2","KO_LPS_3","KO_LPS_4","KO_LPS_Drug_1","KO_LPS_Drug_2","KO_LPS_Drug_3","KO_LPS_Drug_4"
"Abca1",1,5,10,13,35,31,72,70,41,32,37,44,13,7,13,19,65,39,60,40,41,45,47,136
"Ackr3",31,50,43,22,115,125,164,206,152,128,162,88,13,56,32,16,50,140,93,133,59,139,156,154
"Areg",756,1444,1103,761,1509,4174,3918,5309,6539,6178,2379,6689,1050,695,602,1074,3445,2896,5069,2799,2021,3886,3854,3538
"Atf3",764,397,977,544,4892,2667,4950,3753,2372,1068,1853,2146,734,496,615,821,3323,2543,2627,3876,1341,1118,1759,1250
"Atp2b1",406,593,549,488,2885,6361,2210,4122,1085,2169,1562,2844,467,747,703,721,2565,1126,2784,1615,602,1607,3232,1788
"B4galt1",53,87,76,143,396,888,209,408,628,533,275,333,106,113,59,129,663,274,601,897,487,437,456,579
"B4galt5",15,22,9,6,36,93,87,143,46,59,14,39,8,7,4,15,47,70,45,71,50,19,66,45
"Bcl2a1a",35,59,41,31,160,352,167,201,89,103,213,90,27,31,42,36,190,470,107,343,132,102,324,113
"Bcl3",7,13,7,29,49,144,55,112,41,55,22,36,16,12,11,16,46,57,18,45,19,15,11,87
"Bcl6",30,180,88,187,414,574,196,616,268,292,231,644,53,110,65,81,341,266,160,555,191,465,270,281
"Bhlhe40",95,299,181,143,454,539,598,481,799,714,886,799,123,86,70,298,902,453,941,601,334,584,696,956
"Birc2",4,1,6,18,28,38,33,32,2,17,4,22,3,11,15,4,28,12,33,47,2,17,12,18
"Birc3",54,156,99,61,331,327,406,374,262,246,282,217,70,66,40,148,643,276,516,327,306,240,332,269
"Bmp2",22,14,36,28,55,116,57,86,76,88,150,59,44,23,25,13,110,65,63,67,41,25,132,47
"Btg1",22,57,66,35,72,101,156,149,39,71,129,132,24,54,24,64,98,154,104,105,106,110,107,216
"Btg2",10,8,4,10,6,41,34,24,21,56,25,19,13,6,3,8,28,21,20,45,16,19,66,14
"Btg3",284,211,164,385,636,1632,971,730,826,671,321,1300,227,227,224,258,831,776,1075,615,820,1035,633,2301
"Ccl2",14,57,46,36,54,224,77,182,141,81,200,86,18,45,20,52,95,155,151,107,84,147,223,149
"Ccl20",22,31,46,28,63,134,158,110,62,185,64,98,54,43,25,55,161,184,191,89,192,144,231,178
"Ccl4",3,6,7,2,18,6,7,18,14,51,6,31,6,0,6,2,10,12,23,24,9,9,17,6
"Ccl5",18,16,7,12,46,105,49,56,49,20,36,25,16,3,21,15,64,43,57,38,37,47,196,90
"Ccn1",15,18,17,16,67,135,70,88,34,32,25,85,42,8,5,16,151,17,74,22,29,67,74,34
"Ccnd1",10,3,1,1,2,11,14,60,20,2,49,21,3,10,6,3,49,21,28,2,16,20,30,9
"Ccnl1",32,38,34,16,73,69,63,57,181,108,92,89,45,28,6,13,216,210,228,192,88,130,175,199
"Ccrl2",14,13,9,29,106,71,306,52,110,68,49,104,20,22,16,16,113,33,150,48,224,152,222,168
"Cd44",1,2,4,2,14,3,5,20,8,8,1,1,3,0,3,2,36,33,13,4,16,6,17,13
"Cd69",2,3,1,3,13,5,3,3,10,2,16,3,5,2,1,1,24,4,17,6,7,22,12,4
"Cd80",29,26,12,34,148,216,183,141,97,82,116,69,22,40,11,35,176,55,125,92,119,128,115,111
"Cd83",30,137,89,15,96,311,163,78,283,109,221,184,69,113,62,120,336,513,670,359,352,173,182,219
"Cdkn1a",6,15,6,9,22,49,31,65,15,2,6,20,5,5,4,6,21,17,40,21,14,7,68,14
"Cebpb",7,29,37,52,37,43,70,99,110,93,62,109,15,9,10,13,79,58,92,44,93,69,149,232
"Cebpd",2,6,6,9,11,11,0,47,4,41,10,16,2,5,3,1,12,2,19,4,12,25,5,1
"Cflar",25,22,20,19,32,52,81,94,52,41,51,32,13,34,9,26,46,41,27,52,27,25,48,25
"Clcf1",44,60,82,34,82,136,148,167,188,181,232,166,39,28,74,42,144,105,269,81,246,134,298,157
"Csf1",25,49,70,24,131,154,408,225,180,48,188,216,46,60,53,18,169,137,174,113,153,36,111,157
"Csf2",43,57,91,21,145,287,103,155,100,138,112,177,55,68,45,38,91,49,153,102,138,133,174,267
"Cxcl1",65,51,89,33,253,157,196,250,166,127,163,127,58,22,33,43,140,175,241,247,257,55,156,156
"Cxcl2",49,129,140,143,467,730,681,453,332,552,260,373,106,61,80,109,611,570,604,474,228,295,332,432
"Cxcl3",28,153,56,63,382,279,349,452,291,261,237,163,78,56,51,59,601,672,356,627,351,362,816,455
"Cxcl10",5,2,6,7,28,23,21,14,53,30,19,23,7,4,5,9,54,39,11,60,2,27,31,26
"Cxcl11",0,4,5,0,7,6,3,7,1,11,3,2,3,0,1,1,5,6,11,4,8,7,6,1
"Cxcl5",92,228,141,94,509,330,374,941,444,478,377,493,235,99,96,127,554,334,960,583,503,242,593,782
"Dennd5a",37,95,107,83,342,387,619,474,107,246,160,291,80,121,70,118,1005,363,359,247,581,489,939,648
"Dnajb4",296,382,163,223,788,1355,1612,923,816,916,610,743,451,220,225,156,863,698,1009,460,2424,903,2500,1400
"Dram1",14,11,5,8,68,78,45,117,21,84,34,16,25,7,21,3,21,111,183,83,25,56,96,59
"Dusp1",44,44,85,41,190,514,312,528,237,181,302,343,54,61,90,24,250,343,484,323,76,236,351,183
"Dusp2",42,30,29,22,152,187,240,215,103,83,60,15,16,43,22,29,143,163,273,81,58,70,75,93
"Dusp4",6,9,8,21,17,40,46,69,34,49,24,64,8,6,8,20,82,97,191,109,27,59,23,118
"Dusp5",62,67,60,48,239,260,142,247,279,158,347,326,35,32,48,33,350,336,713,733,136,154,174,127
"Edn1",2139,3807,1980,1000,9279,8329,9591,9989,5588,11889,11620,9613,3139,2122,1989,1934,14351,10085,6279,3792,7151,7786,8748,16238
"Efna1",126,398,107,140,393,515,815,478,439,603,660,538,122,126,196,180,1110,462,1124,338,599,714,866,683
"Egr1",100,175,82,121,317,580,979,756,458,464,591,322,57,81,56,88,466,426,356,585,515,227,479,421
"Egr2",14,15,13,19,95,43,59,73,8,30,31,23,10,7,8,12,35,35,26,23,27,24,8,24
"Egr3",121,728,525,1086,766,4874,826,3303,907,1801,1063,1774,283,380,310,478,1468,1735,640,1095,1745,2431,1707,758
"Ehd1",111,153,99,68,175,158,243,195,239,350,293,219,96,44,88,71,679,362,515,496,520,239,403,122
"Eif1",26,64,10,16,93,122,274,117,103,72,70,24,27,0,8,11,138,68,125,70,16,115,150,38
"Ets2",44,96,116,42,225,183,98,210,189,129,84,113,39,41,41,85,480,145,120,222,200,124,133,119
"F2rl1",9,36,15,5,27,41,19,37,138,57,49,102,15,22,9,5,16,28,44,12,24,29,131,34
"F3",181,213,299,245,493,1896,941,974,1609,1594,1021,976,187,109,252,415,785,583,722,284,770,1390,745,503
"Fjx1",295,551,394,264,472,1105,739,1027,1127,788,990,678,173,445,194,316,1277,743,944,1372,1210,557,1155,1036
"Fos",66,52,81,58,188,252,387,318,287,335,219,1213,56,141,104,80,389,503,503,555,328,514,298,180
"Fosb",64,74,147,65,167,303,369,252,247,147,122,357,87,109,52,118,569,534,272,315,241,306,348,472
"Fosl1",980,2789,1648,1855,7189,7803,5505,9071,1857,3895,2988,2150,1156,949,1591,1851,6975,5310,10413,3413,2275,3646,8586,4195
"Fosl2",11,19,33,39,50,47,40,59,43,130,136,76,15,20,8,35,79,14,82,37,19,34,80,78
"Fut4",74,61,51,78,301,80,248,170,206,119,250,170,35,45,24,102,130,68,180,163,198,301,281,313
"G0s2",3,20,19,7,63,49,38,91,28,51,47,41,12,8,4,7,50,13,59,46,13,17,43,15
"Gadd45a",22,49,79,53,67,257,190,291,384,281,330,607,63,68,76,49,124,103,267,89,118,110,216,223
"Gadd45b",4,15,1,8,29,30,56,19,10,10,24,42,8,14,0,4,33,19,15,19,44,42,1,19
"Gch1",7,17,8,3,42,84,43,28,19,24,53,12,10,8,5,4,91,12,110,24,33,10,40,16
"Gem",40,94,11,46,95,239,377,503,268,149,192,222,70,35,25,33,68,129,122,221,77,84,64,115
"Gfpt2",6,5,2,0,13,34,33,36,38,24,7,9,10,15,10,7,47,38,56,50,46,23,53,17
"Gpr183",27,122,99,41,429,375,369,1316,385,329,342,158,52,43,31,57,396,330,437,280,111,64,488,275
"Hbegf",75,194,116,118,463,276,242,418,339,720,414,974,140,114,90,142,1233,949,478,463,441,528,787,681
"Hes1",23,10,16,17,36,60,23,84,15,227,25,131,7,32,19,22,5,40,44,49,10,22,78,56
"Icam1",89,138,74,131,422,740,661,426,305,424,319,313,111,90,74,164,579,493,535,647,440,371,324,650
"Icosl",3,21,18,11,56,95,56,158,69,42,40,51,11,7,11,4,54,34,54,58,73,22,44,125
"Id2",7,13,14,16,50,90,144,152,32,47,58,72,16,8,9,28,89,35,42,39,40,46,70,43
"Ier2",44,55,46,37,313,196,239,259,139,232,126,143,12,27,30,19,160,204,84,101,79,147,209,170
"Ier3",124,369,271,332,542,526,2212,1114,3329,2089,1154,1864,109,125,110,116,835,582,441,629,321,228,493,332
"Ier5",38,12,47,13,146,214,470,181,96,189,73,80,12,41,15,30,447,274,311,170,87,167,182,116
"Ifih1",47,37,34,33,219,136,146,269,237,148,188,181,20,29,26,34,282,166,227,113,144,150,208,308
"Ifit2",427,1159,669,757,1740,3614,2746,3999,1651,1329,1051,1051,532,531,809,373,2350,4542,2577,2193,2666,3320,1963,2839
"Ifngr2",22,25,57,35,76,245,118,323,91,99,47,121,31,24,19,79,266,194,615,450,134,76,174,209
"Il12b",19,95,27,27,131,193,210,347,217,163,115,430,86,24,20,35,37,68,33,79,79,233,97,182
"Il15ra",12,13,17,30,100,110,35,40,36,18,11,25,8,10,4,11,20,9,57,40,58,47,16,75
"Il18",1,11,7,7,21,27,37,51,41,57,73,15,12,8,19,19,33,44,81,42,43,25,15,29
"Il1a",17,28,27,18,103,78,148,128,100,111,91,14,27,20,14,20,80,44,181,81,30,41,58,53
"Il1b",58,244,62,130,412,831,533,1149,438,284,312,630,121,112,117,124,400,331,761,387,636,545,555,686
"Il23a",23,97,33,39,94,77,197,173,167,69,100,165,35,25,39,15,86,176,82,63,96,196,365,335
"Il6",106,389,241,374,501,2186,1070,1403,649,597,645,500,77,251,81,167,1235,839,1140,695,403,534,793,757
"Il6st",6,7,11,6,94,23,55,22,19,33,41,69,3,9,5,1,14,14,46,21,30,14,41,41
"Il7r",23,82,33,70,57,122,158,138,44,45,95,56,49,34,11,36,103,239,136,93,80,44,117,42
"Inhba",51,36,12,35,219,129,166,113,56,231,116,100,34,18,31,33,67,115,275,156,117,177,211,195
"Irf1",56,100,82,90,165,304,101,197,185,131,128,211,18,50,60,34,86,154,94,207,125,170,334,703
"Irs2",68,130,113,94,232,293,411,306,503,498,797,425,103,66,56,91,489,221,594,177,393,192,775,652
"Jag1",47,129,130,89,932,1615,597,1119,346,395,428,427,54,71,73,206,607,526,434,389,215,608,130,421
"Jun",25,26,6,23,174,141,69,142,144,101,160,145,39,8,23,47,146,80,265,54,118,50,217,98
"Junb",12,33,17,4,29,57,51,107,111,92,16,23,22,10,13,1,69,64,75,32,43,57,20,69
"Kdm6b",1,3,3,2,1,1,14,7,13,10,7,11,0,0,2,3,0,0,11,3,0,5,4,9
"Klf10",6,44,56,45,88,321,318,90,191,222,20,538,45,41,33,27,162,146,88,224,105,31,126,223
"Klf2",122,266,202,146,780,1442,732,1154,203,423,434,374,126,183,106,335,618,289,451,883,539,352,920,1048
"Klf4",62,86,57,81,711,550,476,479,576,898,476,622,51,91,68,133,153,535,678,428,402,530,686,645
"Klf6",95,259,202,92,703,852,798,964,677,745,584,286,174,38,105,133,899,367,399,295,470,275,688,622
"Klf9",12,3,9,2,17,16,29,28,51,67,21,30,25,6,3,1,61,16,11,18,31,67,28,74
"Kynu",16,23,10,13,123,146,122,314,87,29,14,58,40,19,9,28,85,75,111,93,75,112,82,36
"Lamb3",34,35,40,39,132,157,116,142,174,499,244,274,46,57,49,53,346,101,228,271,95,123,171,198
"Ldlr",19,13,34,26,52,24,35,53,41,49,100,194,16,21,11,27,49,53,83,63,99,49,213,94
"Lif",66,74,149,83,409,364,867,528,355,87,115,221,44,16,59,49,318,170,475,250,178,390,658,376
"Litaf",75,149,75,137,460,462,320,405,185,510,291,206,169,165,66,101,376,255,425,125,761,394,360,507
"Maff",12,36,52,44,94,259,169,273,77,105,163,157,73,30,29,28,115,234,334,82,134,110,156,214
"Map2k3",1,4,1,1,0,1,16,6,5,3,3,5,0,0,2,1,11,16,5,18,8,11,5,10
"Map3k8",37,50,24,51,117,86,85,59,55,137,79,139,25,28,18,29,80,74,79,86,52,80,61,51
"Marcks",216,455,209,144,522,1158,1117,660,598,2021,1146,575,159,280,129,345,1346,1035,1094,789,543,869,640,739
"Mcl1",16,40,48,16,179,144,335,292,85,149,114,118,25,33,40,33,374,383,106,30,150,95,108,135
"Msc",14,17,29,22,108,188,172,111,74,93,62,50,58,40,34,13,66,101,138,98,49,61,150,172
"Mxd1",2,15,4,16,297,133,317,125,23,55,34,12,33,15,33,22,112,57,118,77,66,73,123,53
"Myc",109,92,98,66,442,893,523,587,255,362,310,215,91,98,87,92,627,346,668,365,248,176,716,301
"Nampt",54,84,66,10,100,308,332,231,211,155,218,271,60,38,32,20,95,167,133,148,157,59,205,234
"Nfat5",138,354,350,254,2322,2301,2508,3565,1187,1355,923,910,292,391,318,255,1388,1545,1973,1058,1542,661,1188,1321
"Nfe2l2",64,483,416,204,1131,2108,2102,2755,389,879,970,696,168,60,230,163,643,778,1154,1325,561,363,801,842
"Nfil3",28,32,52,28,141,120,458,248,149,263,141,209,54,30,19,46,227,152,91,283,215,303,131,202
"Nfkb1",0,0,0,0,5,3,12,2,1,0,5,8,1,2,0,1,5,4,3,2,1,2,0,7
"Nfkb2",1482,3762,1844,2003,10572,18446,14062,15520,11182,11176,8797,12334,2712,3116,2378,3322,24309,6670,21512,11604,6961,4844,17418,7591
"Nfkbia",1036,2374,2090,1704,6016,14888,8988,9376,5041,7903,3105,7665,1437,996,1500,1825,12227,4494,15804,6887,5207,7048,16145,5760
"Nfkbie",14,27,10,12,47,134,133,78,44,38,49,27,15,15,10,27,125,57,71,17,16,52,114,19
"Ninj1",55,65,56,65,102,268,193,305,242,427,257,102,59,53,31,47,415,218,260,343,155,145,212,203
"Nr4a1",17,45,68,15,149,83,260,57,71,152,113,77,21,36,35,49,44,95,106,110,31,59,39,71
"Nr4a2",1302,4548,1144,1345,5262,5247,11418,7864,3803,2990,5217,2463,1326,971,1309,1942,11471,4165,11220,2498,5899,4428,11733,4941
"Nr4a3",0,0,0,2,6,10,12,7,6,13,20,9,0,5,0,1,4,12,19,10,2,6,6,6
"Olr1",7,4,1,4,11,27,5,11,10,22,8,20,7,6,3,13,45,46,14,15,15,8,10,29
"Panx1",64,101,245,172,393,655,778,1056,407,684,750,687,121,89,155,100,845,242,724,655,548,508,683,668
"Pde4b",20,23,68,17,36,49,139,215,86,159,231,275,20,42,40,41,101,200,115,198,38,84,46,145
"Pdlim5",47,94,80,135,172,646,790,737,202,313,244,252,75,68,90,150,192,268,581,236,295,208,286,347
"Per1",152,322,157,157,555,1902,541,1579,312,723,515,560,198,201,116,247,516,834,564,446,278,526,538,549
"Pfkfb3",13,72,75,31,203,214,226,240,307,117,140,156,49,43,56,25,82,173,174,67,148,166,275,148
"Phlda1",184,449,405,365,514,866,1087,889,987,762,673,629,300,159,173,294,3067,1894,1672,747,622,561,1486,1196
"Phlda2",27,54,34,13,77,84,160,142,155,86,173,100,38,53,18,30,269,173,152,190,117,243,389,169
"Plau",8,27,18,15,88,89,30,60,26,19,12,18,12,5,23,18,16,43,37,14,79,56,58,52
"Plaur",198,590,258,475,1660,2279,1633,1807,404,2215,401,1211,189,363,328,318,1294,1450,994,1198,803,782,497,1076
"Plek",5,3,3,1,7,17,2,25,17,13,7,6,4,7,5,3,15,37,17,15,9,0,22,30
"Plk2",13,25,28,19,210,235,454,431,113,106,130,131,73,37,7,19,89,67,125,65,151,138,159,159
"Plpp3",0,0,0,0,2,4,1,0,2,6,4,3,0,0,0,0,1,1,4,1,1,2,3,3
"Pmepa1",9,23,4,21,56,81,125,121,65,49,33,83,31,13,9,11,85,121,74,72,34,124,88,63
"Pnrc1",12,11,4,15,29,28,20,38,28,20,39,60,8,9,4,4,52,8,35,31,41,34,20,51
"Ppp1r15a",101,370,179,161,1031,745,1361,1779,307,409,440,695,245,74,163,47,376,478,414,482,528,457,600,530
"Ptger4",56,102,137,168,621,940,398,912,420,1101,534,472,205,228,156,69,1088,711,1079,516,637,672,452,1123
"Ptgs2",4,6,8,12,114,44,21,103,53,73,69,43,8,23,4,17,42,28,61,40,37,15,60,10
"Ptpre",46,139,115,58,127,882,381,550,448,375,348,772,163,102,134,109,807,418,457,447,134,95,139,268
"Ptx3",1,2,1,0,5,3,1,6,4,3,2,5,0,0,0,1,10,15,18,3,5,3,3,5
"Rcan1",54,28,44,40,106,172,107,65,83,58,64,94,38,30,53,53,242,213,578,116,81,144,256,351
"Rel",4,10,5,2,21,11,51,53,31,11,30,14,9,0,9,8,56,10,53,29,63,27,45,27
"Rela",8,45,44,43,150,171,370,360,56,117,66,62,47,30,51,12,97,70,110,29,32,88,108,92
"Relb",22,45,26,28,30,157,39,43,64,40,134,131,27,3,28,33,76,63,72,35,65,61,55,94
"Rhob",269,539,388,420,1582,2202,3679,2202,866,2126,1394,1298,508,421,430,422,3812,1263,1728,2194,1013,1243,1875,1633
"Rigi",9,17,17,7,66,83,15,40,103,120,26,214,14,24,3,22,38,52,37,10,16,68,10,36
"Ripk2",3,8,12,4,22,51,16,31,7,11,19,13,4,17,13,3,47,19,28,26,55,49,32,26
"Rnf19b",18,70,49,55,118,156,207,161,87,61,128,121,23,29,54,20,158,117,251,159,326,131,204,148
"Sat1",52,132,94,48,298,494,508,299,246,158,169,178,47,20,78,35,257,144,442,146,188,458,275,366
"Sdc4",4,9,4,4,20,43,15,28,5,5,6,3,1,6,9,7,6,34,32,2,1,13,10,18
"Serpinb2",237,463,366,545,1107,5194,2419,3432,1630,3295,1944,4200,346,302,404,900,3064,4719,3177,2968,739,908,1884,2127
"Serpinb8",4,7,1,5,10,35,33,12,29,18,7,5,8,2,2,5,19,18,9,12,17,15,14,26
"Serpine1",69,43,55,52,164,123,215,235,219,231,182,193,27,26,61,56,219,153,288,189,112,298,305,314
"Sgk1",269,367,276,75,1332,1474,1274,2475,1197,1306,2086,1794,218,314,489,260,1327,1293,1015,847,1942,804,3106,2126
"Sik1",3,19,25,25,51,128,91,27,20,42,34,144,12,21,17,19,54,83,72,70,81,44,60,46
"Slc16a6",156,563,194,298,1129,1105,1649,1224,698,593,868,806,322,323,187,463,2714,1041,2563,965,649,727,1613,1195
"Slc2a3",43,88,78,55,251,195,305,258,293,314,88,242,79,52,87,104,942,430,907,294,270,219,289,333
"Slc2a6",1,0,15,8,18,27,38,14,2,9,6,5,1,4,4,1,13,12,26,8,13,3,5,7
"Smad3",26,26,5,26,85,134,275,200,148,78,92,107,26,17,43,11,83,44,63,25,86,19,100,78
"Snn",21,179,95,33,140,452,528,623,170,484,353,190,87,42,47,48,142,395,324,147,427,120,285,207
"Socs3",35,27,98,54,176,173,114,240,285,84,222,199,22,66,86,38,351,238,278,124,352,92,419,176
"Sphk1",44,29,81,45,170,151,194,256,267,238,225,207,33,19,27,37,348,142,152,170,168,215,236,85
"Spsb1",64,202,149,136,654,345,408,434,362,208,742,672,81,134,103,66,874,694,481,561,312,382,370,205
"Sqstm1",9,93,15,22,44,101,234,79,81,125,191,92,11,12,13,23,111,131,99,94,107,156,112,41
"Stat5a",19,7,13,5,75,129,55,150,72,32,39,141,29,37,25,39,183,72,281,95,63,100,181,110
"Tank",61,120,67,48,94,240,277,277,133,143,109,210,93,45,55,123,342,80,131,380,402,133,224,366
"Tap1",3,7,3,7,11,36,49,11,19,6,9,15,3,6,4,2,16,11,35,10,3,5,3,5
"Tgif1",68,166,138,109,446,504,598,498,347,211,445,320,155,99,70,107,290,67,362,366,365,283,636,377
"Tiparp",6,2,4,2,9,9,13,21,6,4,0,3,1,6,7,4,10,10,7,2,30,8,3,21
"Tlr2",222,379,682,401,2180,2540,1599,2966,2949,2922,1827,2801,420,382,391,489,1761,1274,2077,1584,1614,1408,2562,2849
"Tnc",41,52,37,45,257,261,274,175,146,196,85,127,27,33,34,75,487,139,281,145,111,115,180,213
"Tnf",3,8,13,5,26,32,24,25,39,33,35,58,8,3,6,19,43,56,39,45,75,23,92,136
"Tnfaip2",217,188,355,116,1905,2147,1983,1485,599,608,1007,619,192,165,216,226,692,1009,2206,1205,246,422,473,843
"Tnfaip3",4,3,5,2,15,14,65,21,39,5,35,5,10,3,12,2,22,17,15,2,42,24,5,35
"Tnfaip6",137,379,231,329,319,883,1016,732,794,1454,487,1361,178,150,128,256,1712,928,942,1251,1111,1049,548,1254
"Tnfaip8",32,61,59,71,109,191,75,112,63,106,131,124,59,23,21,55,505,290,275,154,94,116,176,106
"Tnfrsf9",565,1494,541,432,1308,5961,2784,3562,1905,1862,603,1163,802,477,404,559,911,1240,717,1105,1358,2657,1179,2804
"Tnfsf9",16,51,17,16,87,130,164,149,191,163,48,306,14,22,31,13,32,20,142,100,69,40,112,151
"Tnip1",55,267,178,117,549,811,202,504,680,991,1272,556,74,130,91,207,665,401,652,518,368,653,722,1181
"Tnip2",5,22,17,10,47,20,43,41,68,55,17,18,11,10,11,1,53,32,71,74,23,10,27,31
"Traf1",12,7,6,13,15,14,37,11,57,16,61,16,4,2,19,7,117,8,65,66,51,31,117,11
"Trib1",400,899,371,421,1177,2123,883,860,1594,2244,2582,2102,546,439,434,267,2221,2187,1710,1988,1151,1462,2579,2406
"Trip10",12,76,33,60,162,398,417,134,93,250,109,178,34,44,41,39,319,356,233,232,140,271,270,165
"Tsc22d1",12,26,15,21,45,21,12,81,115,35,94,62,8,24,17,8,23,41,37,29,36,59,80,86
"Tubb2a",110,97,159,174,1568,1149,1635,1039,377,443,378,678,78,84,123,100,348,921,466,328,457,215,338,920
"Vegfa",27,26,40,29,129,74,188,191,346,131,188,183,7,69,39,43,398,329,553,123,216,78,297,111
"Yrdc",15,77,20,34,70,235,155,179,160,173,122,280,29,67,18,39,129,62,137,196,219,145,85,101
"Zbtb10",23,11,18,8,35,27,34,11,50,30,59,19,14,27,24,4,42,43,35,16,38,7,108,21
"Zc3h12a",159,292,291,332,1214,1544,1113,1359,832,1567,357,1382,163,600,110,334,737,799,776,583,709,946,816,1273
"Zfp36",38,64,46,59,209,197,159,311,320,385,175,280,51,59,17,58,354,169,278,125,139,126,249,117
"Abi1",39,41,22,28,150,118,192,161,95,104,56,78,34,24,53,53,140,144,400,193,73,42,109,63
"Acvr1b",8,6,0,6,9,2,25,23,20,12,24,25,1,1,10,2,33,10,56,9,1,11,16,3
"Acvr2a",108,233,89,207,400,464,457,678,256,344,609,516,178,79,121,168,444,590,346,353,226,311,210,593
"Adgre1",343,674,540,489,3520,2805,2549,4219,1911,2013,2613,2703,492,1112,281,917,4321,3485,2384,3375,2542,2060,3134,2760
"Adm",22,95,49,29,178,323,112,342,125,376,287,152,36,34,23,56,82,94,201,153,246,233,424,298
"Adora2b",52,142,195,43,224,324,466,934,123,381,196,314,123,114,191,114,408,555,1006,549,397,181,407,487
"Adrm1",25,13,46,15,189,179,87,131,84,51,43,53,26,51,22,21,34,181,104,106,43,27,56,99
"Ahr",28,34,28,29,45,112,64,113,67,85,146,86,18,29,19,21,111,122,46,48,61,59,193,127
"Aplnr",28,48,52,14,278,220,108,193,125,106,192,277,46,12,29,35,136,105,176,231,253,200,228,154
"Aqp9",47,247,102,107,54,229,236,389,501,319,401,509,61,135,109,202,519,111,620,456,293,538,567,283
"Atp2a2",637,954,774,473,1470,1529,1931,1895,781,871,776,1127,677,505,502,523,1728,2201,1905,1957,1712,1154,1051,3326
"Atp2c1",97,95,114,109,313,510,596,512,375,650,378,317,229,97,50,93,1381,774,294,754,171,214,118,275
"Axl",22,85,40,28,183,352,222,336,68,105,179,137,82,61,50,27,297,302,392,255,195,172,305,385
"Bdkrb1",27,41,37,8,125,133,97,143,117,71,160,89,65,14,13,14,104,67,152,92,51,136,221,140
"Best1",84,187,263,260,471,1333,1176,1324,652,1153,982,579,147,204,94,145,657,699,541,783,529,780,1148,738
"Bst2",59,160,100,139,615,820,496,688,299,477,185,255,138,61,71,70,431,478,425,218,212,216,214,148
"C3ar1",10,11,15,4,26,28,21,103,46,13,30,15,21,4,7,4,101,80,37,19,48,64,41,72
"C5ar1",109,128,97,117,680,249,545,893,640,365,601,644,71,142,106,153,1203,711,1013,306,245,231,762,293
"Calcrl",1,9,10,6,14,56,36,70,31,39,32,28,11,5,13,7,15,15,50,14,29,6,14,30
"Ccl17",3,7,4,10,0,13,23,13,6,8,5,16,4,6,4,14,44,38,31,10,6,9,4,9
"Ccl22",21,112,70,35,311,450,154,900,220,211,131,536,66,129,60,141,126,126,152,76,188,148,201,197
"Ccl24",4989,14970,11820,5818,18100,36127,37322,19867,33313,61525,56329,28326,9913,5662,5716,7414,40927,25935,43130,33399,37243,25045,23964,30889
"Ccl7",142,263,104,159,847,1940,1333,1707,479,351,938,1657,138,143,63,126,922,1390,1784,1498,406,459,557,891
"Ccr7",8,3,4,2,14,33,62,20,32,50,41,57,4,12,9,3,26,7,2,23,12,25,35,4
"Cd14",2,21,3,4,38,20,46,62,11,10,42,13,8,3,2,5,47,57,45,26,12,19,101,15
"Cd40",84,121,100,182,627,536,970,696,348,303,327,762,128,123,124,129,698,1106,1037,705,315,324,188,375
"Cd48",6,12,16,10,10,70,74,61,14,10,6,12,5,0,7,3,96,49,129,42,35,22,46,14
"Cd55",83,140,54,85,246,458,560,360,464,285,709,506,106,102,81,114,437,367,381,209,179,162,329,386
"Cd55b",48,128,83,24,131,226,386,554,154,184,224,138,68,53,53,75,180,149,341,137,444,156,275,282
"Cd70",12,35,16,15,137,177,157,217,91,73,82,58,20,46,18,18,78,84,109,53,27,24,167,152
"Cd82",5,4,6,6,5,16,63,30,22,13,8,14,3,11,6,2,31,17,53,30,12,8,30,12
"Chst2",274,739,664,961,2116,4123,4018,4578,2059,3311,1779,2788,398,319,395,694,2807,1622,2911,1792,2749,3721,5441,2810
"Clec5a",0,6,3,5,15,39,21,9,8,13,4,13,4,7,4,3,11,6,10,15,5,14,6,27
"Cmklr1",25,45,15,4,31,77,85,152,72,34,77,56,19,25,14,22,92,152,158,55,25,36,23,79
"Csf3",6,2,3,2,13,15,21,6,9,5,8,5,2,1,6,9,21,15,4,13,17,1,15,3
"Csf3r",46,57,53,36,574,601,272,545,56,169,144,171,40,57,57,30,249,368,247,151,123,131,28,190
"Cx3cl1",7,20,12,14,18,147,121,125,103,54,51,91,24,15,23,14,80,38,51,97,53,33,86,31
"Cxcl9",36,42,64,75,181,135,278,194,161,268,358,297,61,61,94,83,150,230,478,146,178,159,217,287
"Cxcr6",14,46,33,41,373,339,614,1021,151,153,108,209,47,14,45,48,470,151,215,171,166,80,185,167
"Cybb",101,230,59,155,256,599,307,489,426,1101,598,662,112,30,50,136,326,484,268,423,505,512,580,1105
"Dcbld2",219,506,525,172,1292,1783,2260,3146,1662,750,1007,1011,228,230,293,187,2610,1208,2382,569,1023,1170,1907,1212
"Ebi3",382,1225,1099,666,4170,9195,8465,5658,2504,2664,2531,4154,948,584,950,704,2277,2208,2474,4120,1954,3091,1865,3486
"Eif2ak2",8,18,9,1,12,21,18,16,14,27,14,5,7,2,3,1,19,22,53,1,13,3,64,48
"Emp3",43,101,60,11,725,442,638,475,409,326,312,153,97,41,78,60,672,196,567,229,188,135,324,119
"Ereg",20,17,19,25,112,146,148,109,67,144,105,61,10,23,15,32,34,63,177,68,89,107,97,79
"Ffar2",1194,1256,749,1336,3298,4728,7334,5611,3831,1551,4252,3154,1065,1082,1462,774,4433,2625,5726,2132,6391,2502,8957,7552
"Fpr1",33,57,42,23,70,112,105,109,105,59,80,284,48,34,30,54,85,222,183,127,56,35,133,108
"Fzd5",6,15,8,3,33,32,54,39,53,21,10,8,8,7,3,12,35,52,66,106,19,29,37,30
"Gabbr1",324,1140,276,559,1293,3080,2040,1214,1260,1720,1504,1657,366,284,438,310,1897,1360,1370,1813,1969,2261,3746,2951
"Gna15",98,418,264,304,990,1198,1764,1068,813,2223,1203,1778,289,265,214,566,642,1050,1262,1328,602,679,746,1505
"Gnai3",79,328,312,140,435,1008,351,656,611,316,790,476,216,46,115,129,418,1318,546,980,395,936,644,663
"Gp1ba",100,559,164,327,952,1218,1081,1500,631,619,632,754,173,86,114,215,1335,1320,849,1143,295,574,1028,830
"Gpc3",16,34,28,13,128,291,186,107,137,138,99,212,50,44,10,70,71,43,110,110,120,88,201,80
"Gpr132",2,6,1,7,9,23,8,12,36,36,44,47,5,2,4,14,28,11,9,13,8,1,17,7
"Has2",95,340,287,162,721,946,1405,1054,1149,477,1455,624,179,189,212,191,360,264,372,521,414,333,1287,547
"Hif1a",3,22,3,16,5,33,86,39,26,21,28,21,12,9,6,11,29,57,81,93,15,26,37,34
"Hpn",841,488,720,376,1897,3910,2419,3199,5205,3925,2277,2703,577,603,138,444,4089,1507,2737,1392,2410,3215,2836,5674
"Hrh1",1,3,10,12,21,29,65,105,46,17,14,42,5,5,2,8,20,21,67,10,9,13,6,11
"Icam4",18,21,22,22,38,97,69,45,46,70,151,172,8,57,23,44,133,68,94,35,57,126,68,97
"Ifitm1",19,32,42,9,23,93,76,37,50,151,104,152,47,24,13,15,80,84,81,30,97,35,70,97
"Ifnar1",280,680,535,484,2628,2673,1959,2840,2294,2748,2330,2358,456,551,293,331,2597,1587,2571,1100,648,908,1555,3122
"Il10",10,29,4,12,53,91,66,21,56,75,85,83,36,12,33,14,67,100,122,143,45,61,100,58
"Il10ra",43,281,138,88,328,401,577,619,443,905,613,504,157,116,99,100,834,663,1449,496,247,421,289,334
"Il15",31,56,50,63,139,217,202,295,157,112,169,193,64,42,45,26,175,166,321,66,103,97,262,274
"Il18r1",3,6,0,2,15,23,12,28,4,5,2,16,3,2,4,7,48,3,33,8,6,42,17,13
"Il18rap",116,184,51,120,254,291,297,361,384,132,226,253,97,94,101,50,291,233,268,297,293,283,354,316
"Il1r1",13,10,3,8,41,28,95,42,71,29,70,58,14,12,2,15,80,58,61,23,35,7,33,36
"Il2rb",2552,7514,4197,2757,5829,9710,15493,15064,9605,14178,7987,8605,2114,3535,3006,3020,19619,13272,12940,9061,7436,8016,9710,6676
"Il4ra",2,42,13,16,35,102,76,23,36,56,59,48,10,29,24,12,34,48,93,88,26,46,71,51
"Irak2",13,32,15,30,138,96,86,132,73,107,101,51,19,19,9,25,37,75,122,51,28,25,116,27
"Irf7",100,229,159,265,498,582,969,1423,561,1106,598,473,272,193,186,151,738,594,1252,909,762,594,861,513
"Itga5",24,45,43,58,67,36,53,44,99,180,128,118,20,26,16,27,217,193,251,83,102,99,114,191
"Itgb3",12,37,25,20,84,425,161,93,113,86,189,45,41,44,17,46,111,38,130,69,63,52,79,100
"Itgb8",3,6,8,6,32,78,109,85,37,24,13,55,14,9,2,2,23,34,38,20,16,16,29,43
"Kcna3",46,117,110,48,127,401,341,219,211,590,248,287,151,112,75,55,397,826,937,295,145,189,339,357
"Kcnj2",26,16,15,24,66,103,93,66,85,141,73,73,24,16,21,4,68,60,219,39,39,52,121,46
"Kcnmb2",13,28,23,12,97,149,67,87,71,61,142,114,31,16,9,7,45,36,108,70,60,121,90,94
"Kif1b",14,53,51,14,189,77,207,111,129,136,77,70,43,41,18,29,220,149,146,251,74,44,63,106
"Lamp3",101,81,77,122,178,349,297,373,296,132,78,239,84,45,67,109,488,308,783,464,625,346,536,780
"Lck",34,48,27,11,117,134,79,447,114,117,123,226,22,23,37,13,214,54,105,66,35,64,59,47
"Lcp2",27,26,19,20,37,106,46,110,42,49,75,110,26,16,11,39,50,102,115,55,44,27,110,164
"Lpar1",7,16,18,33,197,137,101,183,140,61,45,64,46,10,6,11,50,19,139,49,43,43,95,96
"Lta",18,67,26,13,60,56,120,84,100,45,123,35,22,14,25,20,168,88,49,56,33,38,62,146
"Ly6e",5,0,2,6,18,20,3,12,7,8,10,20,0,0,0,2,5,7,23,15,4,3,8,2
"Lyn",63,113,133,94,455,851,1009,932,164,344,198,204,200,80,121,103,654,560,364,271,225,309,196,198
"Marco",19,30,56,29,170,162,158,200,69,228,276,95,9,16,34,26,83,72,114,87,70,294,254,227
"Mefv",2,5,6,15,29,11,20,79,28,53,55,66,3,7,6,0,19,55,29,23,9,20,7,51
"Mep1a",0,0,3,1,6,0,3,4,1,2,16,7,4,2,4,1,8,2,12,2,3,4,9,1
"Met",18,106,67,67,134,219,172,337,57,123,149,194,35,44,37,33,216,138,215,137,77,58,102,123
"Mmp14",472,1429,481,995,2724,2555,2107,2853,5468,3701,5827,4878,702,762,453,949,5613,6507,6284,5666,1603,2342,3426,4477
"Msr1",28,42,19,33,50,61,104,157,58,202,71,152,12,28,10,22,134,114,237,197,104,118,326,118
"Ndp",28,27,43,34,373,93,220,163,230,93,273,141,61,57,60,58,509,460,366,257,89,180,413,124
"Nlrp3",9,46,30,21,62,100,117,172,100,38,30,49,13,38,15,14,69,24,41,21,87,146,22,108
"Nmi",44,46,90,9,63,141,218,44,363,410,229,230,30,47,39,62,422,235,353,482,166,247,314,191
"Nmur1",12,36,48,39,51,280,239,159,79,118,61,108,16,20,26,25,108,133,115,110,65,98,97,59
"Nod2",32,119,55,45,79,25,237,167,80,151,91,169,51,22,23,13,79,73,64,58,83,91,100,175
"Npffr2",46,55,23,48,165,146,226,196,98,216,229,174,38,43,46,35,419,355,603,431,94,39,237,201
"Oprk1",1,40,25,10,230,236,52,249,46,60,43,73,32,5,28,20,88,114,138,42,7,43,29,28
"Osm",2,9,12,10,9,25,9,22,1,3,2,8,2,6,2,3,5,18,10,4,9,18,21,5
"Osmr",96,376,319,185,503,731,1277,636,666,729,964,543,222,86,133,100,706,1179,1346,370,1110,743,1092,1058
"P2rx4",1775,2489,1594,1392,5117,3959,6445,10306,3322,8372,4067,4235,1795,1674,1296,1852,10443,4177,3221,6615,7328,7503,11939,7154
"P2rx7",90,267,87,180,698,1520,593,305,532,546,474,550,99,123,75,176,181,339,321,169,247,567,580,536
"P2ry2",16,63,13,12,68,83,84,167,23,71,20,66,17,4,16,24,113,49,35,144,84,45,96,77
"Pcdh7",10,26,13,9,73,118,146,145,19,41,42,21,7,19,12,25,26,39,52,35,20,18,78,28
"Pdpn",249,940,222,278,590,1436,1625,1034,843,1470,1049,1317,571,230,331,202,1213,609,727,1050,747,1482,923,2536
"Pik3r5",22,14,19,34,138,115,94,143,80,64,46,28,18,4,17,11,124,135,195,73,38,135,48,54
"Prok2",4,14,10,1,28,60,23,15,23,9,15,36,2,4,2,16,5,37,27,44,21,20,49,12
"Psen1",9,16,17,27,69,14,103,39,20,54,45,72,7,5,18,14,66,41,130,28,16,59,48,66
"Ptafr",2,7,0,2,1,2,7,21,0,6,3,2,0,2,0,2,6,7,10,9,19,1,0,5
"Ptger2",20,46,30,48,118,71,74,137,47,37,76,146,11,26,22,64,148,207,117,129,108,105,120,93
"Ptgir",21,106,46,46,109,127,83,117,125,195,271,169,75,34,44,40,238,160,164,168,106,148,354,217
"Pvr",138,289,223,222,1080,906,1209,920,572,899,482,450,402,119,168,113,957,709,735,290,599,504,907,392
"Raf1",40,27,56,41,92,120,125,90,153,80,116,72,26,25,22,24,260,346,528,330,81,100,215,139
"Rasgrp1",426,796,822,817,2663,1998,1995,2332,3346,2111,2772,2318,1092,658,361,742,3587,2417,4893,3282,2826,1856,3056,2568
"Rgs1",116,412,340,75,476,882,571,465,562,395,653,401,169,67,120,218,558,1623,501,1487,706,250,450,1070
"Rgs16",5,13,29,8,17,59,175,99,66,23,76,77,31,17,5,16,31,49,53,27,78,33,77,86
"Rhog",5,33,18,11,45,23,75,84,62,37,33,40,24,12,17,2,12,66,70,16,34,24,44,38
"Rnf144b",75,126,74,108,301,759,464,763,114,450,426,273,77,124,100,58,571,720,507,588,268,140,340,375
"Ros1",90,98,76,80,327,734,648,556,267,206,515,404,230,81,132,131,1351,1325,1197,748,936,1077,1421,812
"Rtp4",131,230,172,109,255,358,353,563,564,711,223,600,111,94,101,128,561,877,1165,260,1453,1400,1350,1590
"Scarf1",38,30,11,18,95,92,20,118,80,82,67,124,16,29,11,41,25,75,186,50,72,75,61,67
"Scn1b",40,29,14,18,42,90,69,50,117,47,132,111,14,23,8,39,94,70,32,41,45,84,119,63
"Sele",3,4,4,1,20,62,20,48,9,11,17,17,7,6,1,2,44,6,28,15,13,37,25,19
"Selenos",2,3,3,3,23,13,20,34,9,11,10,15,2,3,3,4,17,19,12,27,5,19,15,19
"Sell",180,413,301,239,398,726,1349,569,1558,1858,2127,1559,302,403,314,374,1167,742,939,519,449,685,1009,1226
"Sema4d",0,0,0,0,1,0,1,3,2,4,2,3,1,1,1,1,4,0,1,1,1,1,5,0
"Sgms2",6,7,5,6,13,88,15,82,50,21,18,21,8,3,4,1,14,23,40,10,9,4,19,24
"Slamf1",2,14,11,2,20,17,15,104,14,38,26,14,7,7,3,4,6,47,9,7,21,27,25,12
"Slc11a2",7,2,2,2,23,5,14,16,6,6,4,0,5,1,10,3,10,7,11,13,5,13,21,2
"Slc1a2",41,168,162,147,340,205,405,597,315,251,280,362,57,57,88,74,435,508,1109,353,155,329,197,282
"Slc28a2",105,136,159,48,352,705,919,1158,203,264,176,119,129,68,106,149,409,275,530,190,291,375,333,472
"Slc28a2b",119,101,112,73,585,1230,622,982,352,446,757,501,139,125,87,137,391,189,316,287,992,513,713,836
"Slc31a1",957,1142,684,519,2866,3416,4725,3238,3374,3156,4546,2181,1020,513,944,522,3449,2067,3366,1828,3195,1920,4271,1898
"Slc31a2",44,64,41,20,267,345,278,302,51,187,94,162,58,42,32,66,93,129,168,145,59,82,91,155
"Slc4a4",5,17,5,5,70,55,16,39,26,27,32,18,15,7,6,2,20,26,57,6,5,47,32,24
"Slc7a1",8,6,7,6,13,35,63,32,54,26,43,103,9,8,12,7,130,100,38,44,33,79,35,23
"Slc7a2",3331,4118,2579,2725,7572,15662,6700,13671,7085,8300,9863,13997,2712,2264,1494,2260,9275,7203,10020,5360,3398,6222,5250,11272
"Sri",24,78,39,40,33,69,41,96,69,40,196,62,23,38,31,33,77,106,128,135,52,76,68,90
"Stab1",41,51,27,38,132,256,248,133,80,148,86,114,28,37,56,16,177,366,748,202,71,57,204,102
"Tacr1",13,31,24,23,73,52,184,191,85,59,87,183,29,11,13,7,152,12,129,71,64,44,142,59
"Tacr3",5,22,2,12,34,92,31,26,19,12,22,20,14,9,3,2,37,32,32,37,38,34,62,35
"Tapbp",26,60,33,18,174,150,330,90,92,222,77,123,31,21,15,17,326,145,202,141,102,131,97,135
"Timp1",167,393,106,250,874,2102,1463,3037,649,1102,987,670,210,211,112,182,1480,1357,1399,1099,666,725,949,1922
"Tlr1",25,15,54,58,90,362,213,146,182,106,214,204,25,10,11,75,246,134,88,180,116,74,180,164
"Tlr3",10,11,8,4,54,43,83,72,47,72,83,17,8,8,12,6,84,37,52,18,17,15,83,22
"Tnfrsf1b",357,694,396,449,2636,1592,3189,2422,1123,1298,1901,2215,723,455,186,403,1276,2627,2865,2272,1587,1251,2503,1504
"Tnfsf10",10,15,43,28,33,69,92,73,59,205,85,113,16,22,29,12,124,45,41,32,69,134,104,73
"Tnfsf15",13,51,42,21,293,216,465,357,151,38,62,85,34,10,43,36,235,141,148,99,65,145,162,50
"Tpbg",12,30,11,11,84,93,71,55,65,74,32,41,15,42,28,21,107,40,158,38,92,50,84,45
"Vip",146,277,293,188,567,1175,1226,470,558,564,732,907,175,166,155,160,840,616,796,1350,1659,478,1174,651
"Adar",54,58,105,20,137,277,280,308,27,33,92,36,44,36,59,41,246,177,235,110,181,29,258,115
"Apol6",40,33,21,19,213,198,255,253,43,23,35,40,51,21,15,38,282,135,199,77,64,74,34,60
"Arid5b",2,3,11,2,11,17,30,22,7,0,6,9,20,5,6,9,23,11,11,20,5,3,6,10
"Arl4a",251,333,286,251,1630,2114,1891,991,101,158,138,206,318,286,188,181,1106,758,1458,701,346,487,299,349
"Auts2",86,121,48,77,641,426,613,397,72,81,82,124,151,103,60,90,571,211,407,196,234,161,306,158
"B2m",46,103,80,28,197,370,291,117,71,41,56,43,42,33,30,42,215,97,433,266,112,63,110,107
"Bank1",13,19,24,12,18,80,44,76,11,5,13,40,21,9,22,12,25,60,42,39,17,15,19,42
"Batf2",7,12,9,14,71,58,50,44,24,10,7,10,14,4,3,13,40,37,59,13,16,18,23,25
"Bpgm",5,3,3,1,3,18,24,5,4,0,4,3,1,11,5,4,33,12,15,6,3,1,8,3
"C1rb",15,73,26,60,354,334,350,432,33,39,44,51,31,25,27,38,344,250,100,240,60,35,51,103
"C1s1",32,58,40,39,204,279,234,225,10,41,20,33,22,37,37,38,90,123,93,42,25,33,40,65
"Casp1",13,31,26,24,104,211,93,60,26,15,33,17,34,30,23,20,147,74,181,47,56,61,45,39
"Casp3",156,244,181,144,902,999,1124,1028,277,322,333,347,316,115,181,292,1078,733,589,531,253,356,738,552
"Casp4",168,541,228,246,964,624,441,439,242,269,391,163,205,288,204,165,880,164,1275,395,410,373,686,575
"Casp7",39,44,40,42,76,159,261,178,16,27,51,20,28,6,13,48,101,146,175,193,71,113,119,109
"Casp8",30,57,66,35,377,293,632,130,83,53,39,53,37,47,33,38,81,87,148,69,86,25,79,72
"Cd274",37,41,44,18,135,144,226,176,38,48,29,64,26,19,11,10,113,54,23,76,29,25,22,32
"Cd38",104,396,181,177,726,493,544,908,202,164,244,241,130,125,312,162,1177,707,1173,476,585,275,733,495
"Cd74",567,1092,902,724,1180,2139,1478,1900,796,959,175,696,298,775,597,422,1625,1275,3064,1670,1270,985,1033,1780
"Cd86",12,12,51,8,13,24,42,9,13,7,10,12,9,9,18,2,11,64,35,31,2,10,16,11
"Cfb",17,33,44,15,92,162,49,49,16,25,22,31,21,13,14,15,118,55,202,60,47,32,61,69
"Cfh",15,62,43,18,142,287,236,199,75,28,23,75,26,32,17,37,62,112,166,91,62,61,43,55
"Ciita",108,160,118,50,430,548,505,388,157,176,66,185,81,59,55,57,405,725,918,371,106,87,80,138
"Cmpk2",39,30,52,23,143,153,433,149,71,20,89,19,19,21,43,19,169,43,274,85,31,39,64,36
"Cmtr1",46,93,112,96,736,1193,430,1258,106,165,122,216,117,80,42,84,223,257,220,257,308,110,253,455
"Csf2rb2",54,52,54,39,373,905,346,828,99,62,64,205,41,133,58,45,536,268,506,139,151,97,148,188
"Ddx60",0,3,3,0,18,23,16,10,6,1,1,4,0,2,1,4,9,11,1,1,3,6,10,14
"Dhx58",30,78,21,28,248,301,188,198,53,69,44,31,38,76,29,82,240,280,250,220,47,40,52,73
"Eif4e3",23,16,33,10,60,94,106,147,11,40,21,16,25,41,8,8,182,101,92,123,15,38,27,34
"Epsti1",21,30,9,7,108,138,288,74,0,31,29,22,14,6,11,25,69,76,65,17,34,48,32,74
"Fas",22,17,25,6,40,66,128,62,13,14,15,16,14,12,13,10,40,27,22,45,25,14,26,25
"Fcgr1",877,2843,1915,1901,12259,11511,11859,23596,2235,3692,1147,2713,1452,3004,1243,2587,5612,9602,7170,8120,2349,1896,3635,4118
"Fgl2",104,173,250,189,407,1131,1123,935,223,113,203,240,134,83,121,174,595,912,641,478,222,187,290,255
"Gbp3",51,134,76,87,420,1047,639,948,61,87,53,23,36,63,60,87,1368,611,840,634,372,153,216,232
"Gbp10",2,18,37,1,56,120,55,115,5,25,10,54,37,28,22,0,36,54,70,20,25,58,48,52
"Gbp4",1075,1804,699,1856,5695,9099,7605,23544,3422,3475,1385,1909,1431,677,968,1203,6251,7044,7506,6725,3639,2474,2926,3440
"Gbp8",21,82,38,7,38,113,110,212,56,54,30,41,19,29,17,6,35,117,87,58,21,76,32,69
"Gbp9",1,1,5,3,5,18,28,25,1,2,2,4,3,3,2,2,4,6,12,3,1,7,3,2
"Gpr18",50,52,80,67,55,144,218,191,30,144,110,57,28,56,15,45,214,255,150,158,38,45,86,111
"Gzma",727,1333,955,451,4776,6860,8247,8979,822,638,1116,395,562,815,745,790,2766,2686,1713,2701,1331,588,1306,1200
"Helz2",1,4,3,2,7,4,7,15,0,2,4,1,5,2,4,3,10,7,6,9,1,1,7,1
"Herc6",23,92,59,48,252,313,168,231,50,67,39,51,38,38,23,61,462,143,342,210,62,182,136,81
"Ido1",2,2,6,2,4,4,10,10,2,3,0,3,2,1,2,0,13,3,7,6,1,7,11,4
"Ifi27",136,322,129,138,593,681,647,1147,197,289,230,179,152,147,164,117,423,166,493,548,175,211,406,334
"Ifi27l2b",36,83,64,46,100,429,189,216,72,120,27,114,52,54,48,56,711,267,546,312,127,121,172,159
"Ifi30",9,26,18,21,214,106,125,247,53,59,19,16,31,20,22,30,94,102,52,27,65,26,17,71
"Ifi35",8,38,14,23,50,123,259,169,25,36,19,18,14,6,16,27,198,163,199,112,36,58,78,42
"Ifi44",39,106,49,85,262,425,228,572,56,127,77,99,33,37,86,43,643,117,394,373,261,76,185,45
"Ifi44l",14,12,37,24,66,63,83,55,44,24,21,28,16,15,12,18,169,196,114,23,22,15,73,37
"Ifit1bl1",74,232,69,174,374,1045,215,639,31,107,87,216,115,101,91,83,402,644,989,475,206,246,201,459
"Ifit3",16,21,5,24,66,36,24,86,30,14,24,14,38,13,22,9,44,44,54,34,36,39,45,26
"Ifitm2",87,118,72,77,403,306,745,634,56,58,163,141,72,48,78,51,513,414,188,248,153,94,116,260
"Ifitm3",39,94,44,50,110,148,188,187,66,115,160,80,42,40,50,47,167,395,310,118,97,64,107,101
"Ifnar2",29,38,20,24,133,194,183,323,63,57,29,26,83,22,22,23,203,315,126,59,70,44,75,48
"Il18bp",4,2,9,21,79,30,171,137,5,25,7,13,17,25,1,7,32,56,73,43,69,47,60,33
"Il7",5,24,19,2,4,27,10,10,11,7,6,1,2,3,2,3,55,14,32,8,11,6,5,3
"Irf2",1,3,6,5,42,18,39,15,12,4,7,4,5,10,8,6,17,15,12,4,18,8,21,8
"Irf4",8,24,11,7,24,37,137,106,6,11,8,13,3,5,10,14,17,32,61,22,2,19,32,25
"Irf5",14,40,70,31,259,363,284,223,12,48,34,31,25,59,29,46,425,298,271,189,40,46,44,57
"Irf8",6,10,15,9,86,74,93,37,21,15,24,9,13,10,13,12,68,17,46,30,14,20,14,43
"Irf9",196,436,413,391,3174,3311,1919,1626,128,499,502,520,345,214,330,186,1013,1978,976,1200,336,214,342,390
"Isg15",32,60,22,110,110,191,238,172,47,64,27,34,56,16,22,28,198,79,268,203,39,60,18,72
"Isg20",87,203,177,98,1100,1023,1112,773,157,96,219,98,238,115,141,136,489,282,936,237,661,240,928,567
"Isoc1",21,9,14,6,122,61,44,60,16,16,9,17,29,8,16,10,32,43,33,40,24,12,72,21
"Itgb7",32,71,134,46,225,370,394,467,22,28,56,62,14,41,11,26,78,278,89,65,34,79,202,94
"Jak2",219,597,414,241,1121,1734,845,2033,383,444,271,537,253,312,245,415,1464,1107,1630,994,458,553,365,1004
"Klrk1",20,2,20,20,105,178,259,166,38,42,21,12,7,39,15,13,59,21,34,108,32,23,26,63
"Lap3",99,121,75,146,180,961,692,704,41,69,43,83,27,126,74,58,753,685,355,712,88,38,40,85
"Lats2",41,44,79,52,235,395,284,367,53,47,50,139,14,50,89,26,327,401,371,272,60,69,106,116
"Lgals3bp",16,32,31,25,60,182,150,34,40,48,50,42,21,17,31,14,180,57,49,72,69,34,51,47
"Lysmd2",7,58,35,48,49,229,331,81,53,40,105,76,8,24,8,35,58,193,109,80,12,44,36,32
"Marchf1",77,31,48,38,236,176,524,212,138,94,107,81,42,56,47,25,200,122,74,96,63,42,106,129
"Mt2",2,12,1,2,7,28,27,17,9,6,9,7,4,13,0,2,17,11,11,11,2,5,13,11
"Mthfd2",15,20,10,27,17,51,54,41,23,3,12,9,14,23,18,7,75,101,29,48,60,13,27,21
"Mvp",11,91,27,47,109,173,95,228,48,47,33,18,31,26,9,43,188,196,123,159,71,63,58,76
"Mx2",71,71,149,108,124,701,463,827,83,130,124,159,78,54,62,64,176,286,244,91,148,96,415,155
"Myd88",362,1004,890,489,5569,7206,4232,6593,879,1599,862,1012,894,687,464,389,6355,2076,2099,2688,794,2844,2147,2429
"Ncoa3",6,28,8,5,27,54,97,119,26,10,9,29,15,4,7,6,34,15,21,11,15,13,8,24
"Nlrc5",113,98,51,91,301,391,997,469,46,96,168,97,56,58,58,54,283,228,214,307,116,77,226,85
"Nod1",36,90,58,57,108,161,179,79,31,30,62,85,73,25,35,19,155,83,203,74,45,37,96,53
"Nup93",11,82,42,49,267,231,352,282,52,21,25,15,51,21,22,11,34,78,113,122,12,62,45,56
"Oas2",20,43,22,63,109,458,192,367,66,73,24,28,23,35,38,33,140,92,140,120,41,67,61,84
"Oas3",3,1,2,6,12,12,30,17,4,1,5,6,2,10,0,2,10,6,22,4,1,1,36,3
"Oasl1",72,76,15,65,123,204,146,197,75,170,18,78,32,43,16,33,180,313,314,177,42,76,58,152
"Ogfr",54,43,56,31,82,151,113,94,10,12,21,28,25,37,29,26,175,113,110,184,40,16,31,66
"F630111L10Rik",22,37,23,40,337,219,236,323,49,21,33,27,24,28,19,19,291,73,225,99,31,31,67,39
"Parp12",27,49,87,40,68,103,224,185,64,22,55,22,65,16,29,31,156,87,88,98,145,43,142,57
"Parp14",358,518,239,444,914,3997,5343,1445,580,478,323,569,197,277,370,386,2059,1287,3365,1657,452,408,773,239
"Peli1",35,142,106,71,316,496,477,1000,95,87,77,209,121,88,94,43,233,158,256,136,62,122,115,66
"Pfkp",12,23,11,11,113,82,58,102,14,32,8,37,2,17,2,10,86,104,50,104,8,7,20,12
"Pim1",76,246,94,79,342,835,1120,889,99,98,90,33,62,149,59,75,559,254,477,210,98,128,146,204
"Pla2g4a",748,1867,893,1062,4118,8282,4497,10156,559,940,445,1416,860,1222,682,944,4991,2332,8706,5713,808,1556,1189,1972
"Plscr1",150,206,321,348,1261,824,2779,1175,463,495,489,502,345,203,225,430,1090,1299,2062,1129,534,410,933,443
"Pml",18,49,25,27,31,202,255,140,51,25,14,51,35,45,23,50,126,51,160,44,24,160,35,77
"Pnp2",1,3,1,2,6,9,4,22,6,4,3,10,0,1,3,4,10,2,14,1,0,1,1,1
"Pnpt1",31,79,84,107,246,730,424,723,55,77,82,101,73,69,70,53,252,437,178,184,89,201,145,287
"Psma2",860,965,1097,911,3609,5407,8232,5511,1334,1080,1466,918,651,458,1034,1048,3157,5318,5562,3350,1770,1484,2200,2265
"Psma3",160,299,144,204,426,1177,439,725,208,408,301,217,248,146,179,202,366,1079,499,544,122,238,209,347
"Psmb10",343,699,832,813,2442,6225,1007,4156,639,919,503,1054,378,1528,692,500,3769,2874,3623,2260,1124,1373,1015,1887
"Psmb2",35,25,64,48,84,122,278,165,80,28,108,90,83,46,57,38,216,173,147,136,43,47,129,110
"Psmb8",115,323,120,112,393,684,405,1047,194,151,148,183,89,91,117,152,582,300,472,518,155,257,661,537
"Psmb9",0,3,7,5,3,12,1,18,10,0,1,5,1,3,1,0,0,13,15,1,9,1,15,9
"Psme1",32,50,50,25,192,291,420,382,36,23,30,89,60,67,55,91,278,253,146,123,88,108,139,127
"Psme2",212,338,308,308,1285,751,956,1849,351,178,169,280,231,245,187,252,2457,1125,1315,758,114,277,583,412
"Ptpn1",141,1091,450,703,1509,2258,2057,3322,213,315,176,368,253,501,262,445,1330,3015,1661,1933,855,1624,1032,1755
"Ptpn2",70,70,68,113,304,486,221,242,132,178,117,50,236,46,108,38,447,256,332,198,210,58,258,134
"Ptpn6",38,58,68,56,231,360,123,159,15,31,40,42,15,50,34,20,154,103,109,102,76,89,70,101
"Rapgef6",7,3,12,9,18,149,116,81,13,10,14,4,13,21,6,7,18,24,56,44,44,32,52,114
"Rbck1",189,621,344,128,1127,715,1074,1540,172,498,335,611,278,119,221,216,2770,1857,1181,1802,589,669,290,400
"Ripk1",0,1,0,2,2,10,11,23,0,1,5,0,0,1,1,2,1,11,10,3,2,0,3,0
"Rnf213",23,16,22,13,133,75,80,54,17,31,47,11,37,12,32,25,135,16,85,97,13,14,44,63
"Rnf31",3911,2312,4902,1341,10257,13761,21671,8859,3789,3318,6526,4316,2015,4166,1515,1633,23149,8343,26205,10936,4938,2775,8343,4068
"Rsad2",25,18,19,2,33,102,98,95,14,64,26,31,30,18,7,14,48,16,105,28,75,84,56,164
"Samd9l",5,4,2,2,10,25,4,28,2,4,4,0,1,1,0,4,15,5,18,6,1,1,4,4
"Samhd1",339,1474,898,1131,2105,1494,6708,5090,123,743,494,395,769,857,382,671,3225,2492,3765,4321,1404,1010,1817,982
"Sectm1a",157,268,89,120,233,438,766,548,141,334,267,217,179,196,168,91,697,1063,490,675,150,81,167,221
"Selp",13,26,8,45,83,181,153,192,30,13,29,12,12,21,19,5,80,73,62,106,25,28,74,52
"Serping1",30,101,59,61,60,237,146,262,55,49,57,67,104,69,63,86,232,133,88,342,28,53,138,51
"Slamf7",8,25,12,4,48,79,106,100,5,13,14,9,6,24,7,5,34,16,98,17,31,17,23,2
"Slc25a28",397,217,124,136,739,437,754,428,121,150,165,259,174,140,177,176,578,1052,2089,1110,263,211,349,311
"Socs1",40,77,46,43,350,331,152,504,21,66,36,42,44,66,48,54,226,340,214,173,35,53,38,99
"Sp110",14,16,10,29,44,119,80,106,11,31,19,61,20,20,22,9,24,53,50,51,3,10,26,14
"Sppl2a",62,89,108,106,800,315,1095,866,56,61,55,64,103,78,62,49,550,250,511,244,116,156,289,219
"Sspn",31,165,67,50,322,946,255,962,82,236,92,78,95,111,35,38,297,374,315,309,78,115,92,286
"St3gal5",0,2,4,6,47,7,22,33,2,1,0,11,1,2,1,11,15,19,28,6,12,4,8,7
"St8sia4",100,89,138,168,442,672,590,986,146,136,127,95,66,129,60,85,435,334,433,442,330,190,265,377
"Stat1",500,844,809,568,4850,6111,2935,4181,641,1042,1164,500,420,381,602,652,2747,1436,2707,1326,946,318,654,610
"Stat2",7,36,42,14,124,57,159,301,4,6,47,10,28,16,16,13,70,118,88,97,35,28,75,79
"Stat3",74,112,139,60,1200,1414,1472,1185,124,155,194,152,123,102,107,114,217,629,769,160,248,260,437,495
"Stat4",56,82,63,69,53,272,198,247,26,46,80,80,63,33,93,103,328,237,296,249,204,107,240,242
"Tdrd7",32,107,140,62,92,235,310,105,66,61,73,72,116,44,33,85,686,597,700,198,86,126,114,120
"Tor1b",18,32,63,24,183,212,286,265,25,34,35,33,50,37,75,26,24,87,42,61,52,47,71,88
"Trafd1",58,246,82,145,394,232,304,181,135,316,363,224,126,94,95,212,566,562,754,525,203,292,305,100
"Trim14",4,5,10,4,19,29,10,28,6,12,13,9,4,4,13,12,20,17,31,11,19,10,9,21
"Trim21",37,49,33,43,84,174,142,156,50,62,37,31,22,41,30,74,96,205,133,57,25,52,87,119
"Trim25",42,122,26,102,248,574,364,296,86,64,101,75,68,51,64,90,280,631,269,290,355,314,383,270
"Trim26",122,160,267,127,1502,903,1187,1036,97,95,62,80,116,227,97,179,561,243,284,236,157,262,190,248
"Txnip",435,675,581,758,2898,4750,4770,9519,1247,1166,431,1398,412,1061,458,269,1271,1645,2409,3437,837,2317,1105,2616
"Ube2l6",3,14,17,23,43,44,45,77,25,9,29,15,7,3,3,3,40,27,84,49,29,15,14,44
"Upp1",29,174,150,90,616,909,837,823,61,153,80,110,48,102,98,126,222,174,142,192,96,102,88,94
"Usp18",9,18,57,8,77,191,46,105,36,39,12,29,29,46,57,19,66,51,47,49,28,62,71,41
"Vamp5",17,69,60,33,96,180,99,135,23,58,34,35,51,89,23,92,95,74,192,106,69,89,170,186
"Vamp8",351,675,250,203,577,1780,1785,1298,335,282,185,521,365,380,330,347,1729,1095,1444,875,517,448,481,868
"Vcam1",2,1,0,2,20,9,34,30,6,5,5,1,4,3,1,3,19,8,3,0,5,5,16,1
"Wars1",15,9,11,17,68,90,123,408,29,18,18,19,18,22,26,13,70,49,37,66,74,31,9,31
"Xaf1",26,59,87,37,176,95,337,192,22,76,22,63,33,37,60,33,152,262,253,233,121,62,206,94
"Xcl1",26,7,19,15,74,210,108,118,16,20,27,7,18,9,13,20,135,38,90,59,56,15,47,32
"Zbp1",74,72,51,133,578,823,759,548,32,66,63,69,52,101,59,112,128,206,229,260,95,68,117,61
"Znfx1",437,839,1100,716,2554,3951,2872,3456,594,683,840,973,751,205,400,872,1847,1801,2612,960,1269,1050,1133,1496
"Abcb7",18,8,34,26,14,50,54,31,18,21,12,40,120,102,16,73,74,88,107,73,61,86,25,75
"Acaa1a",219,383,220,210,186,300,148,314,309,312,234,334,87,162,111,186,185,247,275,109,234,237,223,238
"Acaa2",4,35,19,5,16,7,20,29,4,16,37,7,8,7,4,3,10,6,16,1,6,11,7,6
"Acadm",425,941,759,743,342,971,1439,539,579,694,505,353,3130,3069,2064,3310,2868,1936,3139,1051,1926,1804,4510,3565
"Acadsb",91,145,82,134,72,111,189,165,95,88,72,157,37,29,30,72,39,25,15,41,9,15,57,38
"Acadvl",30,105,61,52,32,66,40,85,57,99,49,84,5,10,13,9,17,22,23,15,13,18,7,19
"Acat1",126,247,290,201,287,316,236,552,377,286,309,132,87,102,115,83,95,59,169,49,158,86,149,83
"Aco2",597,1199,939,650,509,811,965,686,734,711,1117,861,2464,4278,2512,2876,5791,2249,2276,1719,2442,3227,2740,1783
"Afg3l2",27,80,36,25,47,56,22,46,32,54,32,28,179,113,156,96,169,175,189,63,117,40,78,150
"Aifm1",8,8,2,0,2,4,7,7,6,6,1,4,20,7,13,5,26,7,20,9,14,10,2,13
"Alas1",41,108,37,58,47,28,70,82,32,64,31,64,62,126,158,107,86,174,78,52,188,60,222,125
"Aldh6a1",57,133,72,42,103,68,91,68,53,97,64,44,159,149,44,107,72,138,236,104,158,81,225,255
"Atp1b1",115,292,255,235,169,176,447,240,256,220,206,184,99,74,146,83,181,92,123,61,109,57,137,63
"Atp5pb",616,2808,939,1037,926,1330,1246,1547,1068,749,462,780,565,549,911,428,550,790,333,811,647,677,967,951
"Atp6ap1",62,98,159,117,91,185,86,173,126,139,137,196,514,413,129,191,561,348,274,91,311,252,236,328
"Atp6v0b",1163,2952,3362,3644,2983,2687,3651,5008,4619,2279,2059,2847,8204,6571,5594,5179,4165,3039,9508,4901,5790,7526,14103,8430
"Atp6v0c",17,8,40,15,29,36,32,23,48,67,30,16,102,51,55,56,152,61,71,83,39,37,110,82
"Atp6v0e",24,40,51,65,29,59,82,102,133,41,43,50,204,83,120,92,168,206,333,171,223,135,531,77
"Atp6v1c1",32,37,30,54,43,29,21,46,59,91,16,97,107,143,136,127,253,316,70,144,109,179,141,125
"Atp6v1d",3,6,3,7,9,14,2,1,3,6,1,4,7,11,4,15,19,18,6,11,8,3,18,12
"Atp6v1e1",68,147,108,86,96,170,146,145,97,143,61,80,31,17,12,7,27,27,47,21,14,32,32,26
"Atp6v1f",9,8,19,10,6,10,17,11,10,5,9,20,44,113,43,27,44,30,49,63,47,57,90,78
"Atp6v1g1",38,46,78,35,43,45,74,49,54,38,52,73,169,274,106,155,319,145,276,60,122,66,283,141
"Atp6v1h",166,238,182,170,129,250,212,190,294,222,156,209,67,36,38,55,94,69,50,54,61,63,105,30
"Bax",118,447,208,285,249,408,371,566,271,303,502,272,714,602,634,431,1159,306,724,527,352,308,398,809
"Bckdha",7,39,55,35,52,16,41,32,29,14,24,21,198,91,119,257,187,344,171,51,103,162,110,277
"Bdh2",778,1410,1371,507,732,1293,940,1298,918,474,1853,666,409,197,371,375,478,311,179,129,400,145,352,293
"Cox10",12,44,32,30,17,38,24,46,7,35,25,24,9,3,7,7,3,5,12,10,2,9,12,5
"Cox11",8,3,4,6,2,7,6,4,4,3,4,1,1,4,0,2,3,1,0,3,0,1,1,2
"Cox15",6,17,17,0,2,13,4,9,3,6,7,6,19,34,5,13,9,20,15,35,19,17,23,22
"Cox17",13,13,4,5,9,11,6,6,13,1,18,2,4,3,7,0,4,5,10,2,4,0,4,2
"Cox4i1",24,61,9,12,22,42,37,102,17,78,15,35,53,27,22,49,63,51,50,27,21,52,104,31
"Cox5a",36,43,27,14,31,93,18,77,10,36,24,50,8,5,4,14,16,18,14,13,10,6,24,23
"Cox5b",76,52,69,43,23,101,37,115,45,90,79,72,41,37,21,23,55,16,34,67,16,28,91,38
"Cox6a1",56,185,44,136,31,112,56,103,76,128,41,56,17,23,12,51,16,16,20,13,10,12,11,24
"Cox6b1",70,125,93,137,139,186,73,125,68,132,188,147,16,29,44,28,67,74,41,34,55,35,62,97
"Cox6c",11,21,12,8,13,23,13,12,11,20,27,17,9,1,3,8,3,6,12,8,1,0,6,7
"Cox7a2",35,22,27,9,16,10,9,20,31,23,34,31,15,5,10,11,17,4,5,5,10,5,12,8
"Cox7a2l",141,481,509,247,235,352,275,422,207,182,176,303,3056,1737,1635,1560,2144,1598,1682,823,1504,1064,3141,829
"Cox7b",85,137,220,97,80,129,117,126,81,51,159,181,50,51,35,46,95,13,56,33,43,18,51,47
"Cox7c",25,49,27,13,10,26,52,26,40,24,25,11,6,5,5,8,18,13,12,3,4,4,14,13
"Cox8a",17,19,19,23,15,19,36,30,27,33,45,58,117,108,88,158,111,198,48,52,61,54,135,185
"Cpt1a",122,123,135,59,126,138,243,104,116,225,181,80,47,24,47,33,18,40,59,36,35,20,31,108
"Cs",17,15,28,15,15,24,15,24,16,18,18,33,33,13,32,20,41,66,59,26,18,38,69,41
"Cyb5a",2,2,7,6,3,6,1,3,6,6,3,8,4,5,1,0,12,6,1,1,2,3,4,8
"Cyb5r3",39,77,36,39,33,44,75,47,43,36,113,59,222,256,117,167,128,120,109,155,305,204,153,193
"Cyc1",31,106,46,60,29,58,16,107,59,53,73,40,24,12,8,13,10,21,10,22,11,33,14,17
"Cycs",70,62,37,100,67,114,65,103,91,90,124,204,172,209,149,339,176,187,91,147,123,142,265,214
"Decr1",38,66,60,24,38,48,29,29,21,63,59,91,16,12,9,32,11,5,6,8,11,28,47,22
"Dlat",19,65,41,39,27,38,26,34,46,22,20,53,124,247,103,138,211,167,315,209,165,124,177,194
"Dld",7,5,15,10,3,12,3,5,9,8,6,6,29,10,6,40,38,25,31,20,55,21,33,11
"Dlst",79,226,152,50,66,134,116,134,66,112,124,80,354,303,226,282,456,298,180,239,353,220,254,483
"Ech1",35,69,53,39,26,50,54,27,57,22,36,48,127,155,244,128,334,114,428,47,130,158,408,93
"Echs1",44,148,45,67,72,90,99,35,37,52,42,56,162,151,104,182,515,149,428,153,217,83,222,114
"Eci1",2,1,3,3,3,5,5,2,1,6,4,4,5,2,4,8,10,2,10,2,5,10,7,6
"Etfa",134,291,101,116,143,343,263,116,257,137,110,140,727,507,464,404,891,505,414,374,1155,675,1551,485
"Etfb",28,69,125,58,57,54,67,37,67,86,83,59,24,12,12,27,48,18,20,21,10,29,20,5
"Etfdh",20,37,5,5,8,32,19,15,8,54,9,48,63,120,131,70,69,99,157,51,89,127,195,176
"Fdx1",199,256,153,146,150,244,101,139,177,216,130,157,18,64,25,58,29,63,26,43,27,35,65,50
"Fh1",8,15,6,10,8,16,12,1,3,24,2,15,2,3,1,4,3,8,1,1,4,1,4,6
"Fxn",77,123,87,126,79,100,98,145,74,91,91,112,356,340,220,525,552,417,249,285,445,189,310,806
"Glud1",3,19,7,6,2,15,10,15,6,19,14,0,15,19,4,23,38,32,36,9,13,15,12,43
"Got2",10,34,34,51,21,13,21,22,9,68,27,10,24,86,34,127,71,137,114,51,131,46,47,157
"Gpi1",87,118,116,125,189,136,100,171,56,137,95,46,695,446,235,550,423,303,347,356,340,334,536,428
"Gpx4",16,12,8,38,21,11,11,18,15,35,23,22,12,7,17,13,11,6,12,13,12,17,10,25
"Grpel1",25,37,19,20,24,24,24,22,40,21,11,18,4,4,10,2,3,3,4,4,1,7,6,9
"Hadha",2128,5385,3704,2384,2003,4284,3680,3242,4311,5465,3009,3290,2497,2521,1626,1733,3435,2368,3749,1864,2507,2224,2629,1832
"Hadhb",55,76,56,38,32,20,57,88,55,49,68,33,47,12,18,18,27,18,18,12,19,17,36,31
"Hccs",64,270,315,274,150,218,186,345,237,343,227,230,470,492,251,332,299,558,356,393,317,467,331,536
"Hsd17b10",54,92,87,55,70,76,74,149,49,128,58,70,21,23,23,17,18,20,40,19,20,23,24,17
"Hspa9",0,0,0,0,0,0,0,1,0,0,0,0,1,1,0,0,0,1,1,0,0,1,0,0
"Htra2",1,5,2,3,2,14,1,6,0,4,2,2,4,8,6,14,5,16,2,9,5,3,17,10
"Idh1",22,41,20,14,12,18,35,16,36,22,42,12,6,4,1,3,5,2,8,6,4,4,1,7
"Idh2",64,266,170,93,80,334,151,260,25,183,217,115,296,556,427,323,1085,830,958,646,494,536,761,1139
"Idh3a",247,436,323,392,532,663,438,539,352,414,481,592,908,1927,1464,1933,1554,1256,1222,873,1394,1178,2294,1902
"Idh3b",50,108,180,24,104,160,126,105,93,44,126,94,33,13,15,17,35,32,10,10,21,15,21,32
"Idh3g",1,12,10,0,3,2,3,3,3,5,3,0,12,10,15,6,20,7,16,4,12,7,17,23
"Immt",63,120,90,108,51,82,77,134,66,70,177,246,239,342,314,186,320,213,282,217,93,269,359,305
"Isca1",51,211,159,91,31,100,153,164,120,136,144,183,526,237,242,374,604,314,512,285,374,301,447,443
"Iscu",4,24,15,10,21,46,20,25,26,14,5,13,3,2,7,8,7,2,10,1,7,2,7,11
"Ldha",2,13,10,7,2,20,0,3,8,2,10,29,7,15,17,38,7,10,2,13,28,17,7,50
"Ldhb",41,62,38,40,48,42,82,65,46,62,44,86,21,12,9,16,10,23,19,9,9,13,9,29
"Lrpprc",1,9,5,5,3,17,7,13,3,10,20,5,1,5,1,0,0,0,1,1,1,1,4,2
"Maob",531,855,583,419,715,485,686,594,607,513,693,1175,1809,1584,1577,1955,1924,2022,3802,2409,2456,1411,2976,1644
"Mdh1",15,52,44,62,59,43,57,84,77,29,26,78,11,9,5,3,5,6,4,8,4,3,3,8
"Mdh2",10,10,16,12,4,17,18,11,13,4,16,3,3,4,3,11,3,2,5,2,8,7,3,3
"Mfn2",0,13,5,5,3,2,8,12,10,6,3,4,1,2,2,1,0,1,0,1,2,0,4,3
"Mgst3",68,236,104,173,95,202,102,282,125,127,80,115,12,28,28,21,34,17,12,10,26,12,18,23
"Mpc1",29,201,56,26,42,64,108,148,83,81,112,94,22,22,22,15,19,21,12,22,10,22,11,45
"Mrpl11",10,5,1,9,2,7,6,5,5,3,9,20,0,2,0,0,1,1,1,0,4,3,1,2
"Mrpl15",3,2,3,9,2,6,1,0,2,3,7,7,36,12,15,7,19,12,15,8,24,15,36,35
"Mrpl34",27,40,42,84,31,125,63,81,94,104,53,81,13,14,11,5,12,30,27,19,4,10,19,19
"Mrpl35",11,30,13,27,11,23,41,45,69,16,32,40,16,6,4,9,3,4,14,8,1,12,9,11
"Mrps11",96,284,232,259,127,177,308,193,189,249,207,235,86,44,48,77,65,48,52,57,56,48,48,25
"Mrps12",50,72,49,61,53,43,53,51,49,48,69,35,51,131,57,53,65,29,54,47,58,38,46,80
"Mrps15",43,48,8,36,14,54,17,49,48,60,28,64,95,97,86,226,61,98,92,84,39,137,128,89
"Mrps22",151,261,214,86,74,102,91,115,89,109,192,209,16,70,59,40,18,26,32,45,24,44,76,36
"Mrps30",2,5,0,5,5,1,5,7,2,2,2,2,0,4,0,8,4,1,11,4,1,1,5,7
"Mtrf1",35,33,16,29,18,56,23,40,15,16,2,23,2,10,7,4,6,6,9,2,9,0,2,12
"Mtrr",5,14,17,12,3,6,10,8,7,8,12,12,4,2,1,3,3,1,1,3,2,1,5,3
"Mtx2",98,142,189,197,189,114,143,112,81,128,234,85,66,32,50,17,27,23,53,31,32,18,81,23
"Ndufa1",10,36,46,5,5,5,40,34,36,25,32,20,6,2,11,3,6,0,7,5,1,2,4,1
"Ndufa2",249,307,157,187,262,230,266,190,176,247,154,200,162,48,29,55,130,45,132,52,59,68,139,101
"Ndufa3",32,48,64,63,23,33,57,97,55,38,71,58,337,242,267,175,257,93,271,157,148,71,425,179
"Ndufa4",64,311,71,120,138,286,101,136,76,61,121,153,339,402,225,375,220,354,271,294,150,422,262,206
"Ndufa5",17,18,24,37,26,25,39,36,28,38,4,8,104,90,82,36,46,79,122,38,45,62,100,86
"Ndufa6",2,2,13,6,4,8,7,14,8,9,4,2,14,7,12,5,26,10,18,21,11,11,16,10
"Ndufa7",66,40,81,43,55,91,86,110,32,88,87,39,35,16,23,28,51,7,48,10,36,15,27,34
"Ndufa8",1,2,0,1,0,1,1,1,1,2,0,1,1,0,0,0,0,1,1,0,0,0,0,0
"Ndufa9",418,547,635,420,402,643,645,885,495,994,605,633,59,54,63,100,111,69,110,57,145,37,56,79
"Ndufab1",199,249,166,116,82,161,349,324,201,158,313,166,960,645,603,470,570,460,950,184,354,640,736,984
"Ndufb1",130,260,383,169,224,126,295,345,326,193,189,299,617,566,557,427,321,502,546,441,487,446,595,625
"Ndufb2",1218,5374,1231,3560,1000,1832,1462,2513,1345,2902,1465,4103,4840,7522,5521,11397,6361,3552,6586,2463,3427,5000,4173,9516
"Ndufb3",18,16,15,7,14,16,8,34,3,9,24,8,7,6,2,4,15,2,5,8,9,5,3,3
"Ndufb4",5,8,10,12,11,12,33,27,7,24,4,19,1,2,6,5,5,0,5,2,5,0,4,5
"Ndufb5",25,88,85,31,57,49,58,102,51,39,30,24,12,10,5,7,9,12,20,11,19,6,6,12
"Ndufb6",282,351,327,192,302,351,251,373,157,333,215,227,832,494,435,955,666,760,580,726,886,417,888,1002
"Ndufb7",1,6,1,6,3,1,1,3,1,2,10,4,1,12,10,23,14,13,12,4,5,3,10,18
"Ndufb8",703,1211,967,692,1052,1127,999,822,1064,791,1200,878,575,261,591,265,453,219,794,316,290,323,598,362
"Ndufc1",150,137,127,191,107,130,145,251,96,231,170,132,56,54,42,17,61,41,79,30,25,45,47,73
"Ndufc2",304,415,346,467,268,644,532,381,387,352,467,664,923,1746,739,2150,1723,1708,2716,475,1003,1644,1852,2967
"Ndufs1",73,114,34,86,38,63,101,36,65,63,40,74,163,138,125,169,123,70,402,68,166,73,257,296
"Ndufs2",114,330,168,129,92,137,438,181,238,144,237,259,932,893,567,527,1033,809,995,482,1005,482,520,376
"Ndufs3",30,28,32,36,17,24,16,26,32,10,69,12,26,4,2,9,23,17,26,20,19,10,22,5
"Ndufs4",7,6,17,5,3,3,3,6,7,1,6,5,1,3,4,2,8,0,3,4,4,1,10,4
"Ndufs6",9,14,44,17,13,28,20,18,21,33,13,35,12,4,4,5,7,13,6,1,11,2,20,5
"Ndufs7",12,17,4,4,5,1,3,11,5,4,4,3,1,2,4,1,2,0,1,3,0,0,5,0
"Ndufs8",120,273,252,295,240,403,145,225,223,299,271,134,455,1233,605,830,630,681,767,708,210,696,796,1041
"Ndufv1",82,196,104,140,117,198,113,174,269,72,112,154,325,105,254,781,343,449,458,177,240,467,234,249
"Ndufv2",14,29,30,67,25,35,51,48,32,23,64,29,12,7,10,13,15,16,12,17,20,5,14,18
"Nnt",47,22,52,28,20,32,86,113,38,49,37,24,101,104,61,152,57,60,106,124,92,159,88,55
"Nqo2",6,5,18,1,1,6,10,3,10,9,2,8,1,1,1,0,0,1,1,1,1,0,1,3
"Oat",69,142,211,278,171,337,121,187,157,142,145,166,246,231,144,325,181,293,263,202,140,229,307,362
"Ogdh",0,1,0,0,2,3,0,0,0,0,1,1,0,0,0,0,1,0,0,2,1,0,0,1
"Opa1",118,69,137,121,126,64,98,200,75,56,149,170,597,674,285,524,756,866,577,403,291,601,456,585
"Oxa1l",18,29,19,3,24,17,23,16,19,5,14,12,3,2,2,5,3,6,2,0,8,5,8,4
"Pdha1",40,15,46,24,67,33,52,33,28,13,31,19,239,105,106,265,158,126,128,56,136,106,315,179
"Pdhb",265,245,219,100,121,195,317,272,137,148,280,300,1068,475,756,668,580,1103,988,455,789,676,1693,928
"Pdhx",48,55,116,25,58,93,73,72,45,107,87,88,73,63,138,141,178,119,64,221,239,83,85,112
"Pdk4",85,189,107,84,111,89,200,218,221,117,122,122,22,33,30,30,53,38,5,11,29,32,24,16
"Pdp1",118,220,140,218,175,121,189,152,216,86,104,156,28,30,20,31,55,25,28,24,47,37,38,20
"Phb2",12,36,22,23,14,24,23,24,41,28,11,13,5,2,6,11,10,6,6,4,8,3,11,14
"Phyh",20,24,36,30,9,42,18,26,18,50,19,36,3,17,3,2,2,4,8,11,3,1,20,8
"Pmpca",59,35,97,33,84,78,74,62,23,35,97,53,21,27,19,12,40,36,18,17,21,15,13,32
"Polr2f",43,117,78,70,59,51,85,85,44,55,43,62,20,31,17,25,45,7,10,11,8,10,32,33
"Por",21,73,46,50,37,59,68,43,37,37,22,39,216,164,182,204,268,162,112,141,154,175,143,219
"Prdx3",52,14,29,35,9,98,70,29,50,24,42,34,5,9,7,9,21,6,14,10,4,7,11,6
"Retsat",14,21,41,37,26,36,34,40,13,29,25,12,2,9,5,5,9,3,12,4,7,6,19,3
"Rhot1",43,42,78,39,38,33,38,33,32,44,118,14,217,194,121,196,134,88,192,152,124,180,91,150
"Rhot2",84,122,62,76,76,60,107,182,109,173,89,115,26,51,36,69,41,39,29,29,25,39,64,56
"Sdha",10,11,25,16,14,26,9,17,5,5,34,27,22,3,10,11,9,4,14,6,9,9,23,12
"Sdhb",8,6,3,13,13,12,6,7,7,6,9,3,3,4,2,3,2,1,0,2,2,2,1,3
"Sdhc",5,5,2,9,3,7,6,6,10,0,1,6,44,25,15,27,16,12,22,23,14,20,31,35
"Sdhd",26,17,51,26,24,49,30,36,19,67,31,33,7,11,18,4,9,9,7,7,2,1,6,8
"Slc25a11",16,37,69,34,13,30,38,30,23,18,26,23,10,7,13,4,12,13,14,13,7,15,15,14
"Slc25a12",2,19,8,5,2,4,1,3,1,2,3,5,6,20,22,34,31,26,18,12,26,12,8,14
"Slc25a20",20,14,82,37,43,35,31,50,89,53,23,48,84,69,128,101,165,95,132,34,114,84,47,83
"Slc25a3",17,12,29,28,27,76,37,54,15,20,22,34,177,68,51,129,102,69,152,86,75,82,69,173
"Slc25a4",20,33,22,26,37,88,20,37,57,21,11,49,58,203,127,243,332,192,244,250,204,94,176,135
"Slc25a5",21,33,24,52,25,40,68,71,39,67,55,39,138,141,187,165,152,102,107,94,115,121,130,77
"Sucla2",40,153,80,52,57,95,28,114,30,86,50,56,148,249,400,454,223,357,124,197,280,320,308,295
"Suclg1",7,6,0,8,4,16,6,9,3,27,4,4,1,2,5,0,2,6,1,7,1,0,1,4
"Supv3l1",14,26,21,12,6,14,20,12,19,22,9,9,63,59,21,31,63,61,63,13,26,10,46,20
"Surf1",6,29,12,5,6,29,11,11,14,56,17,24,11,8,6,3,5,6,10,1,7,3,19,22
"Tcirg1",1,13,4,0,4,14,8,3,7,4,5,13,24,12,5,11,18,31,2,2,6,16,11,15
"Timm10",42,168,100,237,100,110,62,135,60,177,63,73,73,107,27,197,39,47,20,54,19,83,82,104
"Timm13",22,35,25,19,59,61,49,11,32,113,43,36,9,4,8,10,18,2,13,10,10,11,5,17
"Timm17a",20,63,53,47,62,66,75,61,76,67,70,89,264,113,245,103,207,148,133,89,88,155,193,184
"Timm50",40,53,46,19,27,72,80,88,61,58,89,81,52,43,24,24,36,27,67,29,16,46,92,27
"Timm8b",18,56,16,36,26,34,23,12,8,17,27,39,198,147,93,185,143,123,102,33,117,142,195,107
"Timm9",23,33,11,22,13,12,35,30,27,45,28,49,1,15,14,12,18,3,4,12,10,12,5,12
"Tomm22",3,6,20,1,12,2,13,8,4,17,3,19,26,19,11,24,19,19,7,6,19,15,42,39
"Tomm70a",127,114,113,113,65,138,122,115,92,106,158,108,257,190,374,195,374,517,449,445,331,387,604,419
"Uqcr10",8,3,2,3,1,1,11,2,5,11,2,3,1,1,0,0,1,2,1,0,3,0,1,0
"Uqcr11",94,284,157,110,296,493,156,291,300,300,286,212,217,287,426,334,357,463,426,379,462,922,709,438
"Uqcrb",2,12,7,10,6,15,1,2,7,7,23,11,8,4,8,17,16,9,5,11,3,5,6,17
"Uqcrc1",11,16,25,24,20,16,27,19,6,18,28,18,2,1,1,6,5,1,5,3,6,4,5,2
"Uqcrc2",422,999,713,582,352,1183,448,470,530,698,646,580,2714,2246,1568,1610,2360,1939,2886,1364,1624,2053,2725,1960
"Uqcrfs1",45,123,87,96,39,272,103,133,50,147,86,128,23,33,34,46,19,22,49,28,17,22,19,43
"Uqcrh",33,242,102,122,40,162,83,43,40,83,52,122,21,16,13,29,20,14,12,7,16,23,20,13
"Uqcrq",48,59,41,37,47,64,94,120,37,42,87,80,187,295,175,214,140,194,147,174,182,99,220,472
"Vdac1",77,110,49,76,47,62,103,63,86,49,96,60,382,171,410,507,374,279,298,321,374,335,455,382
"Vdac2",25,43,36,21,57,38,23,48,42,51,74,62,176,70,83,148,150,145,87,215,70,118,262,52
"Vdac3",6,6,4,3,3,3,9,6,16,2,2,3,1,0,4,0,2,1,0,3,0,2,0,1
"Ak2",59,361,297,191,137,233,245,434,182,284,353,192,154,336,290,93,1128,845,1599,1175,442,838,840,1790
"Anp32e",71,90,138,96,125,154,149,150,118,145,155,179,144,226,90,135,1183,746,961,477,606,483,282,304
"Asf1a",48,122,31,77,53,37,132,75,45,83,54,54,60,98,23,27,380,244,197,188,146,232,198,271
"Asf1b",14,38,27,15,8,16,16,23,13,14,25,12,16,26,5,8,25,83,33,34,32,47,37,59
"Atad2",57,58,23,78,43,25,55,50,110,54,56,63,41,32,82,48,631,344,379,254,268,140,507,235
"Aurka",8,11,5,16,6,7,3,10,8,45,7,19,4,11,8,6,61,45,22,38,64,29,79,18
"Aurkb",15,37,42,20,22,12,19,20,22,47,58,27,18,31,12,35,76,106,160,155,172,93,79,165
"Bard1",98,197,153,170,223,384,275,275,117,382,244,297,71,187,171,267,748,1097,749,741,595,1107,601,1010
"Birc5",395,456,744,165,260,422,492,605,392,527,458,381,339,230,506,549,3390,1446,2265,950,1796,1307,2369,1507
"Brca1",114,148,155,86,119,370,58,134,95,237,154,201,214,168,134,216,1258,498,1799,807,310,805,415,1019
"Brca2",20,68,61,52,48,77,48,45,54,59,76,55,47,44,74,26,195,179,48,62,113,85,267,424
"Brms1l",29,46,22,5,43,57,49,37,43,36,39,73,42,27,53,25,102,212,216,288,105,181,236,340
"Bub1b",31,47,37,49,19,26,69,72,51,44,39,59,37,21,27,10,80,148,138,150,62,104,113,161
"Cbx5",61,140,148,82,83,190,166,113,92,156,206,124,93,81,170,84,440,177,437,248,528,152,506,406
"Ccnb2",11,23,11,14,32,20,36,12,5,30,9,6,14,19,11,16,89,45,143,89,29,47,94,52
"Ccne1",23,92,81,29,56,124,59,60,41,87,43,63,32,34,36,110,147,132,141,95,157,144,101,179
"Ccp110",11,16,5,3,7,15,15,37,3,6,11,9,15,23,10,9,185,23,79,71,68,46,30,72
"Cdc20",15,44,15,22,9,68,17,36,33,31,18,57,35,32,5,29,29,127,65,76,12,97,94,240
"Cdc25a",2,7,0,4,0,0,4,3,1,2,1,4,1,3,0,2,6,0,2,5,3,2,2,33
"Cdc25b",3,26,5,12,0,7,10,22,11,14,4,14,4,9,3,10,54,28,23,15,34,32,33,15
"Cdca3",794,759,389,654,629,660,656,1257,1069,869,950,1222,841,913,569,431,5274,3654,4802,4614,2607,2852,4195,4052
"Cdca8",85,263,117,90,141,149,231,246,123,137,130,144,211,96,130,232,368,397,573,556,517,771,766,548
"Cdk1",20,43,28,8,28,44,27,50,27,37,32,31,49,29,20,67,231,367,236,182,82,446,189,228
"Cdk4",2,18,7,25,14,12,4,28,13,7,25,26,24,19,8,16,42,87,75,57,91,33,60,84
"Cdkn1b",1797,3632,1329,2018,1123,3473,2710,2005,2036,1001,1215,1977,2182,1319,1492,953,19415,11868,19615,13037,5366,5018,6921,6623
"Cdkn2a",39,188,84,123,74,121,121,145,43,99,140,97,66,100,69,25,607,345,744,1063,191,276,237,265
"Cdkn2c",148,140,110,77,169,146,83,230,150,179,105,118,142,103,77,139,831,254,991,793,576,554,586,694
"Cdkn3",12,71,68,24,44,79,128,30,12,78,55,127,46,41,9,54,147,148,410,437,95,285,234,266
"Cenpe",10,33,7,22,14,30,9,42,20,18,9,3,13,22,20,16,26,36,88,193,34,24,25,93
"Cenpm",5,36,14,12,4,8,10,12,16,8,15,11,9,12,9,14,51,64,55,28,52,13,23,21
"Chek1",62,203,153,154,136,183,136,283,77,126,81,107,86,142,133,129,1347,978,1409,1857,694,1013,1172,1486
"Chek2",186,275,216,309,179,408,183,428,177,667,225,249,265,330,180,252,1916,850,707,1427,928,1150,739,1590
"Cit",39,137,76,61,61,116,138,135,92,59,78,50,51,43,30,25,571,422,665,457,197,175,273,101
"Cks1b",5,10,7,2,8,20,1,8,4,7,16,10,9,7,5,5,13,27,63,5,16,30,40,19
"Cks2",16,65,20,16,25,49,61,85,30,41,28,46,16,63,14,24,91,188,145,76,84,121,90,121
"Cnot9",47,80,65,51,50,58,86,60,36,27,89,62,57,50,34,32,150,101,177,180,117,127,158,265
"Cse1l",106,213,136,194,94,124,151,236,96,187,135,228,138,130,111,53,742,623,1043,283,615,339,738,635
"Ctcf",3,12,7,5,15,6,10,30,6,2,12,7,4,15,2,5,21,15,10,13,35,25,62,48
"Dck",61,159,92,148,59,136,65,156,79,86,72,159,81,76,48,110,509,350,521,167,125,460,413,719
"Dclre1b",17,65,79,62,18,84,59,42,45,50,95,119,59,40,24,36,364,364,369,171,86,95,170,138
"Dctpp1",68,79,39,65,31,29,33,113,69,49,45,47,80,52,63,71,154,304,267,236,437,445,633,1469
"Ddx39a",50,68,61,39,43,31,61,115,79,43,32,79,60,62,54,28,320,184,120,272,69,240,488,536
"Dek",68,141,111,80,125,42,149,73,89,122,89,102,134,68,97,96,580,842,649,709,527,369,533,755
"Depdc1a",127,123,179,140,116,92,69,206,105,136,98,120,215,115,64,199,891,1040,690,585,292,893,493,627
"Diaph3",26,76,82,40,57,42,71,51,45,49,72,58,90,35,39,134,849,426,382,632,169,205,372,176
"Dlgap5",133,242,94,267,155,266,191,253,122,336,120,233,156,192,168,180,1255,681,995,754,315,729,928,635
"Dnmt1",60,108,102,72,66,83,68,156,101,110,105,88,56,59,127,81,522,292,302,257,478,233,741,859
"Donson",46,203,138,105,56,110,122,168,94,149,72,84,126,83,93,164,1424,1296,1094,1043,329,530,575,877
"Dscc1",24,114,52,67,21,145,37,44,24,104,31,103,46,31,49,52,262,389,190,474,214,348,321,818
"Dut",28,53,36,37,41,76,61,45,36,60,38,45,20,51,42,57,317,376,180,661,161,133,178,174
"E2f8",33,17,73,51,11,63,24,31,32,37,32,77,19,36,21,19,66,83,104,122,198,146,270,185
"Eed",76,167,152,209,53,100,203,522,140,218,236,239,88,133,81,251,1662,807,1838,1056,344,592,538,773
"Eif2s1",130,392,312,308,216,189,110,249,264,216,191,105,210,263,174,293,932,638,1446,738,755,796,1027,549
"Espl1",3,2,7,2,6,0,2,1,4,3,1,11,2,0,8,1,16,11,17,6,11,21,29,3
"Exosc8",4,13,9,40,13,6,23,15,4,17,6,8,31,5,6,17,63,36,103,38,41,31,83,43
"Ezh2",395,1027,340,294,645,352,311,576,780,591,1435,743,533,285,452,384,1505,1861,2527,1484,2145,1260,2052,1463
"Gins1",13,17,13,7,17,18,29,7,20,5,13,30,26,10,17,14,148,57,54,55,59,56,116,112
"Gins3",3,12,7,11,8,11,16,18,9,2,27,13,7,1,11,4,64,56,69,42,64,43,51,69
"Gins4",0,1,8,3,5,0,5,14,6,17,3,8,2,1,2,7,10,22,29,35,37,3,15,38
"Gspt1",3,29,3,3,4,7,0,5,1,6,9,3,2,13,5,3,29,39,13,15,40,28,29,38
"H2ax",649,1012,2685,546,1096,849,1145,1015,846,650,997,1114,1205,787,725,441,10618,5244,11522,4608,5322,1654,4730,2463
"H2az1",39,175,110,77,47,138,95,99,108,148,90,166,78,143,70,139,350,770,243,310,151,382,456,905
"Hells",38,71,115,73,70,125,90,54,86,70,48,71,22,50,47,41,373,476,464,243,209,279,128,243
"Hmga1",347,1643,303,1030,583,631,448,1238,605,445,513,951,215,483,424,630,2486,5316,3558,4032,3673,2763,2253,3264
"Hmgb2",3,11,10,5,8,10,10,22,2,9,13,1,16,1,8,6,33,84,12,37,46,9,21,14
"Hmgb3",75,252,173,128,151,149,59,126,106,213,155,146,111,48,111,99,715,471,908,649,635,409,1081,1176
"Hmmr",46,49,34,24,31,44,33,16,35,25,26,42,33,25,22,15,198,45,33,108,179,99,190,218
"Hnrnpd",3,14,23,5,14,6,17,14,24,15,31,17,14,11,14,8,32,101,84,63,0,6,23,43
"Hus1",233,213,180,105,154,62,325,112,152,203,387,209,168,124,74,166,865,999,1546,335,643,654,1270,1403
"Ilf3",15,114,43,29,54,72,76,109,102,89,38,70,49,79,24,68,287,410,440,114,211,256,415,331
"Ing3",46,99,56,47,18,17,80,61,53,41,69,47,21,21,21,17,74,41,120,69,91,35,95,113
"Ipo7",4,32,35,4,5,17,28,17,23,15,9,22,23,17,14,31,36,98,239,107,38,22,58,71
"Jpt1",0,9,9,3,8,4,5,8,4,6,6,7,7,3,3,5,7,9,27,5,33,21,15,30
"Kif18b",16,14,33,6,10,18,20,17,17,11,24,11,8,14,16,7,26,26,132,54,116,41,103,86
"Kif22",7,0,5,11,10,4,11,8,0,5,8,0,4,2,0,4,68,18,67,10,19,6,52,7
"Kif2c",1284,2150,1023,1545,1339,2319,1181,2327,1334,1700,670,1045,849,1068,1363,1920,3764,5812,6493,5067,5596,9932,6362,11228
"Kif4",88,125,105,103,56,107,126,154,96,136,68,62,195,189,79,121,1086,1938,1331,1063,250,202,464,228
"Kpna2",106,187,196,60,75,110,71,171,151,142,67,87,160,47,146,145,1431,556,1678,1103,227,104,530,508
"Lbr",134,173,225,100,95,222,144,187,130,147,177,177,87,52,160,118,665,922,1304,461,881,346,542,489
"Lig1",204,222,361,277,364,429,272,453,269,525,310,331,428,264,299,289,2221,945,2386,832,988,1051,1200,1088
"Lmnb1",1,6,12,4,9,9,8,6,1,5,5,3,3,5,3,3,16,6,19,34,19,26,19,51
"Luc7l3",21,108,24,48,24,93,35,89,78,55,65,26,32,83,54,60,322,212,330,218,268,265,197,233
"Lyar",9,38,26,34,40,43,32,46,37,41,7,32,9,28,22,16,94,218,111,80,151,157,139,123
"Mad2l1",2,25,8,16,5,12,5,3,13,7,18,15,6,5,16,5,50,49,52,9,30,34,33,8
"Mcm2",3,13,6,8,8,7,6,10,13,4,2,12,19,4,9,14,25,50,24,42,28,10,19,37
"Mcm3",59,100,143,84,61,70,69,134,43,63,82,64,113,65,64,106,708,504,448,212,307,292,183,237
"Mcm4",49,56,123,37,60,116,146,35,119,95,80,75,53,38,98,48,576,318,511,442,381,507,541,331
"Mcm5",0,13,2,4,2,3,1,9,1,9,3,7,1,0,0,3,33,13,51,10,6,6,18,14
"Mcm6",143,189,214,132,110,331,123,302,168,146,225,132,211,175,262,147,667,491,448,253,598,963,1370,1674
"Mcm7",8,38,6,31,38,32,7,29,22,7,14,7,12,13,7,15,107,30,223,55,72,21,260,121
"Melk",132,376,516,487,233,614,403,246,653,579,615,327,271,368,409,413,1965,1660,2432,1344,992,510,1394,971
"Mki67",102,120,40,41,44,102,55,128,129,122,127,125,90,60,66,68,396,645,593,216,327,124,353,355
"Mlh1",164,249,128,122,173,118,124,177,202,81,97,83,124,157,229,232,2085,771,875,724,815,486,689,813
"Mms22l",150,913,645,772,434,1118,737,1121,792,846,532,763,797,613,754,481,2090,1034,2755,1325,3003,2483,2673,3296
"Mre11a",295,937,641,726,539,736,720,643,246,771,441,607,359,446,236,400,1110,3081,4016,3032,851,2418,3387,2598
"Msh2",120,105,91,26,88,132,53,123,118,122,43,66,75,65,53,113,360,615,310,233,253,214,191,495
"Mxd3",7,23,23,8,24,11,18,14,10,28,22,11,15,10,11,2,126,62,90,32,17,21,24,34
"Mybl2",91,660,443,399,161,394,320,351,242,475,293,641,79,214,204,386,1075,1209,874,892,1508,886,1436,1237
"Naa38",15,27,18,16,17,21,18,8,18,5,38,21,4,41,9,22,160,47,97,70,91,101,108,124
"Nap1l1",10,36,28,22,18,23,23,41,18,5,27,22,38,28,19,9,150,22,62,14,48,49,56,119
"Nasp",411,2218,633,887,836,1033,804,1221,1209,1508,825,547,505,765,790,704,3948,2990,1771,1946,4384,4356,5864,5768
"Nbn",114,251,268,147,244,187,400,64,114,276,289,205,223,294,212,70,643,256,546,272,526,398,1000,1212
"Ncapd2",50,85,52,44,105,47,98,62,43,39,38,59,32,53,92,47,457,167,473,162,353,122,366,216
"Nme1",29,22,18,13,3,33,25,33,17,22,28,4,21,12,9,30,190,102,74,104,28,80,60,63
"Nolc1",22,62,42,36,18,50,29,26,10,20,59,49,18,15,25,49,174,175,194,48,205,103,119,122
"Nop56",1,7,7,3,3,4,6,9,6,5,3,4,3,6,1,3,45,16,29,18,9,14,15,3
"Nudt21",265,424,289,256,248,431,401,276,334,414,346,469,250,332,105,202,915,998,1418,295,1421,644,1514,1798
"Nup107",33,35,27,14,37,5,26,37,37,26,9,10,12,41,21,25,125,48,172,79,73,38,226,65
"Nup153",3,8,3,1,10,7,1,2,5,4,1,3,5,5,1,2,6,30,30,15,18,8,7,15
"Nup205",1,3,0,0,2,6,3,2,4,2,0,1,0,1,2,3,9,5,12,17,1,16,15,10
"Orc2",24,71,42,54,69,72,47,101,58,41,51,46,48,47,13,58,214,297,177,154,228,126,197,374
"Orc6",11,13,11,9,10,11,7,11,12,12,9,9,21,28,1,12,117,46,104,104,43,29,141,33
"Pa2g4",621,1827,1691,1329,1266,1330,1579,2079,1319,2164,1318,1240,2249,1795,1278,1588,13353,2525,2774,4337,4779,7610,12388,5852
"Paics",706,1345,831,1655,821,1217,877,818,878,918,906,868,650,817,400,801,7937,5930,4014,3828,11726,9201,10566,8131
"Pan2",8,14,5,28,40,23,10,18,17,8,16,15,13,14,17,19,55,39,86,17,43,55,97,70
"Pcna",1,9,4,3,1,1,0,4,4,2,4,3,1,2,5,10,28,11,19,19,0,7,7,19
"Pds5b",835,691,953,1107,1102,2213,1521,2044,994,1368,1874,1299,873,937,1285,768,6037,4635,6682,2303,7288,2159,6639,6259
"Phf5a",7,36,31,12,17,25,28,34,10,28,33,21,48,29,19,67,196,158,166,221,84,126,164,274
"Plk1",19,45,31,23,43,17,58,47,30,43,33,40,16,27,16,22,162,186,226,118,248,164,149,159
"Plk4",9,22,14,29,9,32,18,14,12,15,23,21,13,19,3,8,96,27,149,160,8,35,32,39
"Pms2",83,193,112,106,90,260,90,171,121,109,68,155,152,122,76,116,983,452,1000,446,361,698,428,681
"Pnn",15,60,43,17,18,30,39,33,26,26,29,9,28,25,18,30,77,107,64,16,54,105,288,169
"Pola2",897,1476,1088,1125,444,1656,1086,1721,1466,2038,1346,1797,1442,1153,873,929,6291,5039,6663,2534,5442,2801,3919,5637
"Pold1",8,41,15,11,28,23,28,39,28,26,12,33,12,6,18,13,77,52,108,71,83,146,140,72
"Pold2",11,17,18,3,9,7,12,14,18,6,3,7,3,12,8,15,29,30,85,36,48,34,16,36
"Pold3",49,96,81,38,73,106,87,91,43,53,62,56,30,54,65,67,481,424,508,244,342,153,204,311
"Pole",177,458,288,164,264,283,230,460,222,214,415,142,320,131,156,258,2226,1782,3379,1794,852,882,1138,1445
"Pole4",19,41,27,20,12,29,17,21,17,25,40,18,18,25,24,24,42,71,116,107,43,38,78,43
"Pop7",19,26,15,15,9,50,39,13,25,9,25,9,8,14,29,13,222,156,270,156,79,77,75,131
"Ppm1d",12,22,4,6,5,39,21,35,13,27,12,5,14,8,11,7,59,118,30,29,71,52,43,61
"Ppp1r8",58,195,50,89,85,185,57,128,75,133,82,136,73,89,82,86,624,330,723,587,155,168,142,396
"Prdx4",19,38,11,9,12,71,15,30,18,48,42,51,25,14,26,15,171,108,215,147,120,98,180,137
"Prim2",45,97,44,51,38,42,64,41,62,98,92,50,47,54,17,43,415,174,286,275,213,170,170,185
"Prkdc",14,56,12,45,38,17,32,19,23,25,25,76,34,15,54,45,201,251,158,77,149,135,231,230
"Prps1",78,485,117,197,97,252,149,121,179,166,133,125,145,114,71,159,1065,1104,627,428,268,548,357,455
"Psip1",28,18,22,15,16,31,25,21,7,22,9,22,31,9,33,19,167,101,96,197,93,88,124,99
"Psmc3ip",115,254,178,181,128,251,258,223,65,159,174,172,143,126,138,152,1939,1712,751,1232,471,736,1303,669
"Pttg1",21,136,56,69,77,55,85,29,49,70,45,48,73,80,54,65,567,344,625,129,103,80,163,190
"Racgap1",14,92,92,41,35,141,35,190,41,139,79,70,80,89,40,76,1274,229,345,524,461,406,648,657
"Rad1",419,377,461,306,271,513,353,425,541,721,578,607,297,479,304,247,4387,1896,2364,2062,617,594,2467,442
"Rad21",11,41,41,29,22,24,44,57,38,15,30,34,4,25,28,33,431,184,162,193,51,99,38,61
"Rad50",1,1,0,7,2,9,5,0,2,1,3,4,0,1,3,3,15,27,13,7,6,8,46,10
"Rad51ap1",7,10,25,14,6,19,14,16,22,17,20,17,14,14,0,18,144,98,94,84,62,123,132,104
"Rad51c",38,65,57,34,31,94,38,20,46,20,15,40,22,42,56,39,230,227,529,338,82,293,152,201
"Ran",1,11,20,23,14,7,16,5,0,8,6,19,12,10,4,4,30,61,21,37,37,30,55,92
"Ranbp1",43,96,27,29,27,24,36,24,61,55,72,54,18,26,18,35,303,127,151,156,152,184,309,127
"Rbbp7",0,0,1,1,3,1,5,1,0,1,3,1,0,3,0,1,4,6,1,2,4,1,1,5
"Rfc1",349,389,341,280,187,404,207,453,270,316,148,270,237,276,156,403,1059,843,1435,1215,572,403,747,1017
"Rfc2",16,66,70,68,64,118,79,100,75,103,40,70,61,33,48,70,240,373,716,114,225,144,142,223
"Rfc3",4,1,6,1,1,2,5,6,4,5,6,2,2,3,2,4,5,5,23,17,11,16,34,8
"Rnaseh2a",1397,3278,1897,3516,2074,3301,5249,2461,1126,4054,2499,3318,2359,1884,1580,2883,11261,7622,8389,4208,10950,9912,10122,23439
"Rpa1",55,126,77,70,84,83,63,156,38,94,73,84,56,151,97,39,425,321,668,384,355,199,301,288
"Rpa2",36,71,77,27,41,41,59,57,42,44,34,91,25,22,21,34,298,189,275,260,125,78,268,140
"Rpa3",6,31,21,14,23,20,26,29,21,28,24,27,7,8,13,12,104,108,64,78,26,48,47,177
"Rrm2",37,32,52,35,26,40,62,44,32,46,19,39,20,14,13,22,74,56,121,132,96,168,125,60
"Shmt1",1,6,7,5,4,3,0,6,6,5,6,0,3,1,5,3,7,9,27,14,9,22,36,3
"Slbp",26,87,74,125,22,103,46,109,47,60,67,117,93,84,45,68,248,233,285,304,232,228,204,292
"Smc1a",18,45,35,46,18,33,12,42,56,73,37,24,24,31,37,7,222,223,386,300,102,243,213,184
"Smc3",0,2,5,22,3,5,2,5,6,5,4,3,6,0,3,6,11,24,16,15,8,7,5,6
"Smc4",53,122,72,72,64,99,156,105,84,49,49,72,81,76,75,96,239,393,685,283,484,530,763,375
"Smc6",42,73,98,93,83,95,131,49,148,40,59,60,44,143,76,88,551,526,739,188,521,671,292,369
"Snrpb",637,926,796,564,802,749,836,661,798,598,772,558,495,911,696,573,4902,3100,6118,976,1601,1295,2668,1494
"Spag5",329,262,237,369,107,275,320,335,277,286,240,277,343,119,241,421,1059,1022,1518,1184,858,1129,1044,2786
"Spc24",23,13,54,56,39,50,51,74,28,39,66,51,43,44,19,51,37,118,61,67,48,70,82,53
"Spc25",6,8,8,7,7,9,4,16,0,10,12,5,12,6,5,7,36,25,87,29,39,45,45,35
"Srsf1",39,46,59,62,26,56,34,37,29,96,29,65,42,65,31,107,199,358,292,282,89,93,168,197
"Srsf2",37,178,233,174,159,191,338,117,193,141,306,172,106,151,160,87,841,638,838,574,252,327,890,597
"Ssrp1",33,73,44,33,38,98,57,90,37,66,53,161,46,32,46,119,372,307,296,398,223,165,421,398
"Stag1",1,8,4,2,7,5,8,10,5,2,9,4,16,11,10,11,61,84,67,35,42,36,57,52
"Stmn1",10,18,23,14,6,7,14,2,4,15,16,6,1,2,5,2,35,30,69,42,26,14,109,59
"Suv39h1",44,98,107,73,30,58,47,77,51,47,50,84,66,27,79,73,188,268,90,138,193,103,79,133
"Syncrip",76,124,81,109,82,191,341,219,492,57,191,110,116,138,123,216,1393,1192,913,1024,315,706,605,251
"Tacc3",200,478,243,196,274,260,271,527,299,272,313,266,189,185,282,345,2039,1867,2540,726,1112,798,1019,1631
"Tbrg4",19,55,37,11,19,42,13,17,30,30,10,16,33,31,5,14,162,174,158,136,107,127,56,120
"Tcf19",87,320,258,248,65,115,94,280,79,226,136,333,82,275,165,223,1089,968,339,801,370,782,584,595
"Tfrc",16,89,115,49,68,41,124,60,63,86,41,131,37,21,58,80,321,234,301,272,124,274,184,119
"Timeless",167,126,392,232,178,339,237,306,198,343,201,321,202,176,142,81,2064,1354,2514,942,1075,976,1758,1125
"Tipin",2371,1350,2373,1874,2531,2320,3279,3200,1299,2087,2348,1839,2878,2715,1988,1340,14589,11394,14318,8460,6742,5741,8368,7811
"Tk1",7,3,5,9,5,25,2,1,3,14,8,7,0,3,0,10,27,55,116,39,17,24,73,46
"Tmpo",99,300,602,254,134,719,445,331,225,313,249,368,251,233,227,189,989,1301,1074,1177,609,726,964,1725
"Top2a",48,206,80,91,66,142,163,245,131,154,53,145,68,87,61,151,739,977,1073,1079,182,468,168,265
"Trp53",94,259,182,203,288,242,102,332,155,130,208,176,68,99,175,275,968,698,1791,708,379,923,930,744
"Tra2b",41,110,37,49,80,54,70,46,53,117,75,72,26,48,39,25,392,200,170,153,73,234,346,287
"Trip13",295,395,254,253,277,167,377,296,207,213,212,307,326,213,131,207,3188,1416,1442,1017,1356,950,1497,2511
"Tubb5",1,22,15,28,3,22,13,22,21,5,11,15,15,16,8,4,72,47,50,94,34,22,52,44
"Tubg1",8,45,32,17,31,32,53,17,65,16,33,31,45,19,13,50,127,272,252,238,50,81,190,95
"Ube2s",44,144,77,113,56,119,63,105,100,80,93,50,60,97,59,81,371,654,366,318,178,146,189,485
"Ube2t",388,724,536,771,560,796,865,1157,928,869,804,856,796,318,512,769,2201,3246,4722,3263,2896,1874,7521,3309
"Ubr7",50,75,38,61,58,53,64,22,25,73,37,106,49,38,65,51,131,353,405,170,371,587,599,702
"Ung",152,554,329,176,295,246,312,283,199,199,231,245,351,275,241,297,819,503,1190,545,1283,566,941,1313
"Usp1",131,410,304,349,207,363,304,460,153,199,248,519,351,323,239,218,1405,1244,1790,860,996,1092,1308,1990
"Wdr90",13,6,4,12,10,11,18,16,15,9,9,10,4,5,7,25,123,83,66,9,49,41,52,18
"Wee1",24,53,38,65,37,57,80,76,37,105,30,85,47,47,50,18,200,541,183,339,98,180,232,185
"Xpo1",296,367,388,296,326,548,323,406,470,317,409,523,274,513,373,398,1330,2409,2638,969,1265,1063,1431,990
"Xrcc6",37,51,65,39,65,21,86,91,53,43,48,70,81,50,63,34,538,425,522,314,263,462,310,481
"Zw10",17,67,34,5,32,33,20,48,16,36,26,30,31,30,52,20,63,135,90,93,54,33,119,85
"Gm2026",130,243,159,163,164,261,345,338,450,163,118,401,120,124,183,145,201,106,287,80,257,228,148,178
"Sles2",211,222,265,204,274,319,368,214,246,178,213,301,384,144,169,168,415,162,340,71,134,146,487,112
"Gjb5",13,23,5,4,13,22,6,19,12,17,15,16,11,29,24,11,14,7,8,12,11,14,19,10
"LOC109286561",21,56,9,25,3,35,16,25,18,20,23,18,29,4,15,5,22,16,33,8,8,26,18,38
"Gm32362",19,33,20,77,17,17,26,15,16,15,20,32,17,13,22,38,28,18,22,23,19,41,22,86
"LOC131389523",61,82,85,34,70,107,58,86,38,75,58,60,62,86,27,22,56,34,62,25,43,55,89,44
"Adh5",10,21,19,7,10,2,10,15,15,23,13,8,16,21,6,4,15,5,18,4,6,4,13,13
"dup",0,1,0,1,4,0,1,2,1,2,1,2,2,2,1,0,1,0,0,1,0,2,2,0
"Sntn",77,221,109,80,123,115,133,143,124,204,115,120,168,96,101,99,163,112,134,56,130,178,136,122
"LOC131297632",263,399,142,181,230,368,213,217,206,216,198,224,233,118,176,283,161,138,291,86,196,237,161,211
"LOC131373894",8,12,15,7,6,10,15,14,8,7,9,8,15,4,1,15,12,12,18,10,10,16,5,12
"LOC131341642",182,206,285,175,114,158,372,186,161,204,220,305,323,234,180,180,185,152,77,139,102,142,152,131
"Gm18166",576,971,884,635,713,1300,1035,818,679,676,861,801,998,1099,370,1033,825,806,1604,585,413,903,994,463
"LOC131373229",69,84,64,95,72,80,74,125,71,45,31,147,61,60,65,36,62,52,136,58,51,57,133,122
"LOC128927704",41,186,38,38,31,79,47,69,61,59,19,56,63,46,56,69,16,74,37,56,66,70,30,69
"LOC132409002",5,14,10,1,3,14,10,4,15,18,4,5,3,4,3,5,4,11,11,2,3,2,4,7
"Gm6665",131,231,145,107,207,143,116,170,85,150,199,140,157,240,79,214,238,94,84,86,109,143,150,200
"Gm28856",72,105,54,170,82,63,94,172,84,47,76,72,84,63,80,121,81,68,162,110,82,102,211,82
"LOC132409940",9,28,17,15,11,28,32,16,10,20,10,28,15,14,24,7,4,2,5,21,3,4,13,16
"LOC131295879",10,10,5,9,7,23,11,38,11,6,28,11,18,7,10,8,25,15,23,14,13,9,25,5
"Igf1q2",7,9,0,5,1,17,14,6,2,6,4,7,3,10,8,12,7,5,1,13,8,0,7,7
"LOC131377229",80,129,142,140,79,219,191,128,129,152,74,162,99,278,154,66,343,172,120,99,115,116,158,243
"F730016J06Rik",2,4,2,3,0,2,4,4,1,3,2,3,2,2,0,1,2,2,3,2,0,0,2,1
"Npy6r",16,18,39,8,24,21,31,23,13,17,19,32,41,13,11,15,23,28,39,12,15,18,25,8
"LOC131374918",6,36,32,12,18,49,22,7,25,25,22,21,26,33,26,7,25,59,25,11,15,30,47,30
"Gm29228",148,250,217,95,242,229,314,271,245,274,194,326,284,253,305,192,273,185,385,314,283,175,242,244
"Prnr2",0,1,2,0,0,0,1,0,0,0,1,0,1,0,0,0,1,1,0,0,0,0,5,0
"LOC131337901",9,14,8,8,3,29,9,24,16,1,16,17,6,10,11,10,22,19,12,3,11,9,18,19
"Vmn2r21",1,14,3,6,3,2,7,10,6,5,1,0,3,9,8,1,9,10,2,5,2,12,14,5
"Or6c203",21,60,20,33,22,20,29,28,33,41,22,36,32,17,5,24,38,30,22,20,26,13,18,30
"LOC109279951",8,31,0,5,25,12,15,4,11,22,13,12,15,16,21,10,11,13,20,5,15,18,27,11
"Gm20109",158,190,140,251,297,343,308,368,282,436,293,111,276,152,231,245,321,235,204,287,198,285,230,294
"Bglu3",119,204,72,77,148,55,103,90,131,104,204,95,109,92,271,70,160,111,185,51,105,100,197,46
"Gm12311",28,121,48,48,47,72,33,82,57,65,53,33,60,39,58,63,14,19,50,43,25,49,51,44
"Gm54312",11,41,16,14,29,40,36,37,12,45,38,46,26,31,27,27,29,35,13,83,12,36,31,51
"LOC131375861",37,82,25,61,36,43,78,81,29,35,77,57,44,60,58,50,39,18,29,38,16,27,46,41
"Hpic1",60,33,52,30,23,33,16,60,24,38,40,58,31,33,37,33,20,13,61,41,16,8,30,23
"Trim47",0,8,3,4,9,8,1,3,2,4,7,8,5,4,0,4,17,10,1,1,5,8,1,0
"LOC131390027",12,8,23,14,14,6,20,6,7,12,31,12,23,17,7,10,51,3,8,6,18,9,33,13
"LOC131390572",1,10,21,20,12,13,23,10,9,5,12,2,13,7,18,9,29,10,18,6,4,2,11,2
"Defb3",67,104,55,47,62,64,112,79,42,110,55,39,83,46,66,54,146,56,130,60,85,57,76,47
"Iqcf3",3,9,11,17,9,11,8,14,14,2,11,10,12,4,1,2,19,13,14,7,4,7,3,18
"Gm17803",31,50,39,79,33,69,47,125,40,100,67,51,85,34,28,30,127,38,54,43,36,31,86,75
"Sluc4",127,251,195,148,121,141,202,178,149,236,90,118,84,67,86,145,55,159,162,90,131,170,150,247
"Lcp1",232,176,190,155,292,181,316,353,250,176,437,194,231,159,321,165,274,124,369,230,270,175,469,212
"LOC131341762",1,17,14,6,7,1,7,14,1,1,31,13,2,12,14,5,8,5,4,12,1,12,16,9
"Gm39473",68,95,91,63,73,75,109,96,92,149,95,95,144,43,117,83,34,107,146,57,175,46,77,114
"LOC131341081",8,12,16,17,22,8,24,41,17,18,5,14,39,12,11,28,4,8,15,12,29,6,10,16
"Gm39173",0,2,3,2,0,0,0,0,2,1,2,1,0,0,0,2,1,0,2,0,2,0,1,0
"Scg5",11,19,12,20,13,24,20,14,28,29,6,28,23,46,12,14,23,8,21,11,26,16,21,20
"Gm13043",226,279,360,355,186,300,104,270,256,384,249,499,262,487,177,359,249,287,252,184,308,233,184,349
"A130022F02Rik",136,226,79,213,153,236,121,306,127,257,169,206,83,133,30,102,127,142,96,47,72,89,167,89
"Speer4a3",20,17,21,19,12,6,9,22,18,30,37,26,36,10,14,3,27,15,51,21,10,10,88,18
"LOC131338559",43,27,36,57,72,41,92,40,34,54,36,45,37,12,34,41,64,43,67,17,24,19,35,34
"Art2b",13,49,20,10,17,19,12,12,18,23,12,20,50,15,2,32,35,17,44,16,10,4,42,15
"LOC132441839",31,39,29,15,22,79,39,30,31,41,38,84,91,29,14,98,38,30,43,24,47,37,29,55
"Disp2",77,91,76,97,48,55,100,64,88,123,70,124,135,33,20,61,189,90,105,62,88,46,80,90
"LOC131384800",12,19,10,8,15,2,11,31,5,38,7,10,13,2,9,3,3,8,6,11,12,15,3,11
"LOC100862115",31,125,89,60,76,111,27,57,71,71,62,144,100,123,46,51,40,88,35,58,83,34,79,111
"Rnf112",12,19,10,19,10,12,10,27,12,11,6,17,21,14,6,24,2,13,11,1,5,3,22,21
"Gm21040",147,135,132,202,101,230,210,145,196,191,172,216,246,90,258,240,142,70,439,94,153,181,253,166
"LOC131297283",2,15,16,20,23,11,21,14,8,9,9,18,8,3,7,2,9,3,9,3,13,8,21,20
"Pax6",3,3,1,0,0,3,3,7,4,4,2,5,2,4,6,1,1,3,6,4,10,6,0,1
"Chldq5",26,90,29,38,26,108,33,28,66,44,42,43,50,87,56,67,98,46,30,40,50,53,52,100
"Grin2d",44,69,52,47,48,67,58,84,28,88,101,89,55,55,16,51,78,71,137,46,24,85,56,14
"LOC132441653",6,56,30,13,32,11,44,83,36,28,48,46,38,59,25,11,15,39,50,11,25,24,50,34
"Btg4",24,48,68,81,44,72,48,119,54,95,17,83,82,66,39,40,55,51,34,47,58,43,22,118
"Dusp15",7,7,34,3,23,12,9,5,8,21,12,1,9,10,3,13,11,8,6,13,21,13,19,9
"Pigg",13,46,35,23,38,60,37,42,22,29,35,29,11,37,33,17,66,26,78,22,44,22,28,48
"Rbm34",318,372,374,183,183,259,480,323,404,149,428,344,416,145,450,308,548,301,287,148,376,389,348,167
"LOC116915241",207,346,134,120,100,183,306,190,153,285,168,285,241,259,123,133,255,52,267,65,53,130,129,307
"LOC132442931",272,641,205,540,174,409,191,330,290,465,460,550,236,136,221,570,323,388,554,445,164,222,373,338
"LOC131379846",10,21,8,13,5,8,4,26,28,4,8,9,12,6,3,11,19,5,4,10,2,20,9,11
"LOC131379280",35,37,48,28,17,31,18,43,34,46,27,19,21,23,19,27,60,47,80,17,28,24,58,27
"D9Mit311",8,3,13,5,4,3,4,8,6,3,0,7,6,1,6,14,4,1,2,0,1,3,8,0
"LOC132408045",153,243,323,140,254,282,221,255,184,267,391,124,310,246,220,109,206,255,315,122,185,133,752,263
"D5Ertd566e",10,12,11,7,6,51,7,34,5,17,18,31,10,25,31,12,28,23,10,17,13,12,8,23
"Cq3",11,41,18,17,19,44,16,35,46,16,53,25,15,50,16,24,45,15,13,19,44,10,20,41
"LOC132444683",37,16,34,64,22,77,9,57,25,37,22,71,24,26,19,53,42,20,30,27,35,45,17,42
"LOC131374408",138,227,143,194,148,212,213,224,149,277,97,145,273,231,92,182,291,285,234,98,166,131,161,104
"LOC128924193",5,13,3,8,8,15,6,4,3,10,3,7,1,5,0,7,13,6,18,5,1,9,9,4
"Gm4083",167,208,63,120,51,148,61,236,58,116,125,154,97,100,87,77,103,185,145,93,82,75,243,142
"LOC131371404",22,14,15,16,13,21,12,32,21,18,9,23,18,11,12,6,28,24,22,10,14,14,14,16
"Wt1",50,54,48,25,90,89,66,44,50,86,91,82,62,53,24,45,52,43,42,28,63,27,61,42
"Slt2",20,45,16,34,62,40,36,57,21,25,25,23,26,42,23,21,27,16,30,27,22,11,57,24
"D2Mit433",28,27,56,45,60,90,77,116,66,48,43,46,38,39,27,41,74,52,45,27,36,38,95,99
"Kcng3",184,222,131,130,95,128,93,157,125,115,107,184,156,132,198,152,132,110,127,122,97,24,271,165
"Gm19733",0,13,2,4,10,18,6,4,2,9,11,5,3,14,6,8,9,1,18,8,9,3,35,15
"LOC114827932",0,3,4,2,5,0,1,2,2,1,9,0,2,4,0,1,0,4,2,2,4,1,2,1
"D1Mit229",38,26,25,37,23,16,16,17,38,41,13,19,27,13,34,51,21,24,37,27,18,18,16,60
"LOC131373800",11,24,3,6,12,9,6,8,12,14,14,4,21,4,19,2,10,3,10,12,24,5,16,19
"LOC131375066",106,305,391,441,286,184,425,326,294,518,265,221,500,332,197,239,322,256,449,292,249,297,356,234
"LOC132441073",5,22,3,15,38,6,7,14,13,30,12,14,19,17,3,29,14,18,16,20,13,5,20,12
"Gm34256",44,97,88,108,40,26,96,148,81,143,81,117,38,64,66,137,92,63,72,53,16,100,81,144
"LOC131337162",1,17,3,2,2,3,3,1,1,2,2,7,1,1,1,7,4,4,2,0,3,5,1,2
"W10q12",56,90,100,34,109,61,34,49,68,54,67,32,60,42,60,76,59,25,55,60,45,49,71,41
"LOC132442697",488,438,425,409,386,833,279,310,671,241,505,471,423,395,354,689,403,193,841,177,415,353,728,402
"D7Tem23",22,85,59,53,71,61,86,127,40,55,56,48,30,45,33,27,39,25,52,18,20,29,40,36
"LOC131337439",41,102,57,90,23,51,62,32,85,81,22,62,34,42,36,40,61,23,15,63,37,83,46,75
"LOC131390265",46,64,41,51,32,71,67,64,77,32,56,118,53,85,44,41,35,31,35,53,53,36,73,124
"Rassf7",6,3,4,2,4,1,7,3,4,4,13,3,3,8,5,3,3,4,8,11,4,13,9,7
"Uchl1os",0,5,7,11,5,6,1,2,5,6,2,12,6,2,3,3,1,7,3,0,5,5,5,2
"LOC131378858",26,130,47,42,52,106,30,86,37,126,52,97,34,33,31,52,73,33,87,64,105,29,82,66
"LOC131375183",13,51,58,40,35,27,40,31,20,24,43,36,88,40,13,19,36,50,29,24,48,25,74,37
"Gm13039",14,5,15,8,5,4,3,11,3,7,4,4,7,9,10,8,7,8,6,6,10,0,15,6
"Gm36034",2,1,4,2,1,9,8,2,4,7,4,9,8,4,2,6,7,4,4,5,5,2,9,8
"LOC132412371",5,20,14,4,3,15,28,10,15,11,11,7,15,3,6,12,7,12,9,6,4,10,15,9
"LOC131376646",2,6,2,6,1,0,3,7,11,4,0,8,2,14,2,0,6,4,0,3,4,13,7,8
"Ttll2",71,138,218,218,94,224,195,250,184,115,242,99,255,132,158,124,258,201,284,143,219,128,146,210
"LOC131295430",1,9,4,3,6,9,5,2,7,2,6,7,2,2,6,1,8,4,1,1,4,2,9,4
"Wtlr1",76,71,101,49,48,113,27,73,80,88,95,171,80,106,46,114,156,97,91,94,100,115,81,161
"Tssk2",489,839,366,599,511,566,600,1204,608,937,767,1302,409,280,545,426,407,680,929,474,328,376,869,1415
"Gm38752",932,1617,1353,902,1399,1161,1155,1502,1053,707,1006,848,1068,730,933,746,1105,824,1143,527,967,483,849,1395
"Gm22912",962,3524,1646,2278,1674,1719,3458,1421,1125,1990,1319,1195,1380,1175,1243,1578,1019,1102,1298,1500,2328,1941,3622,2424
"Gm8814",90,190,90,181,181,177,102,237,124,150,219,111,130,105,94,166,118,114,245,98,129,52,181,262
"Gm5274",104,181,38,118,165,300,335,110,147,328,300,191,137,254,83,280,226,170,342,129,169,220,377,273
"LOC132441621",18,76,26,35,16,80,38,39,48,31,23,63,40,47,38,60,38,41,49,32,23,54,57,66
"Zfp455",3,5,5,5,9,9,15,8,6,7,2,11,15,17,7,11,17,7,12,8,8,5,15,7
"LOC131339508",32,62,77,53,61,40,47,139,108,105,39,48,44,77,30,28,64,65,52,42,43,26,99,37
"Xmmv78",24,38,47,14,25,6,75,44,15,40,43,25,41,35,28,25,41,2,61,7,30,13,60,24
"Gm42184",131,373,152,180,190,332,366,357,127,334,257,235,194,128,189,166,164,178,311,126,235,170,361,158
"Gm35703",63,51,28,37,27,63,66,63,27,52,69,64,72,18,36,34,36,17,63,23,40,13,47,56
"Gm46314",7,21,33,19,3,19,37,40,25,28,24,14,38,31,8,27,39,17,13,9,21,27,15,22
"Gm5442",44,45,26,16,34,38,32,17,33,32,71,43,55,43,64,42,64,54,92,22,88,16,85,17
"Gm18613",128,298,252,143,117,78,226,142,163,140,195,169,230,84,142,94,131,176,147,120,237,142,272,331
"Znrf3",21,44,44,18,31,35,25,43,10,41,13,45,17,44,36,36,23,29,16,6,25,11,10,23
"Gm31682",5,21,1,7,7,0,4,3,21,12,10,2,4,5,7,5,14,3,8,5,6,8,19,4
"LOC132445372",19,8,9,13,6,13,10,35,3,2,21,6,6,26,1,11,11,6,15,15,11,5,26,10
"Gm26715",3,5,6,1,10,8,21,9,1,10,9,5,7,2,8,4,17,4,15,1,6,13,10,3
"Gm46522",994,1570,862,568,891,1359,1601,1188,1285,1185,760,965,821,1213,1032,809,1143,324,948,1043,917,675,1280,1592
"LOC132443987",755,666,562,383,424,946,873,567,679,560,879,526,711,370,306,797,365,703,659,287,587,504,832,597
"LOC132444297",152,248,263,253,236,171,158,127,126,192,167,120,165,122,144,87,132,159,236,140,233,131,108,136
"D2Ertd623e",7,14,7,7,14,10,22,21,7,7,9,47,20,6,5,15,10,6,8,3,26,16,4,12
"LOC131297606",108,89,150,73,101,95,125,104,154,165,160,57,82,106,70,87,98,32,87,83,126,151,186,75
"LOC131386311",266,771,335,477,248,476,383,434,247,449,321,426,139,517,214,257,308,360,475,290,335,277,489,361
"LOC131385397",82,227,96,142,66,102,143,189,108,116,140,162,79,55,165,102,87,75,178,118,97,72,134,172
"oed",169,324,148,164,90,251,141,340,184,159,58,135,149,305,43,259,119,304,204,143,218,121,306,315
"LOC131296756",0,0,1,5,1,2,4,1,1,2,3,4,0,2,0,1,1,0,2,6,0,0,4,6
"Gm28677",22,14,13,9,7,14,32,16,27,18,5,18,12,23,11,31,16,7,13,6,4,11,14,31
"Ndufb11",3,14,13,7,1,12,5,15,11,20,11,9,3,22,17,9,13,11,8,4,8,3,13,21
"Camk2n1",103,20,41,48,78,43,30,49,55,39,52,36,31,25,45,41,36,54,81,11,7,69,57,59
"LOC131376322",1,1,5,0,3,0,5,7,2,2,0,4,0,2,1,0,3,1,0,1,1,2,1,1
"Rsph3b",85,141,159,156,127,178,188,214,147,186,188,153,168,89,110,92,220,143,154,217,117,126,198,145
"Frmpd1",49,45,25,21,40,69,78,23,52,33,61,37,66,37,6,53,66,73,32,46,45,60,62,76
"D2Mit136",180,390,160,528,338,338,226,396,282,456,476,263,192,167,196,635,106,128,454,168,227,294,263,365
"LOC131337955",3,9,6,9,1,6,2,7,4,17,7,1,4,3,1,13,4,1,7,4,1,8,11,6
"LOC131374579",520,1084,778,789,670,1226,593,828,525,674,826,711,794,849,625,982,535,646,609,449,527,891,623,1511
"LOC132443204",440,1201,802,828,377,869,1092,682,626,331,1162,254,761,453,497,670,807,501,913,302,221,793,1093,791
"Gm32243",13,17,4,15,5,6,14,13,23,5,25,6,14,30,6,16,23,34,10,19,14,10,14,21
"LOC131376576",667,1485,1916,395,635,627,755,1531,605,878,1052,651,955,421,620,963,974,898,788,496,455,794,840,695
"LOC132442383",269,631,254,312,599,524,574,767,293,795,234,782,384,285,328,301,424,408,315,294,367,368,357,608
"Gpr19",87,159,75,83,149,92,199,100,46,65,90,87,90,86,57,48,46,64,111,90,66,91,70,61
"Gm31034",69,200,78,87,148,176,103,62,140,111,72,124,127,33,74,122,217,99,197,28,67,64,93,67
"Fnld",37,143,75,61,44,113,104,162,85,157,51,101,74,79,22,42,92,52,84,86,37,59,51,89
"D030016M11Rik",32,33,46,38,23,52,89,39,51,48,34,30,65,49,36,24,78,35,38,37,26,25,84,75
"D18Mit198",103,222,142,192,70,155,258,189,95,82,356,130,221,232,94,213,201,132,202,54,178,87,284,136
"LOC131338171",161,130,220,141,161,145,188,230,192,148,139,119,187,159,153,81,269,129,138,105,275,88,159,336
"Eif1ad7",23,26,15,15,11,20,5,6,19,10,21,10,21,17,13,5,8,5,11,7,8,12,15,3
"Gm7418",26,41,32,39,18,4,44,36,40,39,56,53,19,17,43,31,40,14,38,6,49,10,15,13
"LOC131376113",127,157,195,136,241,76,199,248,183,205,84,97,231,189,98,152,242,200,219,128,145,145,150,154
"Adamts7",41,59,81,74,103,150,133,90,175,42,75,164,83,55,110,106,82,71,36,100,72,49,124,73
"Or8h8",78,187,79,96,124,227,176,225,72,50,149,99,74,85,140,124,87,143,51,87,98,66,124,152
"Ppp2cb",12,12,12,6,8,2,11,7,2,3,15,2,13,14,8,21,14,9,5,8,1,8,3,5
"LOC132409017",11,13,21,5,14,7,19,12,10,2,18,19,20,11,11,2,1,10,31,10,4,12,18,30
"LOC131385375",64,142,316,98,68,70,165,112,136,182,150,64,122,166,99,112,202,87,99,61,81,153,108,187
"LOC131389914",5,16,17,14,1,15,3,21,4,5,7,9,10,12,3,0,1,6,5,0,5,8,10,10
"Gm39283",44,103,98,64,92,138,174,102,142,48,104,73,118,74,73,62,127,104,82,45,110,118,111,126
"LOC131389418",75,143,129,83,120,173,193,127,101,102,171,279,165,173,142,181,72,177,301,107,79,149,136,187
"LOC131387516",598,581,562,561,541,585,617,309,847,342,745,719,821,570,564,478,332,603,580,219,618,646,677,606
"Defa23",38,28,26,20,41,32,94,49,36,38,45,28,54,34,18,3,56,8,26,29,28,33,50,21
"LOC131391641",14,43,19,7,8,30,12,11,17,21,10,17,2,6,6,11,3,8,14,11,15,17,3,3
"LOC131379384",4,25,9,12,15,35,26,36,23,13,3,16,12,9,2,19,19,7,10,9,15,7,38,38
"Trbv26",90,204,142,201,74,54,200,205,145,147,276,111,157,61,135,124,171,107,173,119,93,132,157,106
"Arhgef10l",15,44,17,70,39,43,10,82,30,36,24,41,38,61,31,29,26,40,67,40,11,37,36,39
"Gm21007",110,423,251,534,362,748,407,738,339,672,277,359,200,529,212,486,255,227,395,442,399,289,541,651
"LOC132445039",49,125,107,149,52,132,102,105,92,183,81,155,151,87,94,119,71,128,51,135,51,84,89,84
"LOC131295057",54,45,18,36,62,29,52,54,51,33,56,78,43,53,34,32,64,29,76,22,31,8,21,46
"LOC132442917",840,2074,613,1411,1451,914,525,2747,1261,1062,1752,1092,587,1319,940,1050,838,1377,962,1087,686,1745,1808,2174
"Gm12919",259,482,227,254,197,317,254,486,234,273,431,487,373,409,136,524,225,227,396,255,176,252,256,407
"Gm33771",84,60,81,60,81,149,129,107,162,102,154,139,94,86,82,73,84,55,122,61,59,114,92,145
"Gm45978",97,281,152,268,160,254,128,217,180,230,170,143,145,185,54,244,184,179,123,192,121,187,311,245
"Hmgb1",52,81,74,29,60,122,65,40,20,38,16,67,39,29,60,55,59,48,66,49,52,66,19,44
"LOC132409622",31,71,28,36,11,70,26,72,41,17,23,16,28,34,9,37,30,11,6,23,22,39,58,43
"Pih1d1",1646,5413,2794,3031,1885,2100,2952,2590,3010,4184,2370,4874,2645,2739,1921,2101,4245,3062,4955,3721,2095,2386,3549,3141
"LOC132442916",10,78,37,5,24,34,8,48,21,14,33,19,15,32,10,19,45,33,14,6,11,12,31,18
"Or5a1",4,4,1,6,0,18,6,2,1,2,2,6,1,6,1,5,6,1,0,7,3,3,1,7
"LOC131389005",9,27,37,17,19,17,6,14,60,13,24,20,28,15,29,12,17,32,21,22,23,12,49,49
"LOC131295909",161,228,172,186,106,175,120,251,178,182,208,181,150,130,164,134,192,125,86,168,141,133,262,166
"Gm40408",1,3,2,2,4,0,5,3,1,2,4,3,1,5,3,4,0,7,1,0,8,1,2,1
"LOC132442380",49,113,180,222,110,143,166,243,113,118,98,104,93,122,139,46,103,177,129,93,103,51,240,116
"LOC132409745",35,42,28,17,29,59,54,22,45,14,22,6,50,51,39,16,60,17,46,19,38,48,15,37
"Gm24171",165,539,288,165,337,283,260,283,236,256,289,379,246,292,161,324,218,90,155,82,214,229,439,207
"Gm4294",13,11,39,8,3,9,13,28,15,41,17,3,40,8,7,8,25,17,17,5,10,19,26,13
"Gm34478",90,208,239,87,128,99,162,114,272,176,142,138,137,101,96,119,118,93,129,100,157,74,81,78
"BC024386",4,10,2,10,9,8,2,2,6,0,0,14,8,3,1,1,20,3,10,3,4,3,8,2
"Gm28533",11,13,20,33,28,39,16,36,14,27,11,29,16,47,15,23,11,5,7,20,19,18,29,46
"Loxl4",4,2,10,5,3,19,10,4,12,5,1,7,1,5,6,12,5,0,7,6,3,9,10,2
"Strbp",15,59,40,14,10,35,43,46,17,47,30,50,27,40,50,12,36,41,63,16,63,34,56,18
"Astx6",32,98,20,20,33,30,40,43,40,46,89,23,71,34,50,47,40,41,54,30,34,29,52,38
"LOC132442299",110,599,243,178,218,192,192,437,180,220,181,276,278,328,133,256,337,145,360,214,116,235,113,138
"LOC132411539",56,57,30,21,71,51,93,58,77,149,35,60,65,55,60,74,58,38,64,26,28,45,63,83
"Mpmv2",311,458,300,420,405,504,578,266,442,394,436,439,339,193,219,310,302,406,337,188,276,320,479,503
"Gm40660",9,27,27,12,20,2,41,17,16,17,21,22,11,21,26,8,25,15,15,18,19,18,24,33
"Epa1",25,60,19,25,12,47,22,30,30,35,30,71,24,12,28,11,14,22,17,16,5,21,4,50
"LOC132409629",93,51,99,66,48,53,175,71,37,90,72,66,47,23,38,64,102,36,53,59,37,42,85,27
"LOC131377517",55,68,80,41,45,69,65,62,59,53,46,81,27,43,80,37,52,23,164,59,56,71,41,70
"LOC131337094",36,212,44,129,110,120,133,100,139,163,158,195,97,109,81,110,96,97,76,176,114,90,79,78
"LOC131372718",16,6,26,14,17,17,25,24,18,24,4,10,9,13,15,12,6,39,20,18,16,11,23,5
"Olfr197",245,315,438,263,535,671,581,573,283,1060,430,389,220,262,344,936,461,305,268,339,376,397,634,623
"LOC131371817",289,356,243,377,373,345,468,292,131,452,149,241,262,529,333,481,192,306,241,209,156,332,404,480
"Gm46071",430,621,819,376,668,756,1004,804,711,299,758,887,733,427,245,201,635,365,685,282,596,590,665,401
"LOC131377821",869,647,1275,752,754,1132,494,860,556,678,674,917,564,455,877,898,979,551,1295,820,470,687,1579,771
"LOC131385224",8,17,8,2,13,31,15,17,29,27,18,6,22,21,6,11,12,5,34,18,14,19,7,32
"LOC131296649",39,60,10,28,20,4,28,26,29,25,37,47,17,41,5,42,64,30,19,45,19,10,15,53
"D16Jhu25",7,9,1,6,5,12,6,16,8,12,5,6,4,9,11,5,9,8,12,13,5,3,9,6
"LOC131296044",3,13,4,9,4,11,1,0,4,5,4,5,0,2,3,4,18,3,6,3,2,7,9,6
"LOC131390070",171,289,238,158,133,220,461,269,193,310,141,186,186,116,213,116,176,125,203,162,347,99,337,204
"Gm52050",206,378,321,447,216,409,550,369,424,358,428,339,499,261,354,153,336,382,376,216,291,225,413,327
"LOC131386930",12,90,31,18,18,24,30,55,36,28,29,24,15,18,7,59,10,15,30,38,25,10,31,31
"Gm41444",64,85,166,36,53,67,45,55,78,63,55,92,116,78,76,51,81,38,51,13,53,62,72,47
"Or52b4",83,164,74,43,95,79,125,44,108,155,93,99,88,131,119,119,68,72,93,76,83,67,90,136
"Or4d5",3,11,1,5,6,0,14,2,8,3,3,1,5,2,1,5,4,2,5,15,2,4,6,4
"LOC131295882",25,29,38,11,48,28,80,29,34,23,74,42,24,8,67,23,34,30,24,8,19,20,27,25
"Ccl12",50,75,65,28,97,45,83,69,36,57,73,103,66,68,14,55,124,75,90,26,36,70,64,71
"LOC131338243",26,105,39,51,36,100,47,43,83,71,47,107,39,39,93,70,105,45,40,66,53,47,37,166
"Gm7831",57,98,78,44,56,33,23,73,46,143,39,40,112,52,28,96,87,81,65,66,72,46,92,84
"Gm14914",16,27,40,38,43,29,56,46,59,24,41,28,28,44,50,27,44,45,49,9,27,20,43,32
"Gm30306",77,163,115,66,80,191,65,87,75,99,141,56,168,75,64,55,140,169,76,65,70,91,68,93
"LOC131372518",20,39,28,56,17,41,39,66,26,40,29,24,34,36,25,33,26,76,70,22,50,32,27,91
"LOC131296685",22,26,9,9,15,32,41,11,11,32,42,61,9,39,24,21,19,17,26,26,11,22,32,22
"LOC132442341",13,30,47,35,27,33,35,30,9,46,39,20,35,22,72,29,67,38,46,27,36,21,36,55
"Rnf187",0,0,0,0,0,1,0,0,0,1,0,0,0,0,0,1,0,0,0,0,0,1,0,0
"Or8b12",466,358,492,338,385,557,539,700,423,294,526,289,283,373,252,164,491,263,338,209,308,498,571,488
"Stra6",31,76,37,12,11,29,38,42,27,17,17,41,31,43,39,38,61,24,41,34,26,48,24,41
"Txndc8",24,119,61,85,42,57,29,45,23,36,33,17,23,32,22,29,31,26,32,21,15,20,43,66
"Gm19218",22,82,28,17,47,26,46,76,75,42,53,66,63,21,33,19,58,44,18,42,68,20,38,59
"LOC132442702",62,157,138,188,133,199,179,207,108,79,105,146,177,180,84,150,113,73,104,85,199,101,144,230
"Gm15843",1,2,1,0,3,4,2,0,0,0,1,1,0,4,3,0,4,2,2,0,6,2,3,5
"Cd4",28,87,38,21,50,47,24,76,50,44,30,21,69,41,13,17,34,61,15,30,55,36,23,23
"LOC132441983",6,1,3,8,7,1,9,3,16,7,4,1,5,5,4,7,2,4,7,3,10,5,23,16
"Gm31374",40,117,46,55,31,78,31,74,47,77,37,75,43,40,26,51,112,54,57,44,54,47,35,59
"LOC131389143",7,5,5,1,10,4,4,8,2,8,1,9,3,6,1,6,13,6,5,1,6,2,15,1
"Gm53894",14,19,38,26,57,30,22,28,19,33,27,25,17,28,28,34,27,21,44,24,13,32,42,56
"Hypt",3,16,14,15,23,38,19,16,3,14,8,17,11,7,4,5,23,16,15,2,5,16,13,11
"Gm22795",60,82,78,42,93,63,169,68,76,77,54,64,59,70,31,41,53,73,132,59,19,80,146,44
"LOC132443494",21,16,46,15,15,16,37,29,22,20,24,21,44,21,16,10,17,18,33,11,23,14,42,14
"Gm30404",12,44,8,4,29,27,24,5,27,23,30,15,28,36,9,25,17,10,25,39,10,31,34,19
"LOC132441515",6,8,6,5,3,12,14,17,4,13,8,7,3,4,7,7,3,3,10,6,8,4,3,6
"LOC132441566",18,46,27,43,12,15,32,24,26,26,12,55,22,9,32,28,26,22,22,36,35,13,54,37
"Setd4",125,273,164,117,165,157,174,310,188,227,170,110,123,156,157,149,96,226,143,237,169,222,227,140
"Gm31587",5,18,12,26,4,7,14,17,11,5,25,5,8,9,7,10,12,5,7,18,11,34,16,24
"LOC128927008",12,46,37,26,44,33,40,11,31,31,14,47,18,13,19,27,17,19,17,47,30,8,29,23
"Ajuba",4,45,9,15,17,25,26,18,6,8,22,15,32,28,14,8,13,6,8,12,10,25,12,17
"LOC132443776",166,237,338,318,164,208,249,328,256,353,211,214,182,182,136,156,160,279,328,160,300,160,405,318
"LOC128925184",40,34,80,52,24,73,41,67,109,92,28,59,32,27,40,129,86,28,57,52,58,57,55,81
"Btbd3",6,39,4,15,6,15,8,7,7,30,10,46,17,15,9,8,21,7,16,5,2,10,17,19
"LOC131373456",39,24,45,26,38,69,31,34,48,55,50,54,40,19,92,20,71,45,27,14,29,22,48,65
"LOC132407924",2,33,6,7,5,11,3,12,7,15,2,8,15,6,7,5,2,6,14,5,12,14,2,8
"Gm52302",81,249,69,119,66,128,101,264,140,176,158,216,204,140,102,114,222,72,188,151,84,132,107,139
"Gm6973",419,691,643,359,376,557,482,881,893,625,548,285,619,349,239,433,420,282,413,335,409,309,695,437
"Gm20327",7,18,11,23,3,17,9,19,0,14,14,6,2,17,2,11,9,4,7,13,2,12,5,3
"LOC128926184",10,15,26,11,13,15,16,18,5,21,9,8,8,21,11,39,8,29,21,15,4,6,25,24
"LOC131371788",1,4,1,7,4,1,0,5,2,4,10,6,1,0,3,5,3,10,1,3,1,1,10,5
"LOC131391634",9,33,24,33,16,24,66,48,33,15,39,24,24,28,15,16,16,3,48,10,9,19,20,22
"LOC132410679",99,127,98,204,98,160,142,268,93,213,66,111,110,78,125,77,164,152,122,95,21,86,173,141
"Tlsr2",14,26,19,9,6,28,25,10,26,32,11,33,17,8,15,17,21,13,43,20,38,17,20,3
"D3Mit101",2,1,2,3,3,1,2,1,5,4,5,2,5,1,2,2,4,2,2,1,1,3,1,9
"LOC131391209",7,11,8,15,16,3,15,16,17,12,5,12,15,4,11,9,5,7,11,2,5,18,11,11
"Tria5",2,3,1,0,1,3,2,3,1,1,2,2,4,5,4,3,2,2,0,1,1,3,1,1
"D10Mit265",31,37,37,87,62,52,47,98,50,23,15,35,69,18,18,20,36,73,70,63,34,24,68,49
"Fbxo40",6,11,18,14,5,5,2,14,0,15,14,5,3,10,7,20,12,16,10,6,10,2,15,25
"F930015N05Rik",2,2,0,3,2,2,1,6,1,2,1,1,3,0,2,10,0,1,3,2,2,0,1,1
"LOC131375273",88,115,90,72,87,173,91,144,114,111,89,114,156,82,52,57,96,41,111,33,85,68,133,109
"Iqcn",5,27,14,19,54,18,33,32,13,7,71,4,15,19,16,10,7,4,17,8,25,14,16,34
"LOC132410011",13,63,64,60,50,178,48,47,27,65,93,104,35,67,48,45,37,54,66,53,53,59,56,81
"Gm11946",31,143,92,42,92,89,48,99,54,115,17,79,122,42,47,32,114,73,91,74,44,39,81,58
"D13Die39",115,316,99,128,236,155,180,377,134,236,49,218,136,81,89,110,173,239,113,44,205,124,189,174
"Gm25102",112,230,174,89,120,281,120,181,158,111,245,201,177,193,98,110,146,226,104,202,131,82,161,264
"Coq6",13,38,34,9,11,50,21,53,37,23,10,31,19,12,22,21,19,15,11,9,14,5,21,27
"LOC132411827",0,0,4,0,1,4,4,13,1,3,0,1,0,0,0,3,1,3,1,0,1,1,0,0
"Gm3325",9,15,10,40,3,50,9,31,9,24,23,26,18,24,10,32,18,21,13,26,5,15,28,22
"Specc1l",6,13,1,1,8,6,5,11,24,7,7,2,19,9,8,22,13,15,4,2,12,9,9,14
"Mical1",13,10,5,14,8,14,18,7,12,11,3,3,13,5,8,9,4,5,10,3,2,1,10,2
"LOC131386297",8,33,21,13,4,22,23,22,20,46,23,40,10,13,6,14,11,8,12,10,18,12,35,26
"D1Mit74",49,43,27,15,52,23,49,30,43,60,23,45,24,42,37,68,59,37,53,33,31,67,64,66
"Gm36568",20,49,28,46,15,37,60,36,11,33,22,21,12,39,15,29,20,30,37,10,51,27,59,26
"LOC131297175",0,3,5,1,6,0,2,3,4,4,3,3,0,6,2,1,2,3,2,1,4,2,2,2
"Mir6928",54,61,60,62,61,77,11,62,72,93,84,65,69,53,32,68,75,46,129,58,34,49,63,54
"Nisch",19,51,64,28,12,34,57,53,33,32,41,32,26,61,23,20,21,24,20,31,49,43,11,44
"D15Mit15",127,168,139,178,325,114,189,222,71,406,170,311,156,191,91,197,208,325,139,104,178,183,122,173
"Gm9536",9,17,3,30,15,9,13,24,13,40,3,6,21,20,7,15,21,5,15,3,18,15,14,10
"Gm48293",21,47,42,35,20,26,76,28,58,13,16,23,35,27,27,50,42,32,27,29,24,16,61,54
"LOC114827867",21,40,49,40,42,22,44,59,27,30,26,28,12,40,16,28,44,43,19,31,27,45,42,29
"LOC131372207",10,5,9,6,11,18,26,10,9,10,15,10,6,14,7,10,8,8,18,2,18,5,12,19
"Mir383",7,1,1,3,4,8,3,2,3,4,8,6,5,0,1,2,3,2,5,2,6,2,6,0
"LOC131337273",13,127,86,84,47,45,99,52,81,67,105,81,40,105,38,49,90,61,51,46,67,73,74,106
"C77267",13,54,40,31,34,28,32,46,52,27,24,56,46,26,71,49,31,17,53,38,44,21,66,44
"Iap5rc2",41,117,48,79,88,98,136,28,77,74,30,146,53,124,52,104,103,118,59,67,47,101,50,29
"LOC131380583",54,48,51,80,52,78,78,90,68,34,81,35,31,42,38,77,51,77,77,28,64,45,71,60
"LOC109280065",57,52,13,5,17,77,5,32,27,14,27,24,24,20,20,8,26,9,21,14,37,12,29,19
"Trnt1",1633,3706,1705,1947,1712,1747,1435,1809,1317,1399,2060,2936,1490,1593,996,2900,2052,923,1123,1962,1593,1487,2211,2234
"LOC131371598",38,21,30,103,35,41,81,88,52,93,36,54,58,93,50,52,47,43,37,44,31,101,41,58
"LOC131378077",72,97,109,59,83,78,122,231,80,96,161,56,38,66,37,91,61,88,119,73,86,39,139,135
"Gm34112",10,32,21,13,12,40,22,28,32,36,37,51,34,33,11,37,20,12,34,11,41,33,54,21
"LOC109280068",75,86,59,74,43,86,47,66,42,93,66,48,110,71,76,51,53,113,158,75,46,47,144,196
"LOC131295522",42,39,38,46,52,41,52,54,53,31,28,34,43,34,29,21,49,36,55,33,25,47,50,37
"Many1",5,5,15,2,4,0,13,7,4,10,3,2,4,1,5,5,7,7,8,7,7,5,13,4
"Gm13600",21,83,52,21,56,23,49,28,50,73,26,25,66,59,45,45,59,43,36,25,37,46,29,111
"LOC131341113",62,99,34,94,46,76,72,79,49,112,14,70,95,95,34,59,91,113,92,45,65,61,42,69
"Rec8",22,55,25,65,9,33,42,55,45,30,33,32,22,28,32,12,68,18,42,22,11,12,46,16
"LOC131388576",90,46,95,37,47,109,149,61,59,100,94,207,87,53,38,37,61,70,139,47,61,66,99,96
"Airim",7,6,6,9,11,12,2,6,10,8,4,12,14,6,6,22,3,6,4,1,6,3,7,13
"Gm24763",27,134,77,60,38,84,80,62,26,71,75,83,47,54,51,50,65,123,104,44,61,39,32,55
"Gm41598",19,106,28,44,39,55,23,53,52,57,69,44,30,25,28,44,87,36,30,16,28,34,29,34
"Gm33662",1,5,1,0,2,1,6,1,4,4,14,3,14,3,3,4,3,7,8,12,3,3,6,8
"Prnd",18,26,16,4,27,34,20,46,62,20,48,22,20,30,30,31,59,19,58,11,24,23,35,30
"D3Mit51",252,541,298,558,276,668,379,479,246,493,453,687,891,532,253,524,365,202,382,232,475,289,340,428
"LOC131387070",104,57,104,95,49,58,130,92,181,142,119,130,166,65,44,108,197,59,190,101,198,98,197,161
"Vps33a",50,98,50,119,59,69,68,26,11,60,21,88,33,43,40,52,65,30,14,25,40,31,26,103
"Smpd3",63,112,121,61,127,101,134,202,63,127,51,113,107,181,76,131,36,55,99,93,47,99,185,159
"LOC132410081",12,11,5,22,9,16,10,16,28,17,15,16,33,8,5,11,34,8,23,3,25,13,16,24
"Gm52619",4,6,20,11,6,18,5,16,11,13,14,19,16,7,11,16,21,25,6,18,15,58,7,13
"Snora73b",16,3,6,5,5,3,10,4,8,11,5,10,2,4,2,5,9,5,6,4,4,2,6,8
"Gm22599",4,34,7,21,6,36,33,16,23,26,28,13,13,4,37,26,13,10,18,13,23,13,22,26
"Fmtq11",11,18,10,18,9,4,12,4,2,17,23,12,11,9,9,25,18,13,14,11,5,8,16,13
"Gm16027",44,74,88,128,45,120,98,132,43,78,106,91,88,62,68,61,67,108,199,88,104,54,72,100
"LOC131339659",49,81,67,92,75,188,107,122,53,154,107,110,68,79,71,52,87,90,95,21,75,43,54,107
"Hsd3b2",157,230,188,188,153,217,160,228,122,133,145,165,112,133,137,223,91,178,137,132,101,112,95,315
"Gm7531",7,13,32,11,44,24,19,20,27,45,7,4,17,21,11,6,21,15,52,13,21,13,21,15
"Gm18429",2082,4267,4069,2484,1362,3509,1893,4651,3679,4290,1717,3485,3120,3136,2241,1843,4535,1816,2832,3804,2179,1290,1650,2537
"LOC132444089",144,164,133,78,140,167,126,143,119,112,172,172,183,87,135,113,102,46,68,71,73,130,110,100
"Trappc12",16,27,18,23,42,50,7,30,13,12,43,27,29,27,46,10,15,32,19,19,19,16,54,12
"LOC131389552",9,27,10,37,25,17,13,20,14,12,28,32,10,6,20,30,14,14,25,6,18,11,15,33
"Gm4116",19,64,62,22,28,82,83,31,24,62,51,79,66,32,58,66,37,27,70,19,42,67,43,21
"Slc17a3",121,252,141,96,32,127,102,192,87,221,94,111,113,73,99,89,244,73,229,99,127,95,119,181
"LOC131374999",8,5,6,5,8,1,11,7,16,4,2,3,2,3,4,2,5,7,12,3,3,4,1,5
"Rps27rt",511,425,625,271,306,848,668,381,985,782,467,528,517,439,466,345,660,412,455,190,537,308,1130,638
"Ehmt2",128,122,217,105,81,161,147,119,217,78,197,272,136,150,197,78,211,156,151,113,139,88,256,123
"Defb1",20,36,11,5,5,12,15,11,4,7,12,19,21,11,13,28,26,13,28,14,5,20,35,28
"Tafa4",11,11,16,12,15,32,17,24,8,15,16,65,12,37,25,29,17,21,30,25,12,20,24,16
"Rfv2",105,149,111,149,84,198,95,127,208,80,96,119,116,126,127,129,165,170,49,103,73,69,181,134
"Iac",77,110,72,56,80,93,161,68,100,93,81,62,96,64,95,97,127,57,171,139,70,79,69,122
"LOC128927372",47,89,61,95,44,72,88,44,140,91,63,96,54,147,76,43,137,114,177,87,26,58,134,133
"LOC131386627",3,6,3,3,0,10,5,6,15,3,5,6,10,5,0,3,10,5,2,5,5,0,13,8
"Gm34269",38,101,34,22,32,52,27,58,64,37,36,36,44,34,40,27,37,12,13,26,27,36,31,28
"LOC131391036",18,71,48,50,39,31,36,67,58,41,87,98,35,57,40,38,39,40,64,70,44,114,52,44
"LOC132440639",97,276,166,256,232,138,163,101,277,165,168,267,158,206,102,122,157,117,88,137,87,122,209,171
"Apof",9,28,45,10,44,91,45,49,103,22,33,76,39,31,15,9,36,38,39,31,30,10,54,28
"Wsb2",104,238,164,236,158,329,167,296,128,152,129,150,107,106,95,143,129,128,133,89,110,87,148,140
"Amz1",34,65,72,60,63,93,50,58,89,16,96,110,116,29,65,72,83,59,69,56,47,68,84,44
"LOC131373765",31,69,66,53,44,28,74,64,44,51,55,32,20,25,22,58,35,50,44,18,51,37,16,28
"D2Dcr3",25,69,23,34,50,33,18,10,52,54,36,20,32,13,26,32,29,21,33,35,25,14,45,23
"LOC131297711",1257,2151,957,1437,1415,920,1626,1442,1477,1885,891,1197,765,1212,1019,1446,509,1216,1768,1833,1876,525,2382,1378
"LOC131386828",108,874,174,186,311,424,115,349,239,186,216,271,181,284,244,155,471,216,280,93,206,286,327,312
"Gm46107",8,25,11,12,7,13,3,7,15,12,8,16,8,10,10,24,13,2,12,1,4,10,21,6
"Gm51409",2,7,1,3,6,37,7,8,7,5,3,7,5,4,3,14,9,4,16,15,9,3,16,14
"LOC132442970",6,3,8,2,4,0,3,19,1,5,4,0,1,2,1,7,3,2,1,0,1,0,2,4
"LOC131391851",33,49,35,16,36,25,57,46,39,38,13,21,4,14,17,17,41,13,36,22,32,22,21,20
"LOC132441826",8,14,9,20,1,7,5,6,3,3,8,11,4,2,1,5,6,4,18,18,3,9,15,1
"D10Jhu78",83,110,66,77,115,164,53,68,63,132,63,151,51,110,38,56,65,54,68,53,66,65,102,74
"LOC110120465",11,18,7,3,5,11,9,7,8,5,5,20,15,8,6,13,14,7,6,6,41,20,9,11
"Rlf",12,11,10,8,11,1,14,17,6,6,12,49,3,24,6,14,11,7,21,18,4,11,13,14
"Gm53339",0,7,6,4,8,2,3,16,6,2,3,4,1,8,2,2,5,3,3,2,4,1,2,4
"AU024086",83,58,169,151,93,218,211,116,152,119,135,120,128,102,138,178,141,149,105,73,103,120,116,232
"LOC132409242",1,11,8,7,8,12,12,15,10,3,6,15,21,10,19,12,22,9,10,7,5,10,14,3
"LOC131385235",175,190,226,177,108,159,311,209,273,431,111,273,252,138,253,186,287,153,312,150,120,111,65,291
"Cebpa",86,74,70,91,73,95,80,138,98,97,62,130,37,50,34,51,32,60,119,84,61,105,50,52
"Egfr",146,328,287,205,120,210,146,135,138,247,240,265,177,183,152,205,234,176,125,85,112,147,442,309
"LOC131379292",136,413,186,102,129,182,153,119,144,258,102,95,175,66,103,137,105,92,178,93,166,81,191,198
"Gm28814",25,16,34,5,13,32,57,35,16,18,16,19,46,18,35,41,10,8,28,14,16,51,33,33
"LOC131340087",19,22,37,32,6,24,56,29,31,42,31,25,53,22,5,18,31,6,38,9,33,48,28,26
"Gm22115",41,89,35,97,57,78,53,70,45,92,70,50,56,24,64,70,77,61,62,64,25,41,146,62
"LOC131372617",62,77,30,112,72,124,130,124,77,132,69,144,69,123,96,91,141,76,184,102,53,99,146,50
"Ccdc15",116,182,115,239,99,297,126,137,118,127,79,143,187,79,75,116,45,123,82,184,62,82,92,190
"AU019754",179,124,133,111,111,211,363,284,151,183,90,226,164,56,107,207,171,194,226,211,172,59,106,178
"A230095H09Rik",8,28,47,37,35,74,24,40,45,56,24,43,24,21,12,25,20,35,46,25,19,14,46,63
"LOC131297122",78,99,77,41,59,89,64,100,61,34,115,56,52,75,62,37,75,57,143,44,37,72,117,77
"Gm7985",128,166,205,123,126,250,140,444,129,214,122,199,124,158,75,201,166,116,119,145,68,167,109,140
"LOC131339933",160,140,111,87,140,252,80,133,92,99,96,132,102,138,99,86,172,102,93,47,69,112,175,75
"D2Mit109",27,47,51,14,27,31,40,34,43,37,4,68,38,48,18,34,46,19,32,10,29,41,41,57
"Gm31385",14,12,32,3,7,26,21,35,14,18,36,48,37,31,23,15,14,16,12,23,24,31,24,22
"LOC131389604",74,85,104,50,80,38,144,44,81,65,54,50,43,44,25,20,174,106,73,38,31,53,46,66
"LOC131379123",534,378,1045,582,282,377,776,1000,1151,459,721,994,613,622,283,454,531,401,734,423,559,734,1649,390
"Wg1",12,21,11,12,9,29,21,50,13,22,17,22,13,26,13,5,14,18,40,13,7,2,20,23
"LOC131385706",3,4,9,4,6,12,10,5,13,4,10,4,2,5,0,11,11,0,11,2,1,3,10,18
"Gm12293",44,211,70,70,57,220,93,107,54,100,65,134,73,28,31,61,54,35,35,72,64,32,68,107
"LOC132409030",2,10,6,1,2,5,2,7,2,6,3,2,3,4,1,5,8,0,9,1,1,1,3,6
"LOC128926183",32,15,23,8,22,20,22,37,19,24,28,10,31,7,59,59,54,24,33,20,15,18,26,16
"Zfp708",129,279,208,214,166,269,125,153,122,122,62,157,89,66,86,151,385,123,152,129,115,91,146,236
"LOC131391109",76,89,132,54,103,129,113,90,98,147,88,65,78,88,57,86,83,79,112,25,90,91,85,168
"LOC132443108",7,24,33,16,34,27,17,9,18,48,32,13,11,22,12,26,14,11,25,12,11,51,57,9
"Mir6959",138,198,430,91,89,170,220,458,176,159,230,183,329,182,108,109,185,57,351,67,136,188,269,231
"LOC131372164",177,772,357,306,385,534,812,621,370,376,378,470,394,340,342,255,502,529,770,251,471,318,629,522
"Rpe65",75,192,106,109,83,123,233,111,208,135,89,318,106,94,106,35,117,203,118,87,122,160,282,152
"Gm30969",8,24,21,48,4,25,20,23,29,46,10,25,5,19,9,46,17,32,27,5,24,9,35,22
"Gm30172",263,412,328,548,251,408,457,907,233,330,308,253,294,353,338,350,355,315,535,276,152,178,282,458
"Gm33205",5,5,6,4,7,6,4,4,5,10,10,3,0,3,1,0,3,3,2,5,1,7,6,18
"LOC132444058",47,50,70,22,12,38,40,36,20,25,16,30,23,20,23,15,30,29,5,14,43,25,34,19
"LOC131379081",404,605,295,144,344,123,442,409,400,355,329,434,821,228,253,153,374,241,362,237,422,225,326,392
"Wee2",26,67,37,18,23,33,46,28,28,46,10,16,18,28,21,26,40,4,38,8,22,21,22,29
"Gm7566",190,274,314,195,201,261,118,232,186,243,138,277,96,167,243,244,267,197,181,85,202,118,99,425
"LOC131373546",2358,3833,3585,2366,1506,2776,2641,2569,3458,5332,4346,2892,2700,3553,3080,1710,1882,1701,3070,2107,3289,1466,3330,2482
"Palld",7,24,18,11,3,13,14,8,5,3,5,9,5,17,3,9,13,3,9,13,15,9,0,7
"LOC131388238",13,43,30,23,9,8,39,11,14,18,10,15,6,15,5,10,22,5,7,36,10,9,14,12
"Gm40516",10,94,18,24,29,47,12,23,11,40,29,22,27,17,4,26,11,43,40,6,16,17,34,19
"Tcp11",6,23,21,14,8,5,16,3,13,30,35,23,21,22,26,10,11,8,27,17,20,13,20,11
"D14Mit268",151,206,139,140,138,238,172,291,132,342,204,227,153,194,94,168,137,145,197,89,110,118,179,152
"LOC128926744",3,13,13,15,10,17,20,27,28,2,12,15,4,19,4,20,34,17,8,3,6,23,4,8
"LOC132410579",18,60,28,13,19,35,32,29,61,61,40,27,64,34,42,38,50,33,26,18,28,28,23,27
"LOC132411057",13,14,14,31,16,30,23,51,17,12,20,23,8,10,20,7,13,5,31,18,9,5,41,17
"LOC131379224",29,27,4,11,23,20,7,23,12,12,8,10,27,30,12,19,15,17,13,15,20,12,30,28
"LOC131379469",17,47,27,56,14,32,24,45,20,21,28,23,22,41,23,30,16,38,29,15,35,31,29,20
"D1Mit314",22,33,14,13,11,29,45,29,38,11,7,26,14,28,37,14,23,22,39,11,19,27,39,50
"Gm52262",3,8,18,13,14,8,13,13,28,15,10,8,2,10,11,4,12,3,20,5,25,11,13,19
"Gm12634",88,109,194,73,111,104,88,112,252,108,135,202,69,94,114,215,137,162,139,186,79,123,188,144
"Gm9141",0,6,8,5,3,9,5,4,3,2,7,0,3,3,1,1,6,6,3,6,5,2,7,8
"Gm32518",1,10,0,10,6,2,8,17,1,6,1,6,5,2,0,5,5,12,13,2,4,0,9,0
"LOC131391026",361,998,288,435,426,489,287,503,355,601,873,842,418,395,308,466,703,469,408,563,408,618,554,414
"Gm40729",15,53,68,23,26,63,22,29,22,31,34,61,34,51,36,12,34,26,33,34,53,23,77,100
"Gm46805",111,397,376,206,174,422,171,310,172,268,179,369,176,214,183,306,237,224,174,187,118,441,516,348
"Gm39601",7,6,8,2,1,28,8,10,11,1,4,7,11,6,3,5,20,16,7,5,4,7,8,13
"LOC132442877",72,142,95,135,123,113,117,147,53,94,67,99,80,87,82,65,125,77,184,47,114,44,143,116
"Nt5e",228,217,189,138,238,379,127,187,157,162,269,198,85,157,207,188,286,198,288,194,100,93,368,204
"LOC131389033",18,20,10,15,6,21,6,9,19,19,12,18,7,10,16,23,16,17,21,5,4,6,15,2
"Gm53489",4,16,6,10,18,2,10,8,8,9,12,7,3,8,7,11,4,19,2,10,2,17,6,3
"LOC131375084",20,55,17,18,30,50,48,22,37,47,60,35,52,25,34,41,20,24,49,8,26,21,22,23
"LOC132412298",55,107,48,245,115,319,168,183,69,183,56,213,113,27,35,236,72,334,198,96,104,57,179,258
"A930014E10Rik",3,9,3,1,4,3,3,6,5,1,11,13,8,4,3,3,3,3,0,10,0,2,1,11
"Gm34280",70,46,191,99,132,54,130,92,107,57,120,107,184,56,51,54,146,44,155,54,115,71,189,58
"Gm6730",19,88,64,61,60,54,59,36,23,51,43,52,51,14,27,63,30,34,50,61,24,52,79,44
"Gm18537",32,62,45,37,42,22,49,49,26,34,28,33,17,16,61,30,60,32,29,14,22,17,34,21
"Gm12156",10,30,35,12,15,38,24,30,20,23,22,20,11,14,5,17,32,14,10,29,20,16,23,14
"Gm6586",6,33,10,19,8,13,10,41,0,17,14,21,14,16,12,10,19,12,25,21,17,4,10,10
"LOC131297404",104,159,146,85,59,78,85,132,57,51,113,102,109,36,50,86,108,67,37,58,37,89,96,38
"D15Mit160",14,13,9,25,28,20,27,14,11,16,2,15,9,21,7,15,12,13,12,14,15,9,18,21
"Gm4567",145,91,115,121,115,105,83,114,137,185,128,122,55,123,72,84,88,71,86,54,64,55,162,117
"Gm18535",18,22,5,13,15,17,29,23,5,6,9,7,10,12,20,1,12,8,9,3,7,12,15,14
"Gm32423",16,13,10,7,6,25,6,28,14,41,5,33,3,7,14,6,16,20,21,10,8,16,17,12
"Fgd3",6,12,45,22,22,5,18,14,15,4,20,11,25,19,9,29,10,1,13,14,19,9,15,20
"Sorcs3",334,195,412,178,281,269,658,324,506,237,431,229,202,385,357,290,119,165,165,270,102,203,333,242
"Nkain3",40,163,66,82,89,76,73,117,68,55,59,80,81,100,85,84,115,37,94,53,76,153,132,102
"LOC132408455",49,55,43,10,50,20,80,38,67,44,60,62,19,30,26,55,23,40,42,15,17,38,56,23
"Gm33819",15,41,54,26,57,68,56,48,42,41,51,25,40,30,42,32,47,28,48,39,57,27,28,45
"Gm41872",29,6,4,9,11,7,22,23,29,36,10,12,10,12,11,15,20,7,8,8,4,27,24,22
"Tmem132d",31,38,23,11,36,42,23,22,17,19,16,19,22,12,11,30,14,28,34,4,6,8,27,33
"Zfp1006",1,4,8,3,9,9,7,2,3,4,5,2,2,1,1,3,5,2,4,0,4,2,4,2
"D6Mit53",8,6,10,28,18,20,18,25,2,16,13,7,13,12,9,16,22,7,15,9,4,3,37,8
"Gm35397",228,337,262,191,258,474,236,765,294,432,359,187,243,393,357,371,248,346,286,201,293,203,340,564
"AI844869",143,195,109,188,196,291,209,168,185,116,117,229,306,191,162,207,237,146,231,117,121,139,207,111
"Es8",19,28,10,13,18,17,13,11,6,22,36,4,6,8,6,8,13,14,31,21,11,8,10,14
"LOC109279939",16,41,46,20,30,81,67,25,115,25,40,20,13,32,44,44,57,23,86,48,15,24,40,32
"Gm31491",9,19,9,17,16,16,15,23,13,38,25,15,16,6,15,9,10,25,40,12,20,6,15,7
"LOC131386980",3,10,3,24,8,6,9,9,12,3,13,9,2,19,1,7,4,1,12,8,4,2,3,3
"Gm29128",10,18,24,35,24,62,23,51,58,44,27,40,49,13,24,35,31,31,54,45,44,11,106,50
"Gm15427",15,59,39,32,38,41,68,34,55,21,29,88,35,40,39,59,49,30,47,26,35,45,22,49
"Gm30388",11,46,14,9,7,5,22,13,16,17,10,24,13,18,18,11,13,17,17,13,20,18,15,19
"LOC131339468",4204,4034,3426,1257,3978,4109,3677,8554,2769,2825,3073,4352,2105,3918,3402,5194,2595,4965,4675,2582,3095,2667,3375,4790
"LOC132412700",20,20,15,13,12,25,18,27,17,12,23,14,13,31,21,13,15,11,11,6,14,13,23,29
"LOC132409415",36,245,106,181,82,131,184,159,151,184,151,172,71,86,128,147,238,182,319,136,158,112,254,242
"Btbd35f27",244,409,186,344,181,286,182,229,280,191,149,321,333,162,104,463,138,102,227,74,167,170,246,306
"LOC131297412",2,19,2,4,1,16,1,7,3,14,9,15,1,9,3,9,2,2,5,0,7,4,10,18
"LOC131390821",15,15,8,15,2,4,16,6,6,7,7,6,6,6,12,2,10,7,12,7,5,6,7,3
"LOC132440925",15,35,31,33,21,59,40,68,44,75,79,38,38,27,17,75,51,19,56,25,35,75,69,66
"LOC132440739",455,1701,626,1003,561,1113,576,1321,688,658,710,1160,566,833,693,1202,622,733,750,507,692,670,1372,708
"LOC131340333",33,73,36,44,51,149,91,55,71,71,36,73,55,53,34,54,122,40,54,32,13,13,59,79
"E030022I16Rik",27,30,33,25,28,66,54,37,67,42,14,12,19,26,36,17,13,18,43,26,50,26,31,35
"Gm12115",86,74,71,76,40,81,55,121,51,85,50,94,50,47,54,71,82,42,41,40,77,73,53,69
"Afg3l1",73,77,61,20,35,84,33,89,39,12,26,54,36,28,33,25,52,38,43,25,23,36,51,68
"LOC131371290",94,149,152,138,119,79,259,163,89,121,176,188,201,88,123,86,182,98,370,206,106,163,301,193
"Gm40297",572,1101,749,951,657,540,1555,1139,1019,820,805,600,1197,696,795,964,1037,459,1312,743,546,561,728,1282
"Gm35289",48,436,115,186,206,192,274,184,184,121,259,331,158,151,180,191,190,222,223,108,159,197,257,147
"LOC131376722",212,139,157,125,99,120,210,159,92,103,148,110,135,112,121,163,123,113,202,44,92,142,97,118
"Gm18129",472,973,754,512,672,551,1419,854,830,545,794,767,929,247,590,671,972,580,690,390,709,657,1215,737
"LOC131392246",10,37,19,23,13,36,1,31,25,13,4,12,26,17,7,9,15,3,11,10,6,17,22,29
"Kif5a",2,28,5,3,19,4,11,1,12,6,5,5,5,7,6,1,7,0,2,4,2,4,10,4
"Wdr74",9,24,36,17,14,9,6,17,10,14,4,19,32,16,16,8,5,22,20,14,3,9,9,6
"Szs8",37,18,44,26,19,30,34,24,58,9,18,16,43,41,27,33,22,47,39,41,19,53,72,45
"LOC131375304",13,22,57,26,23,21,26,26,9,26,19,37,7,29,9,17,17,13,9,14,13,13,34,10
"Manh18",185,218,184,129,169,262,128,210,230,140,248,151,198,133,194,126,165,126,122,91,181,164,197,151
"LOC128924452",38,21,7,12,22,29,7,20,16,18,12,49,31,15,8,10,19,10,22,14,8,22,10,14
"LOC132408952",8,45,21,27,12,21,12,39,31,49,53,42,35,46,21,21,40,7,32,14,34,14,20,30
"Gm17790",16,22,32,32,26,59,41,20,28,32,42,25,41,11,18,21,42,18,71,11,23,30,36,52
"C78148",19,55,114,39,22,33,97,65,98,43,38,21,60,32,45,32,35,55,132,50,63,49,73,65
"Crisp1",37,43,46,63,29,41,55,53,43,19,117,84,41,23,56,29,40,21,34,30,79,35,39,35
"Gm24713",1,3,0,0,0,1,1,0,0,3,4,2,1,0,1,0,2,2,1,1,2,1,3,1
"Zkscan1",15,22,27,7,16,14,9,22,33,9,41,10,51,33,31,28,17,21,53,24,20,14,5,19
"D2Mit307",105,193,61,69,156,194,189,213,85,152,104,93,171,103,67,85,346,163,246,58,126,47,139,143
"A130013F12Rik",217,659,327,632,361,706,776,698,339,480,383,627,348,524,267,297,412,296,594,401,503,395,398,664
"LOC131388545",0,9,5,7,7,7,14,7,9,5,9,3,3,4,5,6,3,3,4,5,1,7,4,18
"Ube2frt",29,26,30,22,8,34,40,98,31,24,32,29,38,50,44,41,35,34,39,28,47,18,40,38
"Gm47014",4,8,7,11,2,2,24,7,2,12,5,0,6,2,3,5,7,1,6,7,14,6,3,3
"LOC131373181",15,28,16,9,26,24,22,18,7,16,10,29,29,21,20,15,5,17,14,13,28,17,26,19
"LOC131371462",3269,5368,3115,3868,1952,4185,2134,1791,2351,3191,3856,6390,3184,5352,2550,4108,4782,5350,2371,3355,3802,2908,4786,4867
"Gm15934",66,192,133,89,114,250,135,112,116,172,95,195,205,195,166,168,168,131,187,98,74,85,136,86
"Ccl3",237,1170,410,1039,445,429,1587,1850,573,1079,1159,1262,426,886,759,1090,909,640,504,656,615,633,1603,1343
"LOC128926272",37,77,51,53,55,35,23,30,67,57,28,36,49,29,37,42,36,49,31,17,48,12,79,45
"LOC131385956",109,243,48,74,79,245,193,85,121,132,115,53,165,146,58,106,146,67,146,99,109,45,139,125
"LOC132410322",105,446,188,94,108,270,190,167,114,301,110,191,137,232,120,151,93,160,91,129,129,79,151,226
"Slc39a8",0,8,5,0,4,0,5,4,4,8,2,5,1,5,3,10,5,5,1,0,5,3,3,10
"LOC131386371",8,6,13,15,14,22,8,12,30,16,31,12,13,9,14,8,5,24,25,10,6,7,43,6
"Gm20817",14,31,10,14,11,19,40,43,31,43,22,36,38,21,22,29,30,17,18,14,10,12,36,8
"Iap5rc10",69,99,59,100,38,153,49,142,47,127,74,122,54,91,83,40,67,65,62,47,60,48,34,113
"Spin2f",34,112,72,35,31,21,53,68,24,42,38,39,55,77,50,28,30,30,39,94,58,80,50,92
"Tldc2",39,15,17,21,6,25,29,32,17,31,16,22,32,19,8,14,11,18,23,12,18,22,13,28
"LOC132408249",70,187,223,414,154,157,203,301,144,124,198,183,154,223,98,233,287,109,141,187,87,175,252,188
"Zfp646",5,13,2,3,2,6,10,11,6,5,12,10,3,5,0,4,10,0,3,3,3,3,4,8
"Selenop",40,21,106,57,53,29,51,97,67,8,32,25,111,75,64,104,32,93,53,20,67,43,113,19
"Mir7082",160,273,413,621,144,262,423,151,312,403,277,262,219,160,394,351,514,356,346,422,272,139,252,332
"Gm38750",12,41,8,19,43,33,11,5,11,8,18,15,19,21,15,9,15,10,30,11,11,12,13,14
"LOC131339734",88,376,249,215,268,377,80,327,266,204,287,354,168,180,213,242,193,197,341,88,95,164,293,253
"Gm17805",191,483,602,342,172,481,276,282,447,361,230,246,258,152,322,315,219,178,283,208,203,365,577,121
"Kcnk6",23,60,10,15,17,21,30,14,8,17,31,28,25,7,11,9,24,25,37,8,25,20,5,22
"Prkar1b",84,181,150,105,96,198,89,153,63,104,95,216,138,103,65,29,33,142,113,69,74,72,117,152
"Gm32422",166,102,112,68,144,141,90,72,192,131,171,393,107,58,114,57,174,42,118,75,131,69,173,187
"Gm10193",5,5,9,2,4,2,9,23,3,7,3,10,11,6,2,3,9,7,8,3,7,7,14,1
"Prr15",38,76,20,72,37,80,65,38,53,44,45,87,58,15,45,57,46,31,52,28,26,33,93,88
"Gm40241",26,33,46,39,27,34,46,96,43,18,85,22,16,41,34,40,30,33,62,11,13,10,48,57
"LOC131374975",18,29,35,32,15,48,28,56,37,24,9,30,12,7,29,11,12,40,38,13,23,49,14,27
"LOC131372892",18,8,10,13,5,25,13,15,7,8,14,10,6,12,0,14,8,8,19,24,2,17,3,31
"LOC132412839",12,12,6,0,3,5,11,9,0,3,4,12,1,1,5,4,1,1,9,0,8,1,8,7
"LOC109245080",1405,2343,1626,1141,1469,1619,1844,2121,1774,2516,1557,2652,2444,1842,1802,1513,2087,1825,1775,1568,1522,2233,1118,3595
"Gemin7",40,120,70,46,47,73,58,55,47,105,71,77,37,95,39,51,31,47,83,17,60,74,71,73
"Lrrc14b",30,85,61,70,35,137,54,118,29,59,46,131,54,14,11,82,48,42,51,38,35,52,30,41
"Gm28401",109,149,138,145,93,194,171,143,187,106,226,141,134,122,114,114,333,273,216,113,198,188,113,177
"LOC131377917",119,278,282,195,216,279,168,423,124,220,206,192,150,189,163,280,269,159,282,210,200,207,108,168
"LOC131391261",18,45,32,14,12,20,22,44,13,19,37,32,18,3,14,16,31,25,14,33,22,33,19,41
"F630206G17Rik",20,49,20,15,14,17,27,51,25,28,24,22,22,11,48,17,20,16,32,9,8,6,11,38
"Snhg17",11,10,4,1,1,17,22,24,0,3,6,1,9,14,4,4,15,4,3,3,8,3,5,4
"LOC131386394",566,374,498,442,527,560,745,494,635,568,486,528,489,316,401,332,329,196,456,224,381,334,850,406
"B4galt6",63,462,268,126,300,93,211,66,158,143,104,249,243,205,96,224,160,138,152,123,104,148,292,181
"Baa2",173,287,104,165,161,275,260,134,281,305,202,293,233,265,151,105,187,113,153,165,99,131,298,187
"D13Mit91",23,38,13,25,17,25,15,8,14,20,22,39,18,21,22,45,26,12,22,18,23,13,23,36
"Mael",186,292,372,272,262,386,265,196,180,456,201,261,119,200,149,262,378,436,160,331,278,140,265,287
"Gm54053",9,2,3,1,1,4,3,5,3,5,7,4,1,0,5,2,1,1,3,3,1,4,7,2
"Ath17",2,5,7,11,1,13,24,8,18,4,4,6,1,4,7,9,16,5,4,5,5,5,6,8
"LOC131379797",12,25,34,17,23,47,20,42,34,25,26,33,29,32,19,20,7,12,47,12,13,25,19,44
"Gm39523",5,15,20,8,5,5,6,3,28,21,8,21,22,25,10,13,8,16,42,9,22,12,16,24
"Mob3a",106,144,149,84,170,200,165,124,116,37,177,110,58,64,67,102,192,99,190,39,101,101,164,154
"Gsdmd",64,154,210,121,139,91,105,215,135,314,86,100,167,122,83,85,217,170,205,170,110,48,184,94
"LOC131295307",31,81,73,38,24,38,97,67,18,63,21,93,55,34,19,18,23,33,53,28,38,18,78,70
"Gm12304",7,18,38,10,21,31,10,21,14,16,20,21,8,30,14,8,18,21,13,8,28,20,23,18
"Gm10484",36,53,31,36,36,77,44,32,22,36,40,16,25,30,27,19,37,32,28,23,41,12,75,48
"LOC131387736",816,1639,937,2171,1034,2648,1272,1935,2009,2036,874,2426,2248,1392,1545,1301,3331,1345,934,1344,1281,1797,1870,1328
"LOC128925793",2,11,11,9,8,19,10,12,10,10,5,11,7,8,4,12,8,6,0,5,7,14,30,9
"Plb1",339,954,418,644,560,435,644,522,315,749,557,533,603,911,303,661,377,590,477,398,568,443,666,524
"Gm22044",62,87,221,51,55,106,112,72,34,146,98,105,122,133,101,71,49,59,135,30,61,123,105,200
"Or6k4",124,165,171,124,62,231,122,81,184,227,124,235,98,196,87,293,149,229,187,139,182,144,208,337
"Or52m2",107,226,112,65,54,131,68,113,43,96,83,95,77,51,26,59,67,70,96,134,92,82,79,137
"Magi3",0,1,1,1,0,0,2,2,1,1,2,3,2,0,1,2,0,1,1,3,1,0,2,1
"Maged1",284,380,1014,420,198,532,229,425,686,300,454,258,303,327,341,392,462,342,517,139,453,321,331,240
"Gm42041",35,119,83,54,29,66,72,76,61,44,59,68,83,47,78,40,64,34,50,49,49,90,97,90
"Bpq22",686,355,551,383,831,611,491,717,244,217,432,442,248,298,403,443,444,679,789,532,444,406,517,420
"LOC131297492",55,195,82,70,128,83,102,152,142,82,170,217,164,111,84,99,118,52,74,43,44,65,115,165
"LOC131372086",4,5,9,7,8,7,16,1,26,8,20,10,7,22,4,11,30,2,15,8,19,15,9,29
"Ihpd",34,79,15,20,22,39,86,61,58,47,19,10,31,34,13,35,28,62,28,14,38,64,50,94
"LOC131386048",85,101,115,92,28,72,72,45,68,63,56,96,111,35,71,89,139,48,59,60,48,29,74,82
"Gm52245",3,34,17,21,5,10,16,19,1,24,8,22,9,15,10,36,17,5,1,25,3,5,18,11
"Gm33889",19,19,5,14,9,24,26,27,23,18,24,22,27,24,18,24,24,42,32,5,13,11,31,24
"C77874",32,43,60,54,32,144,41,51,35,113,24,50,27,42,8,36,62,31,68,61,32,49,79,17
"Gm46469",141,258,126,122,60,133,265,158,108,218,138,153,142,76,108,187,179,123,75,153,62,58,238,80
"C81537",23,21,22,16,17,52,18,38,28,52,19,31,11,14,25,23,26,27,26,26,20,26,12,41
"LOC131391821",20,86,47,15,27,50,79,59,67,41,36,48,14,15,22,25,36,27,29,42,34,12,29,35
"LOC131337819",70,210,164,210,160,255,197,153,150,135,253,150,165,128,63,131,192,228,196,105,90,155,299,277
"Disso2",1,1,1,1,0,0,0,0,0,0,0,0,0,2,1,0,2,4,1,1,0,1,1,2
"LOC128927059",82,64,45,79,23,125,138,81,160,108,101,92,130,53,107,124,149,84,106,69,56,35,147,58
"Cemip",9,54,12,54,29,17,49,21,26,65,21,79,31,27,8,33,48,26,29,10,19,32,14,19
"LOC131385215",35,58,76,48,39,28,57,76,79,74,110,47,84,63,53,39,43,66,74,51,54,74,66,131
"LOC131297155",25,65,33,21,52,20,31,32,37,33,48,27,58,28,31,27,84,23,33,26,40,30,42,22
"LOC131341874",529,667,522,630,424,893,370,930,440,644,773,1140,598,360,748,528,666,454,520,940,638,667,814,1359
"LOC132410513",66,118,45,91,95,84,44,142,68,57,64,81,49,63,100,20,69,41,79,43,51,66,112,70
"Brinp2",144,150,52,124,130,85,156,132,54,102,98,72,60,44,84,127,93,66,53,80,77,76,220,97
"LOC132412549",652,1759,657,669,848,778,502,1213,1002,1116,903,391,672,875,919,1915,394,883,964,763,537,982,966,1445
"Zbtb49",12,5,17,14,16,2,23,16,2,5,4,17,4,5,9,6,9,28,19,7,4,18,12,9
"LOC131337583",18,7,15,11,8,7,7,20,12,30,25,8,18,4,6,11,12,15,4,9,9,9,15,10
"LOC131391051",2,1,4,3,0,5,1,4,1,2,0,4,2,0,0,3,2,5,1,0,1,1,0,2
"Ramls1",1,3,1,2,1,2,0,2,1,0,0,3,1,1,3,0,2,4,4,1,5,6,1,0
"LOC131339328",255,268,449,164,212,341,237,304,126,75,112,372,162,321,203,151,130,141,48,193,313,279,255,232
"LOC132408205",84,199,138,190,122,289,181,246,149,201,131,46,168,172,105,164,154,185,104,175,72,49,51,180
"LOC131377348",200,304,127,146,222,193,216,140,267,236,251,131,186,114,228,203,268,88,219,100,213,163,230,265
"Gm51260",70,114,45,79,140,99,172,108,121,128,94,124,159,75,154,136,124,133,70,53,47,65,183,129
"Gm19644",23,28,47,16,21,30,45,49,46,37,44,45,80,39,19,58,44,24,49,52,27,17,30,48
"LOC128926089",4,4,16,7,4,2,4,1,4,18,3,10,5,5,6,6,0,13,1,7,11,7,11,21
"Gm9534",7,19,15,3,9,4,7,13,2,5,0,6,2,4,10,2,5,1,7,9,8,3,5,4
"LOC131336799",6,16,15,6,6,18,16,7,12,18,21,3,16,9,10,18,42,22,9,10,11,9,13,13
"C78984",19,58,26,34,67,47,52,128,45,95,51,47,63,32,42,70,58,89,37,64,15,38,50,59
"D9Mit140",14,28,24,16,7,16,43,39,25,27,14,22,33,21,13,13,21,28,36,6,24,27,5,13
"Mskt8",14,55,31,63,41,88,74,44,53,56,29,28,17,62,48,39,44,43,46,35,38,46,30,53
"LOC131340588",90,292,124,112,53,196,107,124,103,114,99,180,146,134,128,74,140,130,121,39,64,180,125,156
"LOC131374175",84,50,44,50,44,49,58,21,24,55,57,70,47,69,37,42,67,40,50,59,40,61,62,88
"Gm17988",84,328,205,85,319,269,319,225,134,225,142,290,165,173,42,82,181,155,105,214,105,153,315,211
"Pkd2l1",233,454,327,555,282,380,408,236,314,287,514,218,462,405,309,381,517,304,395,398,382,419,993,290
"LOC132445304",55,208,118,43,79,130,104,169,85,157,99,212,90,105,113,93,85,52,100,45,68,84,119,101
"Gm36173",118,171,106,124,169,191,250,123,140,121,211,93,114,228,140,57,202,119,236,111,187,48,189,141
"LOC128926025",2,1,1,2,9,1,4,2,3,21,12,8,2,7,1,6,9,0,8,7,3,3,2,3
"LOC132412615",6,79,38,53,31,15,25,60,17,24,17,35,21,28,12,22,34,18,7,28,16,11,47,8
"LOC132443083",19,32,10,17,21,42,28,7,16,12,22,33,22,12,18,30,2,21,18,34,18,19,12,15
"Tgfbr3",45,94,60,36,15,56,77,34,46,57,79,34,88,54,58,38,52,27,101,50,39,22,125,62
"Lce3e",216,546,348,294,456,407,210,420,381,406,525,335,483,481,157,425,342,480,338,374,278,298,812,330
"Pid1",116,166,237,129,211,236,390,357,138,130,203,132,197,233,222,70,78,216,139,194,212,209,253,274
"Gm33952",413,1309,423,1446,1021,516,1006,929,785,602,781,852,785,415,680,812,895,741,1022,483,658,805,548,797
"LOC132441296",20,140,53,81,55,97,53,98,45,101,39,55,107,66,29,71,33,34,40,61,44,37,42,23
"LOC131380314",82,106,157,134,104,118,58,107,89,86,57,117,93,130,86,93,83,64,82,74,57,93,149,118
"Or5ar1",10,36,35,21,13,16,24,19,17,24,41,15,25,29,17,13,15,22,37,16,61,18,71,34
"LOC132408549",15,33,17,24,9,42,28,40,35,77,38,33,9,10,11,29,20,36,10,15,15,43,9,50
"Gm40692",171,320,121,218,162,233,137,205,115,264,89,217,193,130,122,259,195,256,306,141,166,158,115,209
"Gm30731",24,91,49,63,90,58,38,61,96,91,95,68,58,76,69,75,46,34,30,69,44,27,101,107
"LOC131341377",677,1159,722,1475,833,1194,1329,1676,2297,866,1262,1244,1746,1536,659,552,1703,747,1035,696,621,736,698,963
"LOC132410515",1666,887,1717,1270,1198,598,1231,1398,608,1690,854,1316,1449,1336,971,1872,1326,610,926,852,1201,798,1568,1530
"LOC131374470",15,50,56,36,32,24,43,53,40,67,31,28,29,36,56,41,28,26,64,12,12,18,32,26
"Myg1",47,38,31,28,53,86,45,65,30,40,41,22,42,38,61,26,50,34,54,31,25,33,96,34
"Abhd4",5,11,9,10,9,14,6,13,4,0,2,12,2,6,12,9,12,6,10,2,0,2,12,12
"Adam11",6,13,10,9,7,21,14,15,10,15,4,18,7,5,6,11,15,17,14,12,7,13,1,4
"Gm25854",124,135,93,83,91,130,119,128,105,117,109,85,80,60,80,54,97,81,225,44,154,114,149,66
"Gm40208",116,49,186,72,52,164,138,150,74,100,103,106,175,144,86,63,107,68,152,58,74,89,234,127
"Gm23629",104,165,118,120,98,265,274,244,79,141,127,183,82,231,74,222,202,95,168,188,153,126,61,131
"C80113",70,47,34,46,28,78,21,8,36,60,63,55,64,34,35,23,51,58,53,24,65,34,63,37
"LOC131374463",45,64,56,40,86,84,155,48,30,70,46,42,46,66,82,47,33,38,90,49,41,51,58,70
"Mir6898",24,6,38,19,31,40,28,16,16,23,26,24,21,16,10,27,15,18,45,35,20,35,34,20
"LOC131371828",119,186,359,101,99,288,154,100,279,109,329,125,362,124,277,289,227,196,275,118,227,95,453,182
"Gm39372",97,99,51,78,117,118,190,104,116,197,92,80,114,50,113,49,159,76,101,59,113,58,279,97
"P3r3urf",14,17,35,33,15,39,21,43,31,29,12,51,32,35,18,28,18,36,21,16,12,25,13,31
"Plvap",47,98,54,58,43,89,78,57,68,49,72,72,90,49,41,34,99,60,86,55,91,76,77,97
"Gm12688",6,18,14,10,15,27,12,15,11,13,38,12,17,21,17,23,24,6,6,6,29,5,16,28
"Skull25",151,335,147,174,255,189,386,435,252,302,348,343,264,381,183,99,320,491,323,464,272,225,295,373
"Cenpu",199,274,218,199,228,149,214,317,139,246,110,187,206,271,126,174,349,168,205,109,157,117,202,191
"Nell1",3,11,8,3,2,7,4,0,3,7,2,1,9,1,2,4,2,2,2,1,3,3,6,6
"LOC132408087",127,162,87,94,90,175,219,117,85,147,209,69,86,135,65,215,104,85,114,112,115,96,165,240
"Gm57569",1763,4715,3338,2108,1967,3073,2946,5422,3789,4277,3150,3135,3534,3739,2135,5374,3617,1462,2102,3659,2582,2537,3512,3952
"Gm53882",153,294,364,229,259,296,503,331,205,197,284,215,274,154,497,400,430,245,238,187,330,350,402,304
"Serpina6",0,4,1,0,9,2,1,8,7,6,1,0,2,2,0,4,10,4,6,2,0,3,11,10
"LOC132411317",9,16,12,11,18,7,7,18,12,15,16,10,1,21,6,9,22,10,18,3,2,10,14,11
"LOC132444343",35,54,26,37,34,39,62,16,45,38,38,35,23,33,27,36,59,22,19,55,52,38,61,40
"Ath2",50,84,44,117,62,63,91,37,114,76,40,102,64,75,45,30,51,54,32,71,19,25,46,62
"Gm22858",41,175,96,108,63,149,78,67,39,122,156,106,74,73,59,117,52,72,107,109,109,93,61,81
"Prl2a1",20,38,23,10,10,23,29,21,17,14,29,34,35,26,41,29,32,27,33,38,10,12,20,22
"B130034C11Rik",381,702,614,339,285,250,402,356,296,404,464,294,396,327,328,495,491,187,469,274,342,224,332,361
"Gm23321",21,22,45,7,7,22,36,41,13,24,7,28,19,21,27,18,25,22,12,16,21,18,12,27
"Snora41",20,19,42,22,16,20,37,39,34,12,64,15,50,18,32,30,50,20,24,24,34,30,32,19
"Gm40204",454,1662,1718,694,1065,1309,852,2706,839,1442,1533,499,1549,1623,586,2117,912,1800,717,1357,801,2229,2024,2126
"Gm33893",18,8,4,8,3,21,20,10,7,13,8,15,15,3,5,12,9,17,8,17,2,1,7,5
"LOC132442345",147,246,87,151,67,218,291,115,83,134,176,147,190,141,81,301,211,192,44,183,83,204,219,174
"D11Mit308",5,6,9,9,3,16,6,7,2,8,1,14,2,4,3,6,3,6,12,9,4,6,9,17
"Tiprl",61,84,79,63,36,94,81,124,63,106,59,58,68,86,31,35,79,70,78,51,98,70,87,46
"Gm11543",50,72,106,55,79,68,80,65,35,46,64,106,43,48,55,41,60,63,33,70,23,71,62,83
"C030010L15Rik",9,6,3,13,8,11,10,7,4,14,11,5,2,6,10,20,5,13,9,4,9,12,22,9
"LOC128924693",13,12,7,3,1,7,6,14,19,3,8,9,9,3,11,12,8,14,9,5,3,2,12,10
"Cd302",7,18,13,20,9,10,9,7,25,36,4,17,9,3,18,16,17,18,9,3,29,11,16,11
"Gm15738",6,9,0,1,0,2,5,5,5,2,5,5,2,4,4,2,4,8,10,2,4,0,4,2
"Oxct2a",2,3,0,1,3,15,3,0,4,1,6,4,7,2,5,8,2,2,2,1,2,2,5,6
"AU016128",180,374,338,261,410,196,534,151,443,246,324,319,274,144,311,402,552,153,316,172,322,205,281,241
"LOC131338864",29,103,69,133,96,88,31,45,58,98,26,92,49,98,13,131,101,47,109,68,44,110,60,42
"LOC131379298",21,67,18,38,30,60,66,43,50,38,19,25,30,34,32,29,26,42,22,27,51,29,35,36
"Actre3",11,32,23,7,1,2,18,12,11,24,14,24,12,6,12,6,24,9,20,7,23,6,15,4
"Pmv39",10,78,15,23,56,37,28,76,33,55,54,32,42,55,19,35,50,34,34,23,21,57,69,48
"Cers2",98,34,66,54,22,50,75,85,114,72,44,63,59,29,77,19,49,26,96,21,57,21,106,41
"AA589522",15,19,13,9,22,30,24,19,14,4,17,25,7,13,4,14,7,2,8,1,18,0,10,6
"LOC131296681",26,19,6,30,8,38,10,10,15,13,16,4,14,11,10,26,21,4,9,13,11,24,19,18
"LOC132441241",252,319,157,106,261,188,268,116,325,264,372,210,183,93,262,167,298,98,318,130,117,75,323,146
"Prkca",230,235,215,236,230,325,239,321,175,485,126,355,498,260,91,429,200,108,505,283,234,171,299,395
"LOC128924374",6,5,17,9,9,14,17,6,15,13,12,7,9,21,10,0,35,12,8,6,6,20,8,5
"Gm6556",3,22,33,11,9,8,5,19,1,9,8,15,32,15,11,38,10,5,15,13,21,20,17,18
"Gm39415",6,17,12,6,16,11,4,9,6,5,10,18,21,9,7,11,11,0,2,3,2,11,14,4
"Gm826",18,19,42,8,12,24,27,10,15,39,19,24,33,21,20,30,15,22,16,12,37,21,13,33
"LOC131297804",10,66,30,13,10,6,8,7,21,19,30,31,30,24,28,18,35,11,11,9,5,7,18,10
"Gm4270",12,38,19,10,36,33,44,75,13,31,47,16,18,22,31,21,43,16,34,7,20,29,43,34
"LOC132410150",11,32,15,59,7,13,35,13,25,19,8,23,12,45,26,31,29,45,14,11,13,34,4,38
"LOC131295053",1,6,3,0,1,2,4,3,3,8,16,1,0,2,2,1,1,0,8,3,2,0,1,4
"Gm39623",5,2,5,0,7,8,1,3,2,9,5,11,15,3,2,4,14,2,2,5,4,4,3,6
"LOC132442239",42,71,40,40,76,76,77,66,51,21,29,39,31,38,107,54,162,36,33,34,34,59,106,72
"LOC128926004",9,11,19,17,7,29,15,40,29,26,25,10,18,25,28,7,32,20,25,30,19,19,36,51
"D5Mit149",92,168,84,97,60,117,78,117,96,87,39,53,120,140,98,45,134,87,93,45,73,99,62,140
"LOC131295403",77,83,47,93,73,79,64,87,68,56,77,124,55,84,45,77,84,156,112,107,51,42,95,79
"LOC131391858",41,64,54,25,32,78,56,22,21,34,34,40,40,59,26,47,15,58,11,21,23,18,35,22
"Gm16443",12,43,52,40,34,34,45,55,16,24,19,32,34,28,11,39,44,15,41,9,20,9,47,26
"Pgame2",79,241,93,114,87,188,93,155,83,168,132,93,102,318,114,150,120,94,100,75,56,67,187,117
"Gm9517",48,60,46,58,33,19,33,37,56,36,27,45,39,76,37,31,23,88,47,36,21,19,80,46
"LOC131296986",23,38,50,55,17,43,32,24,13,43,29,27,37,10,5,12,24,39,23,4,19,31,46,37
"Svs3b",383,1076,805,435,739,532,427,509,407,532,462,303,422,293,281,215,899,444,814,192,440,352,723,531
"LOC132441397",9,17,6,21,18,6,34,56,13,8,8,16,11,20,19,11,15,6,55,5,7,34,25,23
"Gon4l",61,102,94,110,40,137,81,225,69,159,93,104,43,112,64,119,80,32,97,105,49,169,133,174
"Mef2d",44,126,99,155,94,154,129,235,114,89,62,102,109,113,95,66,110,76,108,103,91,80,94,119
"LOC132408504",26,24,44,56,44,60,24,29,39,19,38,60,93,21,68,63,56,55,43,33,21,45,43,52
"LOC132445125",3,42,34,36,20,30,16,6,21,34,8,38,22,19,16,30,37,31,13,17,4,22,11,41
"Gm31231",33,88,85,99,87,99,37,50,93,97,77,79,66,86,113,138,127,82,137,64,77,66,94,104
"Gm54289",139,340,174,253,242,305,221,240,250,291,348,340,228,260,207,196,152,261,487,175,230,84,302,360
"Gm36334",85,84,189,78,80,41,173,151,187,98,111,107,149,134,91,79,175,68,128,27,134,98,134,269
"Gm11850",233,322,523,266,257,275,422,337,225,93,141,378,356,276,235,127,291,301,251,167,181,265,214,196
"Gm8999",91,67,134,17,87,48,82,54,89,43,151,102,43,52,40,31,105,68,97,42,55,60,112,74
"Gm12405",49,66,31,59,56,57,55,109,40,47,22,44,44,44,12,72,54,63,47,66,46,31,37,58
"Slc38a3",18,35,86,38,47,73,40,79,33,49,41,62,42,39,40,41,36,78,31,33,42,20,67,85
"LOC131389888",41,28,21,17,15,26,27,23,18,28,17,41,11,21,13,34,29,11,24,11,13,6,57,30
"Nipal1",76,100,80,55,45,87,26,105,89,54,76,52,139,47,78,57,58,36,120,38,86,72,98,69
"Gas8",98,46,91,75,57,103,54,28,195,49,52,77,90,52,75,42,52,28,142,51,57,62,100,74
"Gm29638",110,273,118,143,152,429,306,311,173,310,126,217,150,145,87,182,60,231,204,106,155,97,219,204
"LOC132442270",11,27,27,35,20,84,44,29,7,29,20,29,11,16,34,10,21,28,24,32,39,45,18,46
"LOC132444535",38,60,119,32,56,55,66,70,31,94,48,154,120,56,76,56,110,83,111,57,80,37,42,47
"LOC131387404",7,10,17,8,3,18,14,4,7,17,6,17,12,19,7,10,10,5,11,7,13,4,5,6
"BB136667",16,20,54,6,18,20,58,24,30,53,35,21,31,22,16,12,73,33,20,24,30,26,27,49
"Glrb",12,34,18,28,14,14,15,61,22,3,19,23,15,34,20,68,22,8,34,16,18,32,18,32
"LOC128924543",6,4,1,5,6,20,13,7,3,10,9,3,9,5,2,4,6,9,1,4,0,8,6,3
"Draxin",9,25,26,26,17,25,31,15,42,45,8,57,11,33,9,19,42,16,28,23,12,6,36,35
"LOC131373815",11,13,17,4,6,21,4,21,9,15,9,18,7,36,13,5,2,5,18,9,19,27,19,6
"D11Mit260",16,65,40,46,14,37,11,49,36,17,15,46,28,30,21,34,23,22,30,23,21,29,12,46
"LOC132442246",12,30,7,22,19,22,11,74,24,30,15,19,14,30,22,22,27,28,14,13,14,26,14,46
"LOC132411580",31,17,26,36,20,16,40,16,27,46,20,58,58,28,13,20,18,20,14,18,14,15,38,13
"LOC132445126",17,22,25,16,30,44,20,13,33,29,21,40,18,23,37,25,14,25,52,32,25,31,32,22
"Bbaa9",61,323,130,131,75,270,257,256,135,160,170,166,143,95,147,91,160,82,148,95,126,93,125,115
"C2cd4d",39,66,50,28,16,48,106,20,35,42,61,38,35,32,39,22,35,14,85,37,46,17,50,26
"Gm39818",17,76,27,20,33,29,17,61,37,84,34,29,17,14,32,52,20,15,28,54,16,34,18,54
"LOC131341741",61,190,82,167,175,179,180,278,233,104,182,171,143,98,210,132,137,185,167,133,113,240,216,373
"Gm23698",2,0,2,5,0,2,3,3,2,6,3,3,3,3,1,2,8,1,1,0,3,1,1,3
"LOC131374214",18,46,20,23,31,16,12,35,8,34,17,34,24,17,8,31,9,12,43,23,15,1,18,4
"LOC131337271",2,6,6,6,1,5,12,1,5,9,2,2,7,9,6,4,0,15,11,7,7,1,17,5
"LOC131374404",16,42,13,7,12,38,39,23,22,15,14,11,19,20,10,9,11,25,12,8,12,11,55,9
"LOC131376741",28,43,30,25,11,9,10,29,26,38,5,37,19,42,16,37,22,17,19,16,14,22,26,17
"Gm5731",33,73,98,37,24,51,30,72,42,50,63,76,70,39,77,39,72,50,49,21,46,52,57,44
"Gm34544",55,52,97,147,17,82,37,115,58,147,78,125,130,85,125,84,175,84,124,100,63,106,144,93
"Nt5c3",39,44,13,41,11,24,53,19,15,15,44,31,43,8,19,21,30,29,55,29,51,22,44,26
"Gm33096",48,66,44,68,61,61,142,94,106,53,54,35,89,58,14,31,32,23,74,32,24,61,85,96
"LOC131372404",56,127,138,176,130,236,93,111,189,305,141,163,127,105,58,157,130,113,136,136,119,93,152,281
"LOC131376586",603,1101,661,1100,413,1027,992,1566,1488,1365,703,554,820,720,777,1120,591,682,1304,489,624,902,1104,738
"Xmv34",0,10,8,12,10,5,2,7,7,5,13,18,3,9,12,22,1,14,5,4,0,2,4,27
"Gm50627",11,15,8,10,13,40,7,2,26,12,9,16,10,19,11,15,5,6,10,14,10,17,13,13
"Idd6",70,120,51,77,66,128,92,106,167,166,73,117,76,127,23,104,92,34,121,57,61,90,147,113
"Serpini2",83,76,59,145,41,59,123,73,38,104,101,76,53,65,32,78,106,116,89,49,96,74,68,83
"LOC132410910",29,101,81,43,40,53,117,68,37,51,44,76,63,44,37,60,41,58,90,63,48,49,23,42
"Gm57585",795,1987,1394,1434,751,2518,1668,2028,1924,2873,1385,2832,1397,1737,885,1482,2312,2483,2010,2460,1357,1186,2031,2188
"LOC131384672",7,28,20,15,9,26,25,23,15,22,25,29,14,17,25,18,6,7,11,5,18,9,34,27
"Zfp111",3,7,2,2,4,8,1,1,4,1,4,5,2,8,7,9,2,16,12,1,5,4,1,2
"Lrrc30",9,9,15,3,11,29,12,12,19,17,24,3,9,20,14,22,24,19,12,14,10,15,21,10
"Gm7364",63,90,130,187,34,191,88,193,81,68,105,103,139,94,35,62,59,81,61,111,67,87,100,138
"Gm24018",17,12,10,12,9,15,10,32,9,14,12,5,14,9,7,10,8,6,12,17,18,7,12,7
"Gm41085",44,82,79,31,39,51,62,108,76,122,69,111,72,39,130,61,138,40,109,66,82,35,109,80
"Gm45572",76,124,129,65,95,98,133,146,98,68,70,155,89,61,72,55,62,68,87,124,59,46,137,78
"Rps3a3",8,12,3,22,3,7,10,7,17,1,17,6,3,5,0,15,7,10,4,2,11,6,9,16
"Gm51907",3,0,4,5,3,12,9,0,0,1,6,5,6,1,3,1,11,5,6,2,6,3,5,8
"Upp2",66,147,103,58,46,150,72,82,90,71,102,80,45,62,72,71,64,70,79,89,52,45,80,136
"Platr11",9,37,9,13,12,4,21,21,6,29,5,35,22,9,15,11,20,18,20,5,12,5,13,22
"W6q9",1355,2207,2123,951,1031,2098,1798,2572,1946,1572,2189,1817,915,1198,981,1633,1730,1147,2192,1095,1387,2095,2694,1295
"Gm41901",28,16,31,10,24,15,16,35,14,21,47,23,40,31,18,7,31,22,32,10,30,1,37,14
"LOC131390259",79,134,68,87,69,74,103,133,181,35,67,58,127,65,114,114,143,17,103,19,95,129,69,77
"Gm14382",223,430,233,184,272,391,439,230,313,140,145,331,245,219,172,136,365,282,270,192,225,91,217,402
"Gm23377",2,3,7,3,4,7,6,6,2,3,5,6,9,4,10,8,9,3,6,2,8,0,19,4
"LOC132410104",10,27,52,57,8,19,69,26,21,58,50,22,50,37,28,25,58,38,35,19,14,31,32,54
"Gxylt1",5,15,4,2,8,11,5,4,4,3,5,0,9,5,0,8,0,9,6,2,2,4,8,1
"Gm30190",71,130,123,42,61,101,73,46,68,67,77,57,16,89,78,109,122,92,44,28,60,34,59,63
"Serpina1a",80,285,119,75,113,101,77,77,94,127,82,142,126,110,83,52,130,88,122,93,117,84,121,167
"Gm46810",457,653,366,626,326,883,479,754,380,1347,445,473,712,441,341,377,585,591,509,825,588,333,838,745
"Mir3073b",10,39,35,13,24,41,8,54,32,33,11,26,12,21,12,11,16,24,17,23,23,20,9,15
"Gm5463",8,42,28,12,44,83,15,36,13,23,23,20,16,32,20,20,21,24,42,25,15,47,58,71
"LOC131376120",202,93,93,143,95,112,82,250,165,131,246,89,179,233,187,155,194,105,193,146,131,256,322,238
"LOC132407945",82,294,160,200,122,201,145,208,139,183,124,217,109,104,82,130,60,73,192,141,116,128,164,173
"LOC131380084",412,470,292,247,288,263,602,279,263,496,430,362,324,298,250,394,439,157,461,356,202,224,415,380
"LOC131392441",6780,22867,14977,12673,16302,17011,17427,14611,11134,17625,19074,12650,18639,13242,8440,9607,14753,11247,15692,12331,11469,10992,14216,12079
"LOC128927104",9,27,32,12,13,20,12,34,24,13,14,7,18,7,20,21,13,9,10,4,17,8,36,17
"LOC131391799",4,9,13,15,6,14,24,31,22,12,12,12,14,8,7,5,38,5,13,11,4,14,15,57
"LOC131372443",52,77,73,86,63,141,130,346,80,74,61,164,79,53,80,41,116,58,64,44,63,110,131,82
"LOC131378385",29,25,34,17,20,17,23,33,14,37,11,10,8,19,24,38,54,5,9,24,29,21,23,24
"LOC131297289",31,91,28,23,25,42,38,37,51,47,18,40,19,38,65,31,60,11,32,42,24,32,43,27
"Or10s1",167,162,288,130,83,327,201,370,224,176,220,106,200,202,261,74,329,156,193,121,150,293,270,228
"LOC128924280",62,120,146,51,71,107,132,120,100,63,35,99,85,86,52,57,82,74,110,66,102,49,143,122
"LOC128925260",1,4,9,3,4,2,4,5,7,4,7,10,2,3,9,2,5,2,0,1,6,9,8,4
"Gm15106",607,2011,1027,624,331,877,1038,1330,787,552,1017,986,596,840,690,1465,1465,999,861,764,985,663,1132,798
"Ttll10",76,311,93,73,115,64,118,77,177,92,153,142,86,40,112,121,126,116,168,91,79,119,176,122
"Clip3",19,45,11,17,16,7,16,15,22,13,9,9,11,24,6,18,16,17,20,12,3,8,5,26
"Abcb9",7,11,10,0,14,10,8,7,9,2,11,11,5,6,6,3,9,3,5,5,3,2,10,18
"Hsd17b12",8,17,12,13,22,25,9,39,27,26,15,35,11,24,10,21,13,41,17,8,45,20,24,10
"D8Mit55",34,66,62,29,64,29,74,56,111,44,71,32,73,25,95,35,35,50,50,17,32,52,75,73
"Them5",27,28,22,31,49,16,22,30,9,12,22,15,9,22,8,12,33,11,30,11,19,17,33,31
"LOC131297818",37,70,29,63,25,112,71,64,40,70,95,46,40,76,62,107,43,48,33,32,35,30,121,68
"Gm36338",29,73,37,58,90,80,73,33,62,23,39,47,60,57,16,59,44,45,62,15,27,19,73,41
"Krt85",92,472,142,60,202,156,170,224,116,144,78,118,155,82,171,203,284,128,120,218,187,143,267,344
"Gm8432",318,528,518,581,235,607,284,502,350,553,423,517,473,604,214,540,385,474,515,381,319,346,318,969
"Adgrg3",64,56,106,21,51,54,83,52,53,67,42,59,120,27,57,54,104,70,52,33,41,92,55,85
"Defb2",30,21,45,58,25,73,58,118,43,35,31,48,63,18,46,47,39,17,25,32,40,26,46,45
"LOC131296989",3,2,3,2,9,2,3,1,4,2,0,3,2,3,1,3,2,2,4,1,0,2,4,0
"Lwq21",14,23,23,43,2,37,20,33,22,21,28,28,19,28,20,12,20,12,21,7,26,12,16,15
"AU014756",256,774,584,386,341,336,357,578,390,338,733,369,348,230,198,291,489,365,274,382,715,264,504,443
"Vtbt13",11,21,15,25,17,29,25,14,52,23,18,16,30,20,20,11,38,18,35,33,39,13,22,13
"Cast",259,499,154,217,227,155,225,488,280,264,115,392,359,191,189,189,347,207,234,156,101,179,305,333
"LOC131386718",159,218,255,343,149,438,235,411,251,478,284,274,243,307,177,199,197,312,340,176,352,229,226,335
"LOC109280071",92,136,82,96,82,99,84,96,94,64,75,98,81,111,88,65,101,111,99,57,109,51,86,80
"Spag4",11,18,5,8,21,23,20,11,42,30,21,32,34,9,22,24,46,21,13,18,8,30,8,15
"Gm53054",126,145,102,171,208,42,163,182,203,158,169,153,128,194,161,94,223,110,145,84,125,146,258,185
"Ccdc43",48,102,62,76,24,37,140,71,83,61,104,81,69,74,81,43,88,31,62,35,41,41,51,53
"LOC131340764",256,538,345,310,335,348,583,507,497,224,368,372,629,312,392,379,331,264,559,390,469,350,719,430
"LOC132408562",41,37,31,31,30,48,53,34,35,9,13,23,28,42,36,39,30,34,13,15,22,34,35,20
"Lse",150,203,281,122,187,242,218,108,142,112,128,78,156,212,188,135,225,99,234,105,297,167,226,128
"Gm39319",168,489,405,360,480,560,206,338,363,429,173,497,317,425,536,491,414,313,370,385,379,363,556,694
"Slc38a6",4,10,3,7,15,3,16,6,12,7,9,5,7,6,7,10,6,12,7,4,0,6,6,5
"LOC132443282",85,435,118,174,140,415,273,381,137,439,79,201,154,285,150,256,157,325,187,214,181,164,177,321
"LOC131372003",4,30,12,10,8,7,3,8,6,13,11,17,5,6,7,8,3,5,4,1,20,5,8,10
"Iapt8",45,234,123,119,147,149,147,134,130,114,159,96,122,131,89,75,63,80,178,91,75,177,291,65
"LOC131386677",34,69,12,55,57,89,38,69,29,82,24,78,54,25,36,52,74,52,27,57,26,90,51,82
"Gm51582",26,31,17,29,29,16,37,82,19,43,36,22,18,22,14,29,39,31,36,22,14,19,22,9
"Gm10112",3,19,12,11,3,4,7,11,9,2,7,4,4,7,6,8,11,8,10,7,5,3,9,10
"LOC131390838",169,270,206,105,169,155,203,256,371,157,241,48,140,276,132,128,233,204,196,174,163,68,305,197
"Gm36674",8,41,2,28,14,11,22,20,21,12,16,20,24,8,8,11,19,8,33,8,17,19,22,12
"LOC132408753",2,17,8,2,7,5,1,14,4,9,4,2,2,4,2,12,2,6,9,7,18,16,6,1
"LOC131391850",23,82,70,71,35,40,45,41,32,46,42,80,16,62,27,37,54,40,59,73,42,49,25,110
"Lorp1",19,33,26,39,47,59,44,38,39,43,21,44,41,38,22,19,59,16,54,33,23,62,40,33
"LOC128924979",366,337,258,427,415,683,353,649,519,533,322,325,357,460,388,240,549,399,550,244,291,380,308,457
"Il36a",193,285,197,334,295,168,236,280,242,104,281,157,166,193,255,260,127,157,336,183,251,180,234,394
"Gm12223",16,40,8,12,24,61,9,70,14,48,30,20,24,16,15,28,36,20,31,36,14,13,5,26
"LOC132409120",16,20,21,22,14,38,18,17,5,25,13,18,5,18,8,10,15,13,22,12,18,14,18,31
"Nsila1",67,338,158,63,86,69,111,132,173,241,113,161,148,80,57,55,83,215,93,68,83,62,183,87
"Me3",18,59,35,29,38,28,60,59,18,15,57,81,86,8,48,35,29,17,9,25,25,39,49,39
"Usp11",41,39,41,35,23,39,29,7,14,11,28,31,49,32,21,37,25,17,27,15,35,18,29,42
"Gm2139",46,127,64,38,63,85,188,92,45,108,70,66,91,68,142,23,104,75,84,82,124,101,127,116
"LOC131339583",175,267,216,230,195,427,195,250,108,548,406,241,156,218,166,203,226,214,77,171,308,157,264,130
"LOC131391267",0,11,33,8,4,2,5,16,7,12,7,13,13,11,18,6,1,6,12,18,4,9,17,8
"BB125182",1,5,5,10,9,2,3,8,5,5,4,2,4,2,2,4,2,3,4,0,2,3,5,3
"Xmmv28",8,9,5,11,6,7,3,6,8,4,8,5,10,6,6,14,6,4,9,4,7,8,21,4
"Gm54051",8,18,7,8,4,8,7,18,18,17,14,11,20,9,12,11,8,5,8,5,20,8,7,6
"Gm25155",27,66,39,16,14,17,27,29,13,35,16,16,4,30,12,30,34,45,66,18,16,14,26,23
"Pdzd2",35,194,124,48,60,100,58,101,52,56,93,114,70,75,68,60,46,64,57,81,81,26,41,43
"LOC131379361",30,24,19,23,18,10,15,25,9,25,7,24,33,9,11,18,28,17,22,27,17,10,58,34
"LOC131378161",48,98,63,66,55,53,44,148,87,74,23,72,54,44,73,66,50,55,19,71,42,46,60,79
"LOC131390493",122,200,351,137,171,151,68,351,238,188,315,193,147,130,93,255,159,223,218,151,128,133,200,94
"Gm7434",2,6,2,1,14,3,6,0,3,12,7,3,5,0,4,4,11,8,4,6,8,3,8,16
"Trmt5",6,26,51,29,21,36,46,35,18,31,33,18,33,46,25,27,16,18,37,23,18,21,64,34
"Gm23265",8,61,52,46,38,46,50,66,81,35,58,59,63,69,72,66,26,30,47,29,45,26,34,62
"Gm46871",1,0,2,2,1,1,1,0,6,2,4,2,2,3,2,4,6,5,5,1,0,1,0,2
"Lrrc31",26,35,19,30,20,29,47,33,23,20,27,46,32,34,29,23,25,20,42,22,21,23,30,21
"LOC128924423",121,246,204,136,208,100,154,107,239,92,136,148,110,147,163,85,189,117,214,109,157,119,126,137
"Gm15312",904,1734,995,466,617,1899,1746,1967,1467,1356,1530,948,1357,1508,1618,658,1033,698,982,1349,851,781,2426,3177
"Dmrtc1b",285,371,262,421,119,259,302,289,195,408,307,365,192,286,211,170,220,312,408,289,270,218,461,273
"LOC128926654",22,8,32,26,21,30,27,25,18,26,53,12,16,30,28,58,23,28,30,20,18,25,27,18
"Snord45c",37,68,28,37,8,42,22,41,71,15,48,35,45,13,68,36,27,12,61,34,47,18,55,28
"LOC131339139",11,74,27,32,44,31,56,58,19,64,10,64,42,36,44,129,29,45,48,25,25,66,26,54
"Bmch4",1426,1724,2848,1722,2428,1500,3349,3871,2175,2278,2390,1845,1144,1162,1430,1941,1600,1415,1926,683,2116,1248,2582,2745
"Or8c9",17,25,26,12,12,8,23,33,10,10,20,25,25,32,27,15,18,9,22,20,7,28,21,42
"Gm25819",22,60,71,51,62,34,59,41,57,64,111,91,31,43,30,34,35,26,40,28,39,28,65,77
"LOC131337082",75,100,46,77,64,43,124,122,78,91,46,130,115,64,57,72,88,78,108,71,74,56,155,117
"Gm32633",147,422,417,139,343,254,124,340,496,251,204,274,167,218,151,251,576,125,261,155,310,166,494,250
"LOC118567817",12,33,70,23,49,25,13,44,17,26,33,33,69,33,29,7,29,17,30,32,21,20,40,18
"Ankrd35",10,51,34,19,18,59,51,40,44,70,24,52,57,40,49,21,42,32,30,29,58,27,23,29
"AI225925",30,99,97,61,102,90,110,178,71,110,66,155,161,62,74,115,66,98,65,64,56,94,138,165
"D4Ertd264e",18,6,13,11,8,14,6,8,29,4,22,6,11,24,16,4,9,24,7,7,21,7,8,7
"LOC132411106",35,100,87,75,80,94,92,35,97,110,163,76,70,56,78,36,73,64,70,24,37,58,160,88
"LOC132409533",9,26,15,22,23,32,14,17,3,17,18,9,9,13,8,19,6,13,14,19,9,13,4,12
"LOC131339694",7,8,3,8,11,3,6,5,9,11,8,4,8,2,9,3,7,9,10,2,6,3,21,2
"Mir8092",3,25,25,8,9,16,20,16,6,3,6,16,5,6,5,8,13,20,7,4,8,14,20,4
"Gm48175",94,239,95,166,63,71,125,132,193,105,110,103,126,81,41,64,69,327,127,41,71,86,106,94
"LOC131372792",58,53,90,89,46,116,208,131,162,45,75,94,131,40,83,131,141,71,185,86,104,67,175,104
"Gm4784",40,32,13,85,63,34,51,36,58,52,29,99,50,46,45,52,40,26,31,64,93,29,71,48
"Gm53833",296,481,382,459,322,610,660,500,440,703,620,810,530,425,384,694,276,816,702,355,411,346,766,546
"LOC132411230",30,55,68,37,38,66,33,51,80,35,45,23,38,52,56,52,32,63,29,42,42,39,48,63
"Ms47",4,24,12,20,14,28,3,11,1,28,5,13,11,6,11,16,6,4,17,8,6,10,2,7
"Gm40630",515,720,712,833,742,795,564,1208,1427,1313,932,778,1089,807,1374,931,999,668,597,699,872,957,1183,681
"LOC128926477",29,191,131,125,57,162,87,138,97,121,140,253,133,157,59,122,74,98,98,48,112,126,112,97
"Gm46037",16,66,20,78,71,59,135,75,94,155,119,64,56,66,94,103,18,44,117,54,113,34,129,101
"Trio",48,87,30,37,18,59,46,29,35,96,60,62,45,30,22,46,23,18,38,40,29,73,42,51
"Gm10440",5,8,10,8,17,3,10,4,7,12,8,6,6,2,5,5,3,10,7,11,8,4,1,11
"Ipp",173,368,350,112,148,244,194,221,359,325,198,227,144,246,283,57,276,202,352,146,316,113,245,285
"LOC131390869",89,134,58,63,126,66,57,61,78,142,77,90,132,63,70,94,86,80,41,47,74,71,90,51
"Gm5930",84,160,71,38,85,69,93,146,96,72,121,139,105,70,60,127,78,80,74,79,103,86,73,132
"LOC132442925",8,14,16,1,2,7,7,6,9,16,6,3,9,3,13,5,14,7,13,6,9,10,22,20
"Gm53627",128,216,215,169,226,274,377,276,209,126,95,230,128,271,167,396,186,266,171,121,155,65,393,374
"Gm30224",28,56,29,39,35,65,21,68,12,78,7,41,22,21,11,16,16,60,36,22,58,60,47,68
"Mir7228",2,1,0,6,3,4,9,5,6,4,5,8,4,11,0,9,0,6,3,3,4,2,5,8
"LOC131371756",34,39,31,52,40,95,83,90,45,40,84,73,113,37,75,65,79,27,136,39,102,52,46,65
"Gm13748",6,20,4,8,23,31,2,32,2,11,12,15,16,19,18,27,8,13,10,18,4,8,8,16
"Gm9516",97,69,104,133,127,113,153,133,91,57,123,91,104,129,43,58,106,105,89,118,89,87,137,140
"LOC131295135",26,31,14,33,21,36,29,26,17,11,14,31,35,17,21,20,19,27,34,44,26,16,12,14
"Orch1",37,95,98,40,38,124,76,106,67,74,83,73,55,37,44,101,36,37,37,51,89,52,87,112
"LOC131295111",698,978,849,329,467,971,785,496,400,303,528,622,640,721,441,521,279,773,529,533,304,322,889,974
"LOC128927307",89,201,135,93,127,71,160,124,56,166,51,100,42,101,64,66,105,68,100,132,73,91,90,102
"Trmq5",161,522,357,373,153,443,196,299,562,605,237,318,302,160,234,248,250,238,283,227,378,249,440,670
"Homer3",0,4,4,2,4,7,3,3,1,4,6,2,1,0,2,5,2,2,3,11,3,7,7,2
"Grk4",69,122,86,82,82,72,69,76,96,98,67,86,114,34,37,108,40,58,42,65,98,79,80,63
"LOC131337603",8,30,12,20,17,11,8,14,21,16,26,16,12,1,5,21,6,8,21,7,18,5,3,19
"LOC131372876",37,87,33,66,33,66,81,114,48,50,53,35,33,14,17,32,88,34,63,23,53,42,50,55
"D9Mit128",7,4,3,1,8,2,11,17,7,13,10,5,4,4,3,8,7,16,6,3,10,7,17,14
"Polr2h",399,440,369,538,426,590,678,533,551,652,412,660,869,272,594,563,286,445,333,443,450,650,428,286
"Gdf9",12,20,10,25,7,22,1,10,14,22,31,8,12,3,2,26,13,3,7,1,3,8,11,17
"Gm30583",97,207,248,269,259,297,205,245,320,124,253,328,215,187,228,150,154,342,339,87,101,100,291,231
"LOC131378824",75,201,89,80,102,148,115,121,59,119,124,136,131,90,69,125,149,103,83,219,157,40,61,90
"LOC131337367",8,13,17,11,6,11,3,19,11,2,10,4,12,8,7,7,8,6,7,5,7,8,11,5
"Apom",131,306,197,213,283,219,184,292,206,116,230,98,187,215,185,229,254,219,284,198,223,194,232,392
"LOC131339415",30,79,24,14,46,36,22,69,50,81,22,30,33,14,42,28,47,38,64,42,59,46,47,50
"LOC131392491",7,48,11,6,11,28,18,17,24,21,29,13,40,25,26,22,44,19,20,17,14,9,34,16
"LOC131378387",2,4,6,13,5,9,3,8,4,2,1,7,3,4,2,3,1,1,3,0,2,1,6,9
"Gm8569",37,118,59,74,117,111,78,60,52,94,46,152,62,72,50,119,64,100,53,39,41,51,72,108
"C1qtnf9bos",235,314,292,263,257,327,150,307,197,214,185,246,183,166,159,150,103,187,65,138,152,114,447,307
"Gm15216",21,7,30,13,54,12,35,9,30,21,44,11,10,28,23,23,17,6,24,20,27,28,27,60
"LOC132409696",33,54,46,46,23,24,48,47,28,46,41,29,37,15,23,38,41,16,36,27,23,37,43,63
"LOC128924230",9,32,7,11,15,19,20,14,10,29,14,25,8,9,22,8,19,7,14,13,25,18,4,24
"LOC131384815",18,24,35,47,20,58,10,31,6,20,30,27,16,20,27,41,16,18,29,13,15,17,61,45
"LOC131391928",4,46,21,47,8,27,20,15,21,41,20,24,11,33,4,19,14,11,15,31,25,10,25,37
"LOC132409606",14,60,77,31,25,69,51,36,27,42,40,57,73,25,22,25,18,72,66,48,40,44,47,43
"D12Mit82",6,4,4,3,3,13,5,9,16,4,15,1,5,8,3,5,3,6,3,2,0,4,2,14
"LOC131386489",2,1,1,2,0,5,1,5,2,0,1,1,0,0,2,0,1,1,1,0,0,0,3,0
"Gm52394",4,20,26,11,10,10,15,24,9,6,7,4,6,3,6,15,8,11,9,21,16,6,22,13
"LOC131337701",6,18,36,5,13,9,24,14,13,10,1,44,4,17,5,23,13,8,13,6,5,23,10,14
"LOC116915240",104,96,123,34,62,69,89,34,168,95,78,36,52,43,125,80,89,38,62,52,71,37,62,64
"Gm6056",11,31,24,27,14,24,15,16,33,28,35,28,38,29,8,14,19,17,25,24,21,15,48,7
"Slc13a2",21,35,16,9,10,15,29,15,28,21,6,13,29,22,28,18,19,9,27,24,11,18,44,20
"Zfp472",1000,4983,2198,2322,2447,1650,1432,3489,972,4270,2560,2552,2040,2808,2088,1694,3589,2575,2197,1853,1255,1664,1474,2272
"Gm41414",8,12,12,7,11,7,20,6,19,6,14,13,15,11,17,8,10,3,8,4,13,9,22,18
"Gm28382",60,314,155,151,93,109,117,242,167,64,113,235,133,112,97,185,202,74,108,121,67,100,168,235
"Gm16489",22,35,38,28,31,29,33,20,27,34,40,14,21,35,22,19,26,46,57,22,34,28,45,50
"LOC132412695",46,48,50,113,62,109,68,129,42,107,84,69,79,109,36,79,62,44,81,72,58,71,108,86
"Gm32741",171,231,91,80,169,170,145,124,200,235,156,180,124,167,162,200,162,233,108,125,80,264,176,137
"Corn2",334,455,261,233,353,250,557,630,286,237,161,326,463,490,162,299,234,242,412,323,268,162,568,445
"Gm9314",6,16,6,13,6,6,12,14,6,14,4,10,4,7,8,16,4,0,2,10,12,5,7,5
"LOC132411616",184,123,223,126,282,315,206,159,260,277,291,154,152,182,159,155,372,87,253,210,205,121,396,63
"Fcgr2b",0,48,7,15,3,17,24,34,20,12,11,41,9,15,5,5,13,21,2,14,9,14,5,11
"LOC131386649",131,283,107,115,183,247,176,324,261,188,278,206,206,185,218,127,135,116,263,182,214,199,271,234
"LOC131377365",0,14,5,10,10,9,19,4,2,20,6,6,4,12,7,11,2,0,3,2,5,9,4,5
"Gm18868",3,3,5,1,1,2,2,3,0,4,8,7,3,2,3,6,1,0,0,4,2,0,7,5
"LOC131337788",7,9,11,5,5,19,19,10,5,19,13,3,9,12,14,22,19,16,5,19,22,7,40,26
"Mknk2",297,444,277,139,336,223,294,368,345,168,169,181,279,108,156,254,191,191,278,273,176,169,213,318
"Irx5",0,2,3,1,4,1,3,2,4,2,1,3,2,5,5,2,0,1,3,1,3,0,0,1
"Gm11736",51,31,61,25,83,52,33,81,28,43,40,21,63,42,33,34,60,32,55,35,22,31,42,39
"Calhm2",64,139,73,110,95,160,248,243,109,113,219,133,197,92,105,138,127,72,119,106,203,85,120,137
"LOC128925337",3,47,43,15,36,39,46,20,53,57,37,61,38,28,27,25,56,17,55,42,37,34,65,43
"LOC131340151",17,217,95,93,66,190,126,239,152,224,133,145,130,103,63,141,79,161,75,69,64,84,167,98
"LOC132444028",61,77,100,77,61,93,63,56,54,38,65,69,93,28,21,134,106,38,86,65,81,62,63,77
"LOC131371968",47,55,14,54,62,76,11,48,47,43,83,18,77,9,31,25,42,35,62,27,20,45,26,37
"Gm53294",25,18,25,16,16,26,20,29,32,56,30,21,9,25,15,36,22,22,28,21,8,20,63,11
"Mobq6",39,58,72,29,49,75,81,73,75,50,64,44,47,57,76,24,109,33,68,51,25,35,96,62
"Gm9575",13,37,26,21,19,15,28,37,13,39,11,19,11,12,7,16,27,21,31,15,27,4,8,36
"Gm34367",326,410,264,273,304,515,534,425,376,304,285,418,243,292,297,231,311,252,325,126,195,186,697,385
"LOC110120478",22,33,94,34,41,89,34,60,37,44,76,61,70,26,44,62,23,48,47,32,55,105,73,63
"LOC132441420",84,68,66,55,40,135,47,107,71,43,99,39,58,79,31,85,51,30,42,45,61,34,173,63
"Hrtq1",60,47,120,77,75,121,170,64,174,66,163,119,74,143,66,94,140,96,124,60,61,49,80,98
"Gm35453",41,43,16,41,41,81,46,54,32,61,54,56,37,61,51,58,25,24,60,41,22,36,46,51
"Gm31024",1705,1990,1996,1912,962,2538,2095,1416,877,1771,1944,1702,2409,1153,1373,1772,1724,1829,1856,1559,1726,1866,2128,2064
"LOC132410771",183,384,252,126,169,233,196,216,218,276,303,243,268,211,151,155,163,242,199,131,169,156,253,215
"Lingo1",41,29,38,25,28,22,33,30,44,7,22,19,23,32,27,4,39,33,41,27,8,20,29,31
"LOC131339882",25,242,73,77,96,73,73,71,71,123,121,88,85,60,42,95,81,52,62,97,33,74,61,95
"LOC132411537",14,26,30,19,18,19,30,65,8,30,42,36,43,32,45,32,36,25,43,9,10,28,39,20
"Drb6",18,40,37,24,22,20,22,54,35,32,33,25,21,15,16,32,19,16,29,17,17,12,67,27
"LOC131391617",1,13,5,2,2,5,2,2,4,7,2,2,11,4,5,9,4,10,7,1,2,7,2,9
"Faddos",4,8,4,0,6,17,14,4,2,7,10,3,5,1,15,10,17,10,2,4,10,8,24,6
"LOC131375425",144,191,184,167,85,144,96,245,186,151,101,155,168,109,74,167,257,144,186,184,80,88,168,242
"LOC132408309",27,62,71,18,30,54,56,52,22,28,30,28,33,11,19,17,28,20,75,14,30,25,53,38
"LOC131391616",685,2367,846,1571,897,970,1625,2854,1241,1491,1249,1661,1465,1372,513,1705,891,1056,484,1109,351,888,1373,1599
"LOC131379459",500,1505,334,1378,1084,2132,568,1366,1527,948,919,1724,877,538,1120,1570,486,757,862,532,1236,1181,1457,1091
"Gm28738",2,1,0,1,0,2,3,7,3,6,2,1,3,3,0,0,0,4,0,3,4,2,1,0
"LOC132412769",5,5,2,9,4,7,8,3,9,10,8,23,13,4,14,1,3,8,5,6,6,1,9,6
"LOC131386166",116,234,104,114,78,368,221,250,104,113,203,243,203,207,175,196,84,88,143,102,122,217,131,242
"Zmym4",9,7,17,14,6,26,5,12,6,10,9,1,4,4,5,15,18,20,14,7,3,4,10,12
"LOC132412440",252,293,202,244,234,139,188,179,321,170,447,206,259,198,136,313,380,200,416,329,252,335,309,582
"Pick3",10,39,18,25,23,39,11,26,22,25,48,21,8,11,13,19,11,24,18,3,5,15,13,17
"Gm26925",4,3,11,18,0,11,6,10,2,10,16,8,18,9,12,4,31,4,37,5,11,2,17,2
"Gm26013",1,2,4,5,4,5,2,2,4,4,1,1,9,2,2,0,6,2,5,2,1,1,6,3
"Elp4",101,297,75,106,118,120,102,128,105,169,111,160,237,50,97,97,175,115,115,156,125,74,165,117
"Gm13788",33,34,22,25,20,19,37,20,41,56,9,58,24,20,23,35,35,51,29,28,25,35,28,41
"Trbv31",48,96,51,38,37,64,91,54,57,79,56,28,64,58,48,44,43,26,55,48,34,43,55,47
"Ibdq2",278,690,597,162,504,447,468,632,276,701,280,599,404,1012,331,601,765,621,543,340,467,148,564,613
"Sash3",2,12,0,3,5,7,2,5,1,7,3,6,18,3,3,7,6,4,3,3,2,1,1,9
"Ifngr1",4,3,7,5,5,4,3,4,6,14,7,3,5,4,1,2,3,3,9,2,1,3,4,4
"Gm18361",209,437,376,339,299,215,312,281,189,435,191,301,381,296,232,161,372,203,190,188,69,258,319,211
"LOC131388854",17,26,65,25,33,63,15,14,25,24,27,47,18,13,15,17,23,7,36,32,58,28,24,35
"Cetn3",4,23,8,7,2,26,13,21,9,15,5,19,6,14,9,17,2,9,11,2,6,0,25,3
"Gm32857",11,27,21,26,16,32,32,21,16,10,49,70,16,17,21,14,19,20,25,27,14,21,22,26
"LOC131372468",53,92,28,36,61,58,59,72,46,114,30,32,149,24,35,42,25,66,48,24,12,17,47,96
"Rubie",16,23,26,36,21,49,58,37,17,54,23,83,55,19,35,38,32,50,13,22,28,18,19,74
"LOC132445056",92,155,137,51,38,97,150,99,152,58,141,75,49,77,64,105,129,93,126,47,112,56,331,131
"LOC128927046",2,14,2,4,10,9,21,10,1,12,0,13,6,4,6,4,9,24,2,3,8,5,9,3
"Penk",2,11,11,5,10,8,11,18,3,9,7,8,4,11,5,3,12,19,12,4,7,2,10,13
"Gm26404",38,41,60,33,32,86,44,84,60,120,39,85,65,82,50,57,82,83,79,37,83,46,71,78
"LOC131385711",43,209,127,263,149,157,166,239,135,168,135,168,79,160,85,138,50,136,121,235,149,121,181,180
"LOC105243590",691,797,465,845,816,565,669,567,879,592,646,503,574,647,935,668,1005,874,620,352,605,481,813,569
"Gm34677",22,36,20,24,17,22,22,38,15,23,26,14,66,16,55,29,57,33,27,26,41,10,106,4
"Gas2",12,25,3,11,2,19,10,14,6,2,10,19,11,10,9,10,11,0,27,10,10,16,16,9
"LOC131373964",35,138,77,54,124,226,99,128,117,57,67,130,80,181,75,91,102,89,117,125,50,81,165,154
"Homez",45,106,29,31,35,78,69,79,66,45,17,104,55,45,44,73,81,36,31,24,21,19,64,37
"Gm32357",165,330,163,277,154,210,93,442,137,370,77,270,102,248,193,233,207,188,229,305,82,297,321,277
"Gm12297",13,30,23,40,15,28,15,33,22,45,13,20,25,21,13,65,32,48,35,9,15,35,25,31
"LOC128925513",53,78,93,125,42,50,25,76,77,81,59,95,80,71,44,69,111,51,63,23,60,63,79,141
"LOC131375828",18,84,56,56,48,33,81,35,56,50,30,100,56,48,55,69,78,29,65,76,14,27,84,84
"LOC131371417",7,6,20,5,4,9,4,4,4,19,8,14,10,7,14,8,21,7,8,1,4,8,19,17
"Gm4974",219,238,132,237,109,310,316,359,83,187,369,375,151,178,114,273,329,228,165,140,162,189,185,290
"LOC131377199",29,13,38,16,32,16,30,7,55,7,42,28,35,71,18,34,60,9,18,54,24,19,16,31
"Gm7867",95,212,205,138,119,124,136,130,113,206,138,168,131,207,88,164,301,200,283,105,131,117,264,106
"F830031D20Rik",318,1109,922,675,751,667,1847,1413,535,990,1484,911,1279,509,622,284,1413,458,1152,419,893,427,1295,828
"Vacq4",3,11,3,5,3,2,4,9,1,3,3,4,0,4,3,3,2,0,6,1,2,2,10,8
"D2Mit151",20,41,64,53,86,72,45,23,64,53,49,43,63,33,56,55,48,52,71,45,60,35,37,31
"Gm20125",1,16,17,0,4,11,6,1,6,1,5,6,1,10,2,8,4,8,7,6,3,2,6,8
"Gm26076",1181,4177,990,1109,1035,2447,1012,3413,1320,3395,1115,2136,1218,2398,479,937,2300,2281,1400,1284,548,1759,1369,1693
"Lhfpl3",53,38,48,33,18,37,86,75,36,33,72,51,46,27,69,39,45,41,34,23,61,8,37,24
"AU021720",87,93,148,32,118,112,183,111,165,150,129,147,79,202,128,73,147,99,95,126,102,83,80,67
"Tas2r121",234,179,461,165,146,426,524,445,341,549,229,189,334,214,227,283,329,225,266,264,351,300,572,250
"Gm38774",188,71,170,98,149,162,96,108,77,146,111,143,95,61,30,113,190,68,379,81,57,68,112,113
"Ces2e",131,352,599,140,400,298,445,256,380,214,197,222,313,200,326,134,223,260,395,176,259,217,491,269
"Gm15928",5,43,28,29,15,4,17,51,29,5,22,15,10,33,16,24,22,14,12,21,25,21,18,22
"LOC131339482",57,51,71,54,33,60,60,47,24,70,87,49,53,42,81,56,71,50,43,51,45,22,59,101
"Gm18212",0,12,7,12,1,8,13,3,9,3,7,14,15,7,10,11,17,8,22,3,4,8,10,5
"Gm11980",106,268,226,204,52,394,91,127,66,134,186,110,185,193,107,120,162,133,94,147,57,75,103,177
"Pgpep1",52,141,196,102,65,160,101,257,56,234,166,110,104,229,94,82,26,124,133,90,79,98,71,135
"Gm53249",43,86,60,76,59,76,101,70,60,88,87,156,75,63,20,28,62,49,144,65,89,18,153,81
"LOC131338716",96,121,67,108,144,152,147,118,52,283,132,48,110,186,56,38,108,142,63,141,85,87,53,195
"LOC131385066",84,160,69,124,110,83,129,106,118,185,126,269,201,97,72,79,98,95,264,94,60,75,148,107
"Gm13193",11,47,21,10,27,15,16,10,22,20,18,22,12,20,25,24,6,6,20,10,25,21,45,14
"Cdhr17",239,560,270,568,231,283,498,244,231,373,235,334,453,281,240,207,416,345,546,278,298,179,484,382
"LOC131390349",14,52,18,24,16,29,10,71,22,19,24,32,18,27,11,23,37,22,50,21,15,12,24,21
"D3Mit107",102,68,55,107,42,71,66,41,55,80,59,86,89,38,73,75,44,101,56,85,41,45,111,102
"Gm51933",83,199,173,83,141,137,162,146,138,165,174,272,192,160,30,135,125,83,185,94,175,108,249,265
"LOC131375931",0,2,0,0,0,1,0,4,2,4,0,1,6,0,2,2,4,0,1,3,2,2,1,1
"Gm22418",13,12,4,8,0,8,9,4,14,10,10,6,11,13,10,4,6,7,2,6,16,4,8,13
"Nub1",21,36,54,15,70,86,32,110,130,54,21,37,83,25,82,71,64,24,51,14,30,59,16,53
"Abhd15",40,58,48,9,46,61,45,25,118,46,30,37,46,42,35,45,73,8,101,43,40,6,52,39
"LOC131337329",10,5,10,22,13,2,19,14,4,12,16,2,29,18,5,5,0,3,17,21,10,11,9,10
"LOC131386666",622,1202,431,968,886,1314,648,946,924,821,628,1417,780,579,1022,1056,1040,604,621,495,443,766,1269,1250
"Gm39741",84,327,126,180,73,237,246,217,145,325,207,176,153,130,130,150,194,191,86,160,168,160,171,167
"Bomd5",0,0,2,0,1,3,4,4,1,5,3,4,4,3,1,4,2,1,0,3,5,2,5,0
"Gm41538",18,69,20,31,25,21,23,18,15,46,28,25,14,33,12,18,35,34,12,19,29,30,18,93
"Ryk",20,18,34,10,17,20,43,21,38,24,42,27,33,15,14,21,28,13,22,27,35,17,9,35
"Rab23",1,25,18,9,9,1,2,9,5,10,13,8,7,5,4,16,3,9,5,7,3,4,8,7
"Gm2999",19,12,4,9,4,9,28,1,10,4,19,8,22,15,7,5,9,10,30,2,11,7,19,3
"Gm53206",33,443,82,180,109,123,219,209,138,195,64,192,116,159,91,133,89,76,85,63,75,91,178,256
"LOC131340217",50,73,102,112,40,54,63,97,54,63,50,35,54,65,61,85,83,39,47,57,80,33,29,179
"LOC132441659",26,52,31,29,37,27,76,50,21,64,34,101,17,42,23,48,48,59,38,28,51,37,80,62
"LOC132408702",65,112,63,101,60,57,47,95,109,41,51,48,100,53,49,58,70,45,71,71,97,84,53,74
"LOC132441795",99,109,183,96,97,114,70,128,124,230,197,177,168,93,112,156,141,96,152,92,81,88,137,197
"Purb",2,13,5,1,3,9,12,13,10,4,13,7,6,1,9,10,15,7,5,4,17,6,3,1
"Crybb2",9,17,11,6,8,9,6,27,15,16,19,20,9,17,4,27,36,18,22,26,19,3,7,10
"Epor",19,17,45,13,37,41,39,53,41,55,37,23,49,51,32,65,32,30,43,12,32,36,93,55
"LOC131372501",8,9,2,13,13,6,10,11,13,4,23,3,3,5,13,5,8,5,9,4,1,6,3,4
"LOC131339428",341,182,217,113,264,270,193,148,414,130,387,304,406,156,472,154,384,140,246,258,219,247,240,407
"Gm52419",9,7,18,16,18,3,25,11,4,7,17,6,18,20,9,12,26,7,7,20,3,12,26,16
"Gm35463",4,13,8,13,5,28,11,44,3,19,23,17,6,7,15,1,11,13,25,8,15,6,33,34
"Dis3l2",6,13,14,25,22,5,27,16,3,6,29,12,21,15,30,6,43,14,19,19,25,8,12,6
"AL022871",58,192,65,99,54,143,47,76,62,95,75,69,113,57,33,44,78,57,72,33,62,44,74,151
"LOC131389939",103,179,74,113,136,142,77,122,125,125,124,111,125,150,47,211,118,105,119,127,70,64,122,99
"Gm51963",6,3,2,5,3,1,1,2,5,4,6,4,4,1,4,0,0,2,2,1,1,1,1,5
"Txnl1",1850,2747,2560,1080,2337,1538,1134,2731,1897,1478,510,1671,2864,1395,1082,1683,4996,1328,2020,1718,856,2132,3368,2102
"LOC132412619",765,797,861,494,503,408,462,648,522,484,745,563,963,600,533,545,463,476,562,399,477,459,876,271
"LOC132411302",3,3,1,3,13,3,23,4,8,11,17,5,7,2,2,10,4,11,9,11,0,4,14,6
"LOC131386389",279,516,230,282,333,510,416,295,583,488,421,326,305,214,250,340,229,378,227,356,310,177,304,268
"Iap5rb1",9,17,29,6,35,22,33,24,11,7,9,10,13,16,5,28,16,21,21,17,12,14,30,10
"LOC131392326",24,37,9,41,11,55,22,39,17,23,30,15,14,19,16,30,40,27,35,24,22,23,40,20
"Cyp2r1",66,67,55,45,36,37,95,75,62,132,26,54,64,138,47,122,48,38,57,134,52,60,144,74
"Gm13611",28,52,19,24,9,18,18,71,10,29,45,46,12,19,25,15,6,20,31,15,32,34,30,9
"Col19a1",35,77,21,80,22,85,60,79,64,75,49,60,114,34,13,67,51,45,48,49,44,22,86,86
"Gm46095",45,29,22,28,27,42,21,24,5,20,20,28,44,17,2,18,38,12,32,10,9,10,19,46
"Gm39713",113,104,110,85,72,55,88,97,139,164,98,119,61,93,112,69,111,35,142,85,155,52,56,142
"Gm42119",70,82,95,160,67,260,41,179,124,70,71,96,68,43,135,77,161,64,142,64,77,98,78,134
"D0J8",24,48,21,15,2,69,23,83,30,41,19,69,47,11,19,10,11,30,13,18,28,9,34,47
"Gm3985",204,392,232,295,241,218,112,540,115,423,194,239,121,173,127,115,194,169,261,163,71,118,244,114
"LOC128927434",377,1241,711,399,394,521,799,420,483,762,1043,560,246,391,353,594,294,499,437,409,438,330,408,948
"Gm33977",17,22,61,29,58,33,33,32,68,39,75,40,28,39,34,44,26,38,80,32,15,34,82,46
"Gm23795",0,5,4,2,0,6,0,6,7,4,6,0,1,5,7,8,2,3,1,1,11,2,0,4
"Gm14600",5,14,0,6,2,2,3,6,2,4,1,7,3,6,5,3,9,6,2,4,3,6,7,4
"Gm33254",30,42,16,23,7,36,39,16,44,72,34,33,20,16,12,39,13,40,58,18,27,8,42,23
"LOC131372140",14,16,13,11,9,24,12,31,9,10,31,34,5,22,11,15,12,6,25,21,8,10,36,21
"Ube2n",20,36,20,14,14,22,36,33,30,24,21,27,20,8,11,9,17,21,15,16,6,12,19,13
"Egm2",31,40,43,46,21,60,51,174,55,23,19,49,21,37,42,64,38,32,30,33,22,38,37,68
"Gm46332",14,4,6,6,4,30,6,9,5,8,0,19,4,6,20,13,9,12,10,13,1,6,11,15
"Gm7618",119,174,118,177,159,178,143,140,101,224,61,94,139,78,49,97,94,72,157,72,126,79,263,214
"AA517832",11,57,25,32,15,26,24,30,17,35,39,15,21,30,23,12,24,12,59,8,18,14,46,35
"D0Ffm6",50,127,158,72,79,38,38,81,126,51,145,158,144,119,106,16,85,64,133,50,99,82,105,67
"Ntf3",20,31,17,21,21,7,21,25,17,15,41,38,11,11,11,20,23,24,33,8,6,10,33,23
"LOC132410613",17,18,21,58,26,22,36,42,37,12,54,35,22,17,32,24,74,33,10,14,32,15,28,16
"LOC131339550",1,2,1,4,0,3,1,0,2,5,3,0,0,0,0,0,5,0,0,0,1,2,1,3
"LOC131374746",39,91,61,52,67,47,155,71,115,82,79,77,52,64,65,62,83,60,91,43,58,45,97,55
"D4Mit74",16,12,7,6,9,10,14,4,1,11,19,11,14,3,6,4,7,4,2,2,9,6,10,5
"Cplaq3",61,197,114,82,58,151,101,114,64,107,131,108,141,181,96,161,124,48,92,14,79,93,194,91
"D7Mit222",82,205,240,216,147,145,158,98,64,106,101,112,156,152,98,251,48,122,100,93,179,145,123,200
"Gm4760",22,83,28,56,57,62,57,84,102,46,38,29,48,52,26,76,34,46,55,17,54,48,78,66
"Mir6919",18,9,16,19,6,25,25,9,30,23,7,17,16,12,28,9,21,10,16,20,21,6,27,15
"LOC128924917",6,11,8,26,9,15,6,22,15,6,6,10,5,6,23,8,6,9,10,9,4,17,6,6
"LOC131371299",120,110,202,106,131,209,153,215,126,61,147,227,161,175,91,136,170,148,140,75,119,144,131,242
"Gm18921",13,7,14,9,10,21,17,26,30,18,21,13,7,24,16,17,17,8,26,11,17,19,29,10
"Xmv37",31,28,35,25,31,49,55,33,29,23,10,13,36,8,16,36,43,9,34,7,16,8,63,22
"Gm38503",142,200,133,162,198,378,123,233,193,179,92,203,191,216,124,120,178,62,307,93,229,198,193,225
"D17Brg18",29,114,102,29,94,86,44,114,38,124,97,148,52,92,150,87,151,43,82,58,62,107,128,68
"Gm22945",33,42,75,23,31,52,67,49,32,40,40,34,58,3,52,16,31,24,20,45,25,30,18,108
"Gm46125",29,14,21,41,13,18,8,40,4,27,6,41,11,17,3,6,15,6,16,11,7,9,18,23
"LOC128927191",3,4,2,2,4,1,10,3,7,0,3,6,3,5,2,6,1,1,0,0,2,1,1,0
"LOC118567365",133,186,101,251,184,249,203,264,150,172,196,157,99,86,95,125,240,108,195,113,123,91,114,107
"Gm34481",16,21,9,13,30,16,20,13,13,47,15,28,28,19,8,20,37,8,22,18,27,12,20,29
"LOC132442347",15,49,44,17,16,45,64,36,35,40,35,89,48,29,46,32,35,46,110,18,68,55,32,49
"LOC131296321",4,20,10,7,15,18,17,30,5,2,7,7,7,27,17,9,11,8,15,13,6,7,36,13
"H2ac7",13,20,23,11,20,13,23,20,29,12,18,25,1,11,22,20,46,34,34,15,48,9,49,13
"Dntt",25,80,38,58,56,105,38,86,54,69,77,81,73,64,47,126,153,131,28,133,83,91,88,76
"LOC128927883",54,25,75,34,14,35,50,34,28,31,62,22,29,46,26,51,13,16,86,32,74,16,63,60
"LOC131386210",21,21,17,29,50,10,45,19,21,27,53,29,38,26,16,31,51,13,41,29,13,33,46,48
"Gm51487",267,581,148,352,291,182,629,243,219,291,230,488,321,235,326,474,219,409,216,224,385,288,401,395
"LOC132445377",245,174,214,197,267,353,278,279,300,216,368,165,307,87,254,169,159,135,228,107,226,196,158,103
"Gm18674",27,14,15,2,11,20,7,29,24,10,19,24,8,21,30,7,12,15,15,8,30,40,26,5
"Gm24667",80,134,260,192,112,71,218,114,184,139,92,120,133,97,135,122,150,53,153,125,170,105,155,62
"Ccdc121rt3",69,77,45,55,34,36,99,79,99,27,65,66,32,64,52,59,112,15,42,28,55,35,67,75
"LOC131386706",20,83,55,46,53,65,36,60,41,90,47,50,50,52,29,30,119,57,51,49,79,35,90,70
"D15Mit242",186,116,297,204,234,464,183,303,352,287,321,137,356,125,224,201,208,277,402,277,208,288,617,290
"LOC131296322",7,17,9,4,7,6,8,2,4,4,4,9,10,8,3,15,4,7,3,9,5,7,10,10
"Klrb1c",856,1716,538,949,1122,1908,1137,1508,924,1188,975,1048,1485,921,711,741,1127,1283,1344,657,1010,1435,2027,1070
"LOC131337391",284,555,302,309,204,450,283,486,477,316,96,602,306,165,51,242,339,240,196,253,150,204,181,300
"U2af2",13,26,21,18,18,5,9,16,4,13,18,13,20,16,20,9,14,8,17,6,10,6,17,15
"Gm53979",39,88,58,31,35,90,59,51,43,64,43,73,68,82,48,20,52,34,75,63,44,23,66,40
"LOC131339556",61,139,170,77,163,101,95,110,70,49,81,54,95,85,150,79,163,58,60,68,43,99,122,93
"Gm50608",8,15,4,26,3,25,18,5,2,20,6,20,19,23,6,16,14,12,17,5,2,23,15,22
"LOC131339247",36,64,61,41,51,46,23,30,39,40,12,24,27,44,37,46,44,30,30,17,51,16,47,65
"Slc25a29",5,3,5,0,3,2,1,3,3,1,1,6,4,3,0,6,5,0,8,1,1,2,0,3
"LOC132441864",5,31,27,17,12,31,16,11,46,33,27,25,21,17,9,12,49,24,40,10,24,18,54,26
"Stk39",217,534,484,621,253,535,598,624,400,252,166,409,679,385,286,443,137,215,287,266,425,221,336,473
"LOC131374003",28,92,38,77,49,103,40,80,48,130,40,95,60,93,22,89,51,46,63,43,34,36,53,55
"Fbxw19",1,1,2,3,6,6,1,5,2,2,0,1,1,1,0,4,1,1,1,0,2,1,1,2
"Cia37",299,242,180,329,252,609,333,326,438,309,402,290,298,454,216,266,553,337,316,272,140,255,578,337
"Gm57620",13,23,3,17,13,14,32,14,21,12,30,28,26,16,10,19,17,2,9,5,3,5,20,20
"Gm41348",10,48,17,15,16,14,65,25,36,32,20,25,10,32,23,13,17,48,27,28,22,12,17,59
"Swq4",2219,3370,2860,1456,1714,2311,2335,970,1673,2241,1659,2560,3177,2524,1177,2145,2397,2142,2194,1308,1770,1741,5016,1548
"Ascla1",40,94,112,33,62,74,74,108,48,54,52,94,129,110,42,69,65,62,28,47,50,54,81,50
"Gm12419",6,25,5,6,8,13,9,4,4,11,1,9,7,14,2,11,18,15,16,2,7,9,22,15
"LOC131386506",13,41,28,24,8,25,41,50,24,15,5,15,10,26,21,28,17,17,14,15,11,24,18,33
"Tm9sf1",25,24,54,15,58,24,31,49,80,56,103,32,42,28,31,59,46,23,29,5,23,9,23,10
"LOC131371985",102,180,234,162,108,129,186,176,73,164,186,197,264,147,78,160,96,131,162,83,134,134,151,152
"Etax10",19,28,16,19,18,19,9,20,20,11,21,36,20,27,10,21,30,15,45,5,13,23,37,25
"Gm34304",113,347,105,227,148,228,336,138,221,229,102,326,153,138,170,157,211,365,176,260,138,111,180,176
"Im7",115,230,194,134,165,194,77,112,141,79,109,179,168,70,287,144,166,212,116,71,67,59,172,260
"LOC132409517",3,6,9,0,7,6,3,9,8,14,16,12,2,7,4,9,9,6,3,6,9,2,22,18
"D7Ertd351e",1,2,4,1,7,6,5,10,12,1,1,2,3,1,4,5,1,3,2,4,3,4,6,1
"Gm5563",28,86,78,17,70,36,28,37,44,28,73,36,25,21,9,42,69,33,28,46,16,59,119,25
"Gm16163",6,7,7,0,15,4,7,13,4,7,4,4,10,7,8,11,12,1,8,6,4,8,10,2
"LOC132442761",128,267,184,105,58,197,101,121,158,94,243,152,96,75,134,99,139,111,186,175,83,82,189,134
"Gm39676",62,124,166,133,121,218,130,184,67,195,112,70,117,97,54,107,150,161,96,248,132,173,124,187
"Gm18182",59,101,37,68,61,40,57,55,24,98,36,130,67,59,15,100,51,26,51,107,51,44,102,43
"thf",138,387,299,286,204,203,171,231,401,374,301,245,191,234,148,287,205,205,269,128,209,150,323,231
"Gm5237",7,22,1,21,4,7,8,3,1,8,10,15,10,2,19,8,2,13,7,3,2,1,6,5
"LOC132442307",175,559,327,416,267,654,311,678,350,237,280,421,199,613,241,793,272,281,482,546,283,221,488,586
"LOC131373454",1105,815,1414,1589,882,1144,710,1734,1012,737,949,1247,1177,831,2178,1310,1041,742,1581,1102,1261,1072,1178,565
"Gm46212",1,4,6,1,5,4,27,5,5,15,4,7,7,8,11,16,9,5,20,17,13,8,10,12
"LOC131340747",3,6,4,0,0,3,2,0,6,1,2,5,8,2,6,1,1,1,0,3,3,0,5,2
"Zfp110",22,28,51,36,39,40,31,98,56,58,30,80,41,23,18,51,69,23,114,40,24,50,49,55
"Gm40225",5,9,55,15,15,8,15,12,18,20,16,19,16,20,6,13,15,4,23,21,24,6,15,20
"Gm9962",927,2076,1808,1519,884,669,1392,1065,1035,981,1306,1283,1570,1021,1202,1170,851,1006,1175,573,1706,616,1583,2407
"LOC128927795",11,14,17,16,14,39,13,16,13,20,14,17,11,1,12,11,8,17,11,3,5,9,12,40
"D1Ertd646e",178,812,623,182,354,347,460,453,441,399,356,543,314,649,386,552,458,634,531,402,561,260,345,354
"Rras2",8,9,9,7,14,12,16,20,8,7,9,12,4,1,9,2,7,6,5,5,2,10,5,1
"C77010",51,45,24,105,23,36,114,130,45,45,61,61,48,104,49,68,76,88,75,48,64,36,130,34
"Gm53472",26,77,115,72,60,66,94,92,68,64,117,100,65,41,36,99,58,24,60,50,65,20,33,106
"LOC128926636",59,86,84,178,70,70,122,117,120,138,180,105,92,114,57,114,85,61,96,136,63,119,67,102
"Gm10863",16,45,52,33,30,31,55,57,49,36,41,30,31,23,47,14,60,14,57,22,39,45,74,31
"Tsr2",8,7,12,1,5,21,5,12,7,9,18,6,10,9,0,10,22,5,13,8,7,2,7,22
"LOC131387966",129,239,283,188,183,147,191,187,105,101,223,162,204,284,77,162,124,242,164,110,162,120,155,114
"LOC131297793",9,13,9,45,9,11,11,17,7,7,31,6,36,14,13,9,26,21,4,27,9,13,29,16
"LOC131390726",69,280,201,106,108,185,108,136,199,309,116,236,63,125,122,218,84,89,128,109,185,121,269,213
"Gm29605",0,10,1,1,3,3,1,2,1,2,4,3,0,2,2,5,3,2,6,1,5,4,0,4
"LOC132442353",171,632,527,269,259,365,337,265,373,506,257,380,291,375,192,258,507,294,409,347,335,327,426,603
"LOC132409744",87,137,196,127,152,75,207,118,103,138,154,161,109,136,73,58,47,51,112,50,91,72,135,180
"LOC131387737",364,1155,1142,605,602,663,466,499,606,981,645,483,1037,577,283,429,627,470,770,701,708,715,1322,1602
"Mycbp",12,6,21,13,6,23,19,25,6,12,8,9,18,8,14,6,15,11,11,9,9,6,14,14
"Gm39607",5,23,22,19,8,24,25,11,17,13,4,17,30,24,7,7,8,16,6,10,9,6,9,24
"DXMgc115",16,52,56,47,42,41,122,66,37,60,81,38,39,23,65,62,88,29,46,67,45,31,101,52
"Gm31650",4,71,10,98,26,85,35,59,76,75,76,73,83,79,30,66,35,37,46,37,43,84,59,55
"LOC132441583",190,968,459,574,248,628,458,734,453,529,441,246,471,479,258,863,479,638,549,609,292,398,513,523
"LOC131389844",147,177,140,144,52,147,102,164,76,138,127,111,88,121,162,134,132,53,194,79,170,80,217,159
"Gm41476",60,78,46,104,44,24,31,60,67,74,58,59,85,45,79,119,54,103,56,74,30,75,47,94
"Gm32505",43,119,58,44,77,83,92,60,60,68,148,77,77,83,17,49,45,29,171,97,49,64,64,72
"LOC131391742",46,25,41,21,46,41,43,78,33,30,44,27,60,9,33,19,34,48,22,18,34,20,51,39
"Gm29121",7,8,15,4,12,18,14,5,8,32,5,23,9,1,10,19,4,9,11,11,2,14,8,12
"Dppa1",54,213,51,91,33,70,48,45,89,61,84,62,92,53,27,42,143,74,69,49,54,33,82,43
"Gm13539",65,38,128,76,143,103,75,85,103,50,56,101,136,70,63,48,119,82,105,54,41,73,156,20
"Cop1",12,42,19,42,7,10,22,19,42,25,23,12,11,12,21,23,30,23,11,7,25,13,6,39
"Gm42722",7,3,11,5,9,18,20,9,15,14,6,16,12,11,9,22,2,9,11,14,20,7,7,20
"Slc36a1",47,128,52,117,68,90,91,118,164,128,73,82,71,170,54,99,85,101,98,89,61,64,77,33
"Il23r",27,60,107,52,61,98,90,177,73,70,39,121,37,101,47,69,133,27,156,68,87,110,64,57
"Gm9376",2,1,2,2,0,3,2,1,6,1,4,2,4,0,1,3,0,6,6,4,5,0,0,0
"Cfbw3",9,7,6,19,3,7,5,18,9,13,6,7,25,17,7,11,18,21,12,24,5,10,5,15
"Gm29915",42,49,10,32,49,66,34,36,47,59,45,64,44,39,55,38,45,47,87,31,24,30,44,57
"LOC131371476",38,26,27,39,59,38,50,28,18,60,66,28,69,21,45,24,75,70,75,48,62,50,67,64
"Gm57670",28,46,95,32,48,51,68,42,52,18,61,49,38,39,8,33,56,15,48,18,36,35,50,43
"Gm21782",35,46,73,41,41,40,91,74,62,101,79,67,158,46,113,62,54,33,73,28,108,31,47,61
"Terb2",53,108,58,162,70,224,60,125,76,90,80,135,90,91,150,163,89,112,71,72,72,175,57,135
"Adad2",119,213,120,66,103,58,280,205,69,113,172,87,124,88,45,90,130,90,60,111,236,81,242,104
"Scyl3",77,77,77,38,64,60,25,108,93,93,118,87,78,80,115,79,59,45,125,24,40,99,71,56
"A630072L19Rik",22,113,112,21,22,55,89,74,92,106,111,38,52,85,54,41,59,107,36,29,54,85,85,49
"Gm19159",277,933,498,378,423,565,949,270,583,598,465,488,577,260,331,567,357,256,551,202,376,418,736,716
"Cia42",103,75,212,78,121,94,193,157,141,116,132,102,84,90,91,97,159,50,136,166,89,138,173,93
"LOC131386799",58,130,109,75,117,188,99,121,139,167,95,99,138,120,102,147,169,149,315,134,139,81,158,110
"LOC131373615",133,369,146,213,180,193,147,157,202,227,417,321,479,253,285,391,177,266,149,158,189,201,348,246
"Gm39879",111,97,123,97,108,135,74,154,115,103,211,145,121,124,43,68,147,66,110,58,53,80,78,274
"LOC132441899",20,80,18,20,35,31,28,73,15,38,32,20,14,40,12,75,21,25,26,33,17,45,24,50
"Scamp1",94,149,140,159,142,104,65,211,61,101,107,148,127,118,139,155,75,73,84,68,80,110,107,101
"Mtv29",15,24,45,20,20,41,6,41,13,20,26,33,41,40,3,31,20,24,25,14,11,33,7,8
"LOC131379196",489,537,659,808,370,742,521,933,565,500,699,709,705,366,340,433,861,519,543,220,334,385,642,535
"Gm52104",38,58,123,41,131,53,55,76,80,96,75,121,46,47,38,51,41,52,76,64,23,56,71,36
"Gm33561",28,25,20,25,25,5,15,19,22,31,18,29,34,5,29,28,18,9,11,27,23,26,64,9
"LOC131373601",148,315,105,132,154,115,286,233,149,293,110,104,74,126,172,122,218,236,53,145,176,108,186,229
"Gm22870",13,28,7,8,12,16,14,36,21,15,9,19,26,10,18,28,20,10,16,28,5,21,19,14
"LOC131387921",302,1167,199,627,337,565,425,472,768,664,592,608,464,553,319,411,1065,489,689,596,416,381,1110,867
"LOC131372373",42,144,71,177,101,109,108,166,39,201,31,107,52,107,69,101,44,150,86,107,55,57,67,85
"Sco1",20,36,9,26,11,31,46,16,19,19,40,14,11,9,13,18,21,10,23,13,27,10,40,7
"LOC132412831",61,50,97,98,58,151,76,173,51,59,77,31,69,55,41,72,75,52,67,40,41,74,77,96
"Msra",54,170,175,100,100,144,204,194,103,164,205,103,162,109,96,155,37,120,187,157,104,57,196,91
"Smim45",28,73,22,45,55,85,33,28,42,65,20,64,19,23,50,66,32,38,35,11,22,65,39,97
"Emg1",13,15,19,12,7,18,12,8,16,7,20,21,4,7,10,13,45,5,12,3,4,19,5,10
"LOC128924718",31,20,22,23,18,17,31,26,25,16,9,7,16,12,35,20,27,45,21,4,20,17,55,33
"Gm32745",1,2,1,2,1,0,11,0,0,0,4,1,3,1,0,7,3,5,5,1,4,3,5,2
"Ube3c",13,43,33,37,48,66,40,57,32,59,21,56,46,11,53,25,81,20,41,63,21,26,102,69
"Gm53524",0,4,2,5,1,2,5,3,1,9,2,2,1,4,2,1,1,2,0,3,2,0,4,1
"Sdk1",272,341,245,457,339,362,292,332,348,408,291,462,407,257,270,250,334,251,578,130,193,284,310,434
"Gm29508",5,1,2,4,7,9,6,3,3,6,3,2,3,3,0,4,2,0,5,3,1,10,8,1
"Mir3069",12,39,10,4,9,7,15,11,3,8,13,5,10,6,17,16,8,2,6,2,8,11,22,11
"Gm34661",14,10,6,5,2,4,36,19,13,15,32,11,2,6,23,10,23,10,13,4,4,5,9,7
"Mir1902",12,7,15,23,6,18,22,23,11,11,17,12,9,27,20,7,22,4,7,15,3,8,15,11
"Gm13284",2369,4149,3769,2650,3270,3387,3705,3497,3715,2491,3533,3018,3574,1984,2830,2434,3936,1573,3329,3489,1936,2132,3060,3329
"Fam111a",25,59,53,41,11,24,32,48,17,35,36,31,42,27,23,23,25,34,49,25,20,13,45,28
"LOC131296105",107,168,280,184,147,254,183,182,288,117,111,114,195,159,151,134,187,213,197,179,152,155,231,98
"LOC131380200",28,50,31,63,39,45,85,48,54,76,35,54,50,33,35,45,35,64,65,77,28,18,99,35
"Gm35804",3,4,16,15,4,9,9,12,4,16,16,16,7,5,1,4,7,2,14,1,6,14,6,3
"LOC131375359",97,243,160,88,136,135,109,164,159,221,76,340,145,134,103,71,111,174,50,92,74,111,207,165
"Gm24208",7,17,8,16,7,32,1,12,13,12,29,19,35,18,25,18,17,17,38,5,12,14,4,37
"LOC132444557",10,7,11,7,11,25,6,23,17,11,4,15,3,3,4,6,3,4,5,12,1,3,15,14
"AU022697",5,3,1,3,5,1,7,1,6,4,2,7,3,2,2,6,7,2,2,7,1,10,1,1
"Gm33126",65,51,166,32,74,107,57,87,82,62,100,103,77,64,67,39,71,37,37,47,64,62,180,71
"LOC128927904",13,18,41,31,47,23,17,28,19,31,46,68,35,21,26,29,33,34,27,20,25,28,44,46
"LOC132444094",12,22,8,13,14,23,8,27,16,4,4,11,8,7,3,6,18,13,18,6,6,14,17,5
"LOC131297673",15,15,49,46,12,65,21,7,23,34,19,49,35,32,18,66,19,33,61,21,44,55,22,58
"Gm7449",172,769,410,478,260,462,689,597,153,521,369,621,493,459,908,625,905,375,586,169,319,787,617,365
"Mnm",45,120,131,92,93,49,95,108,116,102,144,52,53,132,116,150,267,127,136,85,105,81,152,140
"LOC131374944",98,487,393,316,499,241,161,399,144,431,152,305,181,212,249,323,261,220,256,408,292,301,566,371
"Gm20838",276,383,381,221,262,389,261,130,380,94,397,280,335,272,262,303,533,140,271,212,209,232,682,279
"Capn6",0,5,2,2,13,0,2,3,1,1,2,10,3,6,7,2,2,4,4,2,1,15,5,4
"Clvs2",13,38,37,35,28,29,26,55,20,72,9,30,32,13,29,66,26,70,24,22,31,39,28,33
"Gm31700",7,21,2,21,13,15,13,7,13,31,11,31,33,19,17,6,15,19,13,18,18,16,16,23
"LOC131390581",152,270,110,539,200,325,238,171,192,209,220,239,350,366,182,141,122,249,313,171,254,120,180,238
"Gm29423",3,15,5,2,16,6,0,1,13,2,12,5,9,9,10,17,8,4,10,7,6,3,5,0
"Gm7237",64,75,116,95,38,87,100,118,84,43,106,91,110,98,78,61,65,62,47,68,79,118,110,88
"Gm31343",32,37,15,8,19,5,11,24,7,28,35,15,6,15,14,10,16,8,35,9,26,7,15,27
"LOC132442993",177,304,208,125,154,155,242,287,171,157,182,320,161,102,200,106,234,129,211,151,215,152,290,246
"Gm40462",23,18,20,12,22,66,27,40,10,53,20,14,15,14,28,37,14,15,21,8,11,46,19,25
"Gm40947",10,27,20,8,11,28,24,15,10,17,19,19,18,4,9,10,25,17,20,14,7,6,16,64
"LOC132443724",122,224,376,91,164,201,299,239,249,195,380,151,225,204,238,98,267,139,248,154,191,168,424,240
"Gm26583",61,113,31,59,27,22,48,123,24,23,71,32,54,72,23,29,65,37,68,75,50,54,57,84
"LOC132444091",18,25,12,16,8,8,33,21,19,8,29,17,13,14,21,13,3,9,0,14,2,6,7,6
"Gm34218",106,249,124,271,152,346,279,105,155,350,135,314,96,127,74,80,138,117,174,118,110,160,299,161
"DYByu5",13,12,30,17,26,28,35,40,35,28,29,8,24,19,29,20,18,21,16,8,22,2,13,21
"Ddi2",59,268,92,129,148,209,143,132,126,128,149,130,79,100,152,80,162,109,100,81,47,76,79,80
"Gm38897",52,58,17,24,21,39,31,30,28,41,18,16,43,26,15,2,31,17,37,10,21,28,14,15
"LOC110120470",90,71,127,112,45,113,211,110,137,122,76,231,75,94,93,82,103,104,35,109,100,82,146,114
"LOC131375735",7,129,41,29,36,53,77,59,49,46,45,28,19,71,14,26,54,35,27,55,29,29,34,54
"Gm52813",162,475,175,288,213,330,180,299,102,298,299,684,206,143,363,139,156,357,395,166,65,146,241,298
"LOC132442337",23,89,17,38,28,39,29,39,51,85,43,25,34,34,17,53,52,31,16,18,20,24,23,49
"LOC131296227",45,83,106,128,68,80,61,33,83,142,42,217,24,76,77,66,75,129,64,22,58,112,53,55
"LOC131379533",6,0,15,9,3,3,19,11,7,3,20,0,17,9,9,18,14,11,9,11,10,7,11,5
"LOC131388580",220,450,358,189,267,393,490,420,341,402,359,179,310,364,366,297,609,382,452,187,212,171,449,401
"Gfral",12,24,9,12,2,7,11,12,7,0,9,9,2,8,8,7,6,6,11,1,9,6,0,7
"Gm32854",392,598,550,357,405,328,609,676,586,371,337,495,229,461,287,346,541,360,294,198,214,270,781,514
"LOC131387150",3,8,12,16,3,8,8,0,4,23,6,17,11,6,6,7,18,9,3,5,19,25,11,16
"Krt90",13,36,26,31,25,24,30,40,15,31,35,63,37,40,34,25,46,14,50,8,22,30,48,15
"LOC131391172",11,29,3,16,11,14,15,39,15,11,5,11,3,15,16,7,10,12,8,2,4,7,42,10
"D2Mit123",206,661,272,321,177,467,146,435,261,411,353,433,486,621,346,311,232,177,299,365,551,268,446,369
"LOC131390857",65,69,138,66,30,62,20,91,107,101,70,57,38,39,45,69,66,63,106,38,48,92,127,50
"Nmu",1,1,2,1,5,1,6,1,6,2,3,1,0,1,0,4,1,1,2,3,2,1,2,0
"C77949",122,300,125,92,182,307,211,167,308,259,294,90,339,109,72,233,452,181,235,146,179,165,315,182
"Gm18954",2,2,1,4,0,3,9,7,8,3,4,0,1,4,2,3,9,9,2,4,1,3,8,11
"Gm34890",3,15,5,2,1,12,1,1,4,6,6,6,2,6,5,7,7,4,6,4,4,8,5,6
"Gm6171",794,1795,644,944,816,1499,1307,2822,716,1104,936,1581,694,705,678,757,894,902,860,1050,733,1034,874,1177
"LOC128925217",41,47,42,62,32,48,27,52,44,40,25,38,55,76,33,25,30,15,33,25,20,46,30,57
"Mrgbp",11,18,18,13,22,19,37,36,14,8,19,27,31,34,16,10,11,8,16,4,10,19,13,7
"Lats1",39,112,177,88,91,112,109,125,134,162,66,185,177,81,116,139,168,131,109,62,89,44,80,99
"Nmt1",1,0,1,0,1,0,1,0,0,0,1,0,0,0,0,0,0,0,0,1,1,0,0,2
"LOC131295960",148,125,86,134,85,164,47,270,115,136,78,151,95,111,50,96,109,79,103,126,79,166,163,200
"LOC131373073",3,60,18,17,7,43,18,39,20,15,27,32,26,10,26,23,27,20,23,4,4,15,29,49
"LOC131380594",26,79,92,63,32,101,61,59,46,45,34,41,94,26,25,73,53,50,80,44,31,39,47,105
"Gm29601",30,131,84,108,139,124,136,178,165,269,145,101,131,51,110,112,246,107,53,133,89,105,78,209
"Gm41496",58,262,144,191,107,211,225,134,30,158,78,147,118,200,106,115,77,206,167,72,83,92,175,113
"Zpbp2",1,4,5,3,0,2,0,1,7,1,10,4,7,2,1,2,6,2,6,3,0,2,6,8
"LOC131338625",248,354,289,399,244,478,747,263,293,633,476,810,378,220,268,615,606,290,435,367,419,442,561,215
"Gm18325",17,19,46,59,37,25,8,47,52,37,47,12,44,14,10,10,28,36,39,22,33,21,13,56
"Zeb1",95,543,296,240,113,201,333,360,177,77,141,155,241,275,174,371,243,307,216,106,170,141,258,103
"Stom",345,697,415,585,352,628,299,494,652,757,606,606,519,416,481,574,468,608,742,358,373,659,554,995
"D12Mit1009",21,124,76,45,29,41,58,76,33,94,16,100,13,35,41,130,57,32,46,57,48,70,37,64
"LOC132443727",40,45,30,76,41,79,70,39,34,40,49,58,56,34,44,28,74,51,68,28,56,27,53,62
"Gm39557",61,131,176,82,76,52,117,108,106,156,54,37,62,46,111,47,58,49,112,55,65,42,85,99
"LOC132441228",83,198,90,69,65,189,237,286,113,256,126,175,144,152,72,163,108,88,95,66,82,93,38,105
"Dnaja1",71,67,87,50,106,99,125,128,62,51,52,44,69,90,154,28,114,78,82,122,72,106,102,82
"LOC131387514",110,220,176,162,64,124,150,162,75,230,171,128,233,194,79,88,189,68,154,129,161,130,148,172
"Si5lq6",36,61,43,31,26,48,22,45,33,45,15,26,41,27,17,42,35,35,41,9,18,33,36,28
"Gm25665",73,32,27,60,28,41,92,63,33,34,28,58,38,42,38,6,67,52,31,18,65,61,58,96
"Rbis",196,231,218,136,168,186,371,184,187,224,127,101,334,107,237,182,270,128,391,140,133,101,205,179
"Tag",133,98,171,139,67,98,256,125,140,223,73,123,180,102,76,87,117,117,176,81,117,78,134,112
"St6galnac6",4,4,9,4,5,3,3,3,10,15,12,4,10,5,2,4,5,7,3,5,8,1,3,5
"AU041480",138,362,257,332,234,471,325,356,192,202,325,187,293,253,293,271,204,346,295,280,173,348,384,229
"Vacq5",54,95,70,50,91,94,60,139,57,168,177,85,163,78,123,77,56,101,104,99,82,61,151,127
"LOC128924877",6,51,38,59,18,33,27,29,15,23,31,22,14,30,13,25,25,34,20,54,16,35,47,29
"Cuedc2",65,110,108,90,64,82,123,163,48,81,107,80,50,55,53,31,94,79,103,49,72,44,48,31
"LOC132409936",48,69,53,24,22,64,89,37,39,96,53,92,40,48,48,42,35,33,70,43,19,23,43,49
"Gm33230",7,43,10,26,19,30,54,56,33,39,23,28,55,23,27,29,34,16,14,9,10,9,54,32
"LOC131375929",9,7,6,18,23,9,26,17,21,26,22,8,11,5,9,34,4,8,28,17,29,24,45,5
"Htr7",18,45,23,40,34,44,10,24,31,13,8,46,44,65,39,19,58,41,14,28,22,15,40,55
"Gm30067",14,29,46,33,26,49,27,33,29,15,27,37,13,6,25,23,46,18,24,18,31,21,69,11
"LOC131371867",21,22,6,6,22,8,43,7,14,12,37,20,32,5,12,3,34,10,25,10,18,9,20,12
"Gm5144",51,162,63,99,117,133,139,99,215,166,102,77,151,115,106,103,142,173,100,90,101,99,157,158
"Gm52486",28,55,12,40,10,24,31,14,8,20,24,19,27,18,17,7,19,23,66,27,17,22,31,17
"Gm6146",670,1069,1453,536,1290,1791,1195,2113,974,886,1410,1562,1418,1824,1103,1348,2741,887,1434,456,1411,1161,937,1232
"Gm28815",9,29,19,8,13,15,43,21,15,35,19,37,17,14,12,15,16,11,22,28,10,14,8,22
"LOC131296661",47,162,56,129,19,138,49,84,104,124,35,100,80,81,58,128,39,74,69,34,32,67,44,103
"Crybb1",14,48,24,77,40,50,67,57,32,62,20,34,40,31,25,30,56,39,60,23,43,36,38,43
"LOC131374555",128,256,152,259,304,269,244,326,245,204,117,194,267,119,201,189,169,196,102,122,115,242,108,173
"Gm40267",1,2,1,1,1,1,2,3,3,4,6,10,3,5,1,3,2,5,2,0,2,4,2,1
"LOC131295282",136,210,111,140,124,114,231,123,160,181,133,105,263,77,23,56,237,50,192,107,73,106,197,89
"Gm29543",26,13,22,25,26,28,41,34,17,17,24,26,13,22,16,18,56,11,22,12,20,25,31,24
"LOC131375628",8,26,11,5,10,11,19,14,15,39,13,12,12,14,9,28,10,14,18,6,24,6,8,40
"LOC131371630",193,163,152,124,163,106,187,116,237,173,187,180,101,95,157,113,84,86,206,51,81,188,248,162
"LOC128925056",58,128,116,30,59,161,79,148,104,308,71,215,126,136,158,86,77,183,156,42,96,150,209,186
"Or1f19",63,215,112,189,232,156,186,239,101,226,158,137,198,214,127,147,72,84,163,111,137,83,224,211
"B230110C06Rik",16,46,6,26,19,46,63,31,28,10,20,46,46,15,15,12,41,18,55,11,21,16,35,17
"A130019P10Rik",12,22,11,26,6,21,12,29,7,41,12,40,30,42,13,13,10,12,12,6,11,32,8,33
"LOC132411747",69,120,195,63,75,113,82,163,110,76,182,81,146,70,141,122,123,127,139,86,130,36,116,201
"Or2y1g",3,6,2,3,4,13,9,14,8,10,9,25,16,19,6,8,4,12,2,5,22,6,7,17
"LOC131392370",142,198,146,66,236,274,231,244,177,148,125,211,282,170,167,162,333,164,122,105,224,153,258,144
"LOC131385213",38,86,69,134,41,50,51,41,74,62,42,53,60,46,73,51,30,44,85,54,51,48,26,41
"LOC132409146",7,2,17,4,5,9,7,5,6,3,2,3,7,5,2,6,3,10,13,1,9,3,10,9
"Klhl30",14,86,40,37,13,16,48,70,32,62,18,58,47,25,35,20,63,40,58,42,34,71,35,70
"Gm7126",108,280,178,117,96,147,326,134,213,112,117,155,186,131,203,127,251,87,412,62,82,147,177,117
"Gm31258",73,102,83,81,60,50,51,79,87,109,61,125,103,72,82,75,83,60,118,51,66,40,71,110
"Gm57618",11,6,37,17,26,35,10,10,32,13,10,34,27,40,11,30,19,31,36,7,26,19,49,23
"LOC131373872",46,56,44,67,87,61,81,115,36,81,60,94,42,26,60,34,25,83,32,47,29,40,51,72
"Xmv66",60,45,55,56,46,40,77,65,57,61,89,69,104,84,71,104,69,79,60,92,70,103,75,111
"Gm39943",23,41,25,23,34,10,46,34,35,35,33,12,25,18,7,11,47,44,36,22,41,25,24,63
"LOC132410210",29,113,32,89,38,42,53,54,62,70,115,96,39,44,59,97,62,37,41,18,98,70,46,54
"LOC132411612",233,506,310,210,93,177,329,529,229,342,201,175,260,241,254,290,317,300,196,123,298,313,207,409
"Gm13899",84,61,79,50,56,97,133,135,22,73,42,24,47,46,63,26,51,50,60,33,49,36,105,49
"Gm14864",25,92,105,65,40,80,115,73,128,49,45,66,168,92,66,66,121,39,74,62,63,59,108,110
"Gm18225",114,123,119,85,157,151,222,133,248,141,127,71,140,70,74,105,156,96,136,70,192,79,167,115
"D17Mit187",1,4,4,5,9,2,5,0,8,2,4,10,5,2,5,3,9,4,2,1,1,2,8,2
"Gm42020",36,96,52,46,112,73,94,110,140,69,121,82,136,102,84,49,100,121,43,61,53,58,61,48
"Gm32876",290,491,473,121,358,196,383,422,216,321,358,237,167,242,194,365,353,128,230,268,250,210,388,278
"LOC128927689",122,347,155,231,60,240,204,297,215,67,340,232,196,102,82,165,102,122,82,127,135,163,153,143
"LOC131371683",17,173,44,37,15,84,31,55,47,96,30,54,20,24,41,32,66,51,26,35,31,33,48,34
"Ifnl3",19,21,13,14,20,9,16,16,11,23,7,14,3,10,7,29,10,8,8,19,9,12,13,14
"LOC132410307",50,32,32,23,42,57,69,28,70,26,59,68,31,20,35,29,65,52,24,28,26,21,48,33
"LOC131388989",5,26,11,13,12,20,10,26,20,9,1,13,7,25,2,9,3,25,21,5,12,22,9,15
"LOC131375805",22,60,62,79,38,81,90,24,43,54,18,109,34,51,54,43,91,43,19,34,35,38,49,60
"Fam53b",5,69,58,27,63,33,10,34,36,47,33,23,25,10,12,19,22,16,21,35,23,39,40,52
"Gm13604",10,27,28,18,21,35,25,42,29,37,50,41,20,18,30,32,23,24,40,31,27,21,32,31
"LOC131386559",66,181,78,146,131,98,194,177,61,274,93,98,132,189,91,111,120,64,63,45,111,80,180,97
"LOC131341314",12,36,42,3,42,22,22,25,62,24,26,47,41,13,28,18,23,23,25,7,22,26,44,33
"LOC131339271",123,412,254,281,126,314,329,401,357,192,194,235,219,153,157,201,428,322,190,113,116,302,203,177
"LOC132443414",14,24,22,34,8,29,25,12,12,39,60,43,20,19,22,18,8,33,21,12,7,23,54,16
"LOC131377308",21,113,39,40,25,76,27,61,46,48,20,23,64,19,53,34,26,26,26,33,39,27,28,51
"LOC131380252",54,170,72,45,32,135,89,86,122,122,76,128,91,79,64,172,110,110,110,85,40,94,221,94
"LOC132442082",29,67,24,65,21,29,16,44,42,49,34,34,52,45,45,21,30,11,26,39,15,24,35,45
"LOC118567965",35,43,28,40,49,74,22,68,51,45,18,50,46,17,12,23,31,40,64,27,27,70,18,53
"LOC131389471",8,14,33,15,26,26,40,29,22,11,20,15,11,19,15,17,20,18,18,20,16,6,30,22
"Smok1",354,996,572,710,446,651,298,1033,228,515,672,350,241,416,358,474,564,633,380,408,317,664,338,305
"LOC131374793",13,6,22,31,48,54,17,47,10,27,29,18,52,11,16,21,32,18,16,8,35,29,62,29
"LOC131385689",5,1,10,4,4,10,2,6,4,3,10,11,10,6,12,2,5,4,13,4,13,1,6,4
"LOC131391362",59,110,80,48,48,105,96,125,62,42,97,57,73,50,48,70,111,76,100,44,71,90,138,95
"LOC132442143",17,92,68,37,38,91,43,51,61,52,34,78,25,54,35,49,36,81,47,49,46,32,69,35
"tint",31,53,36,16,10,30,48,33,43,37,24,34,28,43,32,13,33,30,29,27,25,13,23,21
"Gm18170",155,273,257,88,126,286,246,170,193,87,91,213,117,223,104,128,134,157,110,133,48,244,184,320
"Vmn2r91",53,205,80,61,70,98,121,47,106,79,73,58,153,82,52,62,198,173,148,63,62,90,106,94
"LOC132411309",6,2,1,4,7,7,0,1,4,11,2,7,3,4,2,7,4,7,12,1,0,6,7,9
"Tmem250",55,142,78,96,38,139,84,84,91,98,96,173,77,52,34,77,124,127,111,80,70,42,156,100
"LOC131295191",217,319,589,262,329,359,428,421,435,182,314,349,356,102,316,190,368,155,210,313,243,221,286,139
"LOC132442398",371,495,689,876,356,497,907,340,490,483,441,653,812,403,347,369,451,272,455,274,321,402,811,396
"C80918",2,6,10,1,2,1,3,0,3,5,3,2,3,8,1,3,0,2,9,1,2,3,5,8
"Gm11889",1,2,1,6,5,5,8,11,9,0,5,1,0,3,6,1,0,8,5,2,1,4,4,10
"LOC131374541",46,17,44,43,16,81,27,68,16,20,37,67,51,33,58,46,37,29,16,59,63,28,27,35
"Gm53501",15,32,11,18,21,12,36,12,12,20,24,22,7,12,21,35,18,11,36,12,17,14,32,24
"D7Mgc1",359,765,794,599,798,803,1809,537,698,606,835,1085,425,939,557,520,1268,899,697,514,569,531,650,595
"C030009O12Rik",8,24,16,16,5,21,25,10,14,12,25,9,23,21,3,7,29,13,13,18,5,12,12,32
"Stk38l",5,6,6,7,17,3,6,4,8,2,9,3,14,2,6,3,17,5,4,0,1,7,18,4
"Gm2774",8,15,58,28,26,19,29,30,23,11,17,26,27,13,32,7,19,8,39,10,8,22,25,17
"Or52m1",20,37,16,29,4,16,19,22,18,31,30,2,3,9,22,19,7,16,28,12,27,7,30,13
"Mofp1",107,249,215,237,144,112,131,251,163,313,135,194,199,120,117,84,190,127,262,60,157,121,152,237
"DYzEms1",262,738,384,396,550,1093,653,664,774,303,760,440,635,526,646,693,461,990,729,370,561,567,488,977
"Gm41568",25,35,29,35,32,71,6,86,42,39,38,25,32,24,24,35,24,51,27,33,19,41,38,43
"LOC131371885",74,125,109,59,79,119,146,130,88,50,97,124,132,94,128,149,95,102,113,102,106,31,181,90
"Gm11786",62,75,70,17,60,110,44,93,62,48,70,75,62,74,89,63,66,39,133,67,60,76,73,102
"LOC128927490",8,50,12,38,22,16,2,41,15,32,18,33,26,35,25,11,12,21,21,21,5,29,38,28
"LOC131372866",655,889,748,782,884,550,881,1425,453,993,786,1027,636,489,1014,1089,906,566,1076,772,1011,651,834,1237
"LOC132440634",15,20,36,26,16,75,17,64,27,20,27,53,27,26,46,39,23,22,46,36,49,36,46,46
"Gm42355",0,3,5,3,1,5,0,1,4,2,6,2,0,1,0,1,0,2,1,1,2,0,3,0
"LOC131297219",184,379,194,157,250,337,176,349,201,112,379,163,181,188,104,277,98,142,123,117,221,223,109,220
"LOC131386108",120,111,81,120,83,137,99,258,125,133,201,135,122,106,86,134,122,186,175,71,102,139,170,132
"Retreg3",4,1,3,2,0,3,2,7,0,1,2,3,1,8,2,5,4,3,0,1,0,1,2,3
"Esco1",82,112,145,107,59,233,81,111,146,90,162,114,147,100,71,159,88,69,101,77,168,81,74,74
"Gm6352",4,7,4,9,4,4,21,21,5,17,2,8,9,8,1,8,4,9,7,3,15,5,8,12
"LOC132408458",51,107,50,62,32,102,47,89,31,26,44,71,33,55,56,147,48,26,88,56,39,37,35,88
"Gm39760",244,479,371,392,362,287,180,261,344,412,174,576,301,187,296,322,497,567,289,202,269,281,217,530
"Adamtsl5",201,270,203,392,84,744,102,544,180,269,147,249,426,371,221,303,211,350,303,281,182,146,242,357
"LOC132411349",35,55,17,57,63,64,28,29,29,76,40,52,29,42,15,14,41,45,9,36,21,17,52,40
"LOC131375530",20,9,12,9,8,7,12,12,9,28,15,12,20,30,11,14,3,22,22,11,10,14,10,7
"Arf5",113,141,94,54,101,67,67,114,37,107,114,163,138,65,47,57,128,94,139,83,71,66,124,59
"Ipo13",884,1409,1154,759,579,1565,1628,1307,1630,648,1080,1317,1973,413,1503,947,1369,864,1111,558,1177,528,1286,1686
"Gm15706",11,28,12,23,24,14,29,32,7,29,21,12,16,15,12,56,19,19,21,10,22,33,10,60
"D9Mit117",80,171,110,41,47,93,87,111,107,118,79,97,112,84,58,99,96,94,107,46,71,120,74,132
"A830039N20Rik",59,114,104,60,67,95,85,143,60,44,91,110,141,65,60,75,81,60,134,96,73,49,139,63
"LOC131387194",236,422,136,287,278,357,214,378,405,305,364,150,188,320,124,110,219,174,419,113,241,236,239,170
"LOC132443790",91,226,62,186,126,133,190,179,65,259,87,141,56,128,198,205,230,126,179,96,142,47,236,165
"Col5a3",0,1,1,0,1,1,2,0,3,2,2,0,0,0,1,0,0,2,0,0,0,1,0,0
"Gm32586",2,31,19,25,6,45,15,20,12,26,13,21,18,28,21,13,42,10,28,22,16,17,71,16
"A830054O07Rik",5,5,5,1,6,10,4,8,11,13,8,3,0,6,1,19,2,9,7,10,7,10,4,11
"Gm41605",18,14,16,20,15,11,9,15,7,17,40,18,9,26,8,22,26,3,11,9,8,16,25,25
"LOC132445201",14,9,14,3,12,9,4,1,9,4,7,0,10,0,1,3,10,11,4,1,5,9,21,2
"Casr",64,195,247,173,229,316,244,417,235,248,132,233,187,93,377,202,292,343,326,128,258,220,313,278
"LOC131296226",104,157,46,46,80,162,41,117,144,112,64,62,82,73,61,135,126,73,41,93,22,82,72,75
"LOC131339148",66,118,139,84,118,150,174,134,100,162,162,146,182,73,111,58,17,82,190,111,182,125,293,284
"LOC131373434",203,281,170,129,154,90,202,198,136,202,152,154,129,147,51,142,96,94,167,66,162,158,131,271
"W3q9",24,69,55,70,36,75,61,126,33,53,21,47,53,30,29,61,45,56,39,28,46,81,44,36
"LOC131371283",7,18,10,13,4,15,15,14,13,32,10,7,17,4,19,10,11,7,10,6,3,1,4,3
"Gm53320",42,65,28,33,45,26,49,30,46,70,66,36,19,33,24,42,30,46,50,49,21,28,39,64
"LOC132410991",70,135,48,77,61,93,119,53,131,89,47,99,116,99,72,60,90,54,74,108,67,112,76,67
"D530037P16Rik",399,427,646,529,369,405,358,485,558,492,644,336,444,358,360,383,438,465,502,302,298,358,552,853
"Elpt",22,80,76,45,52,53,95,72,46,66,76,45,68,95,44,68,69,92,99,51,47,37,30,56
"Gm34409",9,3,5,3,10,12,4,6,6,8,12,9,24,16,5,4,13,0,11,1,4,6,11,10
"Myl3",8,9,2,10,6,4,9,7,1,10,6,1,0,7,3,11,10,2,14,5,3,15,0,7
"Pramel55",6,9,2,15,12,24,9,28,5,22,8,18,16,17,6,25,10,21,26,10,14,24,16,11
"Cfap46",47,33,36,23,46,65,22,28,56,22,28,37,2,11,24,24,35,40,18,20,30,17,36,26
"Gm25464",6,7,3,16,6,11,3,10,4,12,16,10,6,14,1,0,25,4,23,5,3,6,8,8
"Gm33719",37,96,65,66,55,138,45,78,54,73,41,54,28,75,27,48,61,34,41,96,59,57,133,138
"Ym",2,0,1,0,0,1,0,6,2,5,2,7,0,4,2,1,1,2,1,4,0,0,2,6
"LOC132410944",12,3,31,5,12,5,24,12,31,6,10,12,10,1,7,12,12,1,13,5,29,4,23,4
"LOC131371286",9,4,4,8,1,4,9,9,10,5,1,12,4,4,4,3,10,1,4,4,10,0,7,5
"Gm3367",18,30,22,15,14,24,39,15,10,3,24,32,14,8,7,8,21,28,22,3,27,13,31,12
"Gm10415",12,11,6,4,18,6,11,4,6,2,5,13,12,4,5,2,6,4,5,0,2,5,9,6
"LOC131384863",18,17,22,10,18,10,19,29,9,10,9,33,1,6,14,14,13,1,13,1,11,11,30,19
"E030007A22Rik",149,447,257,375,190,308,313,337,273,153,311,175,234,408,315,274,298,104,318,101,263,248,358,230
"Dbnl",20,85,61,72,40,74,55,66,65,42,44,74,92,67,45,29,68,72,43,31,36,26,108,117
"Gm4660",47,49,59,42,37,37,89,20,49,78,80,42,52,47,35,49,114,41,51,57,30,51,43,51
"Fbp2",212,253,421,244,381,353,392,880,428,278,179,253,464,316,217,426,196,358,334,163,368,250,365,714
"Uchl5",9,24,14,17,21,21,18,31,20,40,6,34,21,14,19,26,22,18,34,24,11,4,20,34
"LOC131372017",138,301,301,150,348,159,397,197,129,188,175,241,158,124,219,213,119,130,285,160,135,111,358,136
"Gm45331",407,826,518,454,492,260,503,387,456,450,362,410,390,593,397,506,620,438,500,190,344,247,859,545
"Mbnl1",18,37,16,42,24,43,54,64,48,14,82,26,21,11,26,27,25,29,23,16,23,14,39,42
"Gm14020",66,61,50,28,10,36,84,37,65,34,24,45,52,34,21,79,37,40,32,37,46,42,53,30
"Tm7sf3",16,37,10,4,18,24,8,15,8,6,20,15,15,5,11,8,6,8,10,9,25,4,27,17
"LOC131371815",22,17,50,14,34,20,67,42,16,17,18,19,17,20,10,26,28,5,32,7,26,15,17,31
"Gm12201",79,107,58,48,39,88,164,132,80,61,37,40,42,83,25,91,55,77,28,82,91,34,69,81
"LOC131338007",30,61,69,58,29,70,80,73,46,35,70,68,70,46,52,77,39,88,72,47,72,92,64,110
"Gm18031",28,17,36,27,46,49,75,47,34,75,20,39,30,14,22,14,50,20,33,9,16,13,63,22
"LOC131388515",57,74,103,65,51,71,61,106,139,55,93,92,72,71,25,59,40,23,44,52,10,85,96,73
"Loco2",41,91,122,134,49,139,120,124,117,186,128,79,118,142,70,73,116,71,95,48,141,64,30,187
"Sympk",12,4,10,23,5,12,11,3,19,1,15,4,13,7,4,6,18,10,6,8,10,17,3,29
"Gm2429",33,48,24,23,68,67,74,47,43,30,92,45,25,46,83,15,39,30,62,59,54,55,76,40
"LOC131372833",211,381,437,204,242,175,357,400,178,224,474,113,268,372,327,223,395,194,424,324,393,135,341,264
"LOC132412642",6,5,3,2,5,5,2,13,2,2,3,7,5,2,2,16,4,3,5,5,2,4,5,2
"Gm40579",30,93,41,33,30,63,46,43,35,58,57,78,43,88,21,28,35,22,19,39,26,58,48,73
"LOC131373526",12,16,10,10,23,14,4,8,3,21,22,6,13,9,9,7,18,4,4,11,11,28,13,10
"Or52h1",563,833,636,198,769,654,386,787,813,611,796,428,689,432,351,360,1102,532,1036,230,465,693,783,636
"LOC131296564",10,23,30,23,14,8,13,51,9,18,2,25,4,36,8,21,13,26,27,15,7,10,24,18
"Gm42318",68,87,83,79,94,70,98,78,86,133,80,116,106,71,68,120,72,85,119,63,143,63,72,96
"LOC132408541",15,17,15,19,24,14,15,28,10,10,21,18,18,9,14,23,10,14,6,17,17,11,25,16
"Trim17",22,50,12,16,16,29,31,13,12,17,42,19,14,20,19,48,18,26,21,24,18,17,24,34
"LOC131379979",66,139,174,56,22,50,85,89,36,40,35,91,51,46,128,83,65,43,18,49,39,98,99,99
"Hc10",5,12,14,5,11,22,16,24,12,15,15,16,15,14,57,24,15,27,14,8,7,11,36,13
"Gm30673",6,10,9,4,12,7,11,25,9,12,22,7,9,14,15,17,19,4,4,7,4,5,29,7
"Gm33296",12,15,29,11,7,10,13,12,11,7,10,17,12,6,14,3,16,9,12,10,3,10,10,25
"Gm14679",67,40,98,52,41,76,106,70,81,86,63,46,22,65,59,32,63,45,72,65,95,38,66,73
"LOC132443952",38,158,207,127,61,112,150,128,178,94,140,91,99,156,121,75,229,61,85,54,119,94,63,189
"D14Mit261",18,6,10,10,40,18,22,40,10,11,14,10,10,7,9,11,35,7,21,14,43,7,21,5
"LOC132444447",113,171,141,166,90,265,198,243,116,262,77,148,83,218,65,190,315,205,139,92,45,193,159,204
"LOC132411607",3,4,1,1,2,3,3,9,8,13,5,3,1,4,5,3,10,4,2,3,2,8,4,10
"Gm4831",242,322,330,353,272,424,533,331,469,677,364,205,569,305,405,610,365,334,188,463,400,336,443,589
"Glul",0,5,2,2,0,6,4,7,7,0,3,1,4,2,3,1,8,0,1,0,5,0,3,1
"AU015740",10,50,42,36,16,52,26,72,20,30,8,36,33,15,22,13,10,58,19,22,25,23,51,46
"LOC109280143",73,123,95,83,81,47,46,147,103,164,77,91,87,38,48,108,69,89,37,50,63,83,98,133
"Gm18755",811,4109,2039,1168,566,1411,1937,1609,2418,2637,3377,1686,2330,347,684,1275,1490,1844,1900,1144,1005,1434,1666,1056
"LOC132409026",57,119,144,81,107,192,139,177,85,125,94,89,133,139,68,166,105,36,69,132,54,78,117,232
"LOC131385086",13,65,28,20,16,63,32,9,13,14,10,36,16,36,11,11,52,18,46,9,28,28,17,8
"Gm32117",56,84,60,36,37,39,105,51,66,92,46,106,32,53,54,21,79,25,47,73,25,48,41,99
"G730013B05Rik",1,12,3,5,4,12,5,8,9,7,1,1,2,3,2,2,0,0,2,3,0,4,3,1
"LOC131295283",321,888,495,268,309,593,365,587,605,272,287,406,306,245,239,204,450,213,292,208,330,135,532,176
"Aqp11",25,69,34,31,17,47,48,78,57,51,56,64,25,41,34,43,62,38,37,55,40,37,20,69
"D16Ium70",7,55,49,38,18,25,14,17,20,25,7,20,70,20,37,26,46,29,43,25,15,14,49,44
"LOC131341310",6,12,6,17,7,21,6,11,13,8,10,13,6,10,6,15,7,2,11,10,8,6,9,4
"Gm41865",7,9,14,10,4,7,1,16,2,9,0,10,0,3,7,7,5,14,9,7,6,4,1,4
"LOC131375969",3,2,3,5,5,3,6,9,0,1,5,0,2,9,0,0,1,0,5,2,0,3,1,3
"Surf",3,0,1,0,1,2,2,6,2,0,2,8,0,2,4,3,0,3,2,2,3,1,6,0
"Fam24b",8,4,15,7,12,2,20,4,4,9,1,13,3,3,4,2,22,9,5,11,7,10,9,8
"LOC131373852",163,453,121,355,97,183,194,249,158,285,131,217,228,221,145,123,286,240,226,153,124,109,267,183
"Srpk3",79,175,132,107,109,54,41,94,98,96,112,85,76,53,79,132,168,102,122,47,121,72,57,104
"Pstk",8,8,28,7,19,21,11,20,18,11,8,9,7,11,23,7,26,24,29,23,19,19,22,12
"LOC131375893",1391,2662,1007,2363,454,2178,1654,2204,1060,2113,524,2017,1373,2018,1394,1951,1246,1497,2538,1317,940,1460,1336,1048
"Gm51971",356,516,680,369,240,406,525,483,592,526,279,386,390,290,237,214,457,292,397,234,284,147,509,417
"D10Hgu1",18,55,80,21,27,35,27,25,17,29,25,32,12,32,29,42,15,4,50,23,52,21,53,57
"Gm10304",3,1,12,5,12,9,6,3,2,8,6,6,7,6,9,10,7,1,4,5,9,1,2,7
"Rplp1",29,62,29,24,44,39,23,30,46,37,58,62,31,71,32,18,61,28,30,39,40,35,42,14
"Bsnd",15,13,3,27,6,42,10,4,10,12,7,17,3,12,12,5,7,11,18,8,6,4,6,15
"E230023K05Rik",12,18,29,8,24,9,15,24,13,10,10,19,33,4,4,3,22,9,4,6,15,9,20,13
"Tpst1",412,740,336,601,383,475,692,381,592,568,667,514,536,404,561,704,591,420,741,390,956,447,704,768
"Samtor",49,59,51,49,49,83,137,67,65,87,140,65,42,57,77,58,110,31,70,40,32,82,40,42
"LOC132411344",144,359,227,286,507,414,307,243,133,206,69,324,270,145,93,227,292,196,271,242,191,292,244,191
"Or5o1",7,28,11,20,7,13,13,5,12,7,6,16,1,9,7,19,8,3,5,6,3,16,20,13
"LOC116804921",18,36,41,19,10,46,22,54,15,36,23,40,12,14,28,28,27,27,37,9,15,28,26,58
"Gm21722",147,289,192,322,284,260,189,217,120,256,144,402,194,407,97,243,148,182,195,82,111,206,267,174
"Gm25096",70,208,110,127,63,106,120,76,77,103,53,91,48,62,54,108,53,104,73,75,71,47,74,75
"Gm25256",227,180,263,291,171,131,263,152,175,200,221,291,241,165,166,89,272,212,204,278,72,126,239,268
"Gm15396",1,1,0,7,1,3,5,5,2,3,2,6,3,3,1,1,2,5,5,2,3,3,3,7
"D8Mit205",6,6,24,2,4,13,12,17,5,17,11,25,5,5,10,5,3,12,23,11,10,4,15,14
"Dennd1b",3,14,14,8,6,18,0,2,10,7,17,27,16,12,11,8,6,4,7,10,10,19,1,12
"D13Mit181",66,57,79,36,26,38,83,87,40,55,73,70,46,65,63,35,26,20,74,34,43,38,76,83
"Fam3b",231,427,226,228,510,378,361,391,141,413,250,238,181,168,190,209,173,188,340,182,161,164,224,376
"Mup8",49,93,78,65,67,110,66,109,28,77,79,66,60,136,67,53,61,81,98,62,19,33,57,26
"LOC131377161",13,46,27,16,42,52,15,61,26,21,26,30,17,21,26,30,28,28,41,31,41,16,71,14
"LOC132443640",74,51,48,18,60,52,47,77,52,15,66,32,67,5,59,26,14,19,32,32,59,13,42,36
"LOC132445286",700,982,1537,1554,1058,1348,987,1381,1182,845,1979,760,527,1025,1517,522,1069,867,1852,1182,747,862,2056,899
"Mndl1",60,203,194,155,68,139,141,136,116,155,85,173,164,156,147,67,142,84,120,112,140,195,107,90
"LOC131380306",15,60,24,18,34,84,62,23,17,41,45,29,51,33,26,63,21,24,24,38,43,12,105,32
"Eae30",28,82,33,45,38,49,90,81,33,40,41,102,60,34,69,72,92,34,36,48,53,66,119,60
"Gm8045",78,88,130,18,70,90,77,118,152,213,154,136,80,169,117,153,47,93,79,79,126,88,42,59
"Char8",19,61,60,28,28,130,25,46,50,100,23,77,49,41,33,34,77,29,49,29,47,17,54,101
"Gm11581",206,335,464,158,379,283,286,286,165,161,210,498,355,485,239,281,283,325,603,192,255,150,170,450
"Barhl2",12,31,52,57,16,36,24,10,32,34,10,14,21,25,21,33,11,41,31,41,35,60,37,41
"Secisbp2",112,430,136,220,61,156,129,175,127,186,53,264,66,146,53,91,154,98,146,155,85,167,143,132
"Gm38732",302,249,352,855,214,383,782,402,602,406,276,616,383,246,304,383,434,308,356,258,301,263,490,460
"Cfap65",17,91,68,54,53,23,24,20,70,84,46,55,35,16,59,32,67,17,34,20,34,32,26,40
"Gm18339",21,35,47,30,19,31,15,18,39,20,16,39,22,40,12,25,39,8,31,43,42,12,17,23
"LOC131341261",54,281,71,154,83,144,62,237,101,99,135,179,172,52,120,91,129,84,150,49,87,123,121,84
"D0Rp6",69,41,33,78,29,78,94,168,89,56,90,117,35,50,21,64,71,25,167,42,38,44,62,109
"Ovca2",21,29,65,55,38,46,44,7,48,48,14,26,34,19,24,38,50,29,66,35,28,21,61,58
"Slc7a12",161,745,582,543,455,494,485,410,340,275,556,329,369,233,411,699,663,243,497,349,488,425,675,369
"Colgalt1",88,174,171,46,107,175,113,148,102,134,110,219,74,84,139,61,98,87,90,52,100,67,84,64
"Gm36858",67,66,47,86,44,126,116,63,49,56,78,58,52,109,41,115,55,69,46,54,60,71,85,87
"LOC131377717",95,198,137,188,243,143,295,297,201,183,154,384,189,273,95,190,212,364,282,192,249,156,329,198
"LOC132410502",19,80,30,23,40,61,61,119,88,73,70,55,42,41,64,42,84,65,74,30,56,71,75,69
"LOC131384789",121,161,67,135,54,176,173,249,111,72,241,139,72,157,135,176,170,156,97,82,53,169,119,194
"Vmn1r165",10,11,25,17,14,22,42,12,36,32,12,20,10,3,13,8,32,5,15,9,16,5,9,11
"Gm20127",262,1508,792,881,512,1034,986,849,1036,658,591,881,1033,485,842,1027,643,979,1030,406,1023,1045,2310,1470
"LOC131338071",3,3,6,1,1,2,2,0,4,0,0,0,12,7,5,10,8,8,1,2,18,1,7,4
"Trav20",13,49,25,41,20,15,14,45,39,49,24,35,25,13,28,10,18,27,22,15,11,51,20,31
"Tsiq2",44,94,16,22,22,47,35,26,3,25,32,26,26,54,15,19,14,56,11,38,13,29,42,18
"Gm17205",29,115,81,27,47,55,47,54,8,59,53,25,102,23,51,36,29,36,25,22,59,58,65,17
"Gm23005",1,2,10,2,5,1,5,10,3,2,7,1,1,7,4,1,13,3,1,2,2,1,8,10
"LOC132410812",204,256,195,234,267,398,520,125,232,259,283,463,232,209,290,190,221,225,459,183,239,87,298,239
"Gm24469",25,63,58,51,54,51,62,31,29,41,59,50,42,29,43,65,105,18,30,20,42,34,31,40
"LOC132441319",54,92,47,69,73,48,61,93,71,60,56,43,51,50,59,44,88,23,104,37,62,41,90,49
"D3Mit178",6,3,8,6,3,23,11,18,2,2,12,8,2,12,3,8,13,12,11,18,12,11,7,19
"Ccdc65",87,126,115,111,112,86,55,79,105,80,83,59,80,115,27,81,131,69,52,81,67,120,121,81
"Gm40181",119,215,90,74,59,185,165,79,99,146,131,147,53,102,93,58,61,91,128,72,81,82,155,111
"B6SP6",4,0,11,7,7,12,3,11,2,3,2,7,1,2,10,7,6,3,3,14,1,5,7,5
"LOC131375275",9,11,23,14,18,28,34,16,10,52,29,10,53,26,18,15,44,24,15,22,25,38,31,29
"LOC132408185",175,108,180,189,126,107,142,237,196,92,132,170,168,61,136,98,151,123,176,164,122,106,193,120
"Gm53450",15,19,3,11,16,14,13,11,16,12,5,7,18,13,9,13,10,5,0,12,11,12,19,25
"Gm29903",130,75,77,74,34,68,87,192,172,109,57,113,176,45,42,78,69,84,133,63,38,40,110,80
"LOC131338383",14,30,30,26,27,77,50,16,11,14,24,12,22,45,17,42,27,17,29,16,21,12,36,15
"LOC132409562",4,27,27,36,14,64,42,20,26,57,31,70,43,62,17,54,50,30,17,42,22,52,27,33
"LOC131378231",74,220,199,92,92,123,144,117,168,100,232,34,71,128,67,127,122,150,410,63,92,156,185,203
"Gm46629",134,112,194,93,116,220,234,82,126,180,192,260,138,177,186,222,168,92,182,140,138,123,194,180
"Spl",1,5,5,8,2,4,5,6,4,6,10,4,4,10,7,4,5,1,3,3,2,4,6,6
"LOC128926509",62,121,113,47,47,42,63,137,77,62,143,155,72,56,99,80,77,34,48,77,45,54,124,125
"LOC128927164",55,90,67,104,106,207,96,139,84,71,98,91,97,104,68,90,57,80,74,47,103,79,45,93
"Gm30713",75,242,127,144,91,52,118,175,89,161,140,58,240,68,86,144,138,79,174,96,66,130,157,110
"LOC131377225",11,10,19,13,13,16,34,6,10,19,27,22,32,16,4,18,15,13,13,8,4,11,6,11
"Gm46280",26,49,13,30,15,86,61,63,15,99,53,18,16,44,58,36,42,72,49,53,20,31,51,33
"Clxn",11,21,15,7,16,8,12,23,20,24,7,26,40,13,10,6,33,3,16,1,7,16,12,9
"LOC131374660",104,321,127,149,238,213,191,108,174,124,162,212,218,92,111,150,136,48,194,84,122,106,183,155
"Gm26096",0,0,0,1,0,0,1,2,0,0,0,1,1,0,2,2,2,0,0,2,0,0,3,1
"LOC131388890",773,1412,1230,1570,804,578,905,1694,618,1624,562,1233,1177,1808,1207,1383,1120,1054,1528,575,679,491,1018,997
"Gm6554",0,2,1,4,6,0,0,3,3,2,5,5,1,1,0,0,0,0,1,1,2,2,0,3
"LOC108178990",17,36,40,46,20,78,24,42,54,44,34,49,66,19,17,49,62,41,28,20,42,28,24,21
"Mdc1",15,6,9,7,7,9,2,5,19,22,7,6,8,2,3,3,7,3,18,3,6,8,6,2
"LOC131379725",44,109,27,47,28,53,30,58,45,32,35,33,65,48,25,24,34,48,25,55,39,27,55,36
"Emv39",11,6,13,21,8,11,1,27,4,6,9,6,7,19,15,6,11,14,15,11,4,13,3,5
"LOC131391291",18,38,27,24,13,40,56,26,18,22,14,53,40,47,4,25,18,26,45,14,3,36,39,28
"Gm5832",526,1742,809,724,436,583,828,803,879,796,1139,899,1044,852,540,353,1273,629,988,1035,343,790,1169,1181
"Gm39558",38,34,47,33,46,70,47,32,32,10,76,51,47,33,32,41,50,17,47,24,70,31,80,42
"LOC131341330",46,68,105,62,43,101,93,38,48,68,60,92,39,77,73,48,51,45,56,25,51,19,63,21
"Gm19170",22,46,21,48,35,39,44,33,22,66,27,36,23,24,23,42,71,59,25,39,31,49,24,30
"LOC131338045",75,128,87,135,110,90,104,141,143,85,82,124,45,86,61,58,133,50,120,135,78,35,134,131
"LOC131374884",8,25,4,4,5,7,12,4,5,13,5,2,8,2,0,1,11,3,5,7,6,2,15,2
"Prot",12,22,9,18,24,4,19,18,6,27,18,24,19,14,18,2,23,21,23,8,28,14,13,8
"Gm4924",6,6,16,4,3,1,8,11,17,18,10,11,3,4,3,17,4,18,1,12,5,11,4,21
"Gm25092",34,124,101,68,52,97,49,138,51,95,77,82,69,71,67,101,62,42,84,42,61,46,76,60
"LOC131371955",10,17,23,3,10,31,13,10,7,18,15,28,14,3,18,11,21,14,34,5,9,21,36,2
"LOC128924270",268,422,308,461,244,346,663,441,242,444,274,539,480,222,288,211,240,211,482,323,339,264,302,377
"LOC128926615",30,40,25,29,30,52,39,66,74,21,36,55,31,12,36,44,31,25,55,9,35,29,62,20
"Gm11473",32,16,49,17,10,36,18,7,22,21,8,51,37,15,15,12,21,17,22,7,23,18,36,15
"Tomm34",6,18,24,8,12,11,14,11,27,14,14,13,26,19,1,12,25,25,15,29,20,31,32,43
"Ubc",159,154,149,190,167,191,283,271,108,141,144,170,127,231,52,84,207,91,162,86,183,95,189,147
"LOC131379480",28,106,47,70,58,60,63,107,47,128,28,71,124,66,81,145,94,97,36,73,105,45,18,156
"LOC131338092",41,66,48,46,27,87,31,77,39,51,33,72,27,57,52,31,24,89,103,11,13,23,29,41
"LOC131377547",11,14,13,11,14,1,18,8,21,9,17,10,23,13,8,6,23,7,2,5,11,19,4,4
"LOC132409788",5,4,7,13,4,16,7,19,9,17,28,21,15,9,8,10,4,4,21,17,16,11,10,13
"Gm33666",94,89,58,85,80,139,101,98,101,150,76,79,91,72,85,46,163,60,96,35,153,84,180,117
"LOC132443759",52,115,68,41,149,110,55,121,163,40,83,107,171,137,60,54,170,142,151,33,77,62,268,104
"LOC131341288",7347,18080,9717,10705,12877,14255,16298,10742,11074,17561,3978,12533,7387,16087,7534,10384,7343,5227,16252,9749,7868,8030,7158,18591
"Gm19337",19,12,18,16,35,30,35,13,73,23,26,29,25,26,20,11,38,16,41,22,28,16,45,2
"B930028L11Rik",1,9,6,10,6,1,5,2,3,5,4,7,7,2,18,9,9,5,3,4,3,4,2,17
"BC005685",27,33,39,22,39,25,29,52,54,49,34,35,18,24,37,27,41,37,48,13,37,13,25,42
"LOC109280009",20,12,27,18,12,19,28,14,15,15,11,4,8,17,16,39,9,5,29,2,15,18,3,12
"D2Mit74",4,13,7,5,11,6,2,6,2,1,1,4,8,7,4,16,7,1,9,1,3,6,8,8
"Cyp3a57",17,29,18,27,20,36,42,24,16,14,30,17,23,63,32,19,19,8,50,19,16,30,30,12
"A430072P03Rik",8,5,1,2,27,7,20,9,31,6,6,5,5,6,15,13,15,24,10,7,10,7,8,12
"Gm30247",1,10,2,2,1,13,0,15,4,4,3,8,7,7,7,16,10,10,10,8,6,7,18,6
"Tlsr1",267,2198,588,1280,685,1156,667,689,711,636,1287,778,1341,928,503,1174,1133,787,576,802,729,839,1211,928
"LOC132410075",24,41,50,19,24,27,39,42,42,107,20,43,42,63,38,30,16,123,26,70,31,32,45,44
"Cdx4",12,36,30,41,20,19,40,40,27,30,4,14,31,21,13,45,6,34,8,8,23,26,43,33
"LOC132412118",6,119,71,39,48,129,52,103,44,41,45,51,24,47,32,23,29,36,90,61,8,47,30,65
"Gm33105",21,134,93,61,53,130,87,64,35,31,72,69,30,145,31,89,61,62,52,78,93,37,58,143
"LOC131376679",30,152,61,48,84,130,55,52,68,162,39,142,107,53,57,66,75,100,59,119,26,81,81,28
"Gm30563",38,37,58,107,32,52,30,133,59,71,36,23,44,27,34,67,17,28,54,21,48,39,52,55
"Gm26122",138,347,122,304,268,223,194,380,339,386,64,326,219,206,124,342,247,225,198,195,237,218,355,389
"Gm42179",17,49,26,48,30,64,33,14,8,36,36,26,29,15,23,40,36,47,41,27,18,17,2,31
"Gm13035",56,134,134,110,128,132,115,73,94,102,157,77,163,142,116,93,89,118,53,93,38,71,137,264
"LOC132412455",1,7,6,8,12,4,17,4,14,2,7,11,16,6,6,7,20,7,25,5,3,11,12,13
"LOC128926318",19,3,5,12,11,8,15,2,3,12,4,4,0,5,2,1,3,5,19,11,4,0,4,5
"Gm38476",16,49,41,49,32,39,93,93,99,79,45,71,31,31,52,67,69,14,56,47,43,19,31,72
"LOC131296082",169,209,269,210,370,347,229,213,361,267,208,188,185,154,240,283,373,263,626,227,133,191,262,295
"Gm16269",47,103,72,135,109,119,112,313,112,232,92,118,147,62,96,114,127,170,89,77,79,78,112,169
"Pate5",181,384,284,339,242,193,221,344,284,731,296,293,245,291,234,158,443,361,430,336,312,325,294,374
"Msrb2",6,10,6,3,0,8,1,7,5,3,10,6,4,5,2,7,14,4,2,0,3,1,2,1
"Fzd8",23,23,29,4,10,7,15,10,16,16,6,25,27,4,9,15,21,13,11,5,7,3,18,8
"Tpi1",401,534,843,470,423,398,526,436,625,282,328,370,412,187,295,565,411,534,337,215,318,405,462,594
"LOC131341258",44,68,72,47,58,67,75,82,42,51,62,82,97,46,37,69,69,64,52,96,40,109,112,96
"LOC131374885",58,100,39,23,43,169,79,58,82,74,74,70,71,90,25,76,54,44,99,44,32,78,136,101
"Epb41l2",45,54,43,43,40,34,18,48,17,36,50,29,33,33,31,59,48,23,35,42,26,35,55,40
"Tgoln2",28,19,60,37,20,65,68,40,25,40,28,26,35,14,26,52,61,28,62,44,18,9,51,91
"D1Mit366",12,20,25,27,50,37,43,66,41,33,24,23,53,47,38,27,90,23,16,42,13,11,67,20
"LOC131387662",59,171,80,113,60,114,87,112,40,125,76,81,87,163,187,168,80,141,58,67,86,94,103,225
"Skts12",20,82,28,23,29,34,40,11,21,30,42,11,44,21,26,37,11,20,47,15,24,45,42,41
"Or11a4",57,109,66,78,61,84,170,71,99,66,60,107,38,120,49,54,94,87,93,45,47,27,137,77
"Klra8",23,112,50,44,34,59,38,90,39,45,26,81,20,62,51,42,45,38,47,87,28,36,37,52
"Fgf5",711,1825,1055,661,445,1244,814,1093,894,1061,884,644,1303,1183,959,338,1131,649,820,878,366,411,792,1043
"Iap5ra6",2,1,4,2,12,6,0,6,5,0,1,0,3,5,2,5,3,7,2,1,8,0,4,2
"Zfp748",490,1355,524,610,429,883,495,692,877,715,677,556,808,533,408,705,962,615,1034,868,416,604,597,1017
"D1Mit225",223,725,231,326,269,286,302,343,241,366,149,307,202,182,359,399,323,333,361,362,293,265,261,481
"LOC131391738",101,213,146,129,46,122,181,207,111,122,194,164,148,81,128,171,148,142,144,143,76,139,268,108
"LOC131388188",13,20,23,9,9,13,8,14,5,14,18,4,14,5,4,3,17,2,11,7,15,4,7,9
"Gm53229",66,177,94,97,93,81,113,66,76,98,109,137,91,96,108,53,132,76,45,22,54,35,112,119
"LOC131338609",166,403,185,320,264,278,249,655,210,380,387,414,144,201,102,163,362,187,317,171,188,281,363,253
"Vmn2r82",79,180,230,109,122,240,226,192,167,134,220,125,111,119,79,124,170,70,115,116,119,93,136,44
"Gm34248",13,27,23,33,18,28,14,54,17,3,25,23,20,23,7,29,15,14,9,41,10,13,23,15
"Gm54075",1,7,2,0,3,1,1,1,1,4,6,2,3,0,7,0,0,4,3,0,1,4,2,7
"Gm53412",220,258,247,172,187,147,206,268,250,177,329,176,376,162,157,174,331,212,150,189,163,237,413,251
"AA511275",7,36,33,18,49,22,21,63,19,55,45,18,15,30,28,15,45,26,30,22,24,10,31,18
"Heal3",12,4,2,3,3,12,12,7,3,7,5,8,4,7,0,6,5,9,10,3,6,3,7,6
"LOC131388797",33,91,29,45,28,22,55,50,36,47,21,58,51,36,71,51,38,35,60,37,35,38,126,52
"LOC132411578",18,26,21,30,10,30,7,28,11,40,25,21,15,13,33,14,13,23,29,20,15,32,25,26
"D3Mit19",56,266,122,106,144,150,94,296,57,108,278,195,132,261,88,129,113,151,122,130,139,195,244,113
"LOC132411326",60,109,40,30,60,64,24,34,54,41,7,40,22,77,26,48,79,21,62,38,31,27,55,34
"Egln1",239,199,134,258,165,634,217,275,175,378,173,357,209,314,112,278,214,188,217,246,185,204,403,288
"D2Ertd337e",61,296,260,162,152,363,256,314,215,332,401,392,187,258,325,255,294,135,273,169,60,190,294,322
"Gm54056",65,442,173,284,201,380,564,393,355,418,271,326,228,446,200,348,325,116,233,408,228,352,652,332
"LOC131379541",3,4,3,3,6,4,6,1,1,8,2,3,10,2,10,0,16,11,2,10,0,2,3,14
"Gm14947",7,40,7,5,4,19,11,16,23,5,13,15,7,26,7,1,3,24,25,10,15,21,16,26
"LOC131387785",30,87,27,36,28,96,97,31,60,70,40,44,31,41,62,29,53,36,48,17,76,29,29,12
"Igsf11",36964,114001,37089,50107,32161,66569,43202,63601,41114,25865,49378,43690,33984,41139,30618,34271,50145,40950,53957,29522,39086,38943,40410,82225
"Slc24a5",11,12,21,42,36,31,26,33,30,22,12,19,19,13,24,26,49,15,11,35,21,26,20,33
"Gm40374",104,217,515,242,160,385,345,228,391,242,266,342,378,128,148,282,211,152,485,471,394,201,566,428
"Gm39503",123,142,155,182,125,123,150,298,118,234,156,299,209,154,66,224,233,208,167,170,114,156,229,280
"LOC132443060",67,155,123,103,76,141,75,42,64,129,157,107,105,92,35,108,81,52,112,66,112,61,160,71
"LOC132443368",129,214,105,116,118,136,190,296,198,88,73,164,147,292,95,184,142,174,161,154,162,255,338,191
"Gm34924",5,7,6,23,6,3,11,15,8,31,2,20,7,25,1,12,6,2,18,5,19,13,9,19
"cac",62,50,49,49,97,106,101,105,84,91,50,88,145,96,77,23,75,28,90,77,125,44,103,77
"LOC131339739",2,1,1,1,2,0,1,1,1,2,3,0,0,7,3,0,1,2,3,1,0,2,0,7
"Tglq1",10,41,59,5,39,20,25,9,21,12,26,15,36,17,14,10,18,21,34,31,11,23,32,32
"LOC131375163",15,19,25,13,16,23,30,9,20,10,13,18,30,15,8,7,9,13,28,7,23,11,15,35
"LOC131297560",2,1,1,1,0,1,1,2,0,2,2,0,0,0,0,0,0,2,2,0,0,0,1,0
"Gm32916",4,31,13,7,3,23,5,5,1,17,5,2,6,11,0,14,2,3,9,3,11,6,11,0
"LOC131391387",111,298,103,177,101,269,165,120,235,208,52,154,241,132,195,95,109,114,166,97,163,130,168,90
"Cpap",22,69,25,78,44,18,26,32,32,47,43,19,25,33,19,31,30,8,23,10,6,16,18,65
"LOC131296531",85,95,55,94,42,219,102,89,139,138,115,161,73,139,64,127,76,105,60,57,72,65,109,132
"Gm57821",359,1040,420,327,668,754,560,395,433,591,357,778,487,442,403,406,624,702,458,645,323,721,314,952
"LOC132410583",163,156,82,188,198,234,310,325,177,269,381,188,244,158,202,124,187,112,180,147,213,119,340,321
"Cbfa2t3",57,101,64,64,40,119,61,92,99,46,52,162,135,103,60,92,219,48,65,85,97,67,95,85
"LOC131296959",47,82,58,113,68,105,46,71,51,96,39,98,35,54,37,51,51,63,52,40,29,83,48,24
"Gm36784",153,195,301,271,124,127,562,145,307,165,171,252,217,57,173,269,226,85,252,148,214,153,344,181
"Gm14718",262,354,725,424,169,399,792,433,272,353,346,378,494,354,450,167,551,231,576,241,161,187,381,387
"LOC131391662",47,99,44,164,73,92,75,123,58,164,151,30,65,131,38,133,113,101,89,58,49,73,102,96
"Dilp3",16,29,11,14,12,28,27,13,18,32,26,24,11,11,18,10,32,20,24,5,36,12,37,23
"Tgoln1",343,347,381,259,199,177,300,264,124,302,182,256,165,203,113,241,226,177,158,98,381,152,261,410
"LOC131296918",16,50,32,63,18,38,63,40,43,11,25,56,24,23,14,31,55,49,49,16,25,37,26,17
"A130067G02Rik",209,223,281,179,261,242,359,226,300,112,246,330,229,188,128,219,315,141,119,92,215,216,389,142
"Gm20797",10,16,14,17,18,12,21,8,15,12,6,18,11,12,5,3,13,4,34,21,25,27,1,7
"Nlrc4",10,8,3,4,5,9,19,15,29,8,19,10,3,1,14,15,4,2,10,10,15,5,18,7
"LOC131375959",8,12,3,5,5,3,7,0,3,1,15,5,4,4,1,10,3,2,4,2,2,7,5,8
"LOC132410734",19,51,114,58,52,39,56,21,33,28,93,33,64,39,31,39,36,45,87,19,24,30,71,73
"LOC128925857",13,85,30,33,58,55,34,83,23,34,65,50,48,27,30,31,55,55,143,30,98,48,34,77
"Cdnf",7,13,4,3,4,7,14,4,7,4,4,14,2,11,7,5,8,5,9,3,5,4,1,6
"LOC131377294",252,532,324,224,208,572,334,370,280,433,462,421,268,235,281,195,285,362,429,164,336,177,605,363
"Gm41853",5,6,5,7,12,12,8,4,9,3,6,7,4,3,5,10,11,4,14,2,0,4,6,4
"LOC128927249",20,16,14,12,4,4,28,19,11,16,10,14,10,15,8,16,17,4,8,17,12,14,15,3
"LOC131391926",5,24,34,13,7,6,8,3,5,10,30,11,18,17,11,5,28,18,13,3,21,15,14,21
"LOC131377814",108,157,251,66,173,180,124,167,57,95,145,128,187,141,122,106,166,88,293,70,79,119,285,133
"Gm6999",1318,2121,1904,2470,2282,2737,2468,2049,1600,2637,1625,2201,2045,1905,1758,1636,1177,1560,1913,1286,1062,1452,3612,4264
"Gm18672",40,95,35,107,54,207,44,113,141,151,122,112,109,72,35,63,93,67,61,49,35,89,106,80
"LOC131377877",9,82,70,38,24,60,102,59,18,16,34,42,57,37,25,46,14,23,103,32,39,54,12,38
"Cfap161",64,148,159,233,153,207,109,152,254,284,70,127,70,319,85,190,105,136,241,152,138,174,412,263
"Oser1",22,13,5,10,7,26,14,6,20,2,13,19,9,18,7,11,35,16,31,10,7,9,12,58
"Gm57826",269,643,361,475,237,232,431,500,347,288,402,328,411,263,203,371,231,247,311,225,293,143,420,654
"D12Mit4",60,126,225,210,56,111,109,179,81,112,188,143,118,139,138,87,62,72,184,132,103,75,252,167
"Gm5955",128,269,126,91,192,282,251,356,223,322,136,179,253,101,188,213,272,182,195,127,115,163,240,392
"LOC131392665",109,226,160,77,123,154,246,165,224,232,263,277,179,128,54,68,193,90,216,181,240,164,190,171
"AA517457",337,453,348,168,308,336,215,157,183,352,506,695,260,343,142,159,90,158,323,264,216,293,339,473
"Gm43975",7,15,5,5,1,3,9,9,16,8,16,8,5,6,1,2,5,13,11,11,12,4,14,17
"LOC118568639",88,113,30,34,72,91,121,110,91,87,92,56,131,163,175,58,102,60,61,54,84,110,24,150
"Gm41225",33,31,72,45,56,32,36,63,66,32,31,29,36,7,31,47,54,43,60,14,23,52,35,80
"Gm10362",16,45,42,42,29,37,31,73,82,42,47,86,39,51,29,17,24,31,58,19,15,32,38,33
"LOC132443891",41,53,35,27,46,62,41,54,17,29,88,38,25,46,57,47,93,16,48,13,43,44,43,52
"Speer4f2",78,79,90,82,72,98,43,90,116,57,67,42,116,57,107,59,60,81,102,55,76,58,190,106
"Rab1a",38,64,75,32,22,66,33,58,53,45,47,35,48,31,30,30,88,39,48,27,43,33,40,19
"LOC128925258",58,45,67,55,44,41,32,37,51,42,37,62,27,50,26,41,46,22,72,34,19,25,22,83
"LOC109279844",10,3,6,20,13,5,10,7,24,17,24,10,14,8,28,5,7,2,14,5,4,13,15,10
"Tmem259",50,50,26,41,35,23,49,51,30,36,41,40,23,51,17,40,59,11,48,17,51,21,117,55
"LOC131386380",18,36,27,45,36,53,7,40,64,46,22,39,35,31,27,28,50,30,19,40,10,36,57,51
"Gm20810",159,146,207,199,146,260,294,262,337,179,389,149,144,225,165,82,209,277,294,121,110,316,212,250
"D630004N19Rik",51,138,95,56,26,93,157,30,33,84,47,117,68,48,63,62,130,92,52,77,80,51,89,83
"Cdcp2",2351,4849,3300,5591,4381,5235,3336,6660,4059,6582,3359,4637,5002,3223,3237,7471,2929,4977,4683,1705,2902,2787,3992,5593
"Gm39014",178,221,210,337,150,196,191,293,297,142,159,213,135,85,144,175,459,265,213,85,109,322,171,110
"Ripor3",16,20,34,26,7,16,26,43,44,32,14,15,34,25,16,21,13,40,10,12,56,33,26,25
"Gm18277",92,145,99,62,77,88,193,104,60,100,43,59,104,94,82,64,99,89,88,80,50,86,63,180
"Vmn1r261",79,255,228,142,287,263,629,223,342,181,197,461,320,321,263,353,538,244,378,173,350,59,520,208
"Gm41409",116,418,322,381,201,450,470,288,243,234,380,282,173,232,224,335,307,379,310,202,170,373,496,370
"Gm40545",2,4,2,1,7,4,9,2,3,3,7,2,10,4,2,1,11,2,3,3,7,1,13,5
"LOC131295900",52,81,186,110,74,94,112,107,119,151,90,77,125,77,123,135,44,34,63,74,104,23,164,66
"C4b",161,264,171,253,246,168,250,122,347,264,245,189,140,150,84,124,198,46,182,147,192,144,216,224
"D9Mit137",45,62,39,40,28,96,22,64,27,20,49,106,45,39,17,43,51,26,59,41,59,65,70,58
"Numbl",394,565,460,520,262,533,451,608,644,569,467,417,830,584,398,335,509,345,511,278,328,426,508,453
"LOC131336807",197,354,391,290,347,379,350,353,489,240,338,191,221,456,103,183,283,297,285,242,173,312,571,360
"Gm7577",261,600,382,906,443,698,200,557,569,998,465,630,530,363,337,558,468,531,860,426,212,591,1056,607
"Tenm4",15,21,8,7,17,15,2,15,7,18,8,3,22,6,2,15,23,4,7,4,16,7,4,15
"Gm40653",109,136,174,89,88,197,181,130,152,93,158,153,126,96,86,133,168,67,62,53,71,55,79,137
"D9Mit144",19,44,15,35,38,34,28,49,27,46,59,31,31,17,58,9,51,17,27,11,20,6,35,31
"LOC131338006",175,191,145,189,88,215,255,256,323,306,240,269,109,108,70,156,194,145,154,156,134,167,171,82
"Gm24195",3,15,3,7,4,6,15,1,1,3,4,2,6,4,1,0,5,2,11,2,5,5,1,3
"LOC131372552",36,106,10,106,41,92,79,61,43,45,60,35,28,68,36,36,59,67,112,27,39,16,78,68
"LOC131385110",216,443,721,389,608,643,553,1002,546,926,547,638,830,346,582,687,790,353,489,310,475,760,578,688
"LOC131390933",62,178,121,39,101,67,89,82,74,88,84,150,61,90,79,136,165,110,81,96,74,137,88,158
"Gm46179",1416,1983,1335,1388,1072,1161,972,2921,1134,1159,1415,1632,2120,1005,694,1193,1182,1463,1478,1745,1625,1440,2041,1826
"LOC131376543",13,28,27,28,37,22,25,4,20,23,18,19,15,20,16,16,13,3,26,3,32,17,7,13
"Gm8184",48,204,86,68,103,116,87,133,85,67,63,84,98,61,103,28,89,80,143,95,81,63,105,100
"Gm34371",0,3,1,0,1,0,0,3,3,5,3,0,2,1,5,1,6,5,3,1,5,0,1,2
"LOC128924863",9,12,16,36,9,8,21,33,23,8,5,10,11,18,9,7,17,8,12,9,18,18,44,19
"D5Mit243",4,14,8,13,4,0,3,4,3,7,8,0,6,15,8,3,4,13,7,11,4,12,3,1
"LOC131379719",195,321,312,272,347,320,334,399,413,558,380,191,315,304,431,286,415,298,237,104,706,200,558,304
"LOC131386075",7,17,35,31,13,11,12,29,26,30,10,9,18,55,19,21,26,15,16,1,5,14,8,63
"LOC132411499",12,40,51,9,21,23,44,18,9,4,22,42,19,6,23,22,34,35,17,19,22,16,9,36
"D18Mit27",166,333,121,176,110,216,161,165,189,162,162,414,250,180,210,155,229,126,276,85,169,107,186,90
"Srrm3os",24,35,18,43,76,52,71,107,47,49,85,48,32,31,66,62,53,61,69,9,26,59,49,22
"LOC131338231",3,8,5,18,12,20,18,17,9,6,13,4,20,17,7,10,13,7,10,5,3,1,12,9
"Ggnbp2os",57,113,64,99,63,113,116,49,93,123,29,91,81,96,67,19,59,89,60,71,48,120,61,66
"LOC132412872",148,326,218,181,146,293,166,558,228,147,263,136,258,271,183,176,217,253,249,180,210,271,136,349
"LOC131297007",9,26,10,8,3,15,36,15,17,7,12,14,13,10,27,12,11,11,14,8,23,18,40,19
"Gm18597",0,1,1,5,1,0,0,8,0,4,1,3,1,3,1,2,0,4,1,1,1,1,2,3
"Vmn2r121",0,3,1,2,0,0,0,1,0,1,2,2,0,2,3,1,0,1,1,1,0,4,4,2
"LOC131375256",189,533,360,166,251,294,451,272,351,540,572,312,427,309,289,231,342,163,529,374,335,284,352,399
"D13Mit18",166,320,246,121,157,226,151,154,116,157,103,163,164,121,169,221,146,174,213,85,63,168,99,145
"LOC131372689",45,91,27,29,82,124,70,102,58,117,138,120,47,63,61,28,102,45,81,75,48,103,55,189
"LOC131375754",189,510,377,529,397,319,276,458,436,211,390,440,269,570,482,277,506,249,287,325,440,156,749,563
"R3hdml",100,183,147,56,77,122,73,81,108,114,72,92,160,163,58,178,53,101,133,58,64,112,47,75
"Rsph4a",21,61,92,44,44,65,77,37,34,61,46,51,60,32,33,79,15,58,76,22,40,55,53,43
"Lmntd1",444,1231,474,621,608,1353,847,588,382,800,756,467,731,989,509,829,496,1079,732,844,333,309,681,520
"Gm25278",20,17,41,27,40,35,37,38,16,46,12,26,25,20,45,33,26,34,20,21,17,37,37,28
"LOC131389725",11,4,10,4,10,5,3,7,7,15,5,9,4,3,2,5,12,4,8,3,3,6,8,4
"Schol",30,41,71,34,19,69,57,72,44,15,107,31,41,50,44,28,30,68,73,39,59,23,25,86
"Gm52728",23,44,13,26,28,31,55,31,21,15,25,32,23,25,18,43,50,44,57,49,23,45,21,98
"LOC131373023",386,677,516,384,349,441,692,404,465,690,510,515,417,498,607,411,326,196,604,439,365,398,349,872
"Gm40837",4,25,19,35,34,42,4,37,53,15,31,23,27,7,22,16,30,22,41,14,10,6,27,44
"C030014C12Rik",135,389,192,159,154,112,114,191,81,135,124,134,161,107,128,154,168,127,162,92,117,116,124,167
"LOC132441744",0,8,0,3,1,1,0,8,5,3,0,3,0,1,0,3,1,3,3,2,4,2,2,2
"Mpp1",171,378,458,327,136,236,235,431,154,277,192,258,146,311,141,361,143,368,265,165,234,216,307,202
"Moen2",66,140,78,88,77,111,112,186,86,55,120,158,103,78,59,59,155,113,69,49,106,54,83,129
"LOC131336733",61,63,67,103,55,30,79,37,60,70,85,83,54,47,47,32,86,97,140,24,118,67,69,53
"LOC132442794",0,5,2,0,3,5,6,16,5,3,3,2,3,1,1,4,12,2,2,1,1,3,1,7
"Sptbn4",951,1301,1201,1878,2156,1910,1564,2129,2208,3302,1860,2016,559,2267,1129,1105,1908,1302,2351,1181,1263,1298,2249,1273
"LOC131374954",977,910,1096,909,722,1630,1013,890,1072,1263,844,1093,793,523,460,1031,1074,1125,1440,1077,856,869,1213,1084
"Gm49974",374,565,388,389,510,384,630,387,368,742,634,449,718,340,398,390,331,335,422,261,238,331,395,511
"LOC132408583",10,26,32,24,27,22,40,20,24,17,12,25,68,22,49,29,31,11,24,22,24,22,75,34
"Samd12",35,65,63,20,17,25,23,25,35,28,35,17,32,20,27,12,54,39,27,13,43,31,53,40
"LOC132408634",2,14,9,7,4,23,7,9,3,10,7,19,9,20,7,13,14,7,18,3,12,11,14,5
"Gm10631",224,222,95,162,124,278,180,345,134,319,131,177,167,120,201,300,160,261,230,106,96,260,217,299
"LOC131374163",306,458,620,218,526,414,610,472,575,375,746,466,462,307,299,429,378,374,358,185,400,177,362,359
"C80893",39,66,35,32,19,87,45,80,17,35,73,73,36,73,26,35,68,58,36,24,13,25,56,40
"Ltsd2",690,4009,1421,1453,1209,2429,1713,3052,1445,2023,1046,2144,2383,2286,1550,1995,2363,1333,1140,928,1692,1914,2885,3094
"Ocm",5,1,4,3,7,1,5,14,6,1,1,4,3,3,2,3,7,13,2,2,2,5,10,1
"LOC131387727",694,1226,609,616,739,826,747,1527,485,1237,659,820,565,732,493,836,701,1270,286,714,644,1245,1274,875
"LOC132444668",302,599,373,518,275,230,335,495,378,545,170,194,182,179,373,424,468,402,322,235,94,233,616,382
"Gm30716",0,2,3,6,3,0,2,2,1,0,2,6,4,0,1,3,7,0,1,4,1,0,5,2
"D17Mit119",0,3,5,1,1,2,5,3,0,1,10,0,7,0,1,3,0,4,5,1,1,5,3,2
"LOC132409954",8,8,5,8,6,4,7,5,4,6,5,9,8,5,4,1,6,8,16,1,2,10,3,4
"Gm36178",1708,3079,1937,3281,1396,2472,907,3126,1743,3909,2505,4338,2028,2279,1012,3997,1627,3837,2090,1930,917,3541,1447,5323
"LOC131339591",9,6,7,3,3,5,3,18,12,7,10,9,11,7,2,3,14,6,5,16,4,19,3,2
"Gm39672",243,205,361,209,92,253,286,315,172,134,182,151,124,132,163,155,212,141,215,135,158,128,312,258
"Gm34089",9,14,11,8,28,14,19,18,22,9,26,15,10,16,17,6,7,6,42,9,13,6,15,21
"LOC132410409",10,11,16,24,4,15,13,7,8,15,21,9,1,2,15,11,13,5,11,26,4,18,21,17
"Anp32a",0,6,6,2,3,4,3,8,2,6,6,8,2,8,1,3,2,0,2,4,5,2,8,3
"LOC131376200",16,13,8,13,12,5,13,25,7,9,21,12,11,8,17,18,5,8,4,3,7,11,35,7
"LOC128926375",101,107,122,99,99,122,154,224,83,169,211,66,135,120,127,121,86,128,133,57,81,121,190,156
"Gm8204",4,8,12,7,18,1,10,6,6,24,11,8,3,6,21,9,5,15,8,14,9,13,21,32
"Gm52279",5,30,15,16,12,20,28,23,4,27,18,50,9,33,19,36,14,14,23,12,18,14,29,19
"Vmn2r46",57,77,50,60,38,102,48,29,49,52,72,55,86,63,91,93,117,90,79,56,78,48,87,84
"LOC132444426",37,37,50,24,53,90,53,82,58,70,77,83,59,50,97,137,103,71,88,39,117,56,67,112
"Lyz1",7,26,16,18,13,28,18,14,9,18,17,4,2,10,10,6,7,10,10,3,12,14,5,29
"Gm25499",33,81,89,40,50,81,99,63,62,59,87,47,51,47,37,51,51,48,76,45,34,51,88,58
"Micall1",20,30,56,26,30,54,36,16,13,22,8,30,24,16,14,46,20,27,16,15,26,26,35,33
"Exq4",53,109,50,70,83,43,111,67,79,51,34,66,82,57,84,112,65,41,74,74,28,133,40,143
"D1Mit1013",31,22,98,27,32,68,76,46,105,42,73,54,94,22,43,42,54,59,116,32,51,44,60,54
"Bda",7,44,25,41,23,35,22,23,7,13,37,30,26,13,24,15,19,28,26,21,23,16,41,15
"Gm5432",8,58,28,17,10,7,7,12,17,13,19,10,16,2,12,22,13,10,10,7,17,21,15,13
"Berr1",12,23,26,8,21,14,38,19,21,29,16,14,16,36,33,19,25,7,7,18,11,6,26,17
"LOC131297307",4,15,1,9,2,2,25,2,9,14,9,9,3,6,8,5,8,4,3,15,8,12,12,8
"Prr27",217,269,198,230,152,557,246,212,382,464,217,227,305,353,203,218,254,220,342,212,178,216,284,546
"Gm34848",18,46,28,8,43,36,12,20,28,21,12,9,23,8,29,9,29,19,25,9,13,11,30,14
"Gm53464",1,0,12,1,0,5,1,1,0,1,1,1,0,3,2,1,2,6,7,1,0,0,7,1
"Gm53880",5,9,28,11,6,21,12,19,20,37,7,12,12,6,15,9,13,18,22,21,29,12,30,9
"LOC131389503",13,46,36,18,4,11,54,24,16,22,16,31,7,28,32,21,16,26,14,17,13,5,22,12
"LOC132443163",177,427,259,94,252,416,244,429,230,231,371,196,188,96,256,129,211,122,261,285,125,161,344,297
"Gm53404",46,146,60,69,46,33,65,86,100,49,39,49,43,47,40,85,57,38,56,39,44,45,71,72
"Frct1",16,48,18,14,30,52,21,79,17,39,43,36,20,19,47,15,22,39,15,6,26,27,35,30
"LOC131379349",1,2,2,1,1,1,1,3,3,0,4,2,1,3,1,1,4,1,0,1,4,1,0,1
"LOC131377701",187,330,398,517,436,223,210,406,232,107,276,182,179,196,282,339,222,221,253,285,180,309,350,226
"Gm40324",52,254,55,333,118,210,140,532,253,167,125,162,262,228,164,317,171,101,87,179,226,301,275,239
"Gm36515",19,39,20,22,8,33,14,25,6,25,19,33,9,10,5,25,21,22,23,18,11,14,5,27
"Or9q1",4,3,3,1,1,4,3,7,5,3,2,1,4,4,1,5,2,0,5,3,8,3,1,4
"LOC131295593",62,148,115,101,73,136,114,241,115,62,159,94,57,89,72,115,98,180,156,121,59,102,122,155
"Gm9375",313,591,662,321,463,420,170,286,371,615,669,370,500,607,233,367,546,340,249,605,301,493,406,690
"Gm40252",5,21,29,35,19,10,13,26,12,16,32,14,23,25,14,11,10,20,21,6,26,11,13,9
"Psmc6",100,131,179,77,118,92,93,94,216,276,76,215,159,150,84,145,198,116,197,122,79,122,181,168
"D630013N20Rik",11,91,52,29,51,57,81,75,33,88,48,68,48,79,47,27,30,42,41,24,37,45,72,89
"Gm30123",164,482,488,149,287,351,624,209,370,249,399,418,350,392,212,235,313,251,317,230,340,215,311,379
"LOC132411530",42,64,70,55,52,100,82,143,55,91,110,37,79,50,33,83,95,85,55,63,96,49,132,104
"Ptgs1",26,65,15,7,32,8,29,32,26,22,10,24,31,22,16,6,37,18,7,12,29,23,21,36
"Gm18628",18,107,25,75,35,69,33,76,31,61,33,28,53,25,20,17,29,30,18,36,25,41,42,27
"LOC131384693",16,23,19,13,18,42,73,16,10,41,9,40,21,28,22,57,8,25,24,25,23,21,6,35
"LOC132412156",478,987,1423,677,377,1299,913,1454,890,294,693,603,959,580,687,313,633,594,1541,523,790,331,1065,823
"Tmem202",12,9,13,5,23,30,21,11,12,10,8,0,9,18,8,6,13,13,12,8,11,24,7,4
"Gm41707",118,225,257,88,150,99,218,155,173,315,201,194,249,124,138,181,322,123,305,127,140,155,301,95
"LOC131295529",27,112,39,42,63,109,62,71,36,44,31,43,66,37,52,97,41,43,44,110,14,36,61,112
"Gm21801",89,77,129,46,61,65,79,157,83,114,28,66,41,111,46,24,82,63,74,17,56,46,77,30
"LOC132441427",9,29,31,18,18,16,33,19,7,28,37,11,42,12,17,33,23,5,7,14,8,13,11,24
"Or2b7",9,16,6,18,13,35,29,19,18,24,34,7,12,33,8,13,58,15,15,17,8,31,13,26
"Ints14",104,289,85,130,168,157,162,150,240,107,142,148,245,137,108,43,76,110,223,49,101,103,335,133
"Gm38862",12,14,15,19,6,17,18,25,9,16,11,16,8,8,3,14,14,14,19,16,7,15,11,19
"LOC131374281",88,280,50,153,56,110,71,310,181,86,57,135,144,170,123,92,73,98,129,138,85,245,121,117
"Grpel2",61,69,87,49,55,55,65,100,73,113,122,59,113,58,131,95,129,33,115,34,111,58,64,145
"Gm9148",21,47,94,31,33,41,40,26,30,22,22,31,40,56,23,75,26,84,6,30,15,12,35,50
"Brd4",23,52,12,19,28,41,26,26,20,12,49,26,54,34,26,23,20,20,9,15,17,12,8,42
"D10Jhu16",5,9,15,18,9,2,10,24,12,25,10,14,5,4,15,16,9,2,6,11,13,14,9,15
"Prlhr",29,108,26,118,79,148,109,138,197,133,69,178,117,42,96,136,68,48,226,74,109,57,97,120
"Uvbs1",6,35,14,31,6,32,22,21,21,10,13,28,27,22,3,13,32,28,31,6,11,9,10,14
"Gm25581",118,334,282,232,193,158,206,211,352,114,268,224,113,254,180,257,335,144,288,102,172,162,312,202
"LOC131373777",13,106,53,31,26,30,43,64,156,79,45,38,42,70,31,54,80,163,57,48,48,13,72,42
"Gm33161",0,4,4,4,1,3,1,1,5,4,6,4,0,3,6,0,2,4,2,3,2,4,6,1
"Or4c117",167,511,447,241,385,243,432,298,423,417,602,255,285,275,242,153,368,209,288,162,182,120,277,399
"Tceal9",81,56,39,104,25,122,57,72,46,110,143,50,33,82,58,81,42,112,60,49,36,42,89,84
"LOC128926258",8,5,16,13,4,10,16,20,13,16,11,21,12,14,21,4,9,7,4,14,14,7,5,4
"LOC128926707",22,26,41,22,17,25,35,44,28,17,10,22,48,22,19,25,16,19,23,14,5,8,24,18
"LOC131390946",9,22,9,7,14,13,3,22,5,9,13,13,3,4,11,9,9,11,5,7,11,8,23,9
"Gm5231",1,2,1,7,3,15,5,0,1,4,2,1,3,4,1,2,4,2,9,0,4,8,2,1
"Gm51855",28,29,26,47,21,46,43,52,36,52,44,20,42,34,25,52,48,64,70,18,44,42,72,14
"Gm40340",201,516,388,781,185,298,289,576,142,282,268,579,111,231,93,252,299,249,277,166,170,272,248,411
"LOC132411658",17,27,29,82,47,145,61,62,33,34,31,114,45,45,27,98,34,30,60,60,27,52,47,75
"LOC131388859",12,9,7,7,5,23,7,7,7,13,13,30,4,4,8,13,3,15,10,6,15,9,7,9
"C79743",491,332,304,433,270,257,474,514,345,225,350,434,439,244,216,199,481,249,324,326,380,120,227,213
"Lipm",88,55,92,120,89,141,145,134,108,200,127,154,155,63,93,54,115,63,146,128,81,97,154,116
"Gm28212",215,607,565,265,300,348,615,624,652,503,514,392,260,300,376,293,270,385,459,330,193,350,851,725
"Gm41159",71,80,60,39,104,59,94,75,59,54,51,55,58,64,32,63,85,61,52,66,34,61,78,92
"Gm30634",4,9,9,8,3,18,3,10,3,8,1,4,10,2,10,3,10,4,9,3,0,14,13,27
"Fam118b",24,28,31,21,30,72,38,95,14,81,17,59,62,35,50,35,51,11,47,29,49,11,123,43
"LOC131388206",14,10,25,37,14,8,5,7,17,13,16,23,14,15,21,14,28,15,13,13,6,27,27,23
"Panct2",154,471,408,398,251,289,280,339,146,210,349,229,228,232,261,230,332,285,347,106,240,282,284,82
"LOC132408363",175,551,318,389,317,785,297,274,256,210,340,430,494,402,387,282,400,197,343,221,526,264,561,451
"LOC131341659",3,1,2,4,2,2,7,4,2,3,0,1,0,1,5,1,1,3,5,1,1,0,6,0
"LOC131297773",15,16,19,15,11,16,14,15,20,5,34,6,30,6,18,14,24,5,31,16,11,27,7,10
"LOC131384870",21,28,15,17,11,20,27,18,19,27,13,15,8,16,14,13,28,13,19,10,3,12,13,27
"Circp1",14,24,19,15,14,33,39,23,31,13,19,9,27,9,38,13,19,14,40,12,39,13,82,14
"LOC131386648",106,152,112,90,77,83,52,132,99,172,148,107,81,72,53,128,83,110,180,93,73,119,120,160
"Gm5521",6,8,8,0,7,3,8,12,8,11,7,1,13,4,6,4,11,2,12,10,10,3,4,12
"LOC131378120",101,188,222,222,192,370,305,266,195,360,218,229,289,241,167,153,292,124,169,193,196,199,174,193
"LOC131392577",2,5,4,4,4,9,7,3,15,17,5,7,9,8,4,15,6,4,10,8,7,7,5,13
"Upf2",2,1,3,4,9,3,8,8,13,3,10,7,4,1,2,4,9,1,7,1,4,4,4,0
"Ptnu5",215,252,498,327,102,419,222,236,185,353,384,357,168,106,237,96,238,330,281,167,194,391,345,306
"LOC131375210",11,21,26,19,21,15,32,37,10,18,20,11,23,25,22,21,18,34,19,23,24,21,23,31
"Gm29538",50,60,54,51,50,56,85,79,42,84,41,113,25,29,47,29,121,37,64,55,25,54,73,28
"D10Mit148",33,104,62,40,16,67,41,84,102,47,32,57,52,28,38,56,23,49,53,18,35,52,64,29
"Nek3",13,38,63,16,18,73,21,39,33,41,31,15,38,36,27,31,36,16,29,20,23,26,47,55
"D2Mit409",32,51,30,49,12,49,11,58,16,28,28,18,30,8,8,11,12,4,11,27,39,19,27,18
"LOC128927096",58,108,64,29,101,81,63,86,66,108,121,108,67,79,52,41,74,55,45,60,80,17,96,88
"LOC131386643",44,58,69,59,27,26,75,55,43,34,120,80,60,33,34,37,27,31,44,26,36,54,50,70
"Gm5870",2,1,3,3,1,3,3,0,7,11,2,1,3,0,2,3,5,2,0,2,1,0,1,2
"Gm46588",18,27,8,24,15,33,14,57,27,46,51,27,22,27,15,14,40,39,49,38,43,62,21,36
"Gm39686",21,41,17,60,20,82,23,35,27,15,18,32,14,22,10,10,24,32,31,22,41,50,21,48
"Sfn",243,633,322,366,304,499,235,400,84,425,399,594,266,583,178,222,362,412,318,366,372,288,307,370
"Lrrc20",93,203,130,95,86,99,122,249,78,140,72,101,75,160,168,107,256,111,89,82,247,79,139,72
"LOC131388887",2,0,1,4,0,2,0,6,3,3,0,2,1,0,1,1,1,5,2,4,1,0,2,2
"LOC128926923",33,11,29,26,4,22,24,4,26,23,25,18,9,24,19,23,28,23,27,18,14,8,13,15
"LOC131341463",39,15,46,31,29,63,37,40,28,73,38,42,34,33,43,17,60,39,42,12,50,34,60,49
"C80171",16,19,15,13,15,35,11,36,11,14,15,12,18,39,1,22,15,28,7,1,3,13,12,12
"LOC131387912",58,161,93,49,49,133,41,84,44,28,101,36,49,69,41,62,52,80,75,49,42,160,70,125
"Gm33803",358,1136,600,881,612,877,502,726,441,1072,921,828,1162,815,573,873,559,1183,701,514,593,1031,1082,972
"Gm7547",2,11,1,2,5,5,1,2,0,5,5,3,3,2,2,0,3,4,9,3,3,8,3,0
"Rv3",11,14,7,16,4,8,26,7,5,3,2,13,8,7,11,4,22,2,13,2,8,8,4,17
"Gm53057",181,562,272,471,256,272,190,254,266,240,210,438,207,257,264,325,327,172,184,78,144,273,252,368
"Abi3bp",7,24,8,5,4,20,3,23,19,5,3,2,19,9,17,2,39,14,21,15,4,14,12,4
"LOC131295886",11,11,16,41,11,36,17,43,13,26,25,42,24,64,11,24,35,59,18,33,8,13,33,25
"LOC131388015",74,23,76,83,106,89,40,104,56,82,21,52,66,37,54,28,46,52,56,29,53,37,47,86
"Gm30318",14,40,62,35,22,36,48,32,30,23,23,21,42,49,38,18,22,54,40,24,42,32,24,18
"LOC131386843",3,1,0,7,9,3,3,3,6,0,0,2,2,4,1,3,5,1,3,1,4,2,3,0
"LOC131386697",28,68,18,48,45,35,42,20,45,43,61,45,37,31,46,39,64,64,42,23,43,50,87,46
"LOC132445143",12,33,9,2,17,33,8,10,8,8,5,8,6,1,10,9,13,7,4,6,15,13,5,10
"Gm2517",3,12,10,19,12,9,16,12,9,13,14,12,13,18,2,6,13,8,9,3,6,10,9,15
"LOC128925887",7,6,13,26,16,25,25,55,22,21,34,16,22,20,31,16,35,27,54,17,5,13,54,26
"Wnk4",6,1,0,4,0,9,3,2,0,1,5,1,1,2,0,1,4,1,2,1,1,2,3,0
"Gm2245",92,123,47,61,54,82,69,66,46,49,46,54,19,85,70,59,33,63,101,40,44,58,93,57
"Cyren",3,9,4,6,16,3,11,12,3,2,8,8,8,0,1,19,7,10,9,10,8,8,8,2
"LOC132409450",235,534,390,287,315,383,344,314,268,191,195,422,325,209,339,269,245,194,284,174,155,243,447,157
"D11Mit225",7,27,35,33,8,70,13,39,10,9,20,21,34,28,15,23,4,20,31,53,27,13,32,15
"LOC132410041",17,49,29,33,23,16,59,54,54,33,24,41,61,22,40,56,39,21,30,7,30,14,45,33
"Gm11259",170,253,247,247,177,124,169,305,92,241,266,152,146,127,179,124,128,176,285,137,101,81,317,342
"D10Jhu66",69,183,145,229,134,180,90,90,126,60,100,292,138,75,104,127,156,117,233,108,107,78,74,234
"D1Sta2",72,92,24,13,76,75,112,24,46,47,60,61,58,45,69,57,88,57,39,21,20,26,77,41
"LOC132411630",1,4,8,10,1,12,6,2,0,5,14,10,6,7,2,14,10,9,9,3,2,7,9,6
"Gm36310",71,103,117,65,105,155,109,221,158,147,140,222,48,133,169,123,199,79,254,66,117,222,59,119
"Gm11342",5,34,12,7,17,17,14,23,24,11,18,17,22,16,9,18,29,26,50,33,33,13,17,31
"LOC100861738",35,186,83,96,44,80,108,49,61,159,110,93,78,123,92,61,98,60,86,50,83,87,94,33
"Gm18290",21,94,35,30,77,42,78,66,63,28,65,131,77,150,96,42,62,96,87,55,26,85,164,71
"LOC132440596",179,243,214,208,143,69,346,176,178,159,173,190,167,164,156,147,209,251,147,114,214,200,177,105
"LOC131340714",29,52,34,28,29,42,28,47,25,44,35,25,38,73,39,39,44,45,78,44,36,27,90,50
"Pth2r",92,175,126,143,173,67,129,182,128,139,102,74,160,147,149,137,158,147,85,178,112,87,79,118
"LOC131339349",223,231,157,130,162,182,210,196,115,74,184,158,273,119,198,220,197,153,178,204,225,150,131,176
"Defb18",29,56,41,47,33,25,46,79,36,25,40,37,64,43,44,53,44,29,63,29,9,35,36,29
"Pfkfb2",0,3,1,1,4,1,0,4,0,2,0,1,1,4,4,1,1,6,3,1,5,0,2,2
"LOC128924672",187,523,269,569,221,498,522,410,458,423,420,404,443,208,304,250,314,304,619,180,514,232,455,284
"LOC131378011",17,10,6,24,3,20,33,25,11,25,13,9,7,28,17,23,18,10,17,9,19,25,12,21
"LOC132442498",4,0,4,10,5,10,2,8,7,11,4,3,13,8,1,2,4,9,3,3,1,3,9,4
"LOC131376246",14,11,10,9,11,11,7,7,9,4,8,11,3,4,10,7,14,9,17,18,9,5,12,5
"Or8g53",46,197,111,144,137,191,129,81,72,84,113,89,137,73,58,225,67,128,108,61,145,115,70,156
"Pdzrn3",41,159,44,55,15,98,52,102,31,46,42,71,61,19,58,51,63,46,99,64,60,53,98,148
"LOC131388547",13,33,19,25,8,15,11,19,11,29,13,15,26,19,11,14,16,26,7,9,14,15,17,26
"Gm32294",15,11,4,17,4,10,13,19,3,9,17,10,13,11,20,5,13,5,20,3,10,4,2,9
"Gm18577",5,20,10,20,5,8,10,16,29,22,12,15,11,3,6,16,3,10,23,19,15,11,6,19
"LOC131374293",11,18,14,13,14,28,7,4,23,15,20,15,12,8,6,13,15,19,14,7,1,10,20,16
"LOC131371956",20,45,73,11,43,26,99,54,23,66,32,49,32,60,57,68,14,46,16,29,32,41,31,132
"Cubn",67,173,228,355,100,330,134,285,173,213,205,168,101,234,186,100,346,310,211,180,182,134,317,117
"D16Ium55",108,357,192,96,124,250,174,287,173,135,114,167,134,138,151,228,236,132,94,101,130,140,181,120
"Gm4545",16,22,75,20,39,36,38,37,34,21,30,14,34,26,29,23,14,18,41,37,25,9,45,39
"LOC131338422",20,39,38,31,16,43,22,45,33,11,27,44,23,30,17,16,37,11,30,27,11,21,29,34
"Ignpq2",105,198,137,247,256,157,339,228,89,99,80,303,168,302,66,348,213,145,139,243,146,219,153,171
"LOC131338073",41,52,28,51,53,72,130,42,44,51,70,76,93,32,70,69,43,23,63,46,22,71,68,25
"Pttg1ip2",343,313,172,275,237,218,309,285,373,348,463,439,367,180,212,369,364,381,277,213,345,282,231,183
"LOC131374476",3,14,3,4,0,3,0,17,3,3,6,7,5,2,2,8,13,3,9,1,10,13,1,6
"Gm5782",42,39,96,29,16,15,19,37,22,28,17,29,36,33,10,33,16,12,32,20,28,31,49,31
"D15Mit119",146,150,95,109,215,250,114,100,254,225,179,225,152,140,78,172,117,148,263,63,78,100,152,127
"Rap1gapos",7,50,28,22,5,28,33,24,19,26,16,14,16,14,10,17,19,23,16,10,7,24,19,13
"LOC131297315",79,64,137,101,129,102,159,56,93,186,133,56,106,73,67,54,154,85,180,60,62,104,28,33
"Zfp473",40,22,16,8,10,22,21,24,26,16,21,16,18,21,14,43,30,7,25,9,16,17,15,26
"LOC131391583",49,247,154,82,159,184,92,158,144,89,108,113,85,96,38,87,56,93,129,55,189,80,101,88
"Gm29799",21,62,55,41,61,63,77,67,42,99,98,40,44,46,16,31,31,44,70,77,46,34,54,55
"LOC132444261",86,108,78,44,40,235,178,132,103,271,109,129,32,89,30,61,147,97,79,97,102,67,41,85
"Gm5679",8,10,5,4,2,5,3,4,9,14,9,15,4,6,3,8,11,1,10,6,4,9,2,12
"LOC131392284",248,501,211,246,340,378,347,408,389,485,277,359,242,386,199,190,343,256,357,270,464,106,272,234
"LOC131296666",48,99,53,80,17,94,27,53,55,151,61,34,52,59,53,80,30,42,47,39,27,92,37,58
"D16Jhu78",428,276,944,782,1177,546,1006,734,499,748,398,655,692,851,612,1062,835,1041,828,330,562,877,1012,681
"Kcnj6",20,16,17,19,2,7,5,29,27,7,6,2,12,8,9,5,12,11,19,9,14,7,15,20
"LOC131296921",29,33,31,59,32,42,28,69,53,41,35,34,22,75,30,72,59,27,15,20,27,68,38,49
"Gm35956",141,463,359,324,167,214,370,224,484,171,329,324,340,222,151,115,445,221,371,178,257,323,565,181
"Igkc",18,49,83,26,26,47,71,75,39,40,56,20,145,26,38,15,54,25,39,36,16,20,99,34
"LOC131372168",58,135,109,161,91,122,104,190,81,139,108,199,68,103,144,133,161,93,147,146,92,81,91,154
"Obq22",15,69,39,35,49,81,75,60,77,80,71,91,84,44,98,54,43,25,108,61,36,77,89,86
"LOC131389970",10,1,7,5,1,1,18,6,6,8,6,1,1,4,5,8,16,4,6,8,5,4,18,1
"Fem1b",39,18,15,28,29,35,16,28,25,45,29,18,37,27,12,20,11,21,22,33,22,13,43,43
"LOC131340674",80,55,84,73,41,60,87,54,54,96,95,69,56,68,42,52,156,55,79,57,53,31,167,98
"Pgia17",8,9,17,9,9,42,20,27,23,17,27,12,16,19,17,7,12,20,14,12,13,3,20,9
"LOC131340063",14,54,41,28,25,22,60,55,34,18,44,9,20,30,20,24,21,12,27,25,32,22,60,23
"LOC131372427",61,129,89,84,98,52,129,112,108,101,120,58,187,81,112,75,135,54,37,57,56,78,111,97
"Ncoa7",17,23,26,16,46,28,6,39,16,16,57,33,25,17,28,46,20,29,43,11,38,32,19,33
"LOC131337907",77,130,46,97,55,50,88,67,66,76,65,100,67,122,94,9,64,67,57,48,41,85,120,128
"Blmpf5",2,11,9,3,7,6,12,18,12,41,20,8,17,5,30,14,14,10,18,12,12,6,21,2
"H6pd",1,1,2,1,1,2,1,3,0,1,1,2,0,1,0,2,2,2,1,1,1,1,2,1
"Bpq10",88,186,229,157,81,121,81,114,57,164,133,105,149,119,114,46,85,65,140,80,214,104,166,231
"Gm32113",8,40,3,28,14,20,20,33,27,45,32,20,28,18,25,7,22,11,19,13,5,12,38,19
"LOC132410446",8,6,11,10,9,18,17,8,10,21,18,15,18,6,3,16,22,11,20,14,22,26,18,36
"Gnl1",37,39,31,60,52,36,40,45,16,44,55,35,40,14,43,44,50,19,9,38,50,24,74,34
"Sult2a7",162,241,82,57,167,215,265,394,169,135,199,121,199,194,86,115,149,149,235,103,199,167,248,140
"Gm12830",92,181,72,116,172,92,173,117,123,97,50,67,118,138,103,57,133,132,78,79,97,66,153,153
"LOC132411495",5,5,2,12,9,16,2,13,5,13,7,15,2,6,7,9,4,11,11,7,11,4,27,17
"Gm34994",199,208,88,117,178,148,199,183,135,62,69,188,77,116,58,262,248,146,167,69,129,108,116,255
"LOC131376652",3,15,3,1,1,5,0,5,8,6,1,2,2,2,3,6,6,1,2,4,0,0,3,2
"Elf4",24,45,47,60,33,100,46,93,37,65,47,83,28,60,24,25,33,64,39,83,38,34,38,98
"LOC132443481",1,1,20,3,16,21,1,8,12,4,11,4,13,4,10,16,9,19,19,8,5,14,10,5
"LOC132408832",26,130,70,107,40,109,70,58,63,75,60,69,80,31,73,61,60,54,46,57,59,41,114,41
"Gm52258",153,203,159,135,138,248,106,215,67,158,42,94,111,197,108,124,227,83,162,137,99,191,121,118
"Iigp1c",32,22,45,31,23,33,74,105,24,43,16,19,60,65,31,55,28,24,18,47,12,44,49,55
"LOC132408749",48,36,53,31,47,40,105,104,35,67,36,49,51,65,16,46,47,74,70,31,69,76,74,57
"LOC132444231",31,16,25,44,16,70,52,26,28,67,25,27,25,17,16,29,22,27,32,15,16,12,16,50
"Aldr3",52,55,108,45,54,83,84,49,97,31,86,59,42,66,47,52,37,48,75,116,40,51,59,18
"C230057A21Rik",0,3,8,4,5,10,2,2,13,12,0,1,3,6,3,2,5,2,6,1,2,8,9,0
"Gm57483",1,26,23,36,24,23,21,3,13,18,14,12,4,21,9,13,20,13,27,6,14,7,6,13
"LOC132408165",0,0,2,0,0,0,0,1,0,1,0,2,0,0,1,0,1,0,0,0,1,0,0,0
"Gm8010",59,125,66,63,21,83,75,79,58,69,56,36,40,72,31,35,29,43,46,31,26,50,73,122
"Gm36476",741,1351,893,574,442,1100,653,869,612,1180,930,750,882,808,647,582,553,634,556,540,425,563,634,771
"LOC131296830",18,35,23,23,60,47,17,47,28,23,20,12,14,18,22,26,32,21,23,12,30,22,22,22
"LOC132440850",3,5,1,5,0,8,0,11,5,2,4,4,4,1,2,0,3,3,5,1,2,2,3,3
"Gm34662",88,88,111,64,97,69,73,85,75,70,134,73,50,74,72,113,70,90,96,49,93,111,114,103
"Nrdc",124,230,168,261,70,66,391,196,185,257,281,97,90,164,113,165,124,158,217,112,85,124,218,133
"LOC132442834",4,9,8,9,14,15,18,6,6,26,36,14,2,11,10,5,12,17,46,15,13,1,9,5
"Cfsw2",0,0,0,1,0,0,1,0,0,0,0,0,1,0,0,0,0,0,0,0,0,0,1,1
"LOC131371779",3,4,12,0,10,3,9,0,2,0,8,4,5,3,9,2,5,2,4,2,0,3,5,3
"LOC131339336",7,4,11,6,17,1,4,6,8,17,6,13,7,5,5,9,12,10,10,4,10,9,21,11
"D5Mit318",212,287,266,463,201,318,256,313,108,300,286,325,300,168,169,446,213,357,454,365,271,279,296,414
"LOC131379969",13,50,30,22,26,26,34,19,11,16,49,33,38,50,19,26,17,19,41,19,21,23,36,23
"Gm30567",152,225,127,119,78,119,126,117,185,107,261,119,88,83,89,148,115,81,147,65,83,158,165,142
"Gm53064",8,24,32,18,11,9,12,10,7,14,8,3,14,10,3,8,25,9,11,17,4,11,6,10
"LOC131337528",18,19,26,2,16,29,22,18,7,17,14,6,38,12,29,19,20,7,25,7,29,26,10,6
"Gm13237",13,51,10,57,34,67,57,14,33,31,33,25,37,43,17,14,41,58,22,23,19,17,38,26
"LOC131337435",48,45,72,36,14,32,70,26,18,46,23,75,39,23,15,79,46,39,78,39,50,34,40,35
"Lgaq2",421,1547,485,1528,688,1081,458,1268,1042,1583,1180,728,637,741,729,1009,456,701,984,828,476,925,895,989
"LOC132443918",0,9,8,0,1,8,0,1,1,6,4,17,1,1,4,8,2,7,4,3,3,0,12,3
"Gm23112",11,12,10,18,3,16,5,2,3,22,1,8,13,7,8,26,8,3,15,14,1,14,4,11
"BB214985",156,233,175,101,104,231,262,163,91,227,168,116,216,204,118,142,217,177,129,75,100,189,193,380
"LOC131388416",41,23,9,66,30,50,16,41,22,52,28,15,19,33,24,14,49,36,10,34,9,7,17,36
"B446L11T",29,63,47,21,7,57,17,26,27,30,25,34,21,35,33,41,24,110,41,19,28,34,28,39
"Gm13294",11,16,39,19,17,32,41,18,20,46,17,12,50,43,38,23,22,17,52,18,39,29,32,27
"LOC132409083",2,5,7,18,2,15,17,16,12,17,10,4,8,11,4,14,18,36,14,10,5,8,9,30
"D2Bwg0377e",452,569,429,972,411,1453,853,1145,780,1523,1044,646,687,667,517,754,1444,842,1084,591,933,856,937,990
"Sgpl1",3,24,12,6,14,5,7,16,20,9,9,18,17,8,6,5,4,17,8,3,3,7,10,5
"LOC131390930",13,16,1,2,7,3,22,6,6,16,5,11,14,12,4,13,6,17,5,6,2,9,21,0
"Gm34786",104,117,198,188,194,127,252,222,157,140,202,91,213,91,182,54,352,222,306,110,308,153,193,250
"LOC131375258",9,24,11,27,12,23,21,11,19,6,16,24,12,14,7,23,9,8,43,3,5,11,15,10
"Gm7990",20,28,15,23,3,30,13,17,23,11,35,26,21,27,8,27,20,26,9,21,6,11,46,12
"LOC132444442",51,75,26,46,11,41,111,68,49,46,20,31,59,35,15,12,24,48,65,39,27,43,67,81
"Afg2b",3,26,21,56,31,13,60,24,41,71,19,53,62,33,12,29,61,17,49,48,23,20,29,26
"LOC132411766",31,50,75,54,23,86,39,35,8,35,53,43,69,49,63,16,73,71,88,20,32,25,91,47
"Cass4",14,55,56,17,19,63,33,14,27,16,7,23,17,17,13,33,20,20,24,38,19,6,10,40
"LOC128926415",3,26,0,1,3,5,10,8,1,1,5,7,6,1,2,4,6,3,2,8,5,8,8,1
"LOC131374147",2,2,3,4,0,5,0,9,3,7,0,3,1,1,1,3,0,0,1,4,0,0,10,5
"Gm33018",425,774,552,420,649,1067,575,461,540,750,736,715,821,460,663,588,769,597,681,368,345,340,1137,927
"Gm33207",38,115,44,128,68,117,103,145,87,217,66,201,67,118,68,129,100,84,49,55,56,100,39,145
"LOC131296180",13,15,11,17,22,34,16,22,9,7,27,27,14,15,23,15,17,14,26,14,12,28,21,34
"Keap1",156,342,292,229,173,445,206,412,158,233,201,341,89,197,270,294,182,125,158,202,210,249,234,144
"Gm8711",1,9,2,7,9,7,12,4,4,15,9,3,1,2,5,12,4,3,1,2,4,3,6,12
"D7Hd1",112,275,279,202,133,142,226,235,169,285,210,149,446,232,159,299,210,150,214,104,185,120,164,149
"LOC131295168",39,79,54,67,22,55,79,57,63,26,73,63,69,56,51,108,45,55,29,61,62,69,65,33
"LOC131339289",7,5,6,9,7,7,11,21,5,4,7,6,6,1,7,7,12,5,5,5,8,0,0,6
"LOC131295153",1,16,16,2,4,19,7,9,8,16,8,7,9,9,0,5,6,4,3,2,2,5,7,5
"Gm25550",31,80,111,43,82,76,63,73,39,65,52,75,88,58,21,64,82,77,31,28,27,64,60,38
"Srd5a3",27,44,55,44,24,34,36,38,68,59,17,56,46,33,31,14,28,8,38,31,37,34,36,39
"LOC131390987",485,892,647,910,434,613,676,608,485,639,233,883,170,427,347,386,704,141,388,538,376,523,617,723
"Gm5898",261,977,604,222,707,477,348,700,494,547,1041,462,307,437,584,600,697,352,446,212,394,436,881,594
"Pla2g2d",6,11,10,14,5,5,30,13,18,11,9,4,11,6,3,11,10,11,6,6,12,3,6,10
"Acbd3",57,82,114,80,129,139,72,99,146,79,87,106,99,100,73,47,106,86,81,55,84,80,106,93
"LOC131386646",11,7,20,21,20,18,11,11,19,12,16,9,19,12,10,6,14,22,28,8,4,8,13,20
"Has3",9,18,12,18,13,22,8,9,8,8,4,5,6,12,9,12,24,4,14,11,7,9,10,6
"LOC131376904",13,41,18,25,24,15,30,5,27,22,21,13,8,19,18,17,23,14,8,17,12,21,22,51
"LOC131387724",131,132,231,269,168,161,123,239,215,151,152,180,223,188,107,251,368,153,138,153,135,190,153,153
"Gm53739",101,159,151,59,68,38,176,102,84,136,93,76,136,125,78,25,124,98,93,57,97,111,153,108
"LOC131374531",15,49,26,5,20,22,23,45,17,36,16,23,15,47,15,13,18,10,40,14,6,11,23,6
"LOC132444316",4,12,43,5,24,15,15,7,23,12,12,10,42,10,19,8,47,11,15,19,32,20,17,32
"LOC131377976",993,1937,1422,1813,1694,2668,1878,1835,1777,1835,2149,2085,884,2079,1355,752,2894,873,2274,1421,967,912,3083,1945
"Gm4786",14,18,15,8,7,6,46,19,28,28,21,20,79,7,12,18,15,10,19,19,7,21,21,19
"LOC132443135",8,13,18,6,3,29,18,17,13,8,3,16,12,10,4,7,10,25,14,5,13,21,6,9
"LOC131386756",3,14,12,15,8,6,5,8,6,13,8,1,9,7,3,4,23,6,12,13,3,5,23,9
"Hyal6",3,36,15,20,8,15,23,15,20,11,19,17,24,15,6,4,8,8,15,19,13,9,26,7
"LOC132411501",4,31,22,24,22,11,11,26,22,41,29,42,29,23,22,11,16,19,20,32,8,22,28,28
"Gm19208",11,6,15,18,15,12,30,7,7,2,15,14,14,22,27,12,3,11,40,10,21,13,17,9
"Gm42373",56,84,101,82,93,152,129,85,54,149,92,118,82,67,86,48,40,84,95,34,156,88,92,94
"Gm36412",10,16,25,27,9,18,5,37,8,43,14,17,3,4,28,11,21,14,31,23,6,12,34,26
"LOC131388514",24,19,42,13,9,23,4,24,11,9,11,33,28,11,24,20,15,9,23,7,20,23,19,9
"Gm30835",20,23,10,23,18,15,18,7,5,12,20,32,12,12,15,13,11,5,29,8,4,21,29,8
"LOC131296643",2,17,7,9,7,7,13,8,14,12,5,7,13,5,29,8,2,9,12,1,9,7,8,1
"Gm21922",15,15,15,10,13,22,6,48,7,6,28,13,14,20,13,18,23,9,16,32,13,13,13,33
"Rpl7l1",0,0,1,2,2,2,3,7,4,2,3,1,0,0,1,1,2,0,3,1,2,3,0,0
"Gm28392",173,344,134,187,120,114,239,216,207,208,281,240,316,145,85,276,200,56,141,215,91,150,175,275
"Gm33185",140,123,56,122,124,143,101,202,97,119,179,102,145,154,109,110,126,84,188,61,116,83,94,158
"Carp2",19,65,44,6,27,34,50,54,25,50,31,41,12,25,7,19,36,14,39,18,30,15,44,41
"Gm36222",6,8,6,25,6,2,28,32,5,12,26,15,15,19,0,21,9,20,8,10,9,9,11,17
"LOC132444057",20,45,12,37,34,66,42,22,21,16,54,16,33,27,11,34,9,21,27,36,15,32,32,113
"Gm39776",19,22,21,23,29,32,43,21,18,60,19,26,14,22,17,12,12,31,14,10,21,5,26,34
"LOC131391942",64,217,166,87,102,183,120,113,74,87,168,136,70,166,97,173,151,159,97,101,133,72,191,152
"Gm46571",5,6,2,0,3,7,5,4,0,4,1,1,4,0,0,3,0,0,0,1,1,1,4,3
"Lamp5",43,136,66,173,46,147,121,79,54,142,69,124,99,119,126,49,76,107,125,78,121,132,70,120
"LOC132408368",4,44,37,44,2,19,88,48,34,37,24,21,40,29,13,50,26,23,26,13,14,17,80,46
"LOC131374037",769,1689,924,688,571,2444,838,721,811,792,1838,1348,534,1178,1704,1056,1136,890,1074,1238,1132,994,1675,1047
"Gm19186",19,20,41,24,10,29,9,19,30,17,12,11,7,23,18,4,10,22,6,1,9,12,10,28
"LOC131371781",22,27,18,26,25,28,17,13,29,36,40,13,34,32,15,28,41,21,22,26,24,34,24,22
"LOC131375312",148,214,178,128,171,242,78,168,137,246,153,320,119,156,150,76,124,213,175,91,184,227,214,301
"LOC128924444",88,114,78,124,71,184,153,102,183,159,210,94,128,34,71,127,138,88,152,71,97,50,83,185
"Tmem151a",29,70,48,17,11,64,29,30,34,86,35,37,37,27,41,34,30,47,72,73,45,31,13,83
"Haao",12,14,3,5,1,11,2,8,3,5,4,2,2,2,8,4,1,2,2,2,9,8,7,6
"Gm45942",29,64,28,31,25,72,50,64,50,29,51,100,30,51,62,76,19,32,42,27,72,26,38,58
"Tbrg1",20,42,87,80,49,59,35,84,49,46,38,76,114,43,26,83,46,59,38,30,59,32,36,58
"LOC131377634",61,201,88,116,55,189,115,149,160,124,96,100,186,94,52,100,79,84,142,120,68,64,97,163
"Vrk1",614,2095,512,724,384,1103,762,1891,792,1739,1216,925,966,520,662,790,517,540,1376,783,771,1645,562,1148
"Hint3",4,6,8,0,5,5,3,6,14,7,2,0,7,1,3,4,3,0,7,2,3,3,5,2
"Ferd3l",10,0,0,2,6,1,1,0,1,1,3,5,2,1,3,1,2,5,2,1,0,0,3,6
"Or8g28",15,38,30,37,24,18,31,50,44,35,30,12,34,24,17,10,42,17,10,39,38,20,28,25
"LOC128926925",30,108,108,160,51,125,118,102,87,195,95,162,95,170,58,168,67,104,63,58,44,58,100,110
"DXCch4",135,136,260,112,207,204,170,192,274,149,159,171,125,102,169,232,273,172,273,108,120,108,247,244
"Fl1sa",2,1,2,1,0,15,7,3,5,0,2,2,1,2,4,2,0,1,1,2,2,0,0,1
"D12Mit221",6,14,18,6,17,2,5,9,1,6,4,9,7,7,15,5,8,11,6,11,9,13,4,4
"LOC131390546",9,14,7,6,1,7,8,24,7,11,0,2,8,8,2,9,11,2,4,12,12,8,16,11
"LOC110120495",13,20,6,8,8,13,16,17,7,2,4,10,8,11,3,10,5,7,13,15,5,11,17,21
"LOC132408161",77,143,92,75,162,114,76,119,110,168,139,127,176,56,82,111,90,64,116,53,67,59,51,114
"LOC128925036",4,5,1,0,1,2,8,3,5,5,11,5,5,1,5,5,5,2,4,6,9,4,4,3
"Twnk",17,179,46,97,59,145,40,93,69,73,86,139,73,111,35,111,49,73,103,69,63,30,113,75
"LOC128925874",1,5,0,0,0,1,0,1,0,1,0,2,0,0,0,2,2,1,4,0,0,0,1,1
"Ppp1ca",26,30,9,7,8,26,19,34,6,4,18,16,14,3,24,7,14,7,17,12,14,7,28,7
"Serpinb6a",12,51,13,52,35,34,43,46,24,18,19,22,23,38,21,45,27,16,51,49,5,43,43,37
"A330058E17Rik",12,14,21,14,44,29,6,11,19,52,20,43,7,5,28,30,13,15,23,10,12,3,16,40
"Gm52253",123,158,99,170,165,215,115,121,156,149,156,104,109,123,153,228,208,153,249,140,134,112,145,122
"Gm18976",31,142,42,61,67,69,70,179,81,107,87,81,85,65,80,54,123,86,177,72,68,40,155,62
"LOC132442523",1686,2884,1193,1734,1331,1729,1899,1776,1078,1968,1773,1582,1736,949,621,2365,2216,2348,1515,1955,1035,1423,1578,691
"Gm19560",7,35,17,9,15,10,30,29,28,3,5,14,18,21,25,2,19,10,31,13,14,5,46,19
"Grm2",163,144,195,84,135,194,130,122,69,114,123,112,212,182,108,188,193,161,143,122,93,114,221,171
"LOC132411869",13,34,35,19,12,15,27,17,29,35,8,41,28,22,27,3,7,26,27,30,39,23,28,29
"Rcvrn",97,208,66,84,78,42,147,67,103,91,137,85,49,85,81,125,94,121,95,44,132,71,126,140
"Kcnq3",8,10,6,7,7,13,6,17,6,2,3,8,1,2,4,3,4,3,2,9,7,5,2,3
"Tgif2",34,42,32,12,19,24,54,68,53,35,56,14,29,9,19,20,39,33,60,32,22,34,30,32
"LOC131389337",42,321,147,219,106,211,106,184,146,108,177,213,144,165,100,179,220,111,204,86,97,104,188,176
"Gm33579",2096,2152,966,2470,1854,1559,1792,1363,2082,2104,1920,1251,2625,1481,1543,1263,2206,1609,851,1204,1305,1237,1586,1065
"Susd6",9,47,24,14,19,28,22,26,42,8,20,10,9,17,14,37,42,21,22,25,34,14,22,9
"Xmv29",625,1834,1187,1158,636,1266,991,1433,857,1278,921,1183,1184,970,614,858,1017,1275,673,785,576,963,1092,705
"LOC131385122",54,88,110,71,82,120,107,54,143,74,98,75,103,75,52,83,193,79,201,102,99,112,307,145
"Gm2981",337,1002,580,698,363,936,600,510,843,703,818,1011,712,296,502,676,464,641,794,379,375,386,559,786
"Gm25739",0,2,3,6,1,1,7,3,2,1,5,6,5,5,6,3,9,2,2,5,0,4,12,3
"Gm21428",19,18,20,11,20,19,15,29,10,14,24,7,6,17,10,30,15,18,20,7,25,11,24,5
"Gm3194",3,5,3,2,4,15,2,7,0,9,0,10,6,4,1,2,6,5,6,1,2,1,4,8
"Gm3598",14,14,10,7,1,9,9,12,4,12,13,5,0,4,5,11,6,12,11,3,13,5,9,11
"LOC132410622",18,41,52,34,30,35,11,47,48,23,38,46,30,38,23,31,22,36,32,54,22,28,53,36
"Avpr1a",166,213,291,188,189,220,188,249,171,254,176,273,540,244,318,156,279,161,517,136,61,272,405,219
"Gm10377",12,16,10,13,8,14,4,9,9,9,14,13,8,7,12,5,12,3,10,13,6,6,13,14
"LOC132441697",18,10,15,4,7,12,18,7,6,9,3,4,5,2,4,5,6,8,1,4,8,6,12,1
"Nfatc2",186,418,324,266,359,342,264,402,422,446,264,428,259,383,402,298,298,195,749,316,317,162,487,456
"Hoxa9",125,256,253,259,170,142,331,387,161,183,200,223,458,149,101,214,224,275,181,231,169,126,410,343
"Gm4775",18,27,9,35,13,9,23,36,21,27,11,25,15,5,9,13,7,5,15,17,33,9,34,17
"Gm32892",23,27,35,14,23,35,58,18,26,27,24,15,15,15,14,21,20,26,17,50,10,18,54,64
"LOC131389838",73,324,170,151,198,61,262,197,190,74,163,121,116,188,88,160,179,77,167,130,226,139,82,168
"LOC128925276",221,264,225,160,117,219,249,115,111,162,259,183,213,141,146,192,161,214,177,90,179,198,201,229
"LOC132443942",106,140,163,33,196,84,107,112,108,232,124,136,104,48,227,205,273,116,194,123,146,73,147,123
"Gm31220",4,7,2,6,3,4,5,1,2,3,4,1,2,2,3,5,12,5,6,4,6,1,4,5
"Fem1a",18,38,41,60,41,50,30,89,24,19,35,43,19,19,18,39,36,57,22,16,33,40,23,42
"Gm39035",110,197,181,180,255,124,182,152,141,209,116,86,162,148,135,229,148,137,329,31,147,66,200,260
"LOC131385498",64,198,123,96,134,135,241,85,160,141,125,128,96,171,84,137,81,137,113,94,103,81,93,100
"Zfp65",84,225,136,165,274,129,327,246,232,236,289,156,164,148,173,240,297,100,81,128,380,222,213,240
"D12Mit185",41,63,45,29,5,61,45,75,93,106,51,31,81,21,15,84,62,33,38,64,51,49,44,97
"Gm5878",542,1240,707,609,465,958,1038,1463,875,952,548,733,612,711,801,659,1155,732,1042,738,621,510,1269,1112
"Gm18831",18,32,15,14,11,14,16,9,15,8,23,19,12,11,18,14,20,18,11,11,2,6,10,7
"LOC114827872",71,361,245,149,189,182,189,242,199,113,135,198,134,141,124,223,173,138,145,106,170,164,134,174
"LOC132445409",5,49,30,17,11,30,35,24,21,32,47,35,26,50,13,29,17,14,35,38,29,10,21,13
"LOC131374161",396,850,711,454,760,872,706,1135,361,427,613,760,414,762,594,409,786,313,581,273,345,407,839,414
"Gm18476",14,66,39,17,12,19,38,70,38,14,47,9,30,31,16,18,49,35,22,13,11,37,46,60
"LOC131388118",74,124,128,189,54,67,105,120,113,123,47,42,101,34,199,64,92,66,76,50,73,94,138,71
"LOC132441082",75,232,83,199,91,428,121,246,223,317,143,193,166,227,148,221,129,228,367,145,186,81,180,318
"Nat8",302,506,585,272,352,607,252,189,253,486,370,658,351,660,288,274,524,397,350,329,267,401,271,405
"Xmv10",152,183,127,164,145,167,150,128,128,118,222,81,123,103,146,126,201,221,129,83,153,113,303,178
"Cd200r3",77,108,50,45,52,51,66,16,81,72,45,76,28,57,58,70,48,37,63,32,33,48,58,39
"Tchh",2,4,2,1,1,0,0,3,2,2,2,4,1,2,0,3,7,4,0,4,3,2,2,4
"LOC131340237",150,288,251,166,132,172,190,382,391,243,304,238,136,136,177,371,188,233,266,267,224,215,219,380
"Gm57817",222,443,228,342,297,580,386,262,311,515,584,205,407,348,147,390,260,258,433,229,170,528,576,490
"LOC132444396",13,40,38,11,15,30,12,38,14,58,40,11,14,18,17,34,30,27,19,16,9,24,33,79
"LOC132407911",181,353,545,376,100,438,340,266,373,471,217,321,306,189,307,267,327,397,380,168,542,306,534,262
"Or2a7",482,810,394,545,355,1056,1229,848,866,1147,264,1086,384,914,802,1127,485,760,631,696,663,1181,1367,1504
"Slc9c1",274,349,211,464,128,323,304,364,250,184,191,313,251,243,160,287,252,219,205,110,185,165,211,344
"Ppp3r1",13,20,33,12,19,23,23,15,17,26,13,22,24,6,8,16,21,10,9,9,9,15,32,10
"Gm19503",25,41,24,17,26,26,52,16,23,18,34,31,28,34,15,25,67,22,24,18,21,7,52,6
"LOC131386869",6,35,13,24,5,15,21,24,14,13,8,6,18,9,5,14,3,13,4,1,6,9,33,6
"Gm12470",6,0,3,5,1,1,4,2,2,3,3,4,3,3,1,1,3,4,3,2,2,4,5,5
"LOC131296743",9,6,3,19,2,14,1,10,7,12,3,2,4,3,2,3,9,3,10,5,6,1,1,5
"Gm52091",29,79,88,79,47,101,50,124,15,79,53,63,31,68,50,40,76,33,55,58,74,38,105,47
"Gm12100",4,1,10,4,6,12,0,4,10,10,4,7,10,8,0,2,6,2,1,2,3,4,4,0
"Ctrl",9,32,27,28,16,51,36,80,11,44,16,65,26,39,6,32,40,21,30,17,4,8,20,22
"Gm20887",53,121,75,58,39,43,42,57,36,48,93,99,51,43,27,59,40,32,30,46,25,43,87,43
"Slc17a8",0,13,4,6,5,25,5,4,11,8,8,6,3,1,4,7,5,13,3,14,10,5,19,9
"Gm36849",190,666,379,488,183,204,416,424,273,496,480,244,457,328,437,441,598,366,397,187,246,166,448,417
"Gm54006",92,124,162,113,138,302,145,153,146,110,85,131,103,195,78,147,138,234,120,177,98,170,60,189
"Atp6v0d1",24,24,24,14,14,43,33,16,27,14,43,46,34,17,18,18,22,22,47,18,25,35,28,38
"D3Mit197",356,462,308,268,486,345,338,377,263,349,221,419,292,381,367,583,516,347,538,215,257,253,398,446
"Neogq1",2,13,15,6,3,15,20,30,6,4,19,6,3,8,1,1,11,13,6,0,5,6,20,16
"Arhgap33os",76,280,37,50,97,140,170,56,103,86,100,106,109,99,95,83,62,66,83,56,126,41,131,114
"Gm34257",1,0,10,3,8,2,11,8,0,5,11,6,6,7,14,8,13,5,5,5,1,3,8,6
"Gm5852",4,11,4,7,12,6,8,14,7,10,10,4,3,9,4,11,4,22,2,10,8,10,9,9
"Try10",47,73,34,63,37,46,36,94,37,41,28,67,33,26,39,36,44,24,31,38,27,28,51,54
"Gm7798",29,33,58,22,64,65,62,45,50,56,41,45,39,30,25,24,64,23,57,33,17,61,96,52
"Gm5830",81,77,90,27,117,55,185,62,53,79,24,79,88,41,67,54,72,73,85,37,86,63,55,80
"Helz",9,5,13,3,8,2,9,12,8,7,12,4,5,6,1,11,24,17,4,3,5,5,12,13
"Mrv6",2,4,2,3,1,4,1,2,1,0,3,1,0,0,5,4,2,6,1,1,1,1,0,4
"Gm5554",7,27,11,26,12,28,22,11,35,31,25,14,21,11,13,21,34,23,21,10,6,17,43,7
"Gm35778",62,110,57,35,24,85,63,79,65,72,116,26,50,60,41,48,47,92,85,37,64,137,123,136
"Gm38838",0,9,6,7,4,8,5,7,6,21,11,12,8,10,1,8,3,23,11,4,1,4,8,9
"Wdr81",10,21,38,41,28,14,62,31,34,67,21,34,62,48,22,56,51,17,26,31,33,35,30,18
"LOC132443290",29,54,21,16,35,27,32,26,21,33,37,15,28,25,6,19,27,35,34,27,35,19,50,12
"Gm52797",131,145,247,121,92,78,98,195,143,166,179,136,169,172,142,65,278,74,85,89,196,91,149,204
"Clk3",9,22,82,97,20,40,39,44,34,50,53,29,10,30,24,28,22,46,19,32,24,14,25,32
"LOC132409872",28,22,38,33,25,26,23,50,21,35,27,28,18,17,27,45,31,50,65,25,21,42,38,43
"Gm41264",9,25,32,19,20,10,19,14,17,16,14,7,13,26,17,14,11,29,27,15,12,10,43,31
"D16Ertd550e",0,7,3,0,2,16,7,3,8,7,5,5,5,1,3,4,2,5,3,4,1,0,2,4
"Gm23042",168,249,193,144,119,347,153,127,123,164,169,165,183,173,81,209,158,154,172,273,247,147,282,125
"Gm46108",152,256,150,486,224,408,190,374,226,386,288,325,166,349,143,218,258,344,240,330,266,350,402,322
"LOC132443373",233,496,173,164,102,271,445,244,291,339,193,296,214,132,148,317,169,216,101,138,213,270,131,228
"Spink7",9,33,21,28,6,19,22,12,25,13,20,16,15,10,18,9,15,18,40,17,20,9,19,11
"Gm26243",4,5,20,28,14,19,8,21,6,14,15,14,30,16,10,25,12,14,20,17,3,35,27,10
"LOC107403166",156,325,135,169,91,184,165,99,190,227,147,163,233,96,102,129,270,169,133,81,150,180,125,91
"LOC131375111",10,24,21,34,7,29,11,26,26,27,7,21,19,18,7,30,29,2,32,34,6,31,6,9
"LOC131341049",190,214,318,232,264,179,234,285,182,327,169,131,289,174,73,262,356,99,161,125,119,260,306,126
"Adre",181,221,273,192,142,539,328,480,160,175,141,296,175,213,183,385,120,195,103,168,155,242,104,368
"Fam169b",161,460,486,479,407,402,317,395,428,489,248,432,624,296,220,249,927,321,474,530,419,285,611,477
"LOC131373609",23,45,17,24,24,19,44,39,31,31,21,45,65,26,16,45,17,7,29,35,28,12,34,36
"Obox1",23,15,8,6,5,7,19,9,9,2,8,6,6,4,9,3,15,7,17,8,15,10,7,4
"C430045I18Rik",57,70,108,45,99,111,70,112,67,117,72,68,103,52,55,58,117,62,117,71,75,59,89,87
"Gm16304",1,2,0,0,1,0,3,0,2,3,6,0,2,1,2,1,3,1,3,1,2,1,1,2
"Mir6987",59,66,79,36,31,66,30,56,40,62,45,28,31,43,32,54,19,55,42,42,115,15,52,80
"LOC132442434",277,332,216,536,174,677,396,472,276,471,216,263,315,258,107,296,275,365,383,310,229,316,387,323
"Or6z3",25,54,60,55,48,151,79,46,52,93,38,57,71,23,49,74,73,50,28,17,68,31,66,41
"LOC131374855",561,904,797,727,285,626,996,564,507,1108,1249,324,1009,667,84,766,680,676,1200,537,982,491,649,776
"LOC131379248",773,800,1519,434,932,818,811,1547,692,1784,1074,1145,799,847,1421,744,602,858,1068,804,861,990,1005,733
"Gm13396",16,17,22,8,8,10,27,29,12,7,5,10,8,16,7,8,12,5,8,5,6,5,14,2
"Gm23748",218,146,202,161,194,206,154,118,160,153,251,178,233,131,57,309,143,72,213,116,132,192,212,134
"Insq2",24,42,7,13,11,8,38,29,36,12,23,6,2,18,19,11,23,29,49,20,12,10,17,8
"LOC131377046",86,65,169,59,97,61,131,86,57,134,132,143,77,83,76,82,37,128,48,84,63,149,107,81
"Chsy3",31,64,88,35,27,59,53,63,27,39,92,43,48,63,27,39,94,34,46,64,61,63,116,39
"LOC131386864",78,120,163,59,67,192,98,140,84,87,73,33,114,53,80,70,145,101,87,56,105,73,44,54
"LOC131337145",0,13,5,7,4,17,10,8,5,7,1,17,22,3,7,7,4,13,10,7,8,6,8,6
"LOC131338762",87,182,209,71,107,150,176,134,125,100,77,166,75,93,83,78,142,104,113,104,95,155,101,77
"Gm15056",2,18,19,26,13,10,19,8,14,39,20,31,22,31,11,12,9,8,8,11,10,12,32,11
"Gm53377",19,35,25,17,42,45,20,46,43,33,26,39,31,42,31,22,19,20,51,16,26,25,44,28
"LOC131374937",5,6,7,6,5,11,9,5,1,8,4,1,13,0,15,13,9,3,4,5,5,3,8,6
"LOC131385690",49,56,76,44,31,17,45,34,46,39,69,34,30,16,15,50,75,2,95,91,31,45,41,59
"Hsd17b6",20,14,32,37,33,109,42,42,30,37,25,54,45,30,32,27,30,42,62,31,33,62,42,73
"Or1o3",54,275,110,52,95,74,36,43,38,67,19,22,53,41,34,36,69,36,69,16,46,59,91,128
"LOC131391217",12,55,15,8,25,40,18,31,7,19,9,54,15,10,15,68,18,33,9,19,21,20,15,34
"LOC131377443",59,58,104,28,61,91,126,79,80,76,95,58,53,78,26,51,87,97,192,34,51,43,63,66
"LOC132441462",11,32,28,63,39,65,10,38,29,38,29,68,24,48,29,49,22,64,24,15,24,83,18,39
"Smc1b",17,28,9,8,9,27,31,20,24,14,16,12,23,26,10,22,12,11,41,9,16,18,20,5
"Br",12,19,31,23,26,44,24,14,49,15,15,4,19,35,27,39,24,38,29,17,20,8,33,5
"LOC132412037",2,3,0,0,1,4,8,4,6,7,6,1,4,3,10,1,4,1,3,1,2,0,5,12
"Gm43044",29,82,85,100,56,107,79,160,77,46,89,80,40,133,99,72,44,83,107,51,112,36,40,83
"Slc23a1",30,178,75,98,48,81,41,151,81,183,74,144,91,137,59,172,131,89,30,102,49,28,61,98
"Gm36830",10,70,29,23,3,52,29,39,21,26,47,55,39,62,7,26,24,49,44,17,14,22,30,33
"LOC132444150",48,81,84,25,119,61,60,105,33,49,69,52,48,53,35,51,63,45,108,91,49,54,67,62
"LOC132410133",1408,2868,3810,1343,1806,2029,1512,1342,2054,1279,1541,2328,1219,1766,1207,1313,926,2605,2430,1211,2461,1655,1128,2638
"LOC131388284",3,1,4,1,2,2,5,4,3,7,1,1,2,0,4,5,1,6,5,3,3,2,4,5
"Tas2r126",7,13,33,10,8,9,15,16,13,17,8,10,12,8,4,14,4,7,13,11,2,6,15,16
"Atat1",1335,1014,2922,1913,1303,1439,1344,1974,1188,1208,1748,1755,1419,768,741,748,1628,1514,2578,1363,1417,1029,3029,1214
"Remslp1",74,237,140,111,111,245,147,233,163,156,219,176,118,121,69,108,114,162,286,71,133,224,137,238
"Gm36807",16,34,8,6,4,7,7,3,11,27,16,4,4,10,13,5,16,5,15,8,6,12,13,17
"LOC128926191",0,0,0,0,0,1,0,1,0,0,0,1,1,0,0,2,1,0,0,0,0,0,0,2
"Pmf1",16,21,16,14,31,10,14,9,11,23,19,6,19,10,12,15,5,7,13,21,8,10,16,28
"Krtcap2",103,205,149,95,115,114,231,218,246,154,154,186,145,167,99,82,210,132,172,195,92,164,130,166
"LOC132443321",93,113,179,202,114,116,314,296,118,116,91,158,312,104,157,175,225,186,95,119,229,86,178,272
"Rskr",50,146,68,95,51,102,51,125,72,129,153,145,65,106,72,42,161,66,68,76,76,56,84,176
"Gm53869",44,39,108,47,12,30,38,28,48,83,43,23,49,38,31,55,138,7,46,39,63,22,61,26
"LOC131338439",105,254,91,73,65,226,151,99,113,133,78,194,131,37,33,60,193,81,184,58,94,76,146,119
"Gm6129",404,675,589,633,392,706,878,508,474,614,623,573,580,467,912,203,393,600,588,396,925,388,631,585
"Slc10a2",7,21,6,15,9,18,6,5,19,16,21,15,11,17,10,2,9,14,31,9,17,5,17,13
"Gm29797",25,26,23,37,20,28,46,26,21,26,25,12,20,13,13,17,30,36,17,11,16,24,29,11
"D10Jhu38",164,397,110,95,184,207,308,146,208,230,127,200,201,122,231,230,260,246,112,182,280,254,236,250
"Gm46351",35,66,26,47,15,23,26,53,27,24,16,33,22,10,22,35,23,22,50,49,13,21,71,50
"Gm20706",64,156,97,74,37,52,130,98,76,83,82,46,86,59,153,40,105,87,71,38,70,76,95,80
"LOC109286568",32,33,33,18,24,30,25,25,23,24,19,41,29,23,8,17,15,23,20,23,6,20,16,55
"LOC132442524",2210,3941,4954,5006,4521,3951,4157,3701,3379,3160,3876,3416,3295,1979,2654,5003,3735,4006,2655,2380,2390,1850,3614,4416
"LOC131388800",9,24,52,61,51,74,39,61,85,43,70,39,86,59,26,32,38,47,47,54,74,48,62,47
"LOC132412273",525,860,791,543,480,444,545,1200,493,1043,272,620,557,925,593,900,723,549,651,510,597,536,836,1052
"Cpz",35,92,124,59,41,84,117,111,89,45,73,34,48,40,90,52,103,49,45,19,85,61,96,52
"LOC128924603",65,41,27,36,7,23,52,119,15,53,35,57,56,84,16,40,40,19,48,54,26,56,47,45
"LOC132410366",395,702,742,673,446,849,474,942,324,809,393,1032,634,575,379,1158,883,649,939,711,695,455,1067,1148
"LOC131391044",66,71,44,49,54,95,24,80,54,10,73,56,40,34,75,74,92,49,102,16,63,16,106,21
"Gm31427",236,244,407,423,183,546,307,199,484,356,505,125,300,290,343,217,370,167,192,150,216,185,323,493
"LOC131337203",181,422,226,174,155,137,183,284,175,117,147,178,239,106,202,120,207,212,314,92,301,115,330,112
"C86400",8,8,4,4,4,3,6,8,2,2,21,1,7,13,3,5,9,16,11,3,8,10,1,8
"LOC132441715",5,23,12,8,9,19,19,6,18,18,12,16,1,17,19,11,12,0,20,2,13,19,6,21
"Gm5552",100,232,117,185,199,333,187,258,189,176,231,111,122,97,176,244,227,102,84,174,128,61,185,219
"LOC131379168",16,7,18,12,22,13,9,26,17,13,37,14,23,18,10,14,5,29,14,7,14,25,14,14
"LOC131377643",337,312,352,257,298,248,288,299,174,268,391,182,472,305,311,195,376,296,479,161,162,203,415,455
"LOC131387298",23,19,14,45,25,12,27,21,11,15,35,41,30,15,16,29,27,31,32,7,6,15,9,24
"LOC131371384",22,74,66,45,53,67,61,62,16,16,32,46,64,57,20,43,60,33,94,36,63,36,74,80
"Gm54080",17,46,8,43,20,36,15,26,22,21,56,41,21,16,10,35,41,36,33,8,15,25,26,22
"Slx",2,2,0,0,1,8,2,2,3,6,4,1,0,0,1,0,4,3,2,1,0,1,1,0
"D16Ium56",231,186,270,245,349,291,369,286,228,353,248,375,260,350,265,156,459,305,241,353,315,258,358,486
"Gm32986",34,127,93,75,94,259,81,160,117,180,58,160,54,83,64,176,103,99,168,80,106,90,120,104
"DXMgc55",11,3,10,4,5,15,19,22,2,4,8,2,3,15,5,5,4,7,18,11,4,7,10,16
"LOC131371559",36,114,64,105,53,100,47,99,50,15,81,70,28,84,14,52,36,35,62,94,73,81,57,83
"Gm41595",10,21,16,9,6,4,9,13,2,5,1,12,13,7,4,3,7,18,32,6,13,4,5,2
"Ptges2",92,70,64,100,67,58,69,51,62,45,59,103,25,60,84,58,19,83,72,32,62,61,81,91
"Vmbic4",11,51,27,19,22,30,25,22,25,41,43,19,12,22,43,15,49,23,35,11,46,41,44,30
"LOC131337281",18,29,24,32,38,31,78,47,19,4,23,36,17,36,37,15,29,38,71,13,16,25,23,11
"LOC131338971",15,27,26,17,32,9,30,30,14,22,62,25,25,5,38,33,23,32,18,25,17,19,21,13
"Bis1",23,58,36,59,14,80,74,41,32,53,88,47,82,40,40,26,59,29,55,31,38,55,93,68
"LOC132444453",8,5,4,8,8,16,3,17,4,8,2,9,0,4,2,3,16,9,2,8,1,12,12,8
"LOC131295134",728,1318,1000,830,1052,677,1101,744,1281,1432,1264,1129,1265,696,696,853,1175,693,1130,705,1159,706,1886,1668
"Gm13056",22,54,7,18,22,63,26,45,34,37,36,87,44,28,15,41,47,66,34,38,19,42,56,88
"LOC132441029",215,494,353,153,204,153,518,215,313,190,330,267,256,146,213,293,391,213,495,193,205,337,277,210
"LOC110120522",13,33,41,13,23,17,25,43,39,24,35,35,46,37,7,26,45,43,24,40,33,22,13,30
"LOC131387206",21,29,10,15,14,23,22,22,14,39,24,11,21,21,25,12,12,10,12,9,8,5,29,20
"LOC131372944",40,52,66,47,80,42,46,81,86,130,41,37,35,23,87,26,111,45,78,19,50,50,82,58
"LOC131376382",11,22,25,7,1,19,26,19,29,19,9,38,4,10,10,19,16,10,13,6,5,3,11,13
"LOC131389006",213,395,333,468,252,427,183,940,365,368,330,679,332,256,320,604,303,324,251,189,378,275,427,492
"Gm33519",316,808,506,542,392,193,784,986,631,713,641,886,490,1116,347,991,615,759,1066,383,727,960,752,1064
"Gm40105",99,215,127,88,79,71,70,95,131,156,105,53,149,16,118,73,150,77,119,108,44,55,106,178
"Cia41",1,1,8,4,12,6,3,0,2,5,12,4,0,8,1,9,15,4,3,0,11,8,23,16
"Pex39",25,32,29,69,14,29,44,23,21,36,18,10,20,36,13,23,53,24,11,13,23,9,17,62
"LOC132440488",67,128,103,114,126,114,96,91,110,72,141,181,145,78,61,75,57,62,106,104,85,62,109,133
"LOC131391459",106,495,244,162,199,601,300,876,274,216,394,242,160,361,168,458,284,294,326,71,185,327,230,530
"Slc35c2",22,17,6,12,5,10,13,29,20,26,16,6,17,6,33,4,25,28,10,10,26,17,26,15
"G630025P09Rik",18,35,24,12,21,28,35,18,138,49,28,30,37,24,19,33,17,42,57,40,28,24,54,19
"LOC131388163",259,467,193,241,265,572,308,157,252,388,185,536,211,449,168,250,364,151,408,348,197,378,398,594
"LOC132410602",714,1699,801,655,666,1914,923,1817,791,1057,814,883,754,1365,865,1155,794,1273,318,404,707,725,1180,1864
"LOC131295175",8,9,20,10,8,29,17,30,11,42,23,24,27,27,9,43,28,22,25,23,18,16,17,10
"Gm46812",45,48,50,23,24,52,71,63,28,100,66,59,24,23,36,46,53,64,105,33,53,31,101,46
"Gm11509",365,801,389,270,241,546,422,742,318,260,231,552,334,409,319,378,564,362,494,406,192,294,304,478
"D6Wsu1e",29,101,33,60,54,60,92,106,34,38,52,37,44,28,64,58,21,23,30,45,14,28,67,111
"Gm18427",224,424,523,278,485,271,484,624,332,294,422,539,435,351,182,442,434,262,480,245,460,317,830,558
"Ugt3a1",59,114,83,161,66,71,94,83,74,49,91,170,230,73,97,102,67,91,116,121,108,73,153,111
"LOC131390401",17,24,14,5,11,37,10,12,15,36,28,15,22,14,9,7,19,16,6,36,16,14,13,25
"LOC131386069",22,238,61,45,45,79,108,113,104,35,135,109,110,99,53,134,107,45,181,58,82,116,188,138
"LOC128927286",40,59,138,51,111,59,74,95,138,65,143,53,131,105,100,112,108,134,76,115,160,99,150,68
"Lhx1os",251,443,470,448,468,497,655,595,970,944,488,354,415,618,509,317,608,522,607,352,426,204,400,355
"Fzd2",21,38,42,95,59,100,113,110,78,92,45,83,62,23,65,81,86,38,70,70,107,71,150,61
"Igflr1",1409,2046,2049,646,1139,753,1238,1006,1367,1611,1399,1178,1289,1098,977,670,1209,885,1612,592,647,621,1594,800
"Tceanc2",38,45,55,33,55,31,33,58,37,28,57,71,43,51,22,29,74,45,115,29,34,33,38,70
"LOC132442358",19,136,74,45,26,95,32,100,52,114,107,85,45,65,29,28,44,72,86,44,62,98,113,49
"LOC131378125",360,387,327,326,282,353,190,326,586,327,336,213,514,533,501,249,357,209,171,199,270,411,665,490
"Dcun1d5",11,3,10,5,23,29,12,12,16,18,6,21,13,6,3,11,4,8,13,17,14,8,21,21
"LOC131388003",4,42,13,21,9,9,23,14,9,11,22,30,8,12,15,7,35,15,52,18,20,11,33,20
"Gm3383",49,183,49,80,43,113,102,160,60,177,52,213,100,70,100,79,109,110,126,76,115,49,96,132
"Cinda3",85,138,72,100,114,190,153,64,65,111,122,94,152,112,59,62,120,28,68,76,81,52,129,100
"Gm13854",257,668,446,342,462,303,305,644,396,782,535,596,535,258,419,380,494,470,409,488,234,325,467,669
"Hinfp",41,131,117,29,26,63,87,63,56,78,56,58,47,65,66,89,86,72,85,57,49,30,72,93
"Etv4",51,87,61,24,27,87,58,126,72,47,95,74,40,40,63,63,76,50,75,53,67,105,111,112
"Gm27177",18,78,49,32,19,47,35,59,74,53,48,29,32,57,46,30,18,77,58,30,21,33,43,131
"Bntq5",30,145,59,54,36,60,119,33,58,60,82,48,27,45,77,80,49,54,77,75,65,99,122,134
"LOC128924334",46,57,25,11,36,51,48,48,44,21,83,37,51,73,68,38,23,42,60,32,36,37,52,41
"Cplaq9",52,232,90,94,101,302,86,138,123,139,137,129,114,222,140,172,152,193,110,175,124,87,167,160
"Gm19589",5,12,1,13,0,7,10,18,16,8,3,7,9,11,8,4,5,8,4,1,8,14,2,6
"Gm34249",25,54,35,40,31,79,40,54,40,48,43,29,33,34,21,45,21,29,54,27,41,32,31,13
"Cdh22",165,424,144,75,99,194,224,160,193,358,165,274,138,181,249,219,255,226,128,152,197,129,161,268
"Lpcat3",31,219,54,65,78,88,49,103,37,60,103,101,39,75,37,118,75,45,120,83,65,155,95,92
"LOC131386766",79,85,144,108,133,170,124,138,97,121,96,114,94,94,106,137,147,159,145,107,113,126,92,86
"LOC132444852",366,740,552,359,386,392,852,785,650,279,1508,502,499,808,420,365,753,497,822,678,386,365,1194,755
"LOC131297476",165,477,413,649,41,607,167,499,204,384,262,459,249,326,220,262,244,261,171,196,269,259,351,255
"Sf3a2",4,6,4,12,7,16,9,9,9,15,11,7,5,2,5,4,3,6,18,14,4,3,3,10
"Or4k50",3196,8237,5881,4778,6754,10406,4999,7028,4968,6126,3572,7664,4663,3805,3393,6260,5926,6012,5830,5167,3420,4256,3981,3747
"D16Ium59",7,21,11,24,13,12,14,33,28,16,13,15,26,24,4,12,14,17,10,12,21,11,11,17
"LOC128924713",122,224,109,180,170,213,186,136,397,165,146,125,122,179,158,126,294,124,285,81,160,113,323,228
"Gcnt1",22,36,7,12,26,15,8,10,10,24,18,14,8,9,13,34,14,26,7,24,4,9,10,6
"LOC131295356",31,67,33,37,22,29,36,33,31,40,24,34,39,24,19,27,28,16,24,25,45,44,54,50
"Gm3466",151,73,94,169,59,94,146,46,121,84,129,88,95,197,145,40,158,37,124,115,110,57,98,166
"LOC131389172",66,67,46,63,47,68,35,119,25,51,11,70,103,121,61,77,64,33,41,48,59,58,18,40
"Gm7553",1,16,5,4,6,13,10,4,10,5,6,6,5,11,0,3,14,12,8,1,3,7,9,1
"LOC128926833",13,14,13,16,21,52,13,29,5,27,19,10,22,38,17,41,27,12,6,7,7,16,14,13
"Or10p22",20,157,17,67,30,71,41,68,42,76,58,39,47,41,66,64,60,68,58,30,37,76,52,107
"Fatq1",766,1068,877,996,504,1498,618,494,1081,1312,774,1804,726,1171,898,726,752,939,974,301,825,605,607,732
"LOC132444973",3,13,6,5,4,3,5,12,15,7,4,3,15,7,7,6,8,6,12,5,7,6,3,10
"LOC131380066",10,13,2,4,7,6,6,12,3,4,8,7,4,3,5,9,8,2,14,2,3,1,5,3
"Gm39482",55,184,140,91,74,91,57,85,97,37,112,91,138,83,42,55,53,39,64,62,109,83,100,103
"Gm9791",11,20,20,8,18,51,19,13,20,11,12,29,19,15,23,7,34,16,10,28,12,21,30,17
"Fdx2",0,29,30,8,11,8,11,6,17,10,18,9,14,12,10,7,10,7,20,12,10,6,8,9
"LOC131391316",35,123,22,43,61,65,43,83,70,54,53,23,62,26,40,45,33,79,87,17,48,14,46,106
"LOC131385126",34,40,38,17,33,24,36,48,22,20,53,49,68,26,32,34,78,54,44,37,19,17,39,32
"LOC128925909",10,15,4,13,7,24,11,5,10,27,9,20,14,13,13,12,17,10,10,17,7,6,13,30
"LOC132440941",1,10,5,9,3,14,8,6,5,13,5,1,11,4,8,1,23,2,12,3,5,8,18,11
"LOC132443497",15,11,19,10,25,19,19,9,15,26,14,12,14,5,30,13,10,33,24,6,10,6,28,23
"Oxct1",161,165,172,97,85,190,94,75,164,129,115,173,98,129,92,103,95,104,138,107,153,72,257,133
"LOC132410810",12,26,19,11,34,12,21,36,26,24,33,8,29,21,7,31,20,7,28,14,16,17,35,28
"Tmem80",31,62,69,87,58,96,76,131,30,81,69,57,81,31,23,60,62,49,98,41,42,32,90,68
"LOC131296860",54,67,109,27,18,34,28,47,30,81,42,59,47,23,33,45,27,20,48,52,34,33,48,50
"LOC131391391",13,45,27,55,6,22,25,47,18,18,17,34,35,28,18,22,53,25,21,24,20,35,20,25
"LOC131390011",4,1,0,1,2,2,2,3,1,4,1,1,0,0,0,0,0,0,0,4,0,0,0,1
"LOC131377108",1,5,3,6,3,7,4,5,3,3,3,6,3,2,5,12,2,4,5,0,2,4,1,8
"Etn2",200,534,332,296,206,279,391,306,446,422,423,652,432,283,167,381,639,418,509,437,290,318,372,528
"Tm2d3",2,2,3,0,4,0,0,3,1,3,3,0,1,1,1,0,0,0,1,0,0,0,0,0
"Gm31223",69,104,168,123,108,138,66,158,112,138,64,102,128,78,118,115,81,72,172,74,108,108,122,91
"G630071F17Rik",30,290,126,160,107,133,101,214,121,172,250,206,106,77,118,171,128,257,164,139,144,94,222,201
"Gm7530",25,11,51,10,11,20,34,23,33,35,27,37,23,8,39,26,8,19,11,4,8,13,45,20
"LOC131372970",35,85,47,34,18,97,41,59,47,32,94,73,37,42,73,53,36,60,44,31,56,54,60,72
"Gm52137",32,40,59,51,54,73,30,36,81,42,60,71,51,47,26,18,30,35,38,24,33,22,54,29
"Klrb1b",243,435,340,370,363,284,380,458,255,321,292,349,560,159,409,190,324,238,315,192,232,192,600,175
"Barx2",12,8,6,0,0,7,15,6,2,4,10,5,8,0,3,4,1,5,1,0,8,1,7,2
"Ly6g5b",2,25,25,41,23,53,10,37,8,25,15,6,27,7,9,7,17,27,11,28,5,6,8,38
"Gm15238",14,72,60,62,41,86,26,56,39,19,55,44,33,29,23,23,81,59,58,62,32,19,72,49
"LOC128927270",156,150,175,465,184,224,305,234,181,189,309,263,179,140,234,154,270,141,523,139,321,115,305,297
"LOC131376965",39,62,16,6,42,14,16,60,44,45,59,38,13,73,53,24,30,31,52,19,49,28,32,70
"Gm35043",29,46,28,53,21,49,57,67,38,32,17,42,20,58,37,29,66,32,28,23,26,31,36,46
"LOC132442940",40,82,25,27,31,54,46,69,42,15,22,47,39,58,79,38,27,11,31,17,12,59,29,43
"LOC131295266",46,74,38,47,48,91,49,163,33,112,58,70,92,75,39,60,75,61,88,65,53,36,48,112
"Gm28245",3,0,3,1,0,0,5,0,3,2,7,5,1,1,2,2,7,1,1,1,7,2,4,1
"Hmgcs2",11,23,18,20,31,13,27,30,15,22,20,15,14,32,3,18,22,7,9,6,14,19,32,22
"Gm17801",14,33,11,17,12,18,10,7,2,31,1,14,13,8,7,13,9,9,16,13,15,12,17,21
"LOC131390110",18,33,15,18,33,38,14,36,19,23,16,24,16,16,25,21,41,20,52,27,17,26,40,11
"Ucn3",15,18,25,5,13,17,43,16,32,17,12,41,32,4,12,9,32,12,29,23,32,11,45,16
"Gm34981",24,107,42,55,58,55,85,33,90,96,55,78,28,45,50,57,69,42,67,62,42,45,97,86
"LOC132445253",50,93,45,40,57,60,81,69,23,55,165,52,81,59,53,40,38,59,44,83,44,29,74,53
"Tbc1d5",98,158,195,168,205,172,170,206,188,164,151,122,183,206,142,81,193,162,95,88,144,177,166,183
"Gm40327",156,254,299,254,246,441,254,354,167,149,211,165,331,289,249,220,171,95,203,184,195,136,287,403
"LOC131375271",0,2,5,7,1,1,3,7,0,0,1,9,7,4,1,1,3,11,2,2,5,6,0,6
"Gm26005",7,7,5,8,11,15,6,6,0,13,2,15,2,2,1,3,3,6,2,1,3,2,8,5
"Svs6",28,167,90,168,113,106,119,179,159,122,126,144,73,97,56,89,202,50,84,112,130,97,175,213
"LOC131296850",15,28,27,51,24,50,16,18,21,26,79,41,25,9,35,19,21,54,27,23,68,21,48,56
"Gm43221",244,500,380,189,304,328,289,163,552,289,531,233,513,249,447,227,572,350,832,223,222,163,569,347
"Find2",37,89,84,63,37,36,128,142,86,64,42,27,49,50,46,52,95,65,45,52,52,56,81,78
"LOC131337512",2,8,8,22,2,2,7,9,2,9,17,13,3,6,4,3,1,6,13,15,6,0,13,7
"Gm26630",31,77,28,69,56,57,37,49,34,83,70,36,50,79,34,64,43,51,59,24,35,44,54,32
"Lctlp1",93,236,66,98,52,109,33,46,50,55,92,56,25,125,68,62,66,39,51,36,36,64,104,66
"LOC131340034",4,6,6,1,4,2,8,9,3,2,5,4,2,5,2,2,9,4,0,1,2,4,11,5
"LOC131339537",7,24,24,23,15,5,35,70,24,51,9,63,14,29,33,37,18,34,32,32,40,29,20,30
"LOC132410483",1,8,2,10,2,21,13,10,0,24,4,5,1,3,7,5,4,3,4,3,5,12,6,9
"LOC131391085",49,23,17,24,30,43,47,42,32,41,46,19,28,19,35,19,41,30,27,24,10,29,70,22
"LOC132444892",10,8,8,3,5,5,18,4,5,7,7,17,3,5,14,5,11,0,11,2,14,7,4,8
"D8Mit96",102,159,143,107,140,156,140,192,76,181,78,133,62,94,116,138,157,61,229,54,82,95,147,208
"B230217C12Rik",6,9,2,2,5,13,15,4,8,4,6,3,6,10,6,7,14,10,5,5,12,4,11,4
"Gm5099",11,41,7,19,23,37,12,16,16,27,23,78,8,14,11,35,16,27,24,25,19,17,16,16
"Gm36047",198,493,329,200,309,312,227,281,181,218,371,154,231,137,158,224,460,210,203,273,245,183,251,235
"Sh3bgr",11,80,10,22,35,25,36,29,34,20,29,30,58,20,21,23,17,38,45,29,35,22,51,49
"Zbtb21",210,326,376,512,458,497,395,482,569,216,494,253,561,210,372,516,643,395,415,170,929,455,556,354
"Ipo9",3,2,7,4,7,2,5,4,3,3,7,6,2,6,4,2,5,2,11,3,3,1,4,1
"LOC131297782",23,37,102,34,37,100,86,41,58,37,87,35,66,70,31,63,46,62,68,35,27,57,60,128
"LOC131337007",36,73,10,33,39,32,40,64,22,43,49,22,52,69,68,39,53,14,27,52,28,59,40,31
"Gm8980",8,6,3,11,4,1,4,4,1,17,12,6,4,14,1,3,8,8,7,10,4,4,4,6
"LOC128924690",317,297,281,378,405,265,768,325,431,395,311,168,178,294,250,242,815,238,386,273,361,194,668,577
"LOC132444737",6,4,7,5,5,5,9,12,3,4,9,5,5,5,7,11,7,5,6,7,2,6,5,8
"Gm36851",5,3,5,3,2,3,2,6,4,4,2,7,5,5,1,1,1,6,4,4,3,2,3,5
"Zfp352",314,387,151,280,317,128,238,190,291,270,569,229,558,308,412,190,204,292,361,191,356,160,468,324
"Hcn3",1388,1926,1025,1139,1728,2969,2042,1166,825,1178,1629,2602,2196,1296,1242,920,1998,939,1096,789,1481,1773,2294,914
"Gm52290",1,39,15,3,10,12,18,32,4,19,6,1,22,16,13,8,7,12,6,15,11,3,7,29
"Gm40429",52,52,36,62,50,42,61,29,50,64,100,88,46,58,62,70,24,70,63,29,69,40,43,53
"LOC131377119",164,452,339,188,247,396,429,380,254,234,468,152,113,326,310,331,248,209,554,253,462,128,398,237
"Gm3631",607,918,661,470,457,327,657,570,366,456,310,737,563,465,533,704,463,203,601,526,423,488,954,457
"Gm30139",4204,9120,4671,2367,3918,8481,4186,8127,4781,9391,6189,5899,3791,4412,3227,4696,7580,9000,7002,4844,7575,2438,5299,5645
"Krt20",2,9,5,5,0,13,10,2,0,2,4,6,0,1,0,6,7,2,4,5,1,0,2,10
"LOC121392895",5,13,7,6,5,21,8,13,6,9,6,12,17,4,8,27,10,7,9,9,21,10,8,9
"D5Mit34",13,14,21,5,16,15,18,4,9,37,12,8,54,6,5,11,18,5,24,20,17,5,6,34
"Gm8296",24,123,50,21,16,27,41,77,46,57,70,37,32,52,25,13,44,34,44,19,27,28,52,66
"Swrl1",19,37,19,12,16,10,27,16,17,19,40,35,26,22,13,18,8,30,25,17,34,23,29,26
"Scc4",4,20,8,4,8,10,4,17,10,7,15,13,4,17,4,36,5,9,7,4,7,7,20,20
"Nradd",43,22,15,26,47,78,55,23,28,45,64,43,13,28,34,23,38,36,27,32,23,18,16,77
"LOC131387547",22,42,23,43,31,53,36,51,14,43,35,38,12,27,36,56,49,42,72,48,19,38,17,66
"LOC131390713",39,56,79,36,61,59,84,60,19,116,35,49,53,26,50,96,115,73,53,87,95,122,89,122
"LOC132410040",6,4,0,1,0,2,1,2,1,0,6,4,1,0,0,0,3,3,1,1,1,3,1,0
"Gm41207",23,42,27,25,21,30,27,34,37,17,21,14,42,18,24,16,22,40,27,11,45,39,16,23
"LOC132441587",211,212,243,300,83,193,266,249,209,287,132,188,237,188,210,178,130,120,266,138,136,122,168,196
"LOC108021853",5,21,4,4,16,22,18,3,22,17,23,4,4,5,7,11,8,23,14,17,4,6,11,21
"LOC109286558",145,239,260,113,62,214,105,178,164,157,129,139,169,137,57,166,311,114,212,165,196,134,190,205
"Igfbp3q2",28,21,19,22,19,26,31,14,14,15,61,27,24,12,12,30,24,35,23,12,18,8,22,11
"Apool",43,174,51,53,26,111,99,117,60,80,89,87,61,42,79,32,87,76,72,96,45,122,70,76
"LOC131377616",41,87,56,103,33,59,88,37,27,40,35,36,118,54,33,43,82,111,54,65,90,28,78,62
"Nectin1",335,663,394,1006,272,332,520,720,546,732,642,608,511,622,311,473,565,542,290,588,287,644,240,829
"Mir744",92,190,77,70,24,44,101,153,51,89,83,89,87,56,76,33,59,50,116,61,71,45,149,85
"Gm40503",48,57,16,73,38,70,31,94,15,34,39,59,35,14,25,42,25,11,45,18,13,26,50,26
"Gm11875",156,482,152,244,154,323,245,328,361,176,179,296,339,329,127,243,423,151,261,188,384,386,258,362
"LOC132444461",38,54,58,37,25,48,50,64,49,60,55,54,63,17,24,55,48,39,79,33,21,50,83,73
"LOC131337533",180,240,325,217,203,206,92,651,204,299,306,384,259,244,209,115,244,171,149,271,155,250,179,433
"LOC131376779",29,65,19,47,28,44,43,42,24,52,11,47,30,23,20,101,54,37,40,34,52,33,52,73
"LOC132408451",67,80,78,77,96,128,130,109,92,81,205,85,182,77,74,127,116,62,131,65,112,37,162,145
"Gm16487",104,114,137,56,75,99,205,114,36,225,126,115,120,145,82,45,63,94,77,81,106,81,91,78
"LOC132408883",10,17,20,17,4,10,6,9,9,18,15,22,6,2,13,3,9,6,10,4,7,11,11,20
"LOC132444932",103,257,279,84,166,198,222,120,144,278,224,157,419,166,171,207,335,111,261,59,99,138,102,199
"Fastkd3",0,7,8,3,6,6,8,3,1,8,1,6,3,2,7,8,4,8,2,0,2,1,11,3
"LOC131371544",40,80,25,41,20,36,56,122,66,28,47,64,109,19,32,30,28,31,70,21,33,54,48,43
"LOC132443507",11,72,49,83,55,118,59,45,54,29,68,57,56,63,36,34,82,43,89,82,28,42,65,56
"LOC128927005",319,846,976,658,473,552,687,932,579,938,532,765,640,525,489,706,881,340,608,403,594,568,831,972
"Msg",7,4,8,0,3,7,7,2,2,14,4,7,4,6,1,6,2,0,10,10,7,5,1,7
"LOC128924522",142,312,233,247,188,249,224,271,175,96,129,179,176,149,166,170,242,266,121,123,152,127,236,336
"LOC132409730",4,5,0,3,0,3,0,4,1,4,1,10,2,1,5,0,3,5,0,2,3,4,0,2
"LOC131372727",78,181,158,169,91,237,100,206,183,93,94,99,191,124,77,188,67,110,106,78,84,107,154,76
"Esyt2",88,111,168,129,94,88,241,124,106,67,213,117,60,108,130,166,230,65,132,42,215,133,163,165
"Aimp1",60,96,54,66,25,65,58,51,62,74,40,34,26,26,28,26,74,16,54,45,35,43,30,23
"LOC128926977",816,2851,1214,574,922,2027,1347,3285,1128,1238,1333,1239,1530,1690,844,1491,960,1642,2058,1264,1592,752,1198,2676
"LOC132442043",21,52,15,22,29,27,31,58,24,8,22,23,33,29,35,8,40,9,28,14,23,27,53,30
"LOC132411028",26,67,63,38,34,88,96,109,70,55,71,68,39,40,92,126,47,54,67,40,86,64,46,49
"Slc25a46",13,15,13,4,9,26,9,7,11,6,3,17,9,0,17,13,10,11,15,11,6,7,12,14
"LOC131391705",9,6,12,6,7,10,18,8,5,13,12,7,4,10,16,14,19,7,17,4,12,10,21,7
"Gm32992",2,13,5,2,17,10,7,9,10,18,4,4,29,13,11,6,9,4,7,8,10,10,14,15
"Gm3164",67,474,192,277,128,169,255,162,237,412,176,172,127,177,122,220,311,158,201,149,143,183,229,126
"Mir3071",461,711,563,243,293,654,418,568,566,393,432,266,260,770,190,438,460,195,408,282,327,392,551,163
"Gm14606",35,40,37,51,53,56,78,44,39,58,57,54,83,64,47,65,77,51,42,64,74,41,44,32
"Iva2",74,59,34,70,94,50,48,83,37,127,74,51,102,69,70,65,31,47,27,75,39,51,161,57
"LOC131337951",185,407,293,244,198,232,158,212,175,178,273,109,215,149,382,113,204,165,243,198,150,93,222,222
"Minar1",6,5,7,12,2,7,8,5,6,10,7,7,9,9,7,11,4,6,9,1,0,6,6,8
"LOC128926314",5,14,11,9,4,7,6,5,13,3,4,2,6,5,4,9,14,9,10,7,12,1,5,2
"LOC128926437",8,25,35,19,16,36,16,36,14,33,13,9,18,25,12,12,20,13,19,12,24,27,39,30
"LOC128925727",24,34,52,44,55,69,20,92,36,72,75,56,84,42,94,18,40,53,57,65,39,35,68,65
"LOC132412437",2,17,9,13,5,14,2,4,7,12,11,42,14,1,9,12,8,9,23,2,4,4,6,17
"Gm38761",189,208,168,107,207,133,207,189,139,173,191,247,108,153,138,131,191,146,229,138,151,57,215,257
"LOC131295352",12,17,10,13,14,11,16,7,7,12,5,2,4,2,9,5,16,18,5,1,4,7,2,8
"Gm53935",23,29,22,20,42,41,38,27,21,18,7,18,49,36,30,20,16,11,55,21,33,43,44,16
"Gm23448",45,134,77,43,72,50,54,122,32,99,59,50,18,35,58,7,99,36,41,28,45,28,47,57
"LOC131389194",97,640,397,300,267,355,473,219,164,366,233,346,241,191,108,158,191,257,369,197,384,126,333,375
"LOC132411297",16,6,14,12,10,54,10,36,15,6,16,17,3,8,23,20,34,16,14,6,19,15,42,25
"Chldq2",449,595,346,247,319,355,574,495,341,380,294,285,356,287,254,218,355,166,262,145,237,347,556,293
"LOC128925493",10,6,0,8,13,9,9,16,11,2,21,5,20,3,7,7,18,12,13,13,12,5,18,18
"Gm40933",547,695,972,1250,399,1079,571,923,637,713,524,651,817,600,469,500,607,874,586,409,321,343,783,625
"Slco2b1",53,143,100,40,49,94,40,56,118,129,26,87,79,34,82,45,117,80,76,58,50,31,108,94
"Gm39793",45,61,36,24,19,37,41,36,41,27,14,60,56,24,12,33,44,19,63,28,44,43,40,30
"Iap3rb2",8,38,25,14,41,19,7,60,33,27,68,37,9,26,12,50,26,36,16,25,19,30,15,34
"LOC131374989",234,385,441,320,398,362,316,410,273,223,283,295,262,247,340,146,293,465,292,232,153,232,435,362
"Gm53284",264,722,482,251,310,303,389,382,241,448,282,468,413,342,256,330,293,253,275,257,241,154,410,398
"Synpr",9,75,70,77,36,78,49,51,13,41,34,102,32,45,53,23,107,44,93,43,25,75,19,81
"LOC131379205",43,285,120,114,156,143,54,133,130,135,106,146,193,109,109,160,87,182,175,103,52,164,180,231
"Gm9550",2,11,8,13,13,10,5,10,11,22,14,27,12,1,9,12,20,7,5,4,8,3,11,12
"Gm52496",136,387,270,394,214,775,462,299,250,288,300,395,218,217,277,337,586,245,282,284,388,314,388,305
"Gm21829",3,5,4,5,6,9,4,13,5,0,1,7,4,3,0,3,6,0,3,5,2,4,4,5
"Gm5149",144,283,235,204,159,274,284,251,92,114,212,296,87,346,156,225,286,206,86,229,141,196,169,259
"Il22",551,588,606,1079,598,1042,1274,1000,698,844,617,1385,918,1455,762,854,681,250,908,631,742,473,722,1114
"Gm26176",13,11,6,18,0,6,13,12,10,12,13,13,9,6,8,20,25,6,13,11,2,15,9,16
"LOC131392093",74,314,73,89,113,188,88,163,162,189,99,158,119,113,82,132,113,208,74,111,171,130,186,130
"LOC131295897",7,23,13,4,25,10,43,15,29,12,17,14,12,8,22,6,37,12,13,1,25,18,18,11
"LOC131388943",11,10,32,7,39,91,13,61,14,26,14,37,25,31,12,7,17,20,30,30,31,16,23,16
"LOC131390911",45,67,68,68,20,42,51,50,39,21,35,59,57,15,37,34,27,20,45,23,50,23,87,69
"Obq18",27,54,88,22,36,86,60,66,38,13,35,49,51,51,40,27,69,48,66,45,44,71,58,31
"D19Mit109",169,185,285,153,129,420,249,302,134,128,264,346,141,116,177,311,174,100,126,185,128,177,354,247
"Gm26501",5,4,17,15,20,19,16,7,6,7,8,21,11,4,21,5,15,4,16,15,9,1,1,9
"D7Mit101",3,29,31,17,10,18,14,12,10,12,16,15,18,11,4,13,4,9,20,0,12,3,16,6
"Medag",911,2346,1160,697,1854,693,2926,1390,2067,1584,2271,1336,2555,1906,1355,1017,2261,878,1765,1306,1867,1468,1952,959
"Exog",36,106,58,40,81,67,47,98,54,108,64,106,76,136,29,58,118,29,83,44,51,74,76,43
"Gm41773",12,54,11,19,9,21,14,21,7,6,22,26,12,29,16,18,31,11,35,11,20,32,22,18
"LOC132412042",22,23,9,6,9,15,12,24,13,2,19,19,7,4,5,8,15,11,15,12,49,13,18,10
"LOC131338093",98,171,110,85,127,146,91,171,93,178,190,88,68,87,80,57,72,111,144,56,52,100,123,164
"Gm7435",27,20,35,12,50,29,42,18,57,14,19,51,65,15,30,28,33,28,28,15,32,36,30,14
"A330043C09Rik",6,2,2,4,0,2,4,6,11,18,3,9,2,2,2,3,1,7,20,1,8,4,2,8
"D2Ertd295e",45,27,23,49,19,65,49,41,56,76,17,90,20,43,39,8,36,78,36,32,48,19,25,43
"LOC132409741",1,2,1,3,0,1,3,2,10,3,4,1,1,2,2,3,1,0,0,1,1,3,3,8
"D3Ertd508e",25,38,17,25,14,8,11,25,11,22,5,16,14,13,13,18,15,13,20,10,29,23,7,7
"Wrap53",6,4,5,7,2,16,8,15,0,11,16,17,7,11,4,11,14,7,8,12,5,8,2,3
"LOC132442368",87,170,55,101,78,174,66,268,123,114,125,110,69,83,120,170,100,54,191,49,49,116,144,85
"AW743250",96,363,151,172,198,469,122,238,72,294,195,375,213,140,238,113,196,242,275,187,183,136,185,185
"LOC131387129",1,0,1,2,0,0,1,1,3,1,6,0,0,1,1,0,0,0,0,1,0,1,2,0
"Htr2c",105,214,122,194,140,257,272,328,162,196,91,223,75,110,102,106,129,95,127,55,78,182,219,62
"Evi25",6,10,3,20,1,23,12,3,6,18,10,5,3,23,5,9,3,6,24,5,6,3,9,4
"LOC132412983",157,497,269,310,305,332,475,429,429,398,403,913,482,294,270,200,222,195,176,372,178,165,235,402
"For5",9,36,19,13,24,45,34,22,60,63,38,44,27,21,45,26,18,56,37,36,33,14,33,33
"Aem2",18,29,10,23,14,32,9,23,16,8,26,29,13,19,10,17,40,19,16,8,17,26,4,23
"LOC132442491",9,9,3,10,5,4,5,24,3,6,7,6,4,21,3,6,7,5,23,9,2,2,12,6
"Gm52192",4,7,8,2,16,4,8,11,13,24,9,13,10,9,2,12,11,13,20,17,6,5,5,7
"LOC131375721",18,72,36,36,43,37,25,43,37,41,55,53,32,30,60,33,64,36,82,29,40,35,69,94
"LOC128926315",115,319,256,255,235,291,478,249,286,330,314,460,172,197,324,395,400,276,306,479,264,246,494,341
"LOC132411452",349,832,424,529,733,941,586,740,431,663,624,933,309,354,659,706,572,562,437,315,423,575,637,625
"LOC128925587",3,6,4,0,0,2,9,4,3,2,3,2,2,8,0,3,4,0,4,0,6,2,8,1
"Samt1c",21,13,29,15,10,9,62,31,14,15,7,10,34,23,9,12,28,22,23,16,12,10,28,31
"Sgk2",9,7,6,11,2,14,14,4,2,16,11,6,8,6,12,5,9,3,9,7,8,12,12,3
"Wbp2nl",209,203,207,316,133,257,226,140,195,182,195,304,205,139,72,91,227,129,162,89,232,112,161,311
"Gm41800",1,5,0,2,3,1,3,3,2,5,1,1,6,3,3,3,2,3,5,0,4,4,3,2
"Mrgpra3",1,2,0,14,3,7,10,1,6,3,13,2,3,13,6,1,2,2,10,1,12,6,3,2
"AA636326",32,20,37,12,16,48,32,38,21,15,16,19,13,13,5,25,37,8,4,17,20,13,11,6
"LOC131389531",15,22,16,23,6,49,24,7,22,10,40,12,15,26,13,22,24,14,12,13,20,7,26,49
"LOC128925033",41,173,126,88,73,82,85,127,64,115,99,81,93,110,69,76,76,73,134,103,46,134,120,176
"Lce1l",256,289,325,111,184,362,172,234,313,115,465,305,203,318,120,150,246,212,162,245,260,168,361,258
"Gm9120",249,270,278,207,125,256,494,325,266,331,320,256,100,289,210,189,217,135,240,229,72,112,288,255
"LOC131371638",118,92,83,52,79,153,61,170,61,80,116,56,82,190,54,96,56,27,120,43,94,174,212,172
"A130015J22Rik",73,154,62,71,54,137,43,114,76,106,91,104,63,44,71,62,93,58,32,44,25,106,73,61
"Or5b97",22,26,23,43,17,40,54,28,32,40,68,14,17,33,24,20,62,10,42,24,23,21,13,38
"Mir7015",7,14,4,10,9,5,9,18,3,4,6,5,5,16,2,6,7,8,10,2,5,3,9,5
"Gm25891",23,51,31,26,8,46,11,39,35,10,19,24,44,17,23,41,34,36,30,23,48,10,28,29
"LOC114574118",0,2,3,5,2,0,1,8,8,1,0,2,3,3,0,5,4,1,2,2,1,4,1,3
"Kel",32,141,29,69,77,91,121,123,47,53,45,96,82,42,83,66,56,88,58,97,70,148,22,119
"Gstm4",26,101,93,61,46,102,148,76,99,60,67,86,122,101,73,119,142,71,137,92,149,71,100,73
"LOC132407914",24,26,62,78,70,71,28,83,45,78,73,115,50,14,35,55,30,72,40,23,42,31,57,50
"Trmq6",2,1,0,1,1,1,0,4,7,0,0,1,0,3,0,1,0,1,11,3,1,3,1,3
"LOC131340440",4,8,3,6,2,3,3,9,2,9,2,15,7,6,13,4,2,15,0,9,8,9,2,5
"LOC131340020",8,5,7,0,7,6,0,4,4,4,1,5,3,5,2,7,3,2,1,2,6,1,5,3
"LOC132409752",44,114,77,52,43,33,37,112,59,108,175,50,80,105,52,26,119,113,94,27,62,77,35,124
"Gm31047",18,18,14,6,14,3,39,14,13,12,13,7,4,3,11,13,13,21,62,15,6,8,21,8
"Mix23",42,125,144,116,60,137,113,96,56,62,44,112,80,78,51,49,92,96,40,52,91,108,125,125
"Gphb5",116,178,163,148,94,187,157,169,212,147,103,115,172,126,125,136,238,99,74,81,183,78,200,108
"Gm46249",107,219,238,104,134,75,89,238,94,115,118,121,102,76,305,191,178,136,150,111,87,42,234,268
"Ptpro",5,13,14,20,10,4,20,6,8,17,17,13,14,8,21,9,5,12,13,9,15,7,9,15
"Gm10058",7,14,21,6,22,6,15,11,21,19,13,13,20,7,8,14,32,6,16,11,17,10,28,16
"Mir6341",18,117,15,68,38,22,38,121,28,52,31,61,30,41,48,46,33,24,76,42,35,36,42,87
"Gm33472",3,16,17,17,7,10,6,6,15,3,6,8,12,3,12,7,8,18,12,6,13,12,6,12
"Tmem94",35,19,25,12,18,34,14,22,42,21,22,24,12,14,7,17,23,38,42,23,14,15,14,16
"LOC118568368",27,77,22,44,28,50,22,64,49,50,38,52,49,43,25,43,36,46,42,46,8,20,48,31
"Gm6309",28,47,42,46,34,40,33,47,58,64,51,24,9,17,31,92,26,49,16,63,25,40,62,35
"Gm54221",114,134,129,121,144,130,222,151,79,117,223,149,149,38,154,47,259,67,168,50,134,120,173,154
"Nsv1",569,264,450,263,471,488,558,449,402,465,508,280,770,298,383,512,465,427,745,410,505,337,640,354
"Gm10288",35,46,23,62,99,28,117,98,35,59,38,86,61,29,43,29,75,35,46,29,71,57,58,97
"Hoxb4",8,23,28,28,20,54,13,31,19,18,32,15,51,26,16,15,22,12,44,8,3,13,10,21
"LOC131372151",12,8,15,4,7,8,5,17,4,26,8,6,9,7,5,2,8,3,13,6,5,3,4,5
"LOC131296203",387,556,898,282,421,583,409,409,716,690,290,437,388,283,478,443,481,381,607,407,538,660,754,529
"LOC132443593",82,270,471,187,129,202,240,194,184,179,140,148,273,218,243,232,120,241,176,80,147,203,322,352
"Mfiq1",7,4,11,22,10,7,21,11,11,9,9,15,9,15,13,23,28,6,10,8,4,21,5,9
"LOC131388600",8,44,17,56,6,22,49,31,10,28,39,15,28,17,20,33,44,25,50,29,21,16,53,51
"Gm22469",185,374,154,254,87,207,206,172,63,269,129,291,97,231,94,219,97,93,326,173,155,184,289,253
"LOC131387911",17,13,16,13,6,25,5,35,22,31,41,8,12,15,10,4,2,11,1,19,7,14,17,6
"Gm12070",223,335,439,242,258,739,562,398,446,443,473,312,184,488,336,372,551,319,329,183,377,278,393,312
"Pkhd1",34,54,28,22,42,42,31,65,35,74,21,38,38,39,43,71,18,40,52,39,12,41,44,85
"LOC132413003",84,152,113,93,90,193,115,38,147,135,113,137,155,67,80,154,138,112,114,80,66,109,146,177
"Qser1",165,282,285,368,179,188,262,242,260,189,332,312,489,235,148,113,261,263,182,238,224,166,221,244
"LOC132408432",90,414,216,86,215,217,212,271,231,298,319,117,282,145,112,339,158,187,205,187,244,115,234,85
"LOC131390874",91,190,133,119,137,74,157,177,232,130,116,259,99,123,138,158,121,126,88,62,151,112,239,196
"LOC132443258",54,263,145,82,221,151,139,310,118,247,155,135,127,250,90,138,194,170,263,92,130,163,161,322
"Gm4678",27,210,27,40,29,48,11,69,43,67,50,91,15,34,23,67,37,49,34,50,49,28,54,77
"LOC132444905",61,254,115,75,125,124,63,201,133,112,89,80,119,106,129,97,253,153,195,116,82,122,159,176
"LOC128927823",46,79,54,74,36,158,29,84,70,82,39,115,70,80,116,100,66,93,44,66,78,39,72,127
"Gm32571",24,24,50,39,26,32,64,28,27,27,79,34,104,25,14,75,43,38,19,15,29,32,71,30
"Sorl1",68,39,89,30,60,36,61,69,45,45,96,83,69,90,57,72,61,40,66,27,23,43,52,46
"LOC131379189",4,10,2,3,1,4,11,0,3,6,16,14,8,7,1,5,9,4,5,9,2,1,21,18
"Gm5387",60,259,52,108,85,98,134,75,77,70,104,106,96,50,166,118,93,179,164,149,87,153,64,211
"Gm9309",257,498,701,498,402,694,595,679,491,310,506,583,415,400,206,533,308,513,649,268,317,439,680,512
"LOC131337461",72,192,353,181,146,325,316,303,292,238,216,240,233,191,163,271,266,173,254,112,136,270,337,412
"Arti1",404,808,473,532,350,1217,776,398,415,796,857,374,331,862,425,744,822,1193,810,465,431,1042,898,995
"LOC128924527",57,34,101,24,49,75,58,69,71,40,67,56,53,11,22,16,37,50,106,18,40,36,27,33
"LOC131376466",109,283,90,111,38,208,127,181,131,208,98,125,131,128,100,228,132,154,322,64,70,179,142,159
"LOC131374641",39,66,56,147,101,101,72,106,64,21,91,80,77,73,33,46,64,39,57,62,61,44,87,120
"G930045G22Rik",24,24,39,22,12,20,56,29,12,16,34,15,26,19,28,15,31,10,20,27,16,19,86,21
"Fmtq3",3,6,8,4,0,6,4,4,7,1,1,6,6,3,4,0,1,3,2,2,11,4,8,4
"LOC131375160",17,17,21,29,9,43,10,10,32,26,16,26,16,21,21,22,27,24,10,15,17,28,29,37
"Gpr3",12,75,43,15,23,30,20,34,11,26,24,64,23,16,16,34,24,29,28,10,45,26,37,11
"Mat2b",119,249,124,147,77,168,130,116,109,152,275,103,81,91,128,102,154,73,104,146,137,108,143,104
"LOC128924435",7,7,4,4,5,7,6,6,18,4,2,7,4,8,5,2,5,6,1,7,1,2,18,0
"Gm31564",525,379,410,635,426,1118,656,555,518,771,476,479,806,542,542,470,913,154,748,430,463,558,1020,665
"LOC131372764",206,224,404,327,428,486,486,479,391,386,178,501,525,452,214,408,551,371,660,207,467,292,324,301
"Or2h2c",8,25,18,21,46,11,21,37,45,19,40,23,10,15,22,22,19,5,23,17,34,12,52,22
"Slc17a2",44,44,36,31,31,82,34,35,31,24,37,29,22,34,23,20,35,35,13,16,44,24,41,84
"Gm36195",2495,7672,3782,8279,2774,4977,3201,6782,3270,6236,7092,13102,3619,3889,2508,5997,3886,3270,4493,3651,5106,4759,3840,7545
"Gm7823",1,1,0,1,4,1,1,1,2,12,4,4,1,3,1,3,3,7,3,0,1,1,0,2
"Bltp1",94,100,156,164,102,111,159,151,114,119,102,112,99,134,71,70,108,52,73,76,83,98,128,47
"Mtap",5,28,7,1,7,6,15,33,7,20,5,19,5,17,14,4,7,1,13,6,8,8,6,9
"LOC132408865",19,35,7,15,8,10,12,27,17,8,14,15,38,17,14,7,18,15,15,15,10,10,13,22
"LOC131338502",134,277,201,135,165,543,462,317,191,117,123,333,150,266,174,246,107,287,198,229,270,163,307,250
"LOC131391023",77,124,86,82,118,170,133,117,67,163,111,156,26,83,102,81,55,100,99,88,86,81,61,119
"LOC131376598",13,12,17,6,1,8,10,5,8,23,9,16,5,9,8,4,15,13,4,8,25,22,27,17
"Gm36823",367,1073,934,1265,394,471,652,793,261,1227,1033,909,862,841,473,620,435,555,505,728,438,964,493,720
"Bcan",8,8,14,11,7,12,7,7,14,4,7,8,21,4,19,12,3,6,9,9,5,9,6,11
"LOC131340071",1,35,85,33,33,22,22,17,18,19,10,50,27,32,17,15,29,28,30,28,3,17,11,36
"Srsf10",58,110,48,51,60,100,86,77,62,71,118,42,62,54,56,30,70,32,61,45,32,63,106,84
"Coq10a",22,39,17,13,28,44,32,36,46,17,27,32,56,48,30,28,45,16,53,7,35,9,16,45
"D13Mit249",81,60,45,52,23,46,27,64,58,66,40,40,38,46,33,54,47,21,76,25,61,45,95,58
"LOC131296009",125,142,93,88,36,118,102,60,107,94,109,151,122,59,109,118,110,57,66,55,89,57,180,71
"Gm5943",23,58,15,47,57,78,50,66,54,60,54,61,34,77,49,48,96,27,46,42,58,14,56,160
"Gm40943",113,273,176,284,70,186,126,83,84,134,87,140,178,60,227,189,106,98,155,83,126,171,254,131
"LOC128926522",0,5,3,4,1,2,3,14,1,3,2,3,4,1,4,1,7,1,4,0,1,7,1,9
"Lce3d",29,44,17,61,57,26,81,57,41,65,64,71,37,40,40,46,55,59,40,47,40,88,79,65
"LOC131385485",2,17,13,6,7,6,4,2,7,6,3,9,9,8,10,8,8,6,4,5,6,4,3,4
"LOC131338700",12,27,19,22,23,49,16,14,39,18,42,11,18,16,11,4,52,8,18,16,15,11,27,16
"LOC131373302",71,195,133,258,96,120,177,282,111,190,216,257,273,89,230,198,176,75,272,205,90,139,219,154
"LOC132445158",1,6,6,9,0,3,3,4,4,2,2,1,6,1,1,2,7,3,1,1,2,3,8,10
"LOC131391924",872,1739,1466,981,1112,1199,1598,1337,1322,1468,1097,1343,628,785,861,842,2014,591,1604,596,1440,1284,1545,1571
"D9Mit301",7,2,16,4,11,3,7,3,8,3,11,10,13,3,10,2,16,2,16,1,7,2,4,11
"Gm40856",19,35,6,5,6,40,7,16,37,41,50,32,25,17,6,11,47,30,16,21,14,57,10,16
"LOC131386949",35,43,73,15,21,59,35,31,24,6,59,29,43,38,21,19,49,71,44,22,32,20,34,25
"H53",122,264,109,138,66,328,90,312,122,204,232,159,257,192,189,271,362,215,89,148,78,89,362,141
"Klra26",8,33,5,11,7,30,44,56,20,21,19,50,21,46,15,16,38,20,22,22,39,11,20,23
"Lgdr2",46,55,47,61,20,50,47,67,34,101,63,37,62,47,23,21,83,46,101,42,62,43,77,70
"Or5b124",26,102,58,41,13,38,28,59,21,28,46,67,74,59,17,17,61,20,67,34,12,14,33,69
"Gm36747",98,155,143,118,93,158,126,213,130,97,129,99,79,117,144,131,74,93,281,105,68,113,106,151
"Gm57698",170,156,415,133,115,181,180,186,77,116,165,90,246,136,128,57,170,135,204,228,108,91,279,115
"LOC131339760",188,415,519,178,223,260,466,163,275,133,436,176,317,198,225,267,254,220,405,158,250,172,290,147
"D10Jhu71e",4,6,0,5,1,1,0,6,3,3,6,5,2,6,0,10,12,2,7,3,3,3,2,2
"Gpr22",95,112,69,164,100,138,140,209,93,157,178,114,68,68,135,89,99,117,157,27,84,101,288,81
"LOC131385071",22,126,72,54,51,71,27,111,67,90,38,50,47,34,44,54,81,110,48,96,36,41,109,65
"Gm7201",37,32,63,27,59,45,26,42,47,52,44,50,36,38,30,33,35,45,46,20,40,24,40,61
"Gm31582",6,23,10,12,7,21,11,16,8,8,13,8,6,6,17,6,9,1,16,13,19,9,10,13
"Gm40233",12,15,30,16,32,30,34,20,13,45,12,13,11,2,41,11,24,22,8,9,17,12,31,15
"LOC131338858",3,44,23,25,15,39,9,14,41,31,18,29,29,30,25,21,11,33,8,8,4,19,15,3
"LOC131379911",90,119,164,99,142,148,248,79,70,67,141,93,113,122,124,80,170,73,133,73,203,39,173,162
"Gm18246",9,22,11,8,11,21,17,12,13,8,25,24,6,17,6,17,23,10,13,25,14,19,16,16
"LOC132409481",128,152,57,79,104,36,114,43,154,121,125,155,113,84,92,46,170,70,162,84,83,84,78,107
"Ralgps1",4,10,10,7,13,19,42,7,9,19,14,6,20,11,20,10,10,3,7,16,24,18,12,11
"Bex2",3,28,28,14,11,8,27,47,11,19,40,35,10,14,14,39,38,9,18,22,6,17,28,35
"Gm53703",190,169,310,174,149,234,321,127,212,329,355,206,308,299,91,315,180,152,153,181,316,124,238,395
"Arvcf",367,361,607,94,286,460,447,371,415,257,367,438,335,389,305,443,282,179,372,293,403,382,485,455
"Trpc2",490,612,549,405,327,561,587,496,475,308,295,376,274,471,338,505,410,289,687,433,451,297,1122,758
"Gm12709",35,33,30,43,47,71,37,72,78,61,77,45,46,36,78,24,78,89,42,51,41,30,38,55
"LOC131377575",18,9,28,8,18,2,8,44,14,10,19,6,15,11,7,9,18,15,21,6,42,22,30,19
"LOC131339431",46,76,49,49,42,37,29,17,45,69,53,53,74,24,43,101,89,80,63,53,48,54,27,18
"LOC131379908",4,1,5,3,5,3,3,6,3,5,1,13,0,0,9,0,4,3,4,5,0,1,5,0
"LOC128925524",4,4,3,3,3,5,2,3,1,7,8,9,1,0,4,4,0,5,5,7,0,4,13,6
"Gm23502",13,45,24,29,19,34,33,47,32,33,58,61,17,52,38,14,39,28,41,36,48,30,34,58
"LOC132442346",6,16,8,7,5,22,5,25,7,2,7,1,7,25,7,5,5,6,2,13,3,18,27,17
"LOC131341555",24,54,29,47,10,27,29,27,11,24,31,49,19,20,20,63,49,75,23,43,16,36,31,43
"LOC131374113",12,82,35,57,24,68,61,139,49,52,30,19,105,36,29,34,33,70,38,57,53,71,79,84
"Gm45645",17,34,21,29,19,10,18,32,14,32,16,12,19,30,16,17,25,8,28,17,26,31,47,29
"LOC132408616",328,1175,1406,651,538,873,818,776,710,860,1280,577,671,618,484,1293,1042,688,799,619,790,671,466,1381
"Gm52178",4,11,10,6,5,12,8,3,4,2,12,17,6,9,15,4,21,8,11,5,11,1,2,22
"Gm25611",54,115,129,70,52,120,88,108,75,88,59,114,124,97,30,42,75,146,69,86,68,127,82,146
"Gm35309",58,48,44,44,68,53,110,113,46,33,100,99,107,47,42,28,69,47,62,32,60,14,38,86
"D16Jhu48",3,13,5,3,8,11,1,13,3,7,8,11,1,18,11,13,9,4,16,4,4,2,12,11
"LOC131377262",16,53,42,46,14,59,64,50,38,50,25,16,20,18,22,49,27,46,24,9,26,11,36,54
"Ak1",16,36,23,9,33,4,24,27,20,56,18,52,72,13,36,14,13,29,45,14,25,34,56,31
"Neto2",342,534,589,861,478,483,558,585,804,595,405,466,759,531,270,491,773,440,661,432,401,398,662,231
"LOC132443859",29,102,39,31,11,29,71,18,45,36,30,40,21,38,44,40,41,43,44,10,16,37,22,24
"Gm35596",4266,4734,3771,4264,2329,6185,4776,5336,7783,3385,4199,3719,1814,3131,4881,2482,5345,2640,5983,2022,4109,3500,5288,3425
"LOC132410396",421,472,319,562,309,370,530,444,615,644,537,576,746,698,430,437,428,340,469,236,303,364,492,251
"Gm45700",7,10,8,8,11,10,7,7,7,32,13,5,3,7,3,10,24,16,11,12,15,7,11,9
"LOC131339800",50,141,139,174,67,158,166,118,122,150,156,77,105,155,59,98,125,111,167,90,172,113,162,89
"LOC128924940",105,80,269,186,376,317,279,375,183,325,196,127,240,347,236,293,216,261,240,193,394,238,210,205
"Sle9",5,8,11,9,4,9,2,12,1,17,7,15,3,3,4,4,4,11,5,2,3,8,7,13
"LOC131339204",147,165,146,171,163,201,199,338,134,169,277,191,178,112,149,102,284,115,211,150,182,143,149,119
"Myo9b",16,3,20,7,17,3,15,17,14,7,10,11,5,16,12,29,11,8,14,13,11,5,13,10
"Gm33599",7,15,9,5,8,17,16,6,4,7,10,17,4,10,3,17,4,8,7,2,2,15,9,5
"Gm7988",18,20,47,2,31,19,18,44,16,37,36,28,26,39,16,23,19,16,32,14,13,28,14,42
"Or5b123",27,91,23,62,17,32,25,69,29,72,24,40,39,37,26,21,45,30,26,37,51,38,16,49
"LOC110120500",12,32,29,6,16,28,17,33,10,8,6,20,15,12,11,14,10,19,4,7,8,10,5,13
"Bod2",141,275,169,182,182,159,242,127,358,159,202,112,377,121,192,186,445,49,120,96,124,85,170,197
"Gm18864",9,21,31,11,16,15,53,9,28,9,11,20,13,9,18,15,10,10,7,5,9,34,12,14
"LOC131371782",50,86,41,20,38,38,70,89,51,44,113,49,58,79,25,51,74,25,71,37,68,60,54,73
"Gm20737",154,759,306,189,119,359,322,654,163,540,158,603,295,473,231,477,192,329,354,382,143,217,188,284
"Gm16071",25,119,41,55,63,59,76,35,37,42,66,54,36,41,46,45,111,37,95,40,68,19,55,91
"Gm36516",246,403,230,518,248,503,334,213,401,361,72,603,469,580,275,342,244,382,540,254,136,265,793,455
"LOC131388451",49,116,94,73,67,107,168,50,105,69,114,76,34,37,95,72,86,48,105,115,67,116,82,74
"Gm41711",0,1,8,3,0,1,6,5,8,0,4,0,10,9,3,5,3,2,8,12,2,3,1,1
"Gm8231",0,2,0,0,0,3,3,2,4,3,0,0,0,2,0,1,1,1,2,0,1,3,0,1
"Gm40526",18,37,25,8,29,73,11,37,24,47,5,30,9,30,15,41,47,15,13,13,6,7,31,42
"Emilin3",0,24,18,13,8,31,26,28,23,6,19,4,2,21,36,19,11,11,12,32,5,13,16,9
"Gm25820",80,102,26,53,25,56,60,61,53,35,56,49,56,64,26,30,45,38,81,53,52,16,70,52
"LOC131379300",320,1172,393,673,474,605,753,702,268,424,1014,704,348,481,304,548,695,336,340,640,270,409,558,811
"Htas1",4,54,26,9,16,18,34,55,37,17,56,34,40,66,25,19,46,26,45,31,29,43,41,11
"Or1e16",6,29,12,7,10,7,5,24,11,4,8,6,14,7,6,2,3,6,11,7,1,15,11,12
"LOC132441682",56,151,102,117,94,131,230,219,168,204,140,142,160,92,81,163,105,158,124,103,95,66,233,72
"LOC132442911",2,5,1,3,1,0,3,3,3,4,3,0,2,1,1,0,0,3,0,1,0,4,5,1
"Gm23661",13,15,16,31,21,8,16,15,20,26,7,10,10,19,21,18,28,8,16,12,21,32,28,43
"LOC128926393",2,11,19,11,6,10,11,4,6,7,6,14,10,8,1,18,8,2,49,10,7,5,9,10
"LOC132410715",27,116,29,74,77,135,54,57,61,86,34,62,37,44,27,56,85,19,120,28,54,31,15,65
"Vmn2r54",20,25,35,9,12,18,6,22,4,5,17,8,5,5,8,24,32,17,27,1,14,6,32,9
"Gm5320",68,342,105,97,75,99,72,251,91,155,240,202,155,229,90,188,110,89,43,200,53,74,173,146
"LOC132408660",362,487,844,382,261,345,380,958,339,795,407,555,341,484,283,288,699,235,830,495,308,461,448,745
"LOC132410425",47,157,85,56,90,65,81,99,76,64,92,118,88,87,64,178,38,121,110,63,68,111,144,43
"Gm30279",129,184,153,138,179,160,157,153,119,158,54,111,149,114,134,108,290,113,142,109,134,53,146,80
"LOC131392249",29,74,55,60,47,57,47,84,41,53,36,45,37,56,29,50,83,41,37,40,32,64,33,34
"Pnlf5",3,22,18,39,20,23,14,32,19,30,22,25,26,16,17,15,36,22,18,12,19,34,29,26
"LOC131375091",225,694,379,637,180,665,304,509,437,756,516,241,453,452,199,299,331,297,638,602,311,386,706,439
"Lbn6",21,6,18,0,6,3,9,3,12,2,5,10,9,2,17,3,5,5,19,5,9,8,13,8
"Gm16465",33,79,43,27,50,35,103,68,52,48,16,59,35,21,64,61,53,55,52,25,44,20,41,101
"Noc2l",12,117,57,68,71,143,138,90,109,127,163,128,103,98,101,78,170,32,158,55,44,89,73,126
"Adgre4",75,69,39,37,86,89,45,74,25,55,42,56,73,85,87,71,28,82,58,60,59,50,39,106
"Gm46941",0,27,6,11,8,24,6,27,17,19,14,10,5,9,10,4,13,31,9,9,14,19,37,30
"Pithd1",7,5,24,3,7,8,15,2,18,18,23,9,25,15,13,15,40,16,10,7,5,7,23,38
"Gm28348",7,20,21,14,4,28,8,18,24,39,13,11,15,13,20,21,10,18,18,21,44,5,22,13
"D4Mit298",3,17,16,3,4,10,22,6,2,5,3,4,8,6,9,8,9,2,9,10,7,3,8,25
"Drb2",24,46,21,36,38,20,64,74,19,49,31,13,22,14,18,26,12,29,27,24,11,13,62,11
"Snord116",112,230,143,110,84,151,231,131,140,184,144,270,130,205,145,185,142,102,265,140,75,134,101,285
"Gm33873",0,7,3,2,6,1,2,2,0,8,0,4,2,2,3,2,0,1,1,1,4,8,2,3
"Scgb2b15",9,4,10,15,2,2,9,14,10,9,3,5,7,1,9,14,2,0,6,1,1,5,6,3
"LOC131392644",18,19,25,20,16,33,28,58,21,42,62,35,60,29,23,18,30,30,22,45,23,33,49,41
"Pappa2",51,87,83,68,71,55,63,79,60,48,40,28,77,63,55,64,65,66,74,64,67,61,51,53
"LOC131371835",421,661,301,530,491,665,569,1044,784,786,505,703,489,506,529,554,567,613,692,425,510,603,588,455
"Abcf1",118,200,198,247,75,190,190,216,87,259,196,116,90,177,132,160,193,137,83,115,112,189,127,191
"LOC131375370",52,184,99,78,107,107,81,79,52,64,99,70,146,129,98,69,89,80,31,67,99,34,147,114
"LOC131392423",24,57,23,46,26,17,34,61,15,44,43,26,14,38,27,24,35,20,12,57,41,22,21,26
"Gm21075",6,8,17,10,11,11,28,19,37,14,6,15,11,4,4,8,10,27,16,9,9,3,18,16
"Gm15010",21,27,33,46,25,51,33,49,13,42,28,91,23,49,18,32,13,25,12,22,27,31,41,24
"LOC131376415",343,561,598,558,299,452,346,466,248,708,577,527,247,343,512,692,411,460,467,475,338,619,298,378
"LOC109280000",2,6,6,1,4,5,3,5,6,8,10,5,2,2,2,8,10,8,3,4,3,0,5,9
"Gm26075",2,2,8,3,1,4,5,1,2,1,2,2,3,1,2,8,5,1,0,2,4,3,2,2
"Gm52053",10,42,26,35,42,73,49,59,31,49,19,62,55,48,24,43,24,45,47,16,40,41,38,52
"LOC131296271",43,21,29,19,31,42,24,43,27,32,22,37,3,21,61,46,45,10,5,25,21,7,34,49
"Gm51887",26,77,44,8,27,41,24,31,16,35,14,36,30,15,42,40,13,18,12,48,11,34,22,15
"Gm36027",4,3,5,3,1,1,5,4,5,4,6,0,7,4,10,4,6,2,2,3,1,1,14,1
"LOC131375395",50,83,143,127,94,163,51,107,91,46,29,72,38,66,82,53,75,118,51,81,75,55,100,63
"Gm40510",15,103,29,41,64,51,36,52,32,30,30,17,29,43,46,43,15,70,26,42,84,32,32,44
"Gm30860",339,209,280,131,252,113,199,161,184,196,165,277,146,184,141,189,170,195,202,178,143,168,179,210
"Gm15001",3,5,3,2,4,3,1,4,4,1,8,5,1,2,1,0,7,4,9,0,7,0,6,0
"Rab3ip",10,39,12,15,16,22,8,10,4,19,11,11,7,8,17,19,21,8,23,7,13,7,7,8
"LOC128926221",37,48,21,37,21,27,64,46,55,32,35,56,41,23,22,65,40,15,32,16,41,69,74,43
"LOC131338047",31,31,51,10,63,29,19,40,4,14,16,22,22,41,33,51,79,32,41,14,10,26,14,44
"C78891",22,27,9,21,11,18,16,4,21,20,29,24,20,5,10,22,15,13,9,15,15,8,19,21
"LOC131387422",0,0,1,1,1,2,1,0,0,0,2,2,3,0,1,0,0,2,1,0,0,0,3,1
"Nrtim1",11,61,34,27,47,54,30,18,21,38,35,31,14,52,11,32,98,15,15,53,17,26,73,27
"LOC131375844",69,85,85,112,44,98,94,89,34,73,39,50,156,51,36,94,34,31,58,37,32,38,98,63
"Gm40119",14,60,14,7,5,30,28,31,17,18,17,10,11,11,2,17,8,9,9,18,17,25,10,25
"LOC131373686",52,38,44,51,44,78,43,47,42,53,36,40,52,21,26,22,81,54,17,32,32,38,93,86
"Alpk3",54,112,82,42,96,88,74,67,75,98,70,211,69,93,37,57,84,151,61,73,65,108,108,76
"Pierce2",123,255,265,283,188,226,570,185,355,274,141,186,452,91,116,275,193,213,274,212,328,169,711,409
"Gm35110",10,12,5,13,8,25,6,6,15,20,22,50,23,15,2,13,17,12,36,16,9,5,19,4
"Sxbq1",88,136,266,151,85,244,206,187,99,114,326,186,193,69,95,137,104,130,179,105,405,58,258,141
"LOC132409574",47,31,45,33,73,48,39,65,105,74,63,49,118,49,75,92,33,31,90,41,37,27,111,23
"Pmv30",411,995,1224,631,526,410,796,868,611,339,579,578,497,749,558,1100,628,844,520,501,513,507,927,1144
"LOC131373252",14,14,10,9,0,5,6,7,7,1,2,7,1,5,12,4,6,2,3,4,1,5,1,12
"Gm20897",11,57,60,17,17,16,40,24,22,22,51,19,21,16,25,38,32,7,46,31,24,17,26,10
"Gm52249",3,8,6,10,3,2,1,6,8,5,5,1,6,1,6,7,1,1,0,3,0,1,4,1
"Gm14514",785,2474,1080,891,524,2087,744,766,1395,1664,966,1374,871,1411,594,1227,870,993,1517,995,749,860,2031,3102
"Gm35189",27,59,121,42,42,47,65,31,91,51,53,30,39,56,22,26,34,41,126,17,43,24,31,26
"Inafm1",14,12,20,5,32,40,22,11,12,32,13,20,20,29,22,31,30,12,23,19,29,31,52,35
"LOC131374263",114,159,102,121,122,78,108,97,105,131,106,79,231,98,190,95,121,63,120,64,143,91,119,156
"Blct4",10,3,10,1,9,19,15,8,15,15,11,6,8,10,12,6,11,4,9,3,14,10,7,5
"Gm40618",67,79,49,86,35,79,145,75,65,51,66,74,123,119,46,72,143,94,70,45,73,93,163,107
"LOC131376863",15,72,44,48,51,86,80,56,67,81,85,91,40,60,86,94,54,60,84,50,45,33,88,63
"LOC131386414",173,190,118,111,76,53,174,103,105,70,209,196,171,166,52,104,250,196,101,121,76,101,128,148
"Nol12",13,52,25,35,23,36,77,33,23,36,10,19,32,16,26,39,42,24,51,13,19,14,31,59
"LOC131380091",67,115,70,54,50,134,33,185,47,65,102,109,57,131,51,49,51,45,83,48,121,100,47,45
"LOC131387776",31,47,75,62,58,77,49,96,42,34,56,39,63,35,43,49,37,74,87,31,48,31,72,63
"Snord59a",6,19,22,14,13,33,40,37,14,15,15,39,23,21,19,7,17,13,11,15,16,19,12,22
"Gm9436",33,104,76,92,13,93,63,108,34,100,63,55,27,30,51,63,32,56,29,66,28,36,59,80
"Gm5848",58,55,145,82,57,97,163,121,93,157,110,111,131,151,108,76,163,156,95,105,104,34,101,121
"LOC132442581",33,87,73,27,32,90,180,101,109,53,55,79,108,43,39,45,123,38,36,19,95,32,87,85
"LOC132408817",50,80,121,88,124,149,151,50,72,108,84,130,124,111,84,46,79,56,130,84,117,109,167,114
"LOC128927297",4,17,26,9,14,41,19,11,24,8,6,25,26,17,9,6,25,24,5,14,34,9,50,36
"Gm48449",4,1,0,2,8,3,2,11,4,3,15,7,2,2,7,2,6,1,2,6,3,5,8,0
"LOC132442965",68,63,50,63,39,49,123,190,103,72,66,95,56,44,74,62,41,68,64,67,21,57,81,72
"LOC128924773",4,36,4,5,20,30,12,26,21,29,7,7,10,13,12,22,11,9,30,9,11,13,22,21
"LOC131392019",7,11,4,5,3,9,11,8,6,3,10,9,8,10,10,8,4,9,12,11,4,3,8,8
"LOC131296769",601,511,412,534,377,1122,581,334,456,511,347,536,321,466,229,618,726,423,404,192,436,521,614,586
"LOC131385535",318,925,409,479,350,651,419,258,339,467,372,252,887,359,543,235,704,324,513,360,336,303,276,415
"LOC132408086",100,205,156,142,168,96,220,119,194,114,246,147,140,78,155,78,127,109,128,116,59,89,182,264
"Ptgdr2",51,59,80,22,66,81,44,85,57,123,61,65,50,20,76,42,117,44,122,96,39,79,92,65
"LOC132408441",24,15,5,42,29,86,35,50,18,80,72,39,53,36,38,26,36,46,47,39,33,41,39,44
"LOC132408866",75,49,31,72,33,144,54,100,57,84,51,92,36,35,32,29,51,36,65,31,38,47,83,44
"Gm12944",53,124,105,83,64,77,114,74,92,133,120,174,71,196,36,96,78,119,62,83,94,63,122,77
"LOC132442515",8,63,23,56,28,27,37,33,48,50,38,38,11,22,19,62,24,42,63,28,25,44,36,35
"D5Mit136",81,124,52,107,49,86,113,124,47,65,59,86,111,70,63,105,63,50,49,72,103,28,97,102
"Gm41831",5,8,22,3,15,14,13,11,3,3,8,13,9,14,11,4,6,7,6,8,5,5,4,11
"Gm4895",29,61,28,28,58,43,67,83,49,46,56,42,43,12,30,22,52,28,48,15,44,25,86,48
"LOC131295362",10,29,26,9,7,23,25,13,5,24,17,21,31,25,15,13,25,5,24,31,28,13,30,8
"Gm33237",21,66,77,39,19,37,37,34,24,54,18,34,31,34,21,22,23,20,38,34,49,39,56,14
"LOC132412971",6,43,39,41,64,24,28,80,17,25,26,39,28,27,34,35,18,11,80,41,35,13,50,57
"Gm41018",105,404,193,137,122,259,169,258,130,264,116,256,78,350,65,103,70,132,316,172,85,178,164,255
"Gm10021",4,22,26,11,25,9,10,22,8,26,25,12,22,39,19,5,7,16,13,12,15,14,14,16
"LOC131295451",53,164,101,80,42,99,47,198,80,82,73,222,45,71,41,141,70,152,48,90,86,112,30,149
"Rnf5",72,157,333,221,220,153,244,258,145,198,144,197,226,147,216,215,422,271,157,165,165,150,368,181
"LOC132443301",393,350,449,394,227,609,542,678,361,257,608,809,384,325,162,219,169,308,439,449,429,772,802,637
"Otub2",47,89,108,88,53,58,71,114,49,82,26,17,96,40,49,55,65,64,60,39,35,31,74,117
"Gm58496",39,50,79,33,33,50,42,66,18,19,67,50,23,25,42,35,16,23,16,21,17,12,48,66
"LOC131377711",3,2,1,3,2,1,0,7,1,4,3,1,6,0,2,3,4,0,1,0,3,4,3,3
"LOC128926505",26,53,49,112,49,80,45,43,64,70,45,67,58,39,71,54,102,99,65,73,34,98,48,90
"Gm31045",115,53,127,194,114,147,101,140,138,199,123,233,127,122,159,83,62,110,146,97,48,173,146,118
"LOC131376907",46,101,42,40,44,32,75,20,44,27,47,48,82,68,62,30,109,56,93,32,61,24,127,57
"LOC131340727",5,60,3,12,12,7,29,19,10,20,8,16,6,8,8,23,18,7,34,7,11,24,33,4
"LOC131375262",87,275,57,92,115,141,130,243,40,117,163,198,135,74,106,136,153,91,201,107,129,129,116,186
"Gm53366",33,134,105,31,24,39,46,79,44,24,68,42,33,37,85,18,29,23,52,11,35,13,74,40
"Gm4476",12,25,47,21,28,21,17,38,28,4,11,40,13,7,19,25,29,21,28,8,12,4,28,12
"Dok1",10,18,66,23,14,29,21,47,44,57,19,41,36,49,18,15,34,24,17,33,11,19,48,50
"LOC132407884",266,248,180,248,271,351,209,366,295,429,411,262,515,303,296,259,239,280,434,231,284,259,212,330
"LOC132443085",21,55,32,10,31,60,18,66,36,43,19,34,29,74,19,3,50,22,59,34,23,39,50,35
"Septin5",14,88,56,59,69,112,66,51,51,50,33,65,80,71,68,72,33,91,131,24,21,30,90,63
"Bpq21",5,6,6,9,12,4,11,5,13,17,17,5,13,9,6,5,7,12,4,12,8,2,20,8
"Gm23790",138,275,107,76,66,190,162,118,69,218,111,210,128,114,59,128,127,125,109,108,110,109,78,93
"Gm4577",9,11,6,1,7,7,2,4,7,10,9,9,2,11,2,9,4,16,3,9,10,7,5,16
"LOC131379759",1,18,0,3,2,2,3,6,2,4,1,2,4,4,3,8,0,3,5,0,5,7,0,12
"LOC131390610",6,25,10,13,16,7,24,34,9,21,9,6,12,9,5,2,2,6,6,18,9,8,19,6
"LOC109280072",17,11,4,2,2,21,11,23,9,18,13,2,7,14,5,9,11,10,11,6,10,10,18,19
"LOC131391729",18,29,27,12,47,44,15,46,43,43,34,68,15,38,28,54,23,11,28,6,46,19,18,52
"LOC131390186",44,41,20,14,7,16,14,19,38,13,21,26,32,18,17,14,33,35,16,21,14,49,27,22
"LOC109280070",7,17,13,8,17,6,23,9,10,10,8,14,2,8,6,15,13,19,13,7,32,10,15,17
"LOC131337165",41,62,12,29,67,68,47,43,32,61,60,83,49,22,34,48,36,51,55,31,69,34,40,43
"LOC131385400",6,14,23,27,11,15,17,19,29,19,46,36,8,14,18,31,18,14,20,18,10,22,32,16
"Gm13861",76,87,206,109,120,152,134,256,218,111,231,104,156,148,77,141,210,107,260,85,168,86,153,198
"Cyp4a29",34,97,29,52,66,84,62,114,69,77,35,77,43,81,41,38,47,33,92,56,65,72,81,92
"LOC132412081",9,21,7,10,4,6,17,4,10,30,9,19,2,20,9,4,13,10,15,10,8,16,8,16
"LOC132411103",176,98,154,111,75,78,157,95,75,126,98,97,106,81,71,84,97,77,135,46,50,37,112,145
"LOC128926325",30,26,36,10,46,56,22,46,54,47,34,41,5,30,46,33,58,25,21,60,32,19,79,28
"Gm54097",41,69,37,84,60,72,109,72,86,139,70,26,80,53,87,74,58,41,43,44,69,34,73,70
"Gm32465",35,80,31,28,29,29,32,12,57,37,38,29,24,50,54,26,68,25,69,40,64,32,30,74
"LOC132445360",25,27,41,65,66,23,37,52,36,77,87,33,24,17,24,53,62,40,46,9,27,34,55,47
"Erp1",29,92,100,59,75,65,80,72,73,97,55,68,54,50,86,111,83,80,93,35,52,124,57,67
"LOC128927995",229,690,478,286,342,555,418,417,311,199,342,430,235,313,225,243,391,333,422,329,309,402,624,347
"Vps8",659,1122,671,689,765,1308,822,1113,505,1222,467,1357,711,813,702,1126,618,928,1136,583,265,512,979,907
"Gm6062",9,68,27,37,50,26,30,48,77,97,66,72,31,41,43,27,29,58,65,24,46,46,60,58
"Jakmip1",3,26,15,5,6,10,26,28,16,11,44,5,6,21,20,17,10,19,29,13,7,24,11,24
"Bw13",15,56,40,20,44,15,30,24,27,50,25,33,15,21,14,26,36,17,22,28,31,16,42,45
"Dip2a",36,23,55,22,23,33,39,49,34,39,15,41,33,24,28,40,44,28,22,16,23,16,47,41
"LOC131341807",2,4,1,3,10,6,9,10,17,9,6,2,0,2,3,7,10,11,4,5,4,4,11,10
"Dclk2",1,19,6,7,8,6,6,16,3,20,14,11,8,9,4,6,19,2,16,4,8,6,3,9
"Gm36113",54,88,62,43,126,106,57,51,31,115,63,77,104,57,19,28,45,71,114,54,88,49,65,81
"LOC131372372",28,97,27,64,24,79,31,44,36,29,33,47,33,71,33,31,13,66,27,17,51,23,63,30
"LOC131388161",144,109,137,146,109,256,70,174,123,127,101,251,85,68,141,161,189,138,131,133,97,146,157,104
"D7Ucla2",50,211,166,63,113,207,141,176,278,193,174,141,141,232,107,117,175,136,102,148,109,133,215,245
"Psapl1",172,722,256,546,204,631,284,278,145,192,348,667,375,431,216,433,339,268,270,166,247,441,307,488
"Tmem238l",15,10,6,3,17,26,14,11,3,21,10,10,16,15,8,26,15,10,20,9,19,16,33,27
"Gm40712",2,0,1,0,0,1,1,0,1,1,1,2,0,1,0,0,1,1,0,0,1,0,1,0
"Gm51558",4,3,4,8,1,3,9,10,5,13,6,6,14,4,3,4,6,5,7,4,4,7,21,21
"Gm40302",33,44,64,41,37,60,36,40,43,21,34,19,28,56,18,22,35,20,70,28,22,30,83,33
"LOC132411952",3,1,10,9,6,0,1,2,2,12,1,1,3,2,4,2,5,3,4,10,5,8,7,8
"LOC131391672",7,6,10,8,5,7,13,5,8,15,22,8,17,4,10,8,15,16,4,3,6,13,10,12
"LOC131377219",7,4,0,6,3,13,9,10,11,7,3,5,1,5,7,6,4,4,9,3,8,3,4,14
"LOC132442507",14,36,41,46,12,45,35,38,4,60,15,39,11,70,11,19,30,23,27,28,25,23,16,10
"Gm32474",237,91,155,276,65,240,162,233,114,306,150,123,177,52,153,91,172,138,102,112,74,62,123,211
"Nudt8",54,70,83,72,91,136,59,138,61,81,66,77,54,44,40,97,113,82,45,34,54,92,54,41
"Gm19062",30,34,9,63,13,14,17,48,38,24,43,30,21,40,14,14,54,22,44,22,40,53,48,17
"Gm2855",34,66,12,51,12,69,34,45,29,46,51,28,47,24,47,23,39,18,24,54,32,35,81,56
"LOC131384903",24,17,22,33,29,29,14,43,24,31,21,13,44,13,11,13,22,11,28,10,29,21,43,42
"LOC131380285",279,677,625,500,197,428,292,385,362,353,399,428,583,329,310,129,213,309,322,455,252,563,410,605
"LOC131337306",14,31,52,39,27,43,28,48,22,60,22,27,59,22,10,20,9,17,48,10,22,12,28,19
"Zdhhc22",5,5,1,0,5,2,5,6,6,2,1,4,2,2,0,2,4,1,9,6,1,1,10,1
"Mir191",12,38,37,35,37,37,39,41,37,67,51,31,27,39,42,24,21,24,45,35,29,13,55,65
"Gm51970",79,150,136,71,77,156,45,53,143,147,121,118,132,93,62,97,118,103,85,44,103,67,143,103
"Cocia9",1,48,10,10,10,21,12,24,26,49,19,34,14,28,12,20,8,28,4,11,40,21,15,15
"LOC131372985",76,108,138,81,58,126,109,170,133,160,67,167,108,165,103,117,124,113,70,59,99,87,138,160
"LOC131372827",44,137,180,65,61,123,127,99,164,103,89,50,152,91,95,167,90,60,165,90,131,122,129,135
"Morph3",2,35,32,52,26,51,15,47,40,31,22,19,8,12,25,20,71,44,18,23,22,17,53,57
"LOC132444885",19,46,80,34,14,86,96,68,19,65,63,44,46,39,30,33,31,57,35,45,85,62,36,31
"Gm53523",12,0,6,5,2,3,11,8,0,0,5,2,3,3,0,7,5,2,2,4,2,8,6,1
"Gm39535",83,219,184,101,127,235,262,236,159,315,133,145,112,62,35,144,140,183,180,115,163,192,148,85
"Tdpoz6",56,155,107,166,57,373,178,234,46,131,118,217,106,130,76,139,65,64,129,114,60,68,115,107
"Mir7232",33,158,92,67,80,76,104,92,49,107,72,101,98,62,57,48,18,55,57,51,37,41,80,68
"LOC131339519",315,1733,520,565,467,1065,873,1076,831,935,974,919,477,504,466,1049,760,1079,540,631,498,454,713,441
"Gm38480",522,282,517,621,376,522,294,996,523,455,863,355,274,526,451,541,511,409,865,304,655,471,809,735
"Gm2098",3,22,26,23,7,7,15,16,28,28,11,10,21,21,3,27,10,5,9,9,15,16,9,21
"LOC132410787",212,417,231,331,248,281,192,186,221,240,176,129,313,87,217,194,302,308,279,187,155,125,358,239
"D19Mit85",178,269,120,92,157,147,241,123,117,158,139,163,109,106,118,112,343,75,145,114,102,91,430,278
"LOC128924508",439,524,513,766,311,698,710,316,692,529,574,559,518,412,348,821,911,465,597,162,282,714,712,541
"LOC131388345",271,182,191,292,259,265,193,310,76,211,145,255,157,217,271,345,74,277,341,166,125,362,97,297
"LOC131390780",63,162,113,87,116,53,36,49,35,49,78,81,83,48,97,44,75,39,143,25,76,46,148,83
"LOC131392590",10,8,7,5,9,5,14,18,22,3,13,7,30,6,7,8,5,15,12,11,4,0,6,5
"Chrnb3",204,261,225,93,129,432,430,159,172,179,319,224,332,135,322,172,120,165,374,181,179,219,328,333
"LOC105247293",42,85,78,141,33,122,81,34,129,130,36,138,92,59,36,39,89,80,74,69,48,130,90,87
"Gm12111",136,122,182,42,109,96,176,162,104,121,206,107,88,98,151,144,150,45,180,113,142,34,116,65
"AA060545",15,18,51,22,11,22,42,19,33,37,19,11,38,15,21,20,16,24,36,7,22,17,29,24
"LOC128927817",121,170,55,85,109,135,161,110,163,199,103,154,77,116,92,155,38,102,94,60,94,153,187,276
"Gm13929",35,122,50,61,51,106,59,74,80,59,38,26,47,50,83,57,96,27,71,53,47,97,137,43
"Gm11855",25,72,44,63,68,59,91,90,54,54,65,76,57,36,17,95,14,36,56,81,46,50,56,81
"Gm22116",203,411,263,170,282,226,124,339,239,225,188,197,220,183,189,245,256,172,357,141,97,180,102,283
"D6Tem3",24,78,15,14,14,9,44,47,17,16,45,17,33,32,16,18,8,23,22,12,41,28,21,50
"LOC131378266",82,350,141,52,147,213,116,121,174,227,175,87,217,121,92,177,144,207,96,191,136,89,193,168
"Gm51405",111,316,246,232,165,278,236,294,234,429,86,239,184,221,272,186,114,295,129,102,126,268,311,286
"LOC132443263",5,5,10,13,11,11,5,8,10,4,25,8,3,2,7,16,9,4,18,10,32,3,7,11
"LOC131388324",2,6,16,5,9,2,23,9,13,4,15,9,17,10,4,6,7,4,5,5,14,9,18,14
"LOC131373159",505,1714,1178,1309,1296,2040,1440,2178,648,1496,1199,1376,1403,1194,1080,830,747,1676,1456,1533,776,841,947,1180
"LOC128927292",244,712,381,290,262,364,401,273,300,502,378,295,374,334,135,552,209,290,281,309,291,259,406,475
"LOC132411575",225,566,479,469,414,363,335,507,535,232,369,413,400,187,229,224,460,483,406,291,341,224,547,285
"LOC131374830",28,8,35,22,9,25,25,37,15,8,5,14,14,17,13,9,28,31,13,29,17,8,21,18
"Gm35055",16,36,87,32,34,28,12,26,22,54,37,33,38,33,42,50,23,36,36,59,23,23,20,32
"Zfp36l3",254,343,270,166,118,309,256,364,156,396,245,290,205,179,217,189,337,215,170,197,237,136,374,548
"LOC131297193",4,36,9,11,6,37,5,5,9,9,11,13,4,6,18,5,10,9,18,2,9,9,6,10
"Gm4711",37,26,69,31,50,57,49,69,69,75,48,19,36,47,41,35,50,69,77,53,50,16,101,57
"LOC131392035",137,332,131,175,114,291,103,244,125,182,280,199,120,187,100,191,120,136,108,221,87,159,251,234
"Gm57625",49,88,230,56,74,89,61,157,59,64,78,43,75,37,71,97,182,35,46,57,127,84,43,103
"Gm3339",43,82,55,64,56,87,55,108,29,19,68,79,43,79,60,60,60,43,50,19,29,74,55,65
"LOC132407829",21,81,69,13,45,62,58,124,89,108,128,93,35,56,62,111,35,114,75,24,25,99,51,34
"Gm21614",2,0,5,8,2,6,11,8,0,1,6,2,3,1,4,5,2,4,1,1,1,2,5,4
"LOC131379146",2,11,3,3,4,6,2,0,19,9,3,5,1,4,2,5,2,2,7,5,2,2,12,5
"LOC131339106",17,24,5,8,6,3,13,19,17,19,7,6,5,29,3,6,6,10,6,13,4,29,11,26
"LOC131374255",164,205,294,131,368,260,453,377,116,329,408,228,179,305,210,383,148,148,483,110,171,196,239,337
"Gm4098",12,15,19,29,11,39,20,50,14,23,23,9,32,38,21,19,23,13,25,19,5,10,22,12
"Mohg7",41,115,119,60,79,110,95,53,13,90,78,74,45,79,60,66,51,28,66,68,45,97,36,88
"Gm6526",49,146,84,104,35,72,68,96,93,163,106,109,84,61,59,83,79,49,80,79,79,83,92,58
"Gm41377",34,26,40,23,44,11,24,43,68,32,18,102,55,23,15,35,52,13,38,54,19,24,25,43
"LOC132440656",130,205,120,197,204,299,149,440,86,242,167,209,144,307,117,198,318,233,182,147,102,223,232,394
"Gm11472",43,147,156,222,54,213,81,140,107,136,52,104,61,96,91,204,165,113,77,130,59,262,130,216
"LOC132445194",37,104,100,81,70,193,163,60,85,97,106,93,58,82,106,88,84,62,176,84,136,74,97,122
"LOC131391228",84,84,101,136,83,89,154,193,174,113,161,62,133,110,162,64,178,71,133,63,91,86,212,128
"LOC131374820",106,186,201,201,198,274,124,203,72,77,266,322,248,122,236,166,246,96,228,165,136,89,143,295
"LOC132444675",119,406,235,59,193,111,145,145,234,217,214,180,131,117,124,154,209,202,149,147,180,139,174,183
"LOC132445137",99,109,118,70,60,186,112,149,178,118,152,97,37,119,168,104,81,109,189,122,81,133,167,99
"D8Mit317",68,40,60,21,33,58,78,92,82,51,57,55,56,67,88,111,167,59,64,38,24,72,65,135
"Vmn1r30",6,8,15,8,7,12,10,23,4,7,5,7,7,17,8,7,12,10,8,8,12,14,17,8
"Gm5916",250,780,269,387,295,308,502,501,468,710,524,539,366,440,308,323,606,373,650,604,176,388,471,728
"Syt9",6,37,64,16,10,18,18,23,5,20,20,30,13,16,10,15,14,37,25,10,33,11,26,17
"Gm33995",12,53,31,20,15,28,35,18,16,15,21,5,2,17,8,14,14,13,15,5,26,13,19,10
"Gm10802",4,14,3,2,5,7,7,1,1,14,3,6,4,8,12,2,6,6,4,4,4,0,2,6
"LOC131387798",271,304,193,256,278,371,105,287,165,263,265,297,330,481,116,140,304,332,220,215,168,180,180,255
"Prol1",35,58,33,53,22,116,34,67,56,62,39,30,36,92,36,80,27,58,33,30,21,18,44,64
"LOC131340045",6,13,4,20,4,11,9,15,20,13,7,7,14,10,12,24,11,4,25,5,6,10,14,32
"Gm4573",149,151,196,87,80,165,102,188,51,153,82,205,144,129,189,111,135,182,184,120,193,98,119,134
"LOC131390301",52,126,97,66,42,68,65,59,47,35,68,73,76,43,71,32,61,58,70,43,88,50,59,108
"Gm49817",4,65,21,25,18,38,34,17,29,33,20,26,16,47,20,43,27,19,29,12,26,46,24,21
"LOC131380357",0,2,3,6,1,3,8,2,3,3,3,0,1,1,5,7,2,1,2,0,1,0,6,0
"Gm46006",47,124,154,29,51,69,38,78,95,108,86,39,109,44,62,36,100,37,84,35,41,52,105,68
"Arr3",1462,4844,2466,1489,2028,2296,2145,3442,901,1940,1831,3929,2208,3033,1709,1258,3601,1785,2747,1188,2579,1497,1838,1869
"LOC132411342",38,96,41,74,31,56,38,133,39,118,89,62,61,78,58,49,32,109,80,46,87,43,63,45
"D9Sut2e",1,3,1,0,2,0,0,1,0,1,1,1,1,0,0,1,0,1,1,1,0,0,1,2
"LOC131376808",8,14,18,19,6,18,8,10,12,9,5,24,12,10,10,20,20,12,12,8,11,10,10,11
"Gm26056",16,41,34,11,35,27,43,47,16,10,28,44,15,12,23,51,23,75,44,19,31,42,9,15
"LOC131376604",19,10,13,6,11,12,11,10,10,4,12,8,16,7,9,13,42,12,28,4,6,14,5,14
"LOC131379858",13,22,26,15,28,10,28,15,10,37,12,31,50,29,12,7,38,10,22,21,2,9,16,25
"Fembrs6",43,148,139,98,87,169,159,151,88,131,122,83,110,111,24,57,128,116,60,76,90,165,41,115
"LOC131372496",275,163,224,111,233,165,290,283,182,123,155,231,61,76,180,114,346,123,117,101,205,165,310,308
"LOC131339897",14,59,26,21,26,64,43,33,28,47,34,35,36,80,15,33,31,38,33,21,22,35,20,37
"Or5g26",229,379,168,283,150,371,262,351,403,609,289,362,359,235,406,322,526,337,726,285,107,295,328,581
"Gm31790",2,13,7,3,0,6,1,1,1,1,4,0,2,1,1,1,4,5,1,1,3,0,4,3
"LOC100041877",24,70,7,8,16,39,31,62,23,28,16,13,21,10,15,39,25,18,25,20,22,20,19,12
"Grn",69,46,34,31,26,51,80,30,29,62,20,43,22,34,38,35,28,16,53,22,32,44,43,45
"LOC131385665",20,46,22,20,24,19,49,25,18,45,17,27,16,11,58,47,45,25,70,35,42,37,37,17
"LOC131389564",11,5,7,11,20,11,22,13,27,22,6,28,8,16,11,11,29,23,17,7,14,3,18,22
"LOC131385502",10,20,24,13,14,38,18,18,12,22,29,15,12,9,17,17,12,6,27,23,17,12,49,25
"LOC131391737",0,2,3,2,7,6,15,1,1,8,2,2,2,1,2,1,4,3,3,2,3,0,10,0
"Gm20926",62,40,151,64,89,59,73,74,54,146,125,58,64,80,44,54,106,52,90,33,113,20,104,58
"Zscan2",18,5,10,1,14,18,4,2,12,6,5,10,6,8,5,1,7,8,5,3,10,1,11,11
"Gm30661",194,174,162,174,148,208,294,203,232,267,213,119,255,98,166,143,212,101,113,114,207,158,113,232
"Hfh6",42,235,134,88,71,180,154,150,43,89,77,127,108,125,94,95,82,233,99,98,89,105,150,217
"Sp6",56,99,68,84,63,62,213,108,132,101,88,75,114,65,59,73,84,70,30,48,68,56,75,106
"Eps15",10,16,16,14,8,18,12,16,18,34,12,32,14,9,15,42,8,12,18,5,21,6,24,13
"LOC132408684",5034,11879,9624,4064,5419,7188,7687,12370,5751,5700,4956,7031,4511,9894,4207,4018,5423,8817,4648,3918,4415,7656,5945,9160
"LOC131337501",7,9,7,2,8,4,2,16,4,5,5,6,17,0,7,6,4,2,12,1,7,4,11,10
"LOC131379404",38,182,119,67,86,120,130,214,62,67,100,106,43,98,46,136,66,124,71,57,58,179,148,122
"LOC131341634",44,125,50,41,60,96,30,89,63,31,53,67,27,28,52,65,34,29,58,80,72,47,28,66
"LOC131337487",23,67,37,17,22,45,65,26,41,9,29,10,10,33,24,11,36,26,22,15,31,13,56,48
"D15Mit218",72,75,39,34,42,48,104,47,77,70,36,40,72,30,90,59,50,34,120,53,53,101,59,53
"Or1e29",23,31,18,3,21,15,54,20,11,16,15,11,11,11,6,8,20,19,35,18,15,23,39,11
"Gm46958",10,21,17,2,16,16,32,39,6,31,31,31,12,12,9,13,12,19,20,12,17,12,21,19
"Gm34776",27,51,84,32,80,27,46,107,79,57,65,90,27,38,51,78,67,81,48,108,36,78,70,72
"LOC131339862",38,80,68,39,64,73,131,74,24,46,21,19,51,69,53,69,46,59,58,40,27,33,70,61
"LOC132412169",52,105,20,37,13,107,31,95,35,62,58,62,63,77,55,71,70,12,47,61,45,42,43,70
"Gm19067",17,8,15,15,25,25,8,24,5,21,18,25,29,12,8,19,28,8,21,9,11,8,7,27
"Gm25982",4,3,1,4,0,3,3,6,0,0,5,0,1,5,6,2,3,4,0,0,0,2,3,3
"LOC131340524",19,15,28,35,12,33,54,28,55,48,42,30,50,12,24,39,15,41,18,10,10,31,21,21
"LOC131376710",29,35,16,4,7,15,10,15,12,21,21,7,27,6,7,24,22,14,22,7,5,16,10,31
"Gm39418",511,423,404,584,830,852,777,952,880,912,508,617,654,508,1022,810,618,351,825,1012,757,448,1007,664
"LOC132442864",342,934,727,624,228,276,583,538,451,866,404,369,538,317,429,382,510,370,411,243,264,317,653,404
"LOC131389324",605,841,1028,760,384,734,533,1069,481,335,799,414,508,627,410,408,423,692,546,720,374,373,919,1302
"Gm35030",4,5,4,5,6,7,6,2,1,2,6,5,3,2,7,2,13,1,6,12,6,7,3,6
"Gm22598",163,257,81,60,136,68,54,85,92,59,201,104,109,118,116,116,253,77,173,101,50,73,147,75
"LOC131377709",3,1,0,8,6,1,1,4,2,0,7,5,6,2,5,0,7,4,8,1,2,0,11,2
"LOC131374379",100,50,96,158,74,155,118,68,73,77,81,58,53,42,114,85,150,64,113,86,102,136,85,101
"Myorg",151,535,571,617,256,1289,504,818,196,352,665,497,470,571,367,297,771,588,420,270,467,720,390,636
"LOC131391530",5,4,4,12,2,36,11,21,23,15,22,22,8,19,24,7,1,18,22,27,10,11,35,4
"LOC131375223",0,2,1,11,0,4,0,2,0,4,0,5,5,3,1,4,1,3,0,1,0,0,1,1
"Gm30319",13,10,35,52,71,72,46,39,24,53,27,56,17,55,19,58,6,61,20,41,25,72,56,48
"Gm32768",11,9,17,14,39,20,47,11,23,14,48,14,17,5,43,10,41,4,34,3,38,16,15,21
"LOC131377240",17,28,21,14,12,22,35,59,8,58,14,41,20,15,8,33,24,10,41,30,4,26,35,20
"LOC132410262",258,442,194,439,417,336,349,373,273,421,385,387,332,505,201,228,428,290,219,203,341,274,207,192
"Cklc4",52,129,82,90,62,88,39,155,33,108,74,34,39,40,44,120,50,72,43,40,88,46,84,50
"Pcyts2",275,1181,561,249,508,720,620,650,396,455,566,310,320,716,438,621,390,492,518,396,238,537,926,373
"LOC132443435",3,3,9,2,7,5,3,15,4,7,5,5,1,2,5,0,2,4,7,1,0,2,9,1
"Gm57657",2,1,1,3,0,0,0,1,0,1,0,0,0,0,1,3,0,2,2,1,1,1,0,1
"LOC131380145",205,270,125,162,121,301,310,266,211,225,148,308,268,138,211,214,254,232,97,102,107,111,149,247
"Gm34017",8,19,12,12,18,37,5,26,7,26,18,6,15,12,11,7,6,28,20,4,2,6,9,15
"Gm46946",5,4,3,0,5,5,2,2,4,3,10,8,1,6,1,9,3,2,2,1,3,3,4,2
"LOC131373584",58,47,70,27,31,84,38,48,45,105,63,31,92,45,51,78,67,44,91,65,31,46,109,24
"Gm33861",82,211,125,176,130,283,128,236,347,195,191,258,81,169,88,249,171,153,134,135,86,78,218,284
"Arsb",11,1,18,17,15,23,61,21,7,1,7,18,20,12,18,12,12,25,25,13,29,5,24,39
"Arid3b",213,332,312,131,148,244,447,347,566,266,446,205,293,234,191,185,236,134,452,167,223,155,323,281
"Gm38423",556,1231,954,455,1204,1024,1183,1155,1494,1620,1089,978,1068,1314,756,1197,1134,850,1051,992,534,949,844,1727
"Sfrp2",276,242,404,190,428,183,295,259,562,204,692,284,394,149,394,337,361,410,222,316,310,405,478,323
"LOC131378321",15,19,31,42,28,36,34,38,35,24,13,19,21,17,9,22,56,19,21,14,11,14,24,29
"LOC131296493",1354,2257,2246,1576,2039,2296,2090,1229,1738,961,2098,1441,1166,1211,1359,2039,1416,1428,1706,1170,1915,889,3973,2013
"Gm19064",10,50,16,11,13,19,20,23,13,54,6,34,15,35,16,21,8,27,11,6,11,20,21,30
"Gm14620",224,307,278,135,122,129,354,264,298,195,264,195,314,126,312,89,206,275,272,175,165,165,228,254
"LOC132442074",49,100,56,115,41,69,94,125,43,175,69,158,30,111,63,73,77,54,57,66,48,100,96,107
"Gm17690",14,42,20,16,17,23,28,28,25,23,17,11,13,17,12,17,39,24,13,11,39,14,17,15
"Gm50470",250,513,287,204,385,733,207,625,519,950,635,484,316,576,426,249,606,433,421,237,500,573,800,450
"LOC131385100",20,43,40,51,27,47,51,45,47,33,25,70,14,19,30,34,37,38,17,22,17,62,17,48
"LOC131389268",12,26,33,14,5,4,3,6,7,18,9,7,19,10,6,3,3,5,5,6,2,1,19,2
"LOC131380189",8,47,9,11,16,29,6,8,2,15,12,25,26,30,14,26,16,13,25,33,9,14,21,12
"LOC131387472",44,37,10,21,43,33,18,18,18,26,10,32,42,16,31,11,33,9,31,9,18,26,30,17
"LOC131376691",0,1,3,0,3,2,1,1,4,3,4,0,0,0,3,0,0,3,5,3,0,3,3,4
"Gm54024",3,8,4,2,5,3,8,13,4,4,1,7,3,7,11,9,10,9,6,2,8,8,3,0
"Ssial1",55,132,37,103,67,77,54,166,31,36,82,123,97,88,38,42,78,144,69,75,73,89,51,109
"LOC131339072",37,115,46,136,74,131,47,118,70,158,75,57,64,54,55,89,78,34,73,71,67,85,75,82
"LOC131374783",583,1545,411,661,528,1476,677,645,339,618,1022,636,398,415,596,472,683,380,290,865,503,456,767,932
"Gm8220",19,96,72,123,82,81,47,86,39,150,44,80,102,34,53,78,47,99,66,113,35,22,42,121
"Fbln2",47,231,121,54,145,86,42,84,111,106,83,55,65,110,102,105,112,104,75,83,104,103,153,93
"D10Mit259",152,347,457,272,382,441,187,328,193,250,189,246,164,219,204,123,308,178,382,148,197,167,262,201
"Chil3",16,28,27,34,3,27,15,20,17,17,11,4,9,42,24,8,32,3,32,6,19,33,8,29
"LOC132412382",17,26,21,17,24,23,23,72,10,36,41,27,25,12,52,28,24,16,29,29,19,14,16,36
"Gm18475",32,11,26,21,9,44,30,5,7,25,29,17,20,32,18,38,38,10,26,17,29,16,72,48
"Gm5260",16,39,41,11,43,46,13,31,22,53,19,52,22,27,16,12,28,16,20,12,35,25,22,24
"LOC131338734",182,335,409,198,261,462,438,337,258,224,244,321,220,179,166,335,401,317,236,244,216,243,463,300
"LOC131376253",25,26,22,25,17,32,6,24,25,52,13,7,31,16,12,14,23,18,6,23,10,23,57,47
"Gm35928",94,230,162,101,108,340,351,253,207,182,139,105,168,137,139,87,174,136,184,263,149,141,313,237
"Lmr7",95,223,138,107,123,217,217,296,66,114,98,173,110,200,82,187,145,148,124,154,173,245,177,88
"LOC131373647",40,9,13,28,19,29,29,33,32,13,41,29,22,22,10,9,54,21,28,25,28,23,56,10
"LOC131380500",4,6,6,9,0,2,5,2,1,3,5,0,3,2,4,3,11,1,3,1,4,11,8,6
"Gm7962",107,164,66,62,99,89,111,91,39,105,99,156,147,114,83,72,72,47,116,78,175,90,110,98
"Oard1",90,99,44,150,91,88,147,125,148,71,163,150,96,40,44,48,88,59,120,83,73,62,117,84
"Mott1",690,516,849,998,699,962,796,1116,821,799,897,886,802,634,309,838,631,1188,773,583,780,438,637,1279
"Psmb3",3,6,6,3,4,0,1,10,6,8,10,12,11,3,1,8,12,11,11,5,3,5,27,6
"Hct",27,46,10,19,24,47,30,57,33,19,28,47,27,30,25,40,35,27,61,19,53,37,40,30
"Lypd6",3,3,4,4,3,9,1,2,5,1,3,10,0,3,1,5,3,2,2,1,1,3,9,0
"LOC131376792",27,94,39,36,32,71,99,104,47,53,54,15,74,46,61,75,114,42,94,23,32,21,77,103
"LOC128927696",7,11,6,6,11,27,15,12,13,11,7,12,12,4,5,8,27,4,10,12,4,14,22,7
"Parb",17,66,75,35,44,89,92,68,97,80,32,48,62,85,76,57,100,66,129,65,75,80,90,45
"Gm2176",34,57,46,37,29,28,55,71,17,38,28,64,19,45,22,21,36,35,136,32,18,36,78,14
"Gm17764",2,17,14,11,8,7,11,17,16,7,3,11,14,2,12,7,17,7,10,6,6,3,16,5
"A830037D11Rik",44,159,88,54,50,164,46,64,27,76,69,46,85,94,47,70,36,70,95,67,62,45,71,40
"D7Mit77",26,52,35,20,17,39,31,42,38,26,52,70,16,40,29,15,4,37,20,38,16,26,19,31
"LOC131339260",48,25,63,36,35,53,44,74,59,50,53,61,59,32,73,63,87,55,33,17,82,58,82,52
"LOC131375822",51,131,85,95,68,160,112,188,168,101,121,139,85,99,122,87,173,52,119,55,73,116,90,101
"LOC131375504",93,89,66,101,126,129,105,128,209,71,106,109,112,97,124,74,189,49,85,37,136,47,174,89
"Mob2",114,167,96,94,97,147,109,194,115,145,169,120,122,50,28,122,101,98,75,121,61,74,90,224
"Usf2",1542,1587,1513,1648,1092,1617,1466,1973,1173,697,1379,1572,1003,644,1226,1815,2018,892,1033,1302,1045,1502,1046,553
"Gm57715",51,252,178,87,105,207,99,338,91,209,165,198,111,147,138,70,52,116,223,105,196,97,144,166
"Gm6881",80,161,172,87,86,118,89,130,110,123,99,148,68,110,49,167,125,67,169,76,71,105,56,152
"LOC131374643",92,146,80,189,74,154,81,200,133,191,88,213,109,134,64,157,41,134,89,150,92,60,155,176
"D19Mit96",9,6,18,0,4,13,13,8,9,4,8,12,5,3,1,7,5,6,19,8,13,13,0,5
"Luzp2",39,57,51,23,29,32,33,24,16,32,19,53,18,38,11,28,46,48,30,10,33,27,25,26
"Gm9061",1,3,1,6,7,4,6,2,2,15,10,1,4,0,2,2,0,0,0,1,2,2,2,1
"LOC128926189",49,144,53,48,71,36,35,52,62,87,117,111,91,90,24,43,51,62,85,91,58,30,82,63
"D7Mit261",10,90,40,30,10,27,25,34,53,21,36,12,21,12,20,29,26,39,34,22,42,30,25,23
"Cc2d1a",13,3,4,6,11,14,22,8,17,2,2,3,5,7,0,9,11,0,11,4,12,12,4,8
"A130010C12Rik",19,52,23,20,13,26,29,18,47,73,36,31,22,28,25,30,26,36,19,30,14,67,43,38
"Mir3087",204,251,122,109,131,149,204,82,246,106,141,151,72,126,220,110,226,138,198,117,104,248,113,185
"Shroom4",33,38,14,45,32,48,34,52,24,40,9,41,30,8,29,43,29,19,24,22,24,54,8,24
"Padis2",90,175,106,104,210,255,220,110,79,127,386,119,186,129,203,187,159,200,146,71,195,61,167,100
"Mir6357",8,18,11,13,14,14,15,27,9,6,12,35,21,30,16,13,14,15,24,24,6,26,15,19
"LOC131375437",5,49,11,21,7,7,4,17,13,14,4,22,23,9,16,22,25,13,11,13,21,13,14,15
"Pcp4l1",3,15,2,4,9,0,9,7,11,19,16,3,7,9,5,3,5,0,6,6,3,9,8,7
"LOC131295837",126,183,263,208,223,211,225,230,185,422,350,363,195,247,245,222,188,182,287,182,192,194,454,281
"Gm51925",2,3,6,2,3,0,2,7,1,1,6,3,2,0,2,2,0,0,0,4,1,0,3,2
"LOC131337886",8,37,54,69,56,38,21,36,63,50,36,26,63,33,23,48,52,24,38,40,21,24,30,26
"Gm46888",29,89,54,109,35,52,85,93,29,105,69,88,24,65,71,73,85,53,79,85,56,95,73,120
"Mir6944",69,206,186,127,117,273,103,240,27,148,316,206,122,131,80,158,183,132,170,126,75,87,215,136
"Gm40528",54,194,94,344,160,302,309,591,120,209,108,377,239,269,161,334,169,182,211,202,95,154,197,192
"Krt4",109,375,197,262,183,260,150,263,215,459,176,285,215,158,171,369,304,383,346,281,127,223,526,194
"Gm2309",18,68,64,6,10,37,11,17,10,44,22,18,33,53,31,40,14,26,18,24,18,13,35,41
"Gm46989",16,30,15,36,21,56,13,43,5,24,23,25,32,35,9,13,50,21,42,12,18,36,33,23
"LOC131338436",1,0,1,1,0,1,0,0,5,0,1,4,4,2,0,1,3,1,1,0,2,0,0,1
"Gm47446",10,23,6,33,15,9,21,14,17,10,5,25,20,14,7,24,14,20,28,23,18,27,10,1
"Gm53651",111,311,326,152,109,175,263,348,159,218,181,495,334,219,162,240,154,202,153,239,165,158,255,199
"Gm57574",2,14,8,6,8,18,1,13,1,5,6,2,5,6,7,0,3,7,3,2,6,1,3,6
"LOC131387042",36,48,37,22,12,31,49,30,54,63,48,68,16,38,37,22,46,52,67,25,72,34,78,42
"LOC132412581",39,93,62,55,76,62,43,103,46,88,21,47,36,57,67,45,28,26,72,70,66,30,39,185
"Nat8f2",127,394,170,176,191,181,379,371,164,342,278,285,91,196,226,350,230,195,210,135,232,494,161,161
"Gm15486",25,53,16,17,25,85,40,16,29,49,37,82,17,23,23,39,25,37,12,16,15,28,35,22
"LOC131339194",105,315,142,234,171,240,220,425,150,190,141,229,133,125,114,126,233,257,119,173,112,135,288,269
"Gm39013",20,32,21,25,25,21,21,4,26,14,25,30,22,18,23,25,20,31,32,11,35,30,35,24
"Mir700",32,28,30,69,22,76,59,40,52,24,22,49,64,51,25,44,27,37,84,28,44,17,44,35
"Gm32014",16,26,8,11,21,23,31,12,30,41,11,26,17,15,8,11,20,44,13,10,27,27,22,21
"Gm12301",92,183,314,174,111,108,115,298,176,128,103,132,90,271,118,136,239,161,150,129,175,209,194,202
"Gm15610",103,291,95,107,65,151,144,83,69,129,183,78,76,44,105,157,108,77,178,68,97,113,149,139
"LOC132409384",18,123,70,111,18,85,54,65,61,99,59,84,99,103,49,116,20,56,108,59,94,64,79,104
"LOC131385290",15,32,28,16,18,22,29,18,28,39,39,29,14,27,16,21,54,31,31,21,40,27,99,27
"Gm10769",4,30,12,5,10,9,5,15,9,7,11,31,7,5,5,18,8,9,13,3,3,38,3,9
"Gm33440",26,40,97,16,35,48,46,58,21,31,22,21,75,32,32,36,55,30,91,31,35,28,76,74
"LOC131296910",45,106,111,170,34,76,91,115,51,35,97,133,116,53,38,115,100,101,90,72,55,96,61,210
"Gm26654",22,38,7,12,30,14,14,45,21,21,26,17,19,31,16,35,25,19,12,17,17,8,18,6
"Vmn1r44",53,88,39,114,35,43,61,36,68,98,49,61,46,160,43,76,118,82,34,71,94,95,60,111
"Gm35649",99,195,208,117,122,66,108,92,75,105,60,86,115,71,75,46,143,130,56,32,66,66,172,162
"LOC131371879",77,80,107,157,133,143,83,117,76,83,68,112,90,29,83,48,85,70,147,55,118,63,117,71
"BC019510",36,135,37,77,59,38,138,57,100,114,111,86,64,56,116,106,112,63,69,32,88,53,147,135
"LOC131339773",123,462,220,269,260,490,455,401,154,307,153,318,121,490,141,389,228,473,176,194,211,485,342,483
"Pltr14",49,26,36,6,102,72,55,37,51,58,50,41,63,76,87,19,67,39,35,22,27,26,99,67
"LOC132411463",132,416,204,404,154,334,179,218,137,384,234,371,322,369,188,365,208,209,71,117,101,198,174,361
"Spdya",393,934,334,894,644,792,1230,740,780,1445,785,861,893,708,527,1506,858,1014,949,644,1369,560,1464,825
"LOC131377473",218,427,332,193,277,372,494,338,267,175,402,266,366,338,393,143,324,347,252,108,185,363,188,468
"LOC131386449",207,250,358,223,158,111,160,302,168,265,232,170,358,178,218,129,132,291,370,100,424,179,279,364
"LOC131387139",185,109,187,181,225,240,232,92,143,79,93,76,92,111,126,143,198,103,238,154,146,65,136,191
"Fcgr4",11,28,17,9,8,7,22,15,24,11,10,11,15,8,17,3,36,12,16,29,18,21,22,10
"Snord80",18,38,9,25,10,12,37,45,26,19,14,16,3,8,9,10,24,23,10,6,17,20,28,22
"LOC132408923",35,47,64,60,27,89,65,94,58,43,84,43,51,20,51,50,43,38,42,55,54,46,69,87
"LOC131371790",542,2951,998,1972,813,2522,1573,2651,961,1549,1602,2834,1296,2152,2134,1505,1373,2096,1437,1503,2180,1686,1768,3094
"LOC131296037",48,21,88,126,108,141,150,64,182,55,76,69,115,187,117,86,58,68,128,87,78,96,155,208
"Gm44501",17,46,33,16,29,42,18,36,29,30,38,61,21,25,27,22,43,14,33,9,32,36,41,61
"LOC132442265",13,18,14,8,19,24,16,16,27,16,18,20,14,7,17,15,5,22,20,18,21,9,44,27
"Cul3",12,13,36,31,13,26,26,36,11,29,28,16,17,14,9,33,32,18,24,14,21,15,31,19
"Lifespan2",79,60,74,99,59,36,120,58,94,63,63,84,59,101,72,32,34,69,117,47,112,49,119,98
"D2Mit94",5,20,13,2,28,39,12,6,17,19,8,9,24,7,16,6,13,2,15,12,18,3,10,11
"Gm33693",87,149,34,66,57,67,84,97,79,74,83,64,42,60,44,50,64,68,100,101,34,106,80,92
"LOC132410589",66,87,104,128,73,62,250,140,126,108,172,168,88,102,52,91,165,77,81,73,67,85,121,113
"Skull13",311,474,597,318,383,275,593,316,433,321,503,232,318,363,600,235,504,344,407,274,591,220,362,428
"LOC131379959",11,25,15,27,30,31,19,19,20,25,18,2,20,17,11,29,19,25,23,26,13,9,7,5
"Gm33609",1,4,1,6,3,1,1,5,4,3,1,5,0,7,0,5,3,7,7,0,3,2,4,4
"Gm45162",215,751,934,527,540,672,548,872,449,397,882,281,488,246,350,519,1257,510,765,513,206,291,401,741
"Galc",160,201,191,233,86,276,117,182,161,274,224,155,152,258,169,201,123,62,244,139,69,93,116,175
"LOC132445035",347,721,453,1395,455,1024,465,494,356,600,684,529,294,1033,305,454,465,750,361,550,165,299,732,787
"Gm39788",226,1000,296,551,264,1113,289,894,483,629,657,425,726,715,207,476,596,517,984,502,323,250,268,1089
"LOC131378857",13,18,4,10,9,17,12,13,13,32,18,14,4,17,5,17,10,16,20,13,9,7,3,15
"D10Ggc2e",3,20,13,4,8,26,7,4,3,3,20,18,18,9,8,7,21,22,10,7,6,14,15,25
"Ywhaz",27,42,54,36,35,76,38,30,22,45,86,75,43,43,9,35,31,32,61,31,24,44,60,82
"LOC132412180",60,164,117,142,119,80,102,133,163,154,123,123,110,112,104,111,269,151,133,133,83,129,186,111
"Phf11d",1,5,2,0,0,0,3,0,0,0,1,3,0,3,2,1,0,0,2,0,1,1,0,3
"LOC131390759",34,60,19,47,33,79,27,43,18,80,32,61,54,51,24,25,65,58,78,49,71,26,129,36
"LOC128925976",1,5,4,5,5,6,6,2,5,23,0,3,3,11,2,2,2,6,2,4,4,1,8,0
"LOC132409713",438,1318,634,931,570,708,460,1235,798,859,911,1116,511,842,587,649,665,580,833,1045,772,758,1009,1268
"LOC128926798",193,292,305,232,297,331,353,293,273,424,353,183,264,284,238,364,296,170,244,134,297,260,553,153
"Gm7003",31,87,32,17,29,45,110,51,37,56,25,72,36,28,35,39,21,58,40,47,38,29,63,55
"D8Mit100",119,126,158,105,60,196,238,186,77,103,83,81,106,110,99,159,203,134,144,98,179,129,188,179
"Gm49186",3,3,4,3,6,8,1,11,5,8,0,4,2,1,5,9,3,7,3,5,2,9,17,17
"P4ha1",7,8,1,2,7,4,1,5,7,1,2,4,10,4,4,3,6,3,1,2,0,1,13,0
"LOC115487808",2,33,20,4,7,9,20,7,37,30,15,7,13,19,14,22,11,23,15,13,12,22,25,13
"D17Mit100",15,8,20,24,22,22,31,14,19,14,36,23,31,26,9,8,19,12,16,10,11,24,30,42
"Gm2036",105,281,205,66,197,271,209,180,126,235,172,118,196,182,53,108,118,113,124,149,112,89,238,153
"Nup133",8,10,22,13,18,20,23,40,26,17,16,6,30,24,18,13,17,9,39,22,5,4,25,11
"B230334L07Rik",39,19,45,44,55,71,43,47,53,28,24,80,34,40,28,77,107,11,44,12,32,40,45,67
"LOC131380271",39,78,66,27,50,57,71,64,31,81,49,51,37,31,52,48,63,34,75,41,28,46,63,73
"Or5af1",17,35,20,33,18,11,17,36,17,18,34,36,15,7,12,40,15,17,22,41,9,42,17,28
"Zfp1",128,174,132,177,143,177,208,389,113,266,174,245,223,213,160,225,263,227,143,193,220,113,154,271
"Ppp1r18os",21,29,28,23,16,33,26,32,20,21,44,15,27,9,12,30,41,20,28,10,28,30,38,35
"LOC131372825",8,12,8,10,9,16,6,27,2,19,11,15,6,2,10,7,6,11,21,6,9,26,15,2
"LOC131391913",215,671,219,682,319,819,347,572,556,814,589,670,154,447,408,338,309,440,443,340,397,189,571,837
"Slx4",111,254,118,104,122,91,103,210,183,96,154,101,114,103,100,186,151,119,247,97,117,165,172,244
"Gm5104",329,1117,493,357,362,622,509,1085,631,1190,324,769,686,557,465,864,730,758,367,668,270,575,644,1007
"Gm39460",20,40,29,24,14,15,12,19,27,18,21,25,18,12,20,48,62,9,29,9,15,1,15,24
"LOC132411968",9,14,11,10,9,20,14,5,10,14,10,6,9,8,8,8,11,11,0,7,18,12,9,14
"Gm3157",4,0,5,0,1,3,4,1,5,4,5,3,1,0,3,3,10,2,1,5,1,1,7,0
"LOC131388187",599,1742,593,1192,809,999,768,931,333,939,1027,841,1005,810,555,707,927,803,583,547,594,684,1405,1359
"LOC110120437",4,32,1,5,8,1,5,18,3,3,11,4,7,4,7,3,6,9,6,0,32,10,12,14
"Gm11426",258,368,312,483,261,364,530,555,251,273,417,598,327,245,313,453,392,267,516,389,233,244,911,220
"Gm40524",34,144,56,44,41,158,79,105,63,70,88,92,46,49,61,57,102,90,48,30,51,65,97,63
"LOC131377755",14,46,20,33,15,9,18,18,20,8,14,28,11,42,13,16,11,12,7,2,17,29,33,27
"LOC131339505",172,165,187,246,346,203,319,126,125,72,126,70,163,176,95,207,320,99,350,170,220,170,194,223
"Gm15368",7,41,22,14,22,16,30,16,18,32,40,12,21,23,18,11,20,9,14,27,4,18,47,16
"LOC131377022",0,2,2,4,1,5,0,1,2,1,2,1,3,1,0,1,3,1,2,2,5,2,3,1
"LOC132410286",42,37,20,63,45,24,116,74,17,77,29,59,27,47,28,50,76,66,34,48,33,37,91,71
"LOC132442068",92,183,94,113,43,135,99,116,162,105,137,130,233,66,109,62,122,76,92,194,150,129,226,99
"LOC132412196",27,23,39,24,40,19,38,53,42,39,41,22,38,40,30,24,15,21,33,15,61,40,26,44
"Gm39872",52,53,50,40,47,32,39,31,54,38,92,40,50,42,10,29,90,29,63,13,43,30,83,46
"LOC131371415",95,87,91,48,15,98,62,43,62,32,36,29,55,32,48,32,80,32,29,22,50,32,37,74
"Oriq5",34,9,15,19,7,22,33,15,6,15,16,14,8,26,44,14,9,30,28,24,8,19,13,38
"D1Mit22",2248,4448,2716,2493,1838,2118,2449,3136,3339,2913,1987,5771,2884,1679,2813,2733,3101,2013,2884,1867,1124,2478,2719,2145
"LOC109280127",149,1022,461,519,184,402,587,1003,328,546,610,901,607,345,605,502,766,210,497,368,621,285,691,534
"AA517631",352,413,466,466,238,387,248,341,467,775,465,253,479,410,395,466,240,322,718,271,342,499,675,539
"Gm46122",6,8,6,10,3,38,15,10,9,10,6,7,22,26,2,26,4,3,9,4,15,7,6,18
"LOC131390049",64,91,97,37,35,33,44,53,40,44,80,27,52,76,43,62,61,38,45,28,38,37,68,32
"Gm41656",147,190,132,257,180,177,258,296,47,145,219,136,125,137,153,180,150,140,163,161,104,89,301,263
"Gsk3b",457,965,620,1257,806,1689,1107,2035,1218,1284,1183,1471,2824,1460,735,705,833,1338,1591,1261,967,984,1137,1763
"LOC132444593",79,133,49,108,78,149,66,139,106,140,47,116,101,148,53,121,48,57,85,89,73,147,122,72
"LOC131391876",151,425,335,263,343,215,216,516,162,329,436,330,199,278,240,221,376,285,264,307,268,367,250,221
"Agbl4",132,192,258,208,190,331,585,255,183,310,256,335,141,134,274,209,275,206,251,148,282,124,512,277
"Rbpms",56,206,101,56,130,214,165,258,102,170,171,214,179,142,133,241,120,168,186,285,125,127,185,219
"Tanidd2",18,61,64,33,40,42,39,65,32,66,104,57,73,46,47,44,91,41,38,56,54,13,95,85
"Gm7212",60,176,112,92,62,280,224,208,69,86,129,62,67,127,93,61,114,61,98,73,131,78,101,183
"Gm7123",152,178,200,272,139,251,116,143,140,318,120,168,55,106,143,197,249,120,171,235,133,131,242,304
"Pgrmc2",15,69,48,46,40,65,27,40,26,50,16,44,36,34,17,3,42,51,25,26,5,63,28,34
"AL023045",7,7,6,4,3,3,4,5,11,7,12,2,5,5,7,3,1,9,11,8,4,1,4,2
"Ttc6",16,35,44,14,12,36,34,77,8,15,24,35,37,11,11,17,35,25,26,6,14,21,23,39
"Acp5",17,60,33,10,15,21,31,29,47,17,60,36,53,37,12,28,36,9,23,39,49,55,56,22
"Gm9967",1,10,2,14,7,20,21,28,2,0,4,10,19,1,5,2,5,7,19,3,15,5,26,5
"LOC131378978",4,4,5,4,5,2,10,7,4,3,6,10,2,2,13,6,9,5,5,5,5,3,5,1
"D10Jhu51",14,5,10,3,5,10,6,1,5,2,8,2,25,17,2,5,3,5,14,1,16,0,6,16
"Gm19434",22,57,46,39,26,57,32,52,25,37,35,24,44,18,41,29,35,43,24,16,40,30,32,38
"LOC131339864",2,1,3,2,7,4,3,5,0,6,0,4,1,1,3,6,8,0,8,1,0,3,5,4
"LOC131376788",58,130,93,69,114,72,93,71,58,31,84,45,108,95,67,79,88,60,134,30,25,46,99,18
"Synch2",34,31,27,31,30,16,19,35,28,32,33,33,37,22,43,30,22,33,29,34,30,42,53,51
"Gm39862",213,261,333,180,276,541,495,296,616,285,604,335,348,272,389,262,413,282,397,208,426,212,628,271
"Or8b12b",3,2,4,5,6,3,12,8,5,20,8,4,6,2,2,4,4,2,13,4,2,7,10,8
"Gm9017",28,46,53,24,25,58,46,41,62,47,38,40,63,51,21,33,47,11,40,27,14,32,22,41
"Mxra8",90,119,67,83,25,75,96,80,68,82,45,136,72,79,83,50,56,75,96,46,135,153,134,56
"Cdk17",106,427,167,283,207,147,144,219,143,209,182,172,177,133,138,143,177,173,215,114,136,81,106,147
"Mgarp",130,294,173,262,146,330,276,216,245,420,186,163,283,92,195,88,296,262,273,157,240,117,271,92
"LOC132408909",173,256,202,253,125,196,160,341,165,139,65,135,150,171,185,139,119,158,128,150,130,100,278,83
"Th",18,16,13,12,5,11,9,8,6,23,15,8,10,13,15,7,8,9,5,5,12,4,12,4
"A530030E21Rik",113,371,205,129,110,105,275,114,122,158,159,142,97,118,136,74,198,185,83,48,82,94,213,87
"LOC128926575",18,23,8,8,9,11,16,13,3,11,12,12,25,9,19,8,10,17,5,9,7,3,12,20
"Rarb",142,297,294,297,85,269,535,329,307,231,235,209,337,236,174,111,126,194,261,155,271,131,218,331
"Foxj1",104,304,116,120,123,142,88,82,76,148,177,73,117,120,128,169,153,172,81,61,181,110,183,232
"LOC131379354",87,104,63,23,73,37,110,46,58,68,72,106,45,44,37,70,84,12,86,36,57,56,30,76
"Vgll1",15,6,32,4,15,13,23,31,30,22,27,23,18,27,35,14,12,18,61,7,6,17,22,20
"LOC128924212",3,30,12,9,6,6,19,20,23,14,25,5,11,8,19,4,14,17,10,6,7,8,8,11
"Marchf5",55,83,67,54,29,69,41,38,63,79,86,35,61,90,109,26,113,109,97,66,20,48,69,80
"LOC110120409",920,2408,1966,3229,1473,577,2027,1289,1594,1672,1672,1697,1123,1320,1338,1412,2374,1279,950,1128,2091,766,2785,1166
"LOC131337869",71,147,157,163,87,275,184,184,76,178,133,238,20,310,128,185,132,93,201,142,60,135,125,293
"Chab2",21,43,53,38,13,35,89,35,58,64,59,99,42,66,52,34,62,46,54,83,35,56,54,48
"LOC132443042",3,7,2,9,1,5,3,6,6,8,2,4,4,2,4,3,7,5,2,1,3,4,2,2
"Gm14208",31,67,46,59,36,59,56,153,23,89,23,83,55,43,17,31,40,64,33,30,44,34,33,51
"Gm8167",9,46,17,13,5,11,26,17,19,17,9,4,10,8,8,18,2,1,6,10,5,6,5,12
"AI605151",48,23,44,32,46,79,36,60,19,30,37,53,29,39,53,26,19,14,10,15,34,46,48,22
"LOC132408033",46,32,55,13,83,33,35,72,90,56,36,48,63,35,18,42,61,18,18,63,34,22,30,100
"LOC128926573",157,258,160,256,169,162,139,186,149,71,143,129,228,85,94,118,190,136,69,53,65,53,152,81
"Lmblgq5",0,7,3,1,0,1,0,1,0,0,1,0,0,2,1,1,2,2,5,2,8,1,1,2
"Zdhhc13",128,494,421,424,200,382,337,413,268,427,330,552,334,435,168,273,433,330,471,298,185,253,534,380
"Gm11696",36,76,41,54,74,93,71,102,61,83,72,32,49,66,49,77,41,48,72,37,51,60,55,75
"LOC128925744",46,67,35,25,18,51,29,72,19,57,34,47,33,4,44,54,76,12,45,15,61,22,48,36
"LOC132409677",52,48,75,41,34,81,91,47,126,117,54,43,85,41,102,24,53,44,109,56,104,35,151,36
"Pramel3b",0,0,0,0,0,0,0,0,0,0,0,0,0,0,0,0,2,0,1,0,0,0,0,0
"Gm6764",22,40,45,10,31,29,47,34,22,41,37,25,33,14,44,56,33,22,44,20,23,33,27,28
"Gm31721",5,23,24,12,25,24,21,39,32,5,7,10,19,11,10,17,7,16,17,29,25,25,41,26
"Gm6173",12,24,14,15,11,37,46,14,29,16,20,21,14,16,23,21,7,13,9,25,27,9,22,16
"Gm41037",108,229,336,92,47,182,129,133,192,130,206,144,251,205,150,149,116,161,180,132,131,175,202,206
"LOC131373755",52,64,33,37,56,71,51,44,87,36,113,38,32,56,28,46,60,32,57,47,33,35,51,116
"Spred2",3,1,2,4,8,4,2,6,3,14,3,4,5,3,1,4,4,2,5,4,1,6,6,1
"A630035D09Rik",8,28,8,9,11,7,15,11,5,13,1,5,14,5,1,14,12,7,12,16,11,13,23,4
"LOC128927085",194,358,392,105,205,317,262,231,229,261,326,212,204,203,235,103,259,151,350,183,344,125,182,177
"LOC131341967",18,62,34,17,22,35,23,43,19,30,28,26,17,36,37,31,34,32,46,18,31,51,28,45
"Or52ab7",11,15,33,28,16,19,35,14,6,13,11,31,22,12,20,15,8,9,8,5,18,9,10,18
"LOC132409922",24,38,47,65,42,36,21,68,28,67,26,55,61,21,20,29,18,36,67,24,35,71,65,62
"Gm18346",21,17,18,19,17,13,20,6,26,40,19,14,5,16,7,16,20,19,23,11,4,19,15,26
"LOC131337864",26,15,26,23,13,29,19,32,13,37,17,17,26,19,18,14,38,21,32,19,12,8,23,41
"Gm3433",118,259,204,115,121,143,210,131,139,134,121,96,106,87,75,91,84,118,191,92,144,63,161,108
"LOC128925763",48,137,54,86,71,70,90,78,43,62,84,77,97,87,15,51,41,64,118,77,64,83,53,80
"LOC131375815",24,33,33,44,20,43,50,53,45,62,32,48,44,31,10,41,30,7,45,17,25,82,50,45
"D1Mit109",17,61,27,34,32,17,29,22,13,41,52,42,42,15,33,25,17,49,16,18,53,12,68,17
"Fglu2",6,8,3,12,5,7,6,7,13,11,5,7,6,8,7,6,5,20,20,6,2,9,2,11
"Gm4842",16,26,35,16,19,51,12,17,11,9,19,15,26,22,25,33,30,10,21,39,12,22,37,32
"Gm30926",201,766,370,283,410,225,525,377,355,203,174,562,106,402,201,507,309,326,447,444,406,244,225,307
"Gm36621",21,98,65,61,59,65,51,48,56,113,74,103,94,59,51,53,17,55,23,59,35,66,71,109
"LOC131295425",7,2,6,2,2,3,4,7,3,8,3,1,6,6,5,5,5,6,2,3,4,1,4,1
"Psg29",137,223,60,207,129,230,449,266,149,244,118,153,119,205,125,173,239,136,142,258,247,118,201,449
"Gm3521",167,195,403,205,328,132,219,331,290,201,343,283,517,256,224,276,201,177,234,104,212,226,499,219
"LOC131389191",62,71,52,69,39,94,47,67,36,81,64,60,18,49,39,33,73,54,88,70,86,58,70,60
"Gm11399",25,95,37,20,78,62,48,45,25,69,62,57,45,40,33,25,46,48,22,21,36,42,33,18
"Crtac1",30,51,12,15,23,16,43,15,13,24,61,25,16,7,22,19,24,6,18,8,40,14,37,10
"Gm25814",32,63,73,45,33,60,100,54,48,87,47,64,51,76,33,25,77,45,67,67,98,18,75,120
"LOC128927356",17,22,30,33,26,27,6,28,20,18,10,17,9,18,13,17,16,15,11,9,18,25,18,12
"LOC131376008",71,168,102,86,106,48,113,75,78,79,133,82,97,76,66,42,132,48,99,102,113,74,116,74
"LOC131389545",57,115,250,92,92,124,171,78,151,206,152,84,147,137,194,97,97,151,168,96,87,108,163,93
"Gm7820",31,63,23,26,31,28,37,62,34,53,38,43,30,35,54,41,35,10,30,47,43,38,64,70
"Cox7b2",30,17,21,51,23,43,81,18,53,25,30,68,72,103,25,34,54,32,22,43,21,31,22,41
"LOC132407969",4,2,8,1,1,8,5,7,1,0,2,0,3,4,7,3,8,1,8,6,9,1,3,7
"Gm23244",126,211,170,118,185,132,127,76,163,81,193,255,121,102,213,81,201,151,125,77,118,75,142,76
"Crxos",6,18,1,20,10,14,10,4,6,17,9,20,9,4,4,10,3,8,23,6,12,5,14,3
"Pcfm1",48,170,64,119,95,87,80,94,147,57,63,96,94,206,80,71,99,120,68,93,67,82,175,163
"Gm39142",42,57,12,28,23,50,50,21,26,29,18,13,30,6,27,45,37,9,51,18,18,11,18,34
"Gm57580",19,30,8,21,40,38,25,19,40,4,17,33,27,16,21,15,37,29,33,25,15,20,64,78
"LOC132411735",86,259,281,254,269,156,402,318,147,167,174,253,156,185,147,198,185,158,230,121,202,118,314,369
"LOC132411926",48,103,69,118,33,98,121,56,126,153,135,105,116,53,114,60,51,60,80,85,50,54,153,114
"LOC131297833",23,53,36,20,36,12,38,57,25,21,23,23,34,24,21,33,31,21,18,33,28,17,38,39
"AA939960",70,415,197,263,160,118,170,196,104,95,189,115,61,132,93,120,154,199,191,114,124,72,200,214
"LOC131295549",2,16,7,6,7,9,1,22,10,4,16,6,4,11,11,11,9,11,2,6,6,9,20,7
"LOC131295147",35,87,37,37,43,59,53,31,61,65,51,25,19,37,6,16,43,35,59,36,32,43,67,59
"Napa",2,10,16,24,11,9,3,18,19,6,10,18,36,1,8,7,24,7,11,13,11,19,23,5
"LOC132410840",155,245,219,169,117,327,301,351,370,318,243,188,175,237,222,90,309,166,249,289,223,183,273,357
"LOC131385327",2,1,4,5,3,4,0,1,2,8,0,2,0,1,2,0,1,2,2,0,4,1,2,6
"LOC131337710",5,21,7,9,2,8,10,2,9,5,2,9,1,12,7,5,11,15,17,7,3,8,12,4
"D17Jcs114",94,141,121,188,92,94,132,204,96,134,91,136,78,73,63,102,134,141,79,141,78,51,149,194
"Gm52260",91,83,64,89,52,110,103,73,146,114,96,102,99,67,71,42,86,47,101,51,58,47,200,93
"Gm32649",205,1333,476,357,438,883,632,1211,631,700,722,871,524,638,461,620,623,779,686,585,362,624,418,933
"LOC132440796",76,120,86,50,53,121,108,136,86,121,109,99,142,44,50,57,93,84,100,53,72,92,174,172
"LOC131384758",74,105,25,49,108,40,51,23,130,142,94,62,67,58,44,33,30,75,85,44,56,111,60,74
"Tli1",9,63,37,37,32,45,29,65,45,78,15,44,57,32,42,75,14,22,31,38,61,66,88,60
"Szs11",24,18,67,25,53,86,42,17,22,25,73,28,67,17,61,21,49,28,55,22,53,44,46,55
"Gm10730",132,193,131,129,123,306,134,187,133,111,224,119,214,116,127,165,130,78,105,95,52,124,165,124
"Il17rb",159,203,215,72,77,55,191,124,97,212,127,271,105,69,232,107,108,170,280,103,120,209,197,241
"Rprd1b",17,52,26,39,64,47,22,21,44,101,26,47,40,45,14,32,13,21,11,51,19,38,43,29
"LOC132445061",252,254,278,200,157,237,180,226,146,121,297,355,132,110,165,208,195,187,523,178,198,106,250,301
"LOC131387937",140,183,263,193,79,189,184,51,175,81,160,190,147,231,209,202,237,80,362,95,237,199,203,135
"LOC131385936",245,439,249,175,193,305,481,321,318,329,216,423,176,194,117,326,132,357,202,377,166,283,205,611
"Gm35177",10,30,27,16,26,32,28,35,25,34,46,30,38,34,20,45,20,48,55,20,33,11,18,30
"Gm5609",7,5,4,5,17,11,13,9,13,2,6,13,16,5,14,2,14,18,14,10,13,2,18,5
"Polg2",75,62,139,78,49,72,60,78,89,40,56,47,87,48,153,76,103,65,49,86,69,53,100,67
"Fkbp7",617,697,483,560,764,553,766,1110,224,632,1514,456,676,365,589,649,843,440,659,373,498,263,884,463
"LOC131390920",163,69,171,77,156,81,138,69,64,111,130,101,124,137,95,104,135,121,140,130,103,127,170,160
"LOC131385018",102,297,158,297,139,201,209,256,136,188,118,215,210,307,169,153,158,205,156,210,151,145,178,302
"Gm36502",17,70,40,34,52,58,73,17,54,42,32,43,66,37,61,35,57,36,60,64,27,25,33,51
"Gm57675",50,34,54,28,21,57,27,32,36,48,33,48,29,24,10,40,52,27,52,37,43,25,67,21
"Ssxb6",23,35,13,14,32,49,18,34,50,28,37,26,18,23,22,55,81,19,64,8,31,14,62,31
"LOC131372232",41,106,68,132,26,129,91,124,79,151,100,177,69,85,43,79,105,121,89,23,113,56,39,104
"Gm22393",471,1203,780,475,498,562,447,457,281,678,427,351,552,420,546,567,798,503,428,224,834,490,478,724
"D19Mit74",1688,1142,2103,1798,1487,877,1240,2067,1900,1037,1020,1371,810,1092,1025,1410,1447,749,1693,1166,945,1149,1004,2105
"Gm6329",12,23,49,37,19,29,59,43,55,72,38,47,52,42,34,57,47,62,51,28,79,35,43,43
"LOC132409187",81,78,121,142,111,85,131,171,73,165,107,164,130,104,132,88,153,69,62,67,54,77,97,137
"Gm23538",71,278,141,97,74,136,217,157,119,168,270,53,122,131,141,95,105,89,166,57,100,94,167,159
"Gm26132",35,94,61,46,82,41,73,61,71,78,94,77,68,35,46,70,86,54,111,68,66,52,88,92
"B40B5S",44,26,46,37,46,76,28,70,22,65,18,48,29,52,31,39,71,47,35,23,49,46,80,70
"Epfq1",155,114,148,101,78,180,239,129,111,115,111,117,315,144,123,140,139,205,181,139,96,83,252,157
"LOC131338128",309,781,443,466,392,350,564,459,248,263,355,340,270,279,314,371,465,188,364,131,294,249,400,366
"Ctsd",123,1304,504,652,171,1280,262,810,636,959,596,635,1049,426,312,878,400,445,423,616,260,723,299,751
"C530036F05Rik",2,6,22,3,2,9,2,5,3,7,9,9,18,6,13,2,8,15,9,3,6,2,5,10
"LOC131386126",0,4,0,1,2,1,1,2,1,0,0,0,2,1,1,2,0,1,1,1,0,0,1,1
"Smox",43,85,63,51,82,89,83,96,70,82,34,96,31,110,90,36,33,48,151,40,105,22,18,52
"Mad2l1bp",14,52,40,13,38,50,30,33,34,26,22,25,25,10,18,23,57,16,36,33,19,17,84,27
"Gm36105",4,9,8,10,15,16,16,16,1,8,14,26,16,7,4,4,14,15,12,5,10,7,8,15
"LOC131339084",2,16,2,6,5,11,4,0,4,6,2,2,1,2,1,5,10,0,1,0,5,2,9,1
"LOC131392400",2,5,2,7,1,5,12,4,0,16,4,8,3,1,1,0,14,5,2,7,4,6,4,4
"LOC131379122",9,16,17,20,6,32,21,24,8,16,42,14,10,19,34,22,14,14,21,21,19,8,44,12
"Clnkos",125,81,60,25,76,51,120,134,69,80,91,56,66,52,65,72,94,89,117,62,67,65,56,89
"Gm14021",77,144,74,40,81,122,68,97,55,76,81,60,28,59,73,86,71,33,93,73,39,41,99,84
"LOC131391749",55,134,97,52,74,70,131,102,71,64,148,91,130,67,33,79,66,44,110,53,23,86,139,79
"LOC131296746",88,165,123,105,112,251,200,262,185,119,156,215,110,145,184,153,127,120,101,153,158,223,98,258
"Dmc",146,1098,345,584,626,411,732,924,283,667,381,356,626,355,395,411,580,198,372,246,319,541,441,290
"Fbn1",28,124,76,140,31,117,80,50,74,77,35,28,92,41,60,64,79,81,44,63,63,57,51,86
"LOC131374503",141,309,453,394,231,133,297,552,153,366,399,223,332,141,202,447,367,215,644,96,416,224,537,294
"Gm36420",259,228,204,201,140,306,335,377,251,234,157,197,249,176,105,293,554,199,648,204,282,222,330,142
"D16Jhu41",239,423,571,219,303,269,445,476,298,309,539,334,573,253,235,360,485,414,838,286,253,222,370,216
"Ramt1",19,106,100,22,12,22,61,45,41,94,21,41,33,21,43,19,49,25,47,22,33,16,35,47
"LOC109279859",45,91,22,48,72,75,59,30,100,25,51,42,94,45,42,59,52,49,26,57,37,26,95,41
"Gm35844",24,38,11,8,17,21,10,27,8,16,44,20,4,9,4,5,11,12,40,16,7,22,11,17
"LOC132412295",75,290,199,107,71,147,207,285,222,119,141,96,116,53,160,114,184,107,194,128,129,135,215,119
"LOC131391406",289,525,293,330,429,414,357,465,301,713,400,659,324,372,185,271,290,382,805,230,195,264,412,275
"LOC131375767",192,310,207,331,140,168,318,270,263,155,157,209,218,120,190,249,194,205,433,111,172,173,151,328
"LOC128925349",30,107,93,110,41,141,110,62,75,131,38,93,112,74,14,53,102,69,72,86,66,58,62,37
"LOC128924220",54,170,166,106,132,101,138,136,127,71,99,142,68,74,97,127,74,59,109,84,44,51,65,72
"E130102B10Rik",3,7,1,5,2,5,2,3,1,3,3,11,4,1,6,3,7,3,6,2,5,12,4,4
"Gm7343",16,17,30,15,14,13,29,17,14,51,25,21,17,19,5,23,14,9,10,19,2,22,12,24
"Gm13404",58,94,64,39,42,53,143,91,63,55,92,94,98,34,38,34,76,50,42,56,29,75,69,45
"Gm28421",18,21,8,16,15,20,10,38,7,18,15,21,15,42,21,33,12,18,28,8,11,11,23,30
"Mbd3",108,123,217,102,172,60,168,186,189,143,211,253,131,137,52,131,206,49,166,163,143,244,196,313
"LOC131376672",43,71,62,55,48,94,74,155,51,52,9,53,79,57,61,48,60,37,32,17,64,73,47,51
"LOC132443172",30,90,51,28,18,41,44,46,46,34,32,39,44,29,34,28,41,58,46,30,58,29,64,40
"Gm41326",99,164,36,92,141,196,161,147,118,107,38,86,97,77,113,140,82,165,81,94,71,67,116,95
"LOC132441004",4,14,3,4,12,4,1,2,8,8,3,13,2,0,1,1,13,4,6,6,2,3,1,11
"D11Mit258",226,400,475,328,377,492,480,159,237,321,519,443,226,401,474,202,303,235,408,243,206,411,298,553
"Rmv1",46,73,42,46,50,29,73,27,68,48,41,46,33,26,56,38,46,42,58,44,26,48,38,30
"Gm46628",6,7,10,7,7,9,13,9,9,6,30,11,6,8,3,12,10,14,7,15,4,1,7,17
"LOC131379583",10,25,13,24,39,58,15,44,17,19,15,40,36,5,16,11,18,16,2,11,15,24,16,28
"Gm9602",37,99,91,49,82,67,102,122,86,92,141,83,97,44,25,123,133,61,140,57,40,70,126,112
"Int53",65,545,188,262,162,139,421,609,215,413,204,133,299,550,253,225,347,273,177,69,248,246,460,474
"LOC131388839",17,23,13,6,6,13,29,14,8,8,8,8,4,2,19,7,10,3,10,4,10,3,18,3
"Gm40362",63,129,122,88,80,169,132,109,101,146,94,103,76,94,93,71,122,53,91,58,110,53,136,110
"LOC131391046",16,43,11,22,11,21,21,85,21,52,35,20,31,23,29,35,13,24,31,19,30,21,53,26
"Mboat1",44,84,52,68,53,67,62,54,64,64,50,97,63,58,80,56,66,99,72,79,26,38,50,36
"C86807",10,13,5,6,7,6,21,10,6,20,5,10,8,11,18,15,33,2,4,7,22,5,26,11
"Gm40455",34,18,25,29,14,45,29,31,24,19,19,17,24,31,22,14,26,25,18,14,38,9,17,12
"D2H11S411",27,149,85,38,31,98,118,60,43,100,83,40,39,32,88,74,41,38,134,30,32,46,66,61
"D4Mit299",12,18,21,14,18,65,12,45,11,12,21,12,14,12,6,6,35,25,13,36,11,31,37,44
"Miat",7,14,14,17,7,37,7,39,20,19,31,24,15,11,16,9,15,15,44,4,4,26,36,23
"LOC132411080",10,35,28,11,15,15,14,16,5,25,16,7,15,11,10,16,5,13,24,4,10,20,23,7
"Krt35",192,312,329,283,86,456,280,192,374,264,265,248,290,271,155,206,446,125,260,42,185,250,267,204
"Mlvi2",8,15,11,8,3,4,5,1,0,14,5,13,8,3,1,4,5,6,3,1,6,1,1,6
"Npsr1",2,1,8,1,2,0,1,4,0,0,2,2,2,1,2,2,4,0,5,0,4,2,0,0
"LOC132445184",25,27,38,11,84,26,25,30,20,25,21,50,35,40,16,32,45,52,23,32,14,42,34,54
"Katnal2",1,25,15,2,4,11,8,3,5,7,6,3,4,7,10,21,8,12,13,5,2,3,9,4
"Gm32878",25,26,25,36,9,30,14,31,25,30,31,46,15,36,20,46,55,27,21,22,43,12,43,34
"Rp1",97,126,103,38,69,210,91,144,145,115,79,138,161,49,46,77,121,66,85,104,69,79,111,91
"AI987986",203,435,391,166,439,242,292,512,421,269,349,380,564,361,344,221,500,234,472,318,259,210,310,449
"Cimip6",3,2,8,9,5,3,11,13,12,6,5,2,9,5,3,6,3,8,2,0,0,14,6,4
"Gm16353",57,117,66,52,42,99,44,65,71,84,19,65,40,57,69,29,69,35,59,77,37,25,54,29
"Gm41973",2,0,11,0,4,15,7,10,3,2,1,8,10,2,0,3,7,4,3,1,6,4,0,5
"W10q1",5,14,6,5,17,8,8,18,7,20,13,26,9,12,13,12,18,2,7,11,5,9,3,21
"Gm40657",296,447,226,369,415,355,477,272,245,175,221,211,318,258,358,288,509,467,364,299,161,232,232,287
"LOC128924676",45,51,60,65,63,111,36,171,71,84,35,69,133,74,46,71,91,113,65,52,82,47,72,88
"LOC132409827",42,60,67,53,32,30,62,79,65,60,50,136,99,82,69,148,55,78,112,45,83,65,136,66
"LOC131371575",105,90,115,171,231,169,182,318,48,367,137,350,115,148,123,184,185,112,311,278,71,72,119,102
"LOC131341521",66,105,43,115,69,107,116,163,60,140,43,88,80,57,93,63,102,76,80,51,40,90,102,54
"LOC110120504",83,224,123,105,65,66,83,72,79,56,100,117,84,130,57,201,130,127,70,94,59,106,91,79
"LOC131386599",12,17,38,17,14,31,15,12,24,5,16,17,33,21,14,9,11,19,48,9,16,10,15,15
"Gm12378",114,528,149,335,134,281,153,243,244,488,189,317,140,315,95,157,378,180,194,365,194,167,151,156
"LOC128926836",12,27,21,19,23,69,31,8,25,19,22,30,54,21,14,24,22,36,20,22,8,10,21,33
"Gm24295",77,130,64,191,84,206,94,135,110,93,146,104,168,95,85,189,88,74,142,97,93,88,79,117
"Gm13983",231,550,425,196,470,527,455,346,399,294,826,252,322,557,214,555,392,339,535,227,445,419,672,393
"Gm23712",70,162,210,59,139,149,139,46,114,94,182,157,195,65,80,161,266,109,173,98,74,71,211,107
"Gm52572",15,34,35,34,74,18,56,65,49,76,58,52,58,63,15,37,81,32,42,28,40,38,30,22
"LOC131377857",3,2,8,10,7,10,28,5,11,14,8,9,17,3,4,9,18,4,12,3,10,15,2,19
"LOC131341820",25,17,15,2,12,18,24,13,33,17,14,26,11,25,5,15,17,10,20,25,10,11,7,13
"D4Wsu199e",27,91,36,12,46,49,95,32,52,47,41,41,25,40,29,63,41,64,36,19,32,18,55,21
"LOC128926044",8,6,20,27,23,29,6,13,8,17,2,30,12,33,15,16,28,11,13,14,5,15,31,14
"LOC131340017",240,520,128,294,166,371,204,282,275,176,147,213,96,274,319,238,302,172,391,192,155,185,165,140
"Alyreffm14",1257,1631,2380,1798,2092,2050,3194,1839,2260,2422,2967,1459,1376,943,2619,1978,2748,751,1143,1091,1773,1263,2937,2182
"Gm11858",117,291,143,157,253,146,436,341,294,272,258,39,203,68,180,163,263,259,231,152,251,84,143,278
"Slc2a13",58,88,98,70,25,65,115,114,101,50,46,62,58,63,97,44,85,108,49,80,68,99,85,93
"A330008L17Rik",17,44,28,42,28,45,45,43,32,31,24,17,16,25,1,26,18,17,16,13,11,3,24,32
"Gm57797",0,1,1,1,0,1,3,0,2,1,0,3,1,1,2,0,1,0,0,2,0,1,4,0
"LOC109279983",13,14,13,38,8,26,18,19,31,7,17,5,7,15,11,14,12,12,15,3,8,4,31,12
"Gm7825",4,15,21,16,15,7,2,10,18,20,29,3,1,11,12,8,12,7,13,3,21,9,14,4
"LOC132409357",728,893,681,797,594,652,656,313,331,1225,617,347,968,369,436,887,317,399,561,504,574,685,439,1104
"LOC132408617",147,264,221,229,140,176,311,476,268,162,299,183,188,338,61,152,167,282,202,217,183,181,281,376
"LOC131373400",94,103,120,51,128,73,149,89,48,74,58,104,70,69,106,85,173,53,85,83,92,79,180,104
"Mir6989",12,19,17,9,12,21,22,23,21,23,31,23,17,6,11,34,32,9,10,72,21,28,11,36
"Gm4742",313,617,377,351,196,310,507,289,335,501,256,540,149,289,258,130,339,272,316,174,319,159,509,240
"Gm31394",8,54,33,18,34,28,24,12,28,16,21,15,14,9,23,46,48,28,3,8,11,12,11,13
"Pm20d1",65,167,158,142,136,56,164,187,170,73,114,154,170,176,159,238,327,89,131,153,153,105,52,169
"LOC132445320",29,25,43,38,9,43,40,13,46,28,24,15,43,38,33,39,61,28,62,8,20,17,52,57
"Gm25894",2,7,0,3,7,8,15,7,12,6,12,10,7,9,12,9,2,9,9,3,7,3,9,10
"LOC132411179",111,155,161,124,82,198,277,197,144,189,109,203,138,73,120,244,186,157,148,85,258,52,188,200
"LOC132444859",97,131,136,100,169,169,58,178,128,95,129,111,108,69,67,109,137,133,129,93,105,96,123,113
"Gm34075",0,6,1,7,6,3,7,10,1,8,5,1,2,2,4,5,8,4,5,15,1,5,3,7
"Gm35948",9,28,31,25,13,40,41,57,63,54,22,19,33,35,12,38,10,21,56,26,24,19,42,36
"D1Mit134",12,45,36,29,31,43,8,47,14,14,13,27,10,19,23,16,33,35,91,26,41,19,49,43
"Tshp17",4,2,2,0,0,0,0,1,2,0,0,2,1,4,0,4,0,1,1,1,0,1,0,1
"D15Mit126",5,9,14,13,17,17,14,34,13,11,22,20,18,13,18,24,20,25,23,12,32,12,32,32
"Vhl",0,3,1,2,0,0,0,0,1,0,3,0,0,0,0,4,2,0,0,1,0,0,2,1
"Entpd8",19,23,35,7,24,26,22,15,21,7,39,23,14,35,13,25,76,27,18,16,16,20,26,21
"Gm28441",189,171,158,198,136,87,224,59,109,43,103,100,134,69,102,181,170,131,118,73,130,39,143,116
"LOC131373658",58,74,97,30,181,53,114,87,124,119,36,68,17,38,89,73,50,87,71,34,56,46,87,46
"Gm46083",219,583,483,192,338,319,350,754,412,233,319,284,357,233,280,456,294,361,433,139,197,396,710,491
"LOC132410649",644,2788,1994,1631,1188,2398,1329,1173,1576,2633,937,1556,1358,1205,957,1717,1571,1465,2316,1512,1731,1298,1977,1555
"LOC131372202",9,7,25,2,7,17,15,11,16,4,33,14,14,9,27,12,19,4,9,7,4,6,6,15
"LOC132442495",52,239,79,57,71,116,47,86,126,82,140,66,85,46,78,60,118,85,130,65,96,80,66,79
"LOC131389710",3,3,7,4,2,14,13,2,2,5,1,4,6,4,5,2,1,3,16,1,3,4,8,3
"Gm52242",120,288,187,153,179,604,272,377,232,268,270,235,81,84,139,268,292,478,175,228,179,257,201,276
"LOC132444025",6,12,13,5,1,18,6,6,11,9,7,16,4,3,6,19,4,3,14,6,6,12,7,7
"LOC131373696",47,80,106,112,64,86,174,77,62,125,71,138,130,68,84,84,104,93,85,24,59,112,235,77
"LOC132441452",26,4,27,18,18,5,16,20,30,33,5,22,25,8,26,16,31,10,13,9,27,27,31,20
"Gm4750",15,55,33,39,28,57,9,60,17,36,14,45,23,21,17,37,31,35,28,42,27,23,51,31
"LOC128927870",8,9,10,9,5,17,3,1,14,8,9,2,7,4,2,2,2,6,13,6,6,1,6,9
"Htatsf1",2,13,8,2,6,10,7,6,14,3,5,17,11,18,4,3,7,1,8,5,7,10,5,5
"D1Mit489",72,157,63,89,52,157,147,51,81,101,51,158,54,29,26,74,119,106,56,108,66,46,100,202
"Pgrmc1",227,611,259,211,490,511,546,339,380,328,562,300,351,266,149,440,317,246,651,373,461,385,579,323
"LOC128927673",148,70,101,93,151,157,126,178,149,112,295,173,142,131,92,98,176,59,277,122,66,56,54,209
"LOC132412337",10,20,16,7,11,6,13,11,12,11,7,19,18,17,12,15,6,13,3,0,14,13,16,16
"LOC131296635",0,7,0,4,0,3,1,0,8,2,1,3,3,0,1,0,1,4,6,3,2,0,2,2
"LOC132445402",0,1,2,1,0,0,2,2,2,2,1,0,6,1,1,5,0,0,0,0,0,5,0,2
"Etohcta7",392,1072,489,516,343,583,473,641,448,726,218,490,517,562,469,432,928,501,663,232,127,496,665,552
"LOC131384733",1,1,2,0,0,0,0,2,0,1,0,0,1,0,1,1,0,1,2,2,1,0,0,0
"Gm54222",16,75,73,42,39,17,37,23,60,39,122,44,75,31,71,77,65,62,37,22,23,25,43,60
"Dilp4",43,123,57,96,100,78,49,44,104,86,36,155,60,56,34,72,45,56,83,54,74,31,77,64
"Mir12181",36,75,93,44,35,80,55,40,29,58,49,61,32,75,43,76,51,23,43,31,37,23,53,49
"LOC128926339",10,15,12,10,20,14,13,28,36,13,48,19,21,17,19,13,9,11,12,9,13,5,31,18
"LOC131375866",54,139,129,46,93,125,103,93,103,91,119,84,70,139,94,133,87,63,97,61,52,80,123,108
"Nxt2",43,71,45,62,70,82,60,41,110,121,47,60,71,36,19,40,65,51,28,15,42,56,63,100
"Mir7087",134,560,83,142,140,307,298,486,137,237,234,232,241,219,222,243,348,99,180,94,142,259,311,242
"LOC128926936",7,5,0,3,1,1,1,4,3,0,5,1,2,2,3,5,1,3,3,0,1,1,3,2
"Gm19967",7,16,26,12,19,34,15,20,12,13,12,19,9,22,5,9,7,10,13,29,21,7,37,11
"LOC131376087",4,6,13,9,2,5,23,5,9,10,6,3,2,1,4,5,4,13,10,12,8,24,17,15
"Them4",83,37,31,30,78,57,52,68,31,44,67,78,40,44,53,54,20,65,67,64,30,32,32,23
"Rdh9",16,29,34,65,10,38,9,30,14,14,37,26,11,17,15,27,14,28,3,39,11,20,17,38
"C330024C12Rik",49,52,85,103,45,134,76,86,45,72,73,47,102,178,18,81,132,56,118,56,121,17,61,85
"C79238",1,3,2,7,2,5,4,4,1,1,2,2,1,1,2,3,6,2,1,3,4,3,0,3
"Gm40078",6,7,8,1,6,2,11,4,4,11,1,1,9,2,7,5,11,0,8,1,11,2,6,3
"LOC132412387",14,17,4,3,12,15,26,7,15,13,21,32,18,17,6,7,30,2,22,3,10,13,8,2
"LOC131391761",48,70,19,84,25,83,67,150,33,126,61,34,114,55,71,66,88,50,103,34,40,37,121,116
"Mzf1",28,60,40,10,10,32,29,38,14,30,17,55,22,6,26,22,52,33,12,15,26,14,11,60
"LOC131388500",16,26,39,32,27,21,37,45,52,11,86,54,34,20,73,35,46,25,41,23,24,25,72,84
"Gm41688",3,7,4,2,0,2,5,3,0,1,5,4,7,7,8,1,5,3,7,8,7,5,7,5
"Gm5481",67,21,29,41,30,37,40,59,50,30,76,91,14,15,30,33,31,79,59,22,31,24,60,75
"Gm7419",4,22,25,20,11,14,20,10,2,4,13,9,23,6,7,6,25,6,2,12,4,7,26,14
"Grr",16,50,68,23,36,46,56,37,62,22,31,26,29,21,15,18,59,17,54,17,22,7,51,29
"Rac2",7,8,6,20,14,6,7,14,18,7,28,7,12,12,7,12,30,5,11,0,24,8,15,12
"LOC131385106",12,65,29,105,71,45,35,58,48,58,49,55,49,27,38,26,45,10,67,27,24,35,56,60
"Gm20777",5,9,12,22,25,16,2,22,13,0,1,18,1,7,13,8,10,5,3,5,4,4,10,5
"Pcdhb9",66,28,75,77,53,115,104,154,69,72,118,89,157,79,42,115,28,48,132,61,64,104,71,118
"A730080H06Rik",63,75,110,75,78,96,76,136,76,150,69,79,172,56,47,57,84,127,128,53,55,62,86,106
"Rgs4",47,134,125,123,90,137,56,63,76,53,54,166,67,89,80,62,92,48,89,40,48,41,106,176
"D1Mit405",104,182,99,165,184,190,43,136,339,139,127,291,172,97,116,166,190,106,147,145,151,174,230,198
"Gm8623",328,496,529,548,278,439,658,517,481,239,494,552,520,261,331,271,741,312,706,313,400,354,396,365
"LOC131372522",24,35,32,57,42,23,41,53,37,23,23,33,28,38,23,41,18,29,32,13,15,22,54,66
"LOC131337854",424,791,683,434,984,724,881,731,584,492,447,320,666,629,859,267,537,620,488,720,776,454,518,601
"Gm35867",8,16,16,35,20,17,17,25,23,26,21,22,17,13,7,11,9,13,26,15,6,18,6,24
"LOC131337224",125,66,198,102,202,237,399,256,173,156,144,157,201,175,257,158,169,141,180,123,95,150,216,216
"Gm53302",36,38,58,59,21,39,55,48,46,48,35,45,42,59,81,39,80,48,58,23,25,44,38,53
"Gm52448",79,203,116,145,80,161,124,110,86,102,97,94,88,86,66,71,191,59,90,51,50,79,186,83
"LOC132441280",6,2,9,4,0,2,11,8,6,4,11,17,5,1,4,6,4,4,17,6,5,8,1,5
"LOC131341162",11,6,14,5,5,16,20,9,10,11,10,11,5,5,19,13,4,16,9,9,4,13,7,13
"LOC128926843",12,68,61,22,14,71,68,25,48,9,27,15,24,33,42,11,24,32,39,20,11,16,56,18
"Gm32139",46,95,39,32,77,61,60,76,65,49,104,34,87,50,70,68,94,97,63,65,76,59,63,47
"Emv32",37,58,36,35,16,20,65,76,59,41,48,74,43,96,106,42,86,19,68,21,35,59,56,27
"LOC131339928",1843,3921,1927,2393,2297,4025,1341,3852,3305,2818,3942,2265,2800,3107,2608,1842,4467,1731,3099,3341,2286,2648,4136,3262
"LOC131391251",21,92,80,89,46,41,28,153,28,94,42,82,36,58,47,53,37,50,70,37,169,75,74,39
"Nlgn3",6,7,13,28,8,14,10,26,11,13,9,10,14,8,9,7,9,6,8,7,8,16,16,11
"Lore7",248,682,154,548,411,428,204,172,168,317,442,281,293,376,64,147,217,515,364,144,321,319,294,397
"LOC128924506",35,86,56,74,49,82,94,149,52,105,33,73,104,83,80,78,54,42,53,42,42,77,113,28
"Ccnk",428,1043,498,396,364,735,674,435,898,793,839,911,388,820,462,380,469,953,274,149,472,493,1461,315
"B546P1T",54,76,77,44,54,62,62,44,58,28,78,51,54,36,66,57,45,30,109,30,32,24,56,23
"Lore5",135,208,255,160,238,444,141,282,297,152,349,286,373,175,105,158,157,170,187,157,208,142,300,332
"Gm35908",8,11,3,7,5,4,5,2,8,1,2,2,3,3,1,13,3,8,5,3,9,9,4,8
"Fmtq10",98,163,188,146,97,110,132,146,168,120,96,128,79,91,146,135,159,88,207,105,104,85,66,118
"LOC131386602",476,421,569,485,448,632,300,540,327,485,219,208,261,330,371,321,350,476,184,396,255,190,390,765
"Gm26524",36,183,135,100,56,112,88,156,116,114,163,175,114,66,53,160,83,176,168,115,99,166,149,221
"LOC131379532",23,52,20,40,29,68,35,37,40,8,65,39,62,14,19,30,24,55,43,49,31,9,66,40
"LOC131386964",0,1,2,1,7,6,8,6,9,5,5,3,4,4,3,3,2,1,7,0,1,7,4,0
"Gm32481",4,25,57,24,23,65,35,28,35,27,26,30,13,19,44,60,18,20,40,19,54,37,18,89
"LOC131385744",10,18,36,9,4,25,15,36,38,30,21,18,39,20,11,12,36,7,11,8,9,25,44,11
"Gm13799",13,36,26,22,17,47,31,23,4,23,30,28,18,18,9,19,9,19,38,21,18,15,42,45
"LOC131295313",6,9,10,22,25,12,4,15,25,7,9,14,14,4,21,10,4,12,11,6,9,10,12,28
"Gm46005",40,74,64,36,111,83,59,42,54,59,83,48,59,35,40,43,55,48,69,21,81,28,123,57
"LOC131374564",77,234,112,167,90,223,241,58,179,165,307,227,163,122,138,134,156,156,302,124,264,107,286,88
"LOC128925507",28,24,41,47,38,49,29,54,28,60,29,35,21,26,59,41,24,59,12,18,23,26,34,31
"A930005G22Rik",1,8,10,3,8,14,7,11,11,3,5,6,7,7,4,7,3,3,5,6,4,6,10,4
"LOC128925489",17,28,33,17,21,43,31,31,13,43,39,8,30,17,16,21,29,26,52,5,20,20,36,24
"LOC131339938",86,405,250,196,169,213,208,267,172,99,226,193,198,330,254,207,329,139,134,76,127,224,460,402
"AA617000",4,1,3,1,4,4,5,5,1,2,2,6,2,4,4,3,3,0,3,6,9,4,3,4
"D11Ertd717e",16,53,28,30,23,23,29,44,19,24,18,13,13,30,91,58,25,37,37,61,41,52,45,16
"Vmmt15",7,24,6,17,8,22,20,14,3,29,20,15,13,18,5,9,8,21,16,14,7,6,19,10
"Defb50",357,530,326,531,408,663,423,1441,372,441,477,635,735,416,373,1141,328,991,306,614,516,451,399,1046
"LOC131389273",5,69,24,52,8,33,36,74,36,20,27,24,29,56,34,20,47,22,50,12,17,39,14,44
"Mirt1",130,237,115,174,286,338,580,453,244,284,203,384,248,210,139,308,216,246,220,160,332,166,334,355
"LOC131297095",27,7,11,32,37,35,23,34,23,28,31,31,29,16,25,20,24,18,39,29,40,29,34,78
"Gm30187",2,5,7,6,6,5,2,7,3,2,3,3,2,1,1,1,5,0,6,0,1,4,6,0
"LOC131390271",66,57,105,62,9,62,149,75,61,53,159,61,63,94,33,56,49,96,95,62,63,34,125,85
"Gm31096",3,23,11,16,3,9,3,7,9,14,8,7,10,11,10,1,7,5,4,3,4,14,6,10
"Zfp316",12,14,14,8,8,18,26,10,1,2,13,9,11,12,5,17,14,11,3,3,15,3,10,8
"LOC131374804",26,28,33,35,37,8,34,35,32,38,32,29,22,26,26,27,40,14,31,18,24,47,51,50
"Gm28773",63,22,61,45,70,56,115,24,24,33,43,43,55,32,46,37,51,16,101,42,55,45,46,43
"Gm23751",12,10,16,4,7,33,23,16,7,4,17,2,12,2,3,30,1,6,11,8,3,0,6,15
"LOC128926370",58,31,40,49,11,46,27,51,75,15,70,37,37,49,17,52,48,40,45,24,41,49,46,33
"Pcdhb12",12,82,56,82,40,88,60,97,43,45,83,44,35,30,16,33,36,67,48,33,61,22,77,33
"LOC131374988",10,20,12,3,28,24,11,20,13,21,11,26,10,3,11,17,16,8,14,5,15,39,33,34
"Gm52638",1,7,2,2,1,5,17,4,3,0,35,3,8,9,4,4,6,7,5,1,5,5,9,1
"LOC131379169",3,1,1,7,6,4,4,3,0,1,6,6,7,2,2,1,0,0,5,2,3,2,2,2
"D7Mit321",2,14,3,3,15,7,17,10,2,3,11,8,10,3,5,9,14,9,11,4,6,6,4,3
"LOC131341444",121,224,194,76,114,193,189,304,175,232,221,247,154,98,206,166,114,117,246,70,173,76,214,177
"Gm3348",7,1,8,33,1,10,11,4,7,12,9,6,9,10,4,6,7,12,7,6,5,24,10,19
"AU024699",39,128,89,48,42,92,130,180,33,64,100,81,168,79,42,183,103,77,46,74,79,34,50,67
"Ntrk2",21,95,104,101,80,53,115,76,70,34,146,68,32,39,46,91,74,62,126,33,46,46,119,52
"Ebf2",9,2,2,9,4,6,5,9,5,6,10,3,6,4,3,5,2,4,3,1,3,4,2,5
"Pip4k2b",2,10,12,6,13,18,7,23,14,6,5,13,14,17,7,11,7,6,16,32,23,18,16,22
"LOC131296979",12,35,25,18,22,34,18,16,23,2,19,25,16,21,9,25,14,2,9,18,5,17,33,25
"Gm39898",57,87,63,83,142,61,91,103,32,84,46,29,92,60,60,62,67,87,105,44,37,125,75,59
"Zfp683",165,119,196,188,153,132,101,289,169,176,159,108,172,64,250,215,203,88,129,152,109,200,259,63
"LOC131391936",203,404,238,393,180,283,263,175,209,354,394,201,553,319,359,212,388,329,248,107,287,152,413,349
"Gm40969",24,45,55,35,23,51,26,84,39,36,4,41,50,22,8,66,69,37,31,30,11,50,84,36
"LOC131295738",15,20,10,20,10,29,17,24,18,17,13,45,29,37,13,38,17,12,47,27,25,23,93,78
"Ms46",378,465,360,225,155,469,253,407,596,309,477,257,253,299,325,226,519,399,312,250,292,299,311,148
"LOC131296644",132,126,137,112,68,222,169,190,35,122,100,222,98,83,114,60,208,74,101,98,84,71,207,130
"Gm39379",1,16,5,10,13,7,4,19,7,5,8,11,8,7,11,4,11,4,5,5,7,12,11,2
"LOC131390081",71,214,76,92,85,132,166,68,156,176,170,140,139,109,119,147,134,121,153,53,135,149,154,122
"Gm39429",1102,989,2655,1636,1065,2401,1607,2753,971,1566,1929,2214,1385,1453,2639,2438,1882,1208,993,1566,708,1660,2634,2886
"LOC132442791",47,55,35,28,39,15,60,62,25,48,8,27,45,43,61,30,23,21,23,35,23,17,71,60
"Gm35098",19,27,43,19,21,40,37,64,31,19,29,46,18,21,22,38,37,15,45,42,14,45,31,45
"Gm28609",68,167,89,195,93,158,164,109,133,88,176,207,145,86,96,162,72,250,97,68,56,126,224,175
"Ccdc150",26,18,27,30,15,45,23,27,48,17,30,42,37,32,9,30,28,11,33,37,15,27,28,41
"Gimap4",29,145,29,48,81,46,54,58,58,68,64,90,104,70,57,103,71,73,66,33,49,31,67,76
"Wdr83os",88,139,254,136,102,256,97,319,97,165,158,162,135,61,110,208,97,266,208,129,121,118,180,337
"Gm31039",54,60,24,31,28,31,37,80,34,46,23,18,16,96,51,17,47,8,76,31,5,68,29,48
"LOC128925875",24,93,74,109,37,74,81,179,45,99,80,51,93,73,74,109,70,87,101,47,93,84,36,86
"D12Mit285",28,31,22,21,12,28,4,16,19,31,15,18,12,22,34,21,25,34,28,14,5,28,42,36
"Capn7",13,42,73,12,31,16,5,42,37,20,18,56,16,24,11,36,23,17,29,18,13,16,71,23
"D0Ffm2",13,42,9,21,11,23,35,19,14,11,40,16,17,7,7,2,8,5,31,17,18,9,40,3
"Gm22203",96,322,340,128,169,106,244,173,181,188,275,192,139,271,154,265,332,121,220,139,132,155,289,117
"LOC128924553",9,16,39,28,19,27,17,72,17,33,7,38,30,13,20,19,10,13,19,9,15,14,23,41
"Gm40348",10,18,29,8,20,20,15,28,3,25,10,11,36,19,8,24,17,27,25,8,21,31,4,11
"LOC131386107",23,42,29,35,33,33,11,85,20,22,11,16,20,12,19,38,34,25,6,16,24,12,65,44
"Gm32093",0,19,13,6,11,3,4,4,6,11,3,14,4,6,5,3,12,20,11,5,7,1,10,13
"Gm37383",7,15,12,6,3,8,12,12,16,4,17,18,9,2,6,20,12,23,5,8,10,9,3,15
"LOC132409519",10,69,27,13,25,37,29,29,47,17,18,50,32,33,8,37,30,18,35,18,13,49,23,50
"LOC131386743",206,720,282,670,303,732,471,694,334,594,384,360,324,447,341,630,582,397,518,333,274,253,419,414
"LOC131373864",154,263,339,190,217,104,339,375,393,161,302,111,417,233,233,184,311,228,227,141,221,232,180,338
"Gm15941",113,173,138,96,240,141,182,227,277,147,232,92,66,78,200,101,240,97,179,96,130,118,91,86
"LOC132407930",100,184,240,175,122,221,111,198,136,317,151,166,152,210,177,121,283,140,168,182,233,138,152,292
"LOC131386417",11,37,22,8,8,17,27,25,19,24,18,15,10,23,9,13,18,19,15,10,29,20,10,18
"LOC131390482",27,87,92,31,45,61,68,77,52,66,51,97,94,43,74,42,75,32,82,40,132,60,98,66
"LOC131379677",2,12,9,5,1,6,13,9,16,5,2,6,5,1,11,9,11,22,5,0,4,2,9,3
"LOC131376181",3,27,20,8,8,6,10,50,29,6,28,21,14,7,14,23,23,6,5,7,10,12,22,6
"Mir6994",49,112,116,139,69,201,67,136,46,117,83,60,92,124,98,102,118,97,97,81,58,46,63,237
"LOC131339411",21,22,30,15,10,13,32,9,8,9,15,12,8,16,11,27,25,13,19,19,4,19,4,33
"Gm38628",38,68,46,34,24,76,22,78,9,48,57,31,43,22,53,18,26,23,16,31,33,26,12,57
"LOC131376148",151,190,272,255,131,263,197,148,184,126,166,314,139,122,165,288,183,168,141,143,169,128,228,173
"Spg21",8,20,10,15,10,21,3,13,8,17,14,17,17,4,12,15,7,8,39,14,5,1,29,19
"Gm30214",13,16,56,39,24,21,49,43,22,59,37,37,6,18,57,46,65,13,33,23,11,7,41,29
"LOC128927024",3,0,1,2,0,2,2,3,2,2,9,4,4,1,0,0,1,3,4,0,3,1,4,3
"LOC131389712",2,7,0,6,1,7,8,9,5,5,3,6,15,9,6,7,14,6,2,1,1,5,2,11
"Gm31171",92,120,78,104,124,212,148,243,173,82,113,88,94,111,155,203,220,162,66,83,99,69,182,110
"Or52e8b",10,13,2,23,9,9,12,37,11,20,20,11,17,13,7,33,26,28,12,29,17,21,13,21
"C230099D08Rik",15,20,20,35,18,39,61,13,29,30,36,3,7,14,22,26,19,7,32,1,17,22,31,46
"Gm15032",1,20,4,5,21,20,10,24,18,26,27,10,3,8,16,8,14,13,9,8,7,12,10,10
"LOC131375957",1,0,0,0,0,2,1,3,0,2,1,5,2,1,1,3,1,0,1,0,2,1,1,1
"LOC110120426",16,95,45,23,24,64,53,58,42,27,30,26,43,24,15,22,26,38,34,29,6,34,48,18
"LOC131376700",115,198,323,152,128,122,199,129,89,196,224,179,194,306,166,140,321,122,132,70,130,130,231,360
"Gm13815",6,51,49,39,16,32,32,68,20,12,16,48,31,30,20,25,8,15,32,19,16,10,22,38
"Rnf2",414,548,1126,569,476,1058,301,752,612,1148,944,586,419,669,195,308,672,384,749,438,419,854,976,675
"LOC131295177",4,32,18,19,2,9,10,21,17,13,15,7,3,9,13,8,6,16,23,13,14,14,8,10
"Gm34393",24,74,16,50,26,42,33,63,51,27,29,64,25,56,25,61,50,39,19,36,32,25,45,33
"LOC131390892",53,116,50,64,69,86,59,103,179,169,96,75,80,115,42,76,129,101,138,41,83,104,63,127
"P4ha3",9,27,10,21,16,31,22,27,19,22,14,26,25,12,14,22,22,22,24,22,13,10,17,27
"LOC131337118",68,282,181,133,195,136,136,236,140,250,196,140,126,315,167,267,401,279,277,190,177,104,108,385
"LOC131391931",8,9,19,1,13,8,11,12,7,5,22,6,11,11,11,7,17,9,18,0,12,7,33,18
"Gm8942",128,268,177,264,127,299,210,497,109,302,198,137,102,230,141,359,359,178,248,138,87,204,269,264
"LOC132445216",109,602,471,174,216,484,487,700,396,500,488,572,492,372,336,493,481,367,585,255,227,243,488,700
"Gm41477",7,2,12,12,9,12,33,33,7,14,8,10,30,9,4,8,14,15,4,10,9,20,11,24
"LOC131392204",48,29,150,50,69,123,104,142,47,49,71,123,63,63,54,32,97,28,65,69,39,47,69,60
"Mir451a",4,15,9,36,22,16,26,20,17,22,26,6,30,21,15,19,13,26,14,6,4,13,53,18
"LOC131340183",76,71,122,52,38,39,125,75,84,103,83,98,69,52,115,66,66,117,81,66,58,59,62,147
"Sdtq6",44,134,107,147,150,174,149,92,164,105,161,78,103,107,98,141,83,103,84,91,111,97,144,81
"LOC131371495",251,316,208,321,210,346,260,259,197,237,197,355,142,143,165,261,272,244,212,184,117,229,296,538
"LOC131340366",7,3,2,12,6,6,7,12,5,4,8,10,6,18,5,9,12,1,5,5,4,8,23,10
"Gm4880",73,268,146,114,145,217,120,305,213,159,197,179,126,124,201,142,220,108,248,124,209,147,149,226
"LOC132409918",2,0,2,1,0,2,0,6,1,4,1,1,4,0,4,4,3,7,5,2,1,0,1,3
"Tmem132cos",2,1,1,4,3,5,7,3,4,8,6,2,7,4,2,1,9,1,6,2,2,5,5,0
"Gm41331",5,12,14,1,8,15,9,6,8,6,14,3,4,13,14,11,31,4,6,2,12,4,8,8
"LOC131337627",57,256,69,72,76,138,84,68,43,216,134,118,46,92,31,153,51,98,93,98,89,115,142,95
"D12Mit56",125,291,408,190,250,156,278,193,129,210,308,210,182,98,179,218,337,83,267,117,113,233,229,241
"Daq13",83,147,134,112,61,46,135,137,115,179,252,300,127,114,126,245,446,53,203,31,116,89,229,248
"Zbtb1",42,219,154,158,377,282,190,135,151,228,191,201,182,174,209,142,241,71,152,67,181,103,184,141
"Eya1",33,62,53,49,29,59,70,52,50,42,37,63,51,48,83,12,54,28,102,17,53,15,61,80
"LOC131388034",131,209,198,128,161,224,147,183,173,122,204,294,264,121,156,258,254,207,289,88,139,136,164,147
"Gm4374",290,680,505,142,265,192,285,186,312,353,351,532,396,143,395,216,359,263,347,185,321,200,290,344
"LOC131385561",8,39,26,20,26,20,8,15,7,36,12,25,8,15,13,18,26,16,7,18,17,26,37,18
"Gm25186",20,32,23,27,21,31,34,16,22,29,30,12,21,6,22,34,23,30,12,10,20,16,14,29
"LOC131379463",18,35,12,36,11,38,39,35,28,28,24,17,31,5,13,37,25,21,24,20,36,5,32,5
"LOC131385354",211,257,128,229,166,247,276,271,189,223,109,178,136,243,108,186,254,270,163,248,177,153,310,358
"LOC131341911",20,42,50,32,38,48,31,60,45,52,44,50,28,25,34,42,26,47,74,56,19,36,41,43
"Or5w1b",1,13,4,5,4,7,3,7,1,15,13,4,6,2,9,3,26,7,9,3,0,1,8,5
"Gm18034",7,22,7,16,5,11,16,13,10,6,11,8,19,6,18,8,12,6,21,0,13,6,13,17
"LOC132409367",36,58,59,146,42,98,31,100,23,45,61,45,68,58,49,80,80,66,67,58,48,81,87,60
"Fmtq9",2,24,35,16,8,6,7,38,4,6,9,16,20,8,12,3,15,8,29,10,5,9,7,9
"Mir6955",1,10,4,7,6,5,13,2,3,10,16,2,1,1,8,5,9,7,8,3,2,1,10,11
"LOC131336818",79,171,146,77,90,106,113,233,175,82,184,93,116,67,97,143,152,119,105,69,124,87,166,119
"Scgb1b20",18,14,89,28,9,26,40,56,44,30,34,47,24,36,19,19,33,53,37,38,23,25,35,44
"Gm39670",18,63,25,19,26,40,10,35,31,20,37,51,41,33,17,43,22,27,19,25,11,30,39,64
"LOC131384918",15,44,56,37,13,38,55,38,30,45,54,43,36,28,24,64,33,47,37,22,67,44,49,63
"Gm57626",20,93,73,80,53,158,145,92,111,111,103,71,91,51,50,52,138,70,101,99,68,47,97,152
"AW742986",483,1789,899,655,1153,359,817,1766,1010,1584,840,1269,474,1390,330,740,677,1438,1287,1000,1180,1122,1285,1069
"LOC132410445",58,137,76,130,113,135,94,80,64,204,38,99,85,204,51,93,67,33,93,34,129,92,86,89
"Hprt1",37,67,53,30,39,20,61,40,57,22,42,58,54,29,43,32,75,22,54,24,28,50,98,26
"Fnbp4",39,193,57,50,114,65,88,116,56,132,114,127,75,142,51,73,124,67,71,58,55,131,123,199
"LOC131379215",1359,3822,1583,4840,1564,2856,1797,2417,1862,3708,1203,2288,1029,3770,2007,3180,1843,1616,1448,1725,846,2914,1557,3374
"LOC132443851",288,745,394,164,227,419,292,381,294,242,448,199,363,153,438,291,236,114,180,117,393,179,183,148
"Gm5263",38,42,15,43,35,32,28,42,26,46,46,36,24,63,12,47,49,16,45,35,13,53,57,32
"Scn10a",5,4,6,3,2,7,22,5,10,5,1,7,2,10,3,15,5,7,4,7,4,1,9,8
"LOC131392366",89,133,97,86,68,152,126,120,79,217,134,220,74,97,40,199,60,191,34,138,43,68,73,225
"LOC132445005",14,63,48,23,27,17,17,47,31,16,16,21,23,16,54,28,19,29,51,21,36,34,59,32
"Nsun7",5,4,33,21,9,30,38,19,22,22,28,39,26,8,6,10,20,15,12,24,13,11,31,6
"Skl2",4403,8677,7127,6152,3796,9582,10627,9448,10087,8810,6527,7931,5434,4707,4666,6219,3845,4880,6995,7385,6036,7925,3514,7253
"Mpmv28",123,161,146,145,304,252,328,289,125,281,204,192,224,313,115,283,282,311,183,223,105,253,196,141
"LOC128926534",7,16,16,14,12,7,17,28,22,12,6,8,8,9,3,18,10,9,18,10,16,15,28,20
"Y157F2R",11,71,24,32,59,41,68,54,34,41,33,35,38,52,53,52,89,32,52,34,29,41,33,66
"LOC132407853",52,222,81,131,74,184,42,127,73,115,97,71,71,67,79,89,113,141,76,65,71,152,88,94
"Gm7156",180,238,181,112,191,125,232,186,251,165,354,160,188,115,180,218,388,166,58,125,198,216,236,174
"Gm9176",8,5,8,1,3,8,7,7,1,10,5,13,7,17,8,1,6,3,3,2,10,2,4,6
"Gm6230",75,126,106,159,113,85,93,212,124,235,123,249,154,247,100,127,131,178,139,106,93,155,122,226
"Gm34415",19,48,76,42,42,118,62,136,51,92,38,76,36,74,57,77,140,68,38,44,68,58,35,79
"Gm33665",7,43,40,44,53,9,80,29,46,36,43,36,32,47,58,15,24,17,62,11,59,16,39,27
"Gm19084",54,114,65,52,59,59,94,65,90,76,135,78,71,49,33,42,73,26,104,31,59,26,58,49
"LOC132440847",25,14,18,22,12,12,36,12,15,7,22,26,32,19,17,4,10,9,22,12,13,11,34,11
"LOC132411946",765,609,824,704,1027,1480,1263,816,500,1157,623,835,758,1160,629,593,984,1174,1567,824,373,677,835,1182
"LOC131374891",30,43,32,37,12,34,23,36,32,30,35,39,41,30,28,35,37,19,35,9,41,15,46,18
"LOC128926914",89,151,131,179,87,135,174,142,115,200,147,95,144,103,142,72,195,44,67,48,64,199,141,141
"Pgis2",10,76,58,70,39,30,23,78,40,55,31,53,67,40,52,62,81,49,82,25,42,28,42,48
"LOC132440927",2,6,4,12,13,10,10,30,10,15,21,14,16,11,1,8,5,5,5,9,4,7,12,25
"LOC114827924",166,273,256,191,177,234,301,192,148,160,145,208,307,225,158,187,254,137,121,127,80,117,159,290
"Aph1c",8,18,10,4,11,25,22,6,14,5,30,14,12,15,11,23,29,3,11,6,8,1,10,15
"LOC132408126",10,13,28,11,9,9,21,35,23,10,10,6,10,7,14,7,30,20,28,21,16,9,32,13
"LOC132410710",14,7,10,15,14,36,19,19,10,10,8,35,26,8,10,8,7,15,6,7,3,37,11,11
"LOC132412163",4,4,0,1,4,3,1,2,3,3,1,5,2,4,2,1,1,3,0,0,6,1,6,2
"Fpr2",11,10,16,0,4,12,5,4,4,17,5,8,7,7,3,11,10,8,9,8,8,2,14,7
"Nell1os",1,7,5,2,5,2,6,13,7,6,13,10,9,12,7,0,6,6,5,5,6,1,7,6
"LOC131391148",28,48,61,38,15,49,39,29,27,40,35,10,26,31,13,39,57,27,31,26,28,34,46,26
"Gm5501",45,77,32,76,70,153,82,66,151,105,49,56,73,117,102,102,155,58,56,84,44,70,93,121
"LOC131385611",48,101,40,119,129,166,163,260,98,97,117,142,76,58,45,85,149,68,56,63,50,56,144,98
"LOC131376987",32,105,95,120,122,40,92,109,66,60,92,75,62,105,43,68,185,58,61,61,102,29,71,179
"LOC132441139",91,45,84,44,49,60,157,37,64,60,172,110,78,52,55,49,97,65,69,53,93,90,128,71
"LOC131338626",45,183,61,113,108,68,76,139,95,94,112,214,75,137,117,151,113,104,126,73,84,47,145,112
"Gm5630",11,61,81,62,42,67,60,64,30,51,25,43,12,17,13,18,49,58,66,32,39,22,50,38
"Gm33272",27,43,31,50,45,39,53,35,65,47,43,11,58,16,28,31,55,36,64,16,45,24,52,36
"LOC131391292",22,102,45,63,26,53,71,32,25,29,137,22,41,45,43,15,78,14,103,62,29,34,81,43
"LOC131378877",129,211,57,183,68,150,153,189,155,104,137,89,142,193,68,137,218,140,194,102,170,145,178,151
"Gm26371",69,101,83,85,96,122,134,165,52,100,112,139,97,56,50,39,73,49,116,90,73,45,82,70
"C78880",1,3,3,2,3,5,3,4,2,0,3,1,1,0,4,2,2,2,2,3,7,3,4,0
"LOC132408194",5,6,19,8,7,14,20,2,3,17,16,10,7,1,2,5,8,19,6,14,4,4,7,9
"Stk33",20,68,65,46,26,43,45,44,56,21,27,39,63,55,35,17,75,23,53,26,28,52,65,43
"D17Tu49",72,405,226,85,136,394,241,294,138,254,163,289,244,218,142,208,172,149,191,110,126,203,271,317
"Gm1826",4,22,7,1,12,8,5,11,9,11,5,1,4,5,2,0,6,1,3,3,1,7,11,2
"Gm13776",251,808,207,273,217,407,470,273,98,264,360,300,294,187,183,225,382,394,265,158,135,241,266,281
"Gm10146",2,1,0,1,4,8,10,5,1,3,2,3,0,3,6,15,4,4,6,2,7,8,4,5
"LOC132443106",21,51,15,18,10,7,32,33,14,37,11,33,25,21,14,11,35,24,11,15,38,12,37,13
"LOC131337781",171,222,166,148,217,173,135,205,177,111,205,121,207,153,201,198,157,116,245,141,218,164,313,308
"LOC132411949",707,1572,826,556,833,772,476,1532,680,668,781,1300,893,862,540,579,897,496,956,379,676,588,757,851
"LOC131390879",6,9,2,4,1,4,2,11,4,3,1,3,7,3,5,3,8,2,5,1,5,3,5,15
"Gm19000",93,155,70,90,79,106,77,100,47,44,129,68,73,38,55,64,79,41,91,68,93,59,172,116
"LOC132410656",13,11,9,9,22,17,27,14,13,18,35,6,20,14,10,19,19,17,41,8,27,14,18,29
"Gm32454",5,10,5,7,7,6,10,7,4,7,5,4,2,4,1,11,4,5,12,6,8,4,7,2
"Gm38415",9,21,15,27,17,4,12,3,14,16,38,16,22,4,3,6,6,9,25,6,15,8,22,9
"Chac1",30,16,7,12,52,47,18,17,41,5,37,38,24,9,18,16,28,25,17,27,19,14,64,30
"Gm52388",1,9,8,20,12,3,9,10,7,13,8,11,24,12,7,8,3,5,24,9,3,9,11,13
"Gtsf1l",7,21,16,6,22,20,14,29,4,10,39,29,19,2,15,11,22,15,20,30,11,4,24,23
"Gm29874",14,34,26,28,25,54,24,25,37,54,7,47,21,33,19,12,18,23,27,32,9,26,47,42
"l5H1",32,34,19,7,10,34,52,28,13,24,11,20,12,36,12,13,25,11,16,36,16,8,27,13
"Gm11218",72,72,100,64,65,66,67,77,97,46,70,45,108,37,39,66,49,100,35,58,106,63,81,128
"Gm25520",167,290,66,149,76,246,85,290,49,145,55,120,102,201,169,147,181,107,167,95,72,137,86,117
"LOC132441888",12,15,63,51,23,55,57,65,47,41,53,21,15,22,13,39,43,15,33,28,36,53,125,19
"LOC131385285",74,103,158,108,95,166,63,243,101,105,48,219,105,56,176,132,136,126,66,72,182,111,110,136
"LOC133624656",8,14,5,11,3,1,4,6,12,12,10,15,5,1,10,11,1,11,7,6,13,12,7,8
"Tlf2",45,25,67,35,22,44,62,17,36,36,48,23,53,27,31,16,36,27,59,26,51,37,16,27
"LOC131341323",1,0,0,1,0,1,4,2,0,3,1,5,2,1,1,2,7,2,1,0,0,2,1,6
"LOC132442018",54,73,46,66,49,120,26,73,41,58,36,57,22,37,112,20,53,26,9,33,21,78,89,30
"Gm35920",310,376,381,481,500,825,464,665,443,485,551,586,260,427,446,666,696,663,510,334,386,233,484,563
"LOC131384702",3,6,0,1,0,2,2,5,1,4,1,4,6,1,0,2,2,3,6,0,2,2,4,2
"LOC132407977",1,8,14,6,9,15,11,31,8,22,5,7,14,15,1,9,22,14,7,10,6,43,25,48
"Gatad2a",66,138,74,84,84,174,80,128,94,108,77,40,52,55,35,94,80,58,90,67,89,36,85,130
"LOC131373752",10,4,4,6,5,12,4,7,4,15,14,22,7,14,8,7,28,10,11,4,8,4,8,16
"LOC132409289",3,2,2,12,3,6,6,0,5,10,6,4,1,3,2,1,8,3,2,3,1,2,10,10
"Gm53354",418,773,431,569,364,330,1053,406,330,501,323,253,627,439,286,407,409,230,278,349,132,298,755,345
"LOC132408032",5,16,5,8,11,24,18,33,1,13,25,4,9,11,14,14,33,4,9,2,7,8,7,7
"LOC131391123",53,130,38,102,59,116,82,123,65,44,48,112,160,57,77,92,52,161,131,96,57,121,72,77
"Gm20808",0,12,2,5,17,2,7,8,15,3,8,11,5,16,3,11,12,15,27,12,14,15,4,0
"D13Mit80",294,692,618,461,483,652,545,426,376,395,394,364,497,497,375,287,1034,357,314,306,359,244,907,667
"LOC131392197",12,0,2,3,2,0,3,5,14,2,3,6,1,2,0,4,2,3,6,6,7,2,8,4
"Gm14666",210,669,534,248,323,450,592,350,383,125,528,253,441,404,179,266,293,378,433,361,266,248,466,146
"Gm32749",27,33,56,52,57,38,49,44,35,33,81,76,46,41,47,41,51,15,87,45,39,52,31,40
"Klk1b3",14,27,30,31,14,24,23,17,23,29,15,48,18,9,11,12,20,8,21,16,27,32,27,42
"Gm40816",0,21,5,13,3,11,4,13,9,5,12,11,9,7,3,14,3,9,3,17,24,10,13,18
"Gm40960",11,4,9,1,7,12,13,4,8,9,4,4,3,3,6,4,5,1,8,7,5,2,5,14
"Phxr5",6,21,4,23,7,10,11,5,7,5,22,10,6,3,12,6,10,4,9,12,3,2,4,8
"Gm7706",11,41,17,18,3,23,11,31,16,7,20,17,7,20,6,26,17,29,6,9,8,18,44,30
"Gm31958",4,7,1,3,8,8,12,11,6,13,20,7,11,4,10,4,6,3,1,6,5,14,12,9
"Ints13",23,27,17,37,21,36,40,15,22,5,10,39,44,26,13,12,22,21,49,16,16,28,51,42
"Gm46730",204,351,287,246,198,242,192,443,172,291,155,307,329,393,174,463,242,246,395,213,463,196,434,367
"LOC131386281",430,468,479,358,301,261,297,321,324,556,249,397,167,144,292,242,470,217,686,223,442,402,926,402
"Mir423",20,71,20,26,43,31,51,68,37,27,50,53,46,51,46,34,56,37,68,18,71,21,72,49
"LOC132412703",12,47,23,23,30,24,35,13,14,24,29,17,18,14,16,7,20,23,32,11,27,15,26,11
"Gm41507",111,89,71,94,48,120,149,98,93,120,134,66,103,105,57,87,115,103,83,86,81,69,123,39
"LOC131380593",120,117,190,135,106,88,174,133,187,254,164,149,149,175,86,148,124,91,206,85,120,102,85,64
"Gm25823",143,134,150,294,205,246,239,315,168,267,231,232,184,185,106,139,156,109,210,76,384,148,217,244
"Gm15581",11,9,16,9,4,9,24,8,5,18,11,15,11,3,9,11,13,7,1,4,17,10,12,24
"Prr5l",2,2,10,17,6,10,13,12,9,5,10,15,6,4,11,1,5,10,8,2,3,5,12,8
"Gm22590",45,32,54,31,58,44,24,42,44,53,41,44,16,51,29,36,36,43,19,21,34,28,26,30
"Gm29906",5,4,10,7,3,10,5,1,0,12,18,8,2,0,10,6,20,12,2,8,13,5,1,4
"LOC131297630",9,9,17,8,4,18,10,6,8,15,8,12,13,10,5,1,16,8,10,9,6,11,12,5
"Ehd4",0,0,0,0,0,0,4,0,1,0,0,0,0,0,2,0,3,0,0,1,0,0,0,0
"LOC131338341",220,368,253,348,186,640,248,261,169,365,302,218,184,167,133,418,496,286,293,132,143,276,264,447
"AU017263",18,37,16,21,6,18,30,26,23,35,32,22,6,14,12,16,15,18,15,16,10,23,30,20
"Gm41256",9,33,19,17,18,10,18,36,11,24,20,30,10,22,23,21,27,9,20,42,16,30,35,27
"LOC132410659",0,1,0,0,0,2,2,2,0,3,0,0,3,2,0,1,1,0,3,5,2,2,2,3
"LOC131375321",18,35,35,62,44,38,34,26,25,38,37,53,51,21,33,19,34,26,37,17,38,33,39,42
"C030026K05Rik",264,634,251,191,114,192,391,236,285,520,100,441,346,257,282,146,116,272,188,333,152,305,506,194
"Gm15179",112,107,137,38,108,110,97,69,152,86,122,144,177,118,200,93,110,137,123,136,71,144,64,130
"Gm25205",59,152,67,108,52,153,110,115,70,87,71,157,102,122,47,165,48,85,146,128,24,46,107,144
"LOC110120363",394,1182,453,557,375,790,304,856,319,310,602,712,623,457,329,383,936,289,560,439,458,855,768,872
"Drb3",90,131,66,102,106,128,129,83,72,48,98,129,117,149,85,138,53,64,95,44,96,53,140,123
"LOC132442029",18,58,24,43,19,40,57,47,54,38,53,61,62,22,51,42,43,23,81,40,23,17,30,25
"D17Mit92",3,15,8,5,2,7,7,12,10,7,8,5,8,8,12,7,7,7,5,12,2,13,5,11
"Hdlq25",52,33,33,52,42,77,47,98,76,78,75,62,77,61,50,52,94,48,89,36,61,37,38,99
"W3q17",22,63,37,47,29,21,49,36,23,28,74,24,24,25,13,19,11,14,42,2,17,37,30,28
"Thbs4",22,65,24,19,34,52,72,85,38,30,49,48,52,24,25,32,23,27,43,12,50,24,28,49
"Ea5",28,61,35,42,20,45,52,86,31,40,52,51,21,40,28,37,30,28,72,12,18,16,18,77
"Retnla",472,518,191,762,512,459,932,955,389,815,635,671,534,257,479,839,453,627,686,250,413,358,1084,462
"Gm40279",141,109,62,64,56,111,128,49,72,48,142,57,106,51,107,78,118,163,109,152,39,125,132,129
"LOC131338737",7,7,17,21,5,34,5,24,8,16,14,12,12,7,15,11,15,3,25,13,15,21,26,19
"Maged2",86,91,85,88,53,64,117,171,113,55,59,120,75,82,79,82,98,93,130,39,152,58,137,74
"Lscc2",16,57,31,46,47,67,80,75,36,62,73,37,42,30,18,64,40,16,50,45,41,26,80,62
"Mrpl2",3,29,9,25,10,20,25,13,9,29,6,1,8,7,12,23,4,4,6,21,12,4,18,29
"Xmmv22",23,76,52,37,44,47,64,85,68,92,49,25,43,46,57,34,70,42,74,63,32,15,107,56
"Ms4a6d",3,10,16,3,28,32,12,27,18,33,13,21,18,28,4,15,11,14,11,20,3,24,12,28
"LOC131375114",5,4,10,4,5,4,13,3,2,18,4,9,5,2,12,9,17,8,2,5,2,4,18,9
"Efnb2",15,20,9,7,14,15,15,15,18,12,11,10,19,3,5,24,7,9,6,12,10,7,12,3
"Vps28",6,17,17,5,12,7,21,14,16,12,7,14,13,15,11,11,10,26,30,9,5,3,22,16
"LOC132444332",1029,535,865,869,1040,451,320,781,857,850,451,664,564,725,718,464,483,496,1355,605,326,359,1123,485
"Gm5805",32,48,27,121,181,48,101,58,26,62,89,64,32,60,33,115,60,40,45,53,42,33,47,76
"LOC131387588",22,33,35,25,40,17,20,30,22,32,71,28,34,36,42,35,37,30,46,4,37,37,44,34
"Gm45752",2,4,4,4,3,5,0,0,7,0,1,0,12,8,0,4,0,3,4,2,5,2,4,1
"Lyzl4",36,33,64,59,24,54,29,34,31,62,39,44,24,32,3,27,20,37,30,40,22,19,33,50
"Gm6066",86,193,158,213,86,221,111,153,132,281,161,137,142,141,101,201,135,179,123,169,61,182,132,135
"LOC131338000",174,168,262,164,200,228,352,346,223,101,157,264,140,223,176,161,273,184,123,89,176,168,120,271
"Gm32682",102,251,94,160,99,108,140,85,138,204,181,106,162,164,135,129,171,97,109,94,132,38,168,118
"Gm52112",98,180,111,82,107,146,110,146,158,83,136,116,231,100,71,89,75,126,83,20,111,100,110,52
"LOC131390842",20,17,48,42,24,18,41,90,38,42,25,24,37,22,19,15,34,17,62,25,31,43,24,60
"LOC131297136",0,2,5,16,3,3,3,4,3,4,8,6,5,10,2,3,2,3,6,4,2,8,2,3
"Gm41262",31,98,77,52,71,65,103,52,48,41,79,65,67,53,137,60,184,92,51,48,89,41,81,112
"LOC131375138",2,0,4,6,1,1,3,7,3,9,1,1,8,3,3,6,1,0,2,1,2,2,10,2
"LOC128927971",127,296,140,168,136,147,211,287,209,268,145,209,187,159,218,270,113,175,206,52,119,161,131,125
"Mir499",51,53,79,62,59,119,38,75,48,75,91,118,81,77,70,114,48,43,49,81,41,71,56,62
"LOC131392186",31,13,35,23,14,46,26,42,22,10,27,10,24,24,37,15,34,10,28,11,12,29,61,51
"LOC132410336",29,95,82,76,62,56,54,73,96,11,32,71,36,69,31,24,78,24,63,45,20,51,50,24
"LOC139427321",0,16,8,16,1,10,7,10,3,15,10,8,6,5,11,12,10,10,4,3,6,11,5,18
"Asb6",12,29,27,14,39,36,28,44,38,26,65,28,46,30,18,20,31,20,44,16,30,25,50,27
"Tmtr",84,251,119,126,158,110,192,138,153,112,128,142,96,216,95,81,117,79,84,130,71,73,70,45
"LOC131295130",74,150,105,78,104,140,90,95,67,102,134,93,84,84,90,106,137,203,141,58,44,80,57,187
"Gm36602",233,523,318,110,167,307,460,314,214,164,163,305,168,286,255,196,180,221,218,203,190,136,177,209
"LOC132409245",53,90,72,22,52,121,53,47,78,50,38,68,29,42,41,55,45,34,36,26,59,81,61,68
"Gm1322",18,45,53,39,24,39,18,69,69,72,87,57,49,71,24,59,68,56,76,24,26,23,39,45
"LOC128925201",2,15,8,21,1,9,16,30,13,14,10,22,4,6,7,14,10,4,6,4,11,10,8,7
"LOC131374349",523,1473,958,1030,735,690,1031,886,928,766,1216,719,704,1642,609,933,1060,870,1323,543,608,807,1550,944
"Nrbf2",85,58,36,123,87,169,71,228,88,76,73,99,97,63,74,58,103,37,75,69,84,89,230,120
"LOC131379805",111,75,123,41,117,91,222,172,101,123,95,88,115,63,99,84,118,78,211,51,23,68,269,175
"LOC131385510",47,84,48,37,34,156,92,55,54,71,68,84,37,89,31,28,24,42,41,17,35,50,79,78
"LOC131337906",18,11,14,5,20,17,24,35,23,15,17,20,11,17,19,17,15,15,33,10,9,22,14,11
"LOC131389220",258,604,210,359,326,304,560,324,309,200,237,344,265,168,139,192,452,198,436,320,427,202,608,397
"Or10d5j",26,13,5,28,19,12,33,7,12,11,13,13,11,7,5,16,12,11,25,6,22,14,6,21
"Or1j21",48,73,74,76,30,46,69,123,65,71,93,107,73,72,49,105,38,79,74,46,54,43,135,112
"Or8k3b",142,203,138,264,192,228,210,175,199,174,202,239,261,145,157,192,318,139,125,122,73,179,218,124
"Senp7",35,30,143,50,20,51,17,62,74,20,48,51,62,17,43,49,39,16,30,24,60,42,32,60
"Bclaf1",5,4,0,3,4,8,4,4,6,4,1,7,1,1,4,3,12,1,6,10,4,4,3,8
"Mir185",276,397,344,402,421,301,362,396,397,386,250,533,293,419,246,322,311,264,314,298,183,415,449,463
"Gm40783",1007,2456,889,2064,869,1765,825,1462,1491,1656,889,1690,1149,1106,752,750,935,504,1776,1525,1228,1204,1302,1982
"LOC132407816",32,76,45,30,23,42,15,107,36,19,37,71,84,44,29,59,42,98,19,10,50,18,13,65
"LOC131377345",2,3,1,0,0,1,4,1,4,5,0,8,0,1,0,2,0,4,9,1,0,1,6,2
"D1Mit476",28,31,13,11,29,38,41,28,15,12,25,24,21,17,26,9,49,11,24,13,19,14,39,21
"Gm40987",45,90,91,30,54,92,50,37,41,43,67,108,70,81,20,45,105,57,31,34,19,72,73,81
"Fbxw18",194,468,253,263,102,539,282,443,182,288,218,262,151,181,184,386,255,356,214,139,152,210,212,520
"Agps",204,268,260,275,185,443,438,216,340,562,225,775,394,345,343,229,450,252,538,158,454,271,412,222
"Lrrc75aos1",55,56,27,36,42,149,69,56,37,61,63,63,64,20,57,48,53,49,39,40,53,51,88,50
"Chol8",267,135,199,164,182,276,271,386,224,240,365,143,340,308,268,90,182,144,196,163,253,152,554,224
"D1Mit67",85,440,86,244,142,283,130,259,153,117,181,211,174,167,108,96,135,178,96,178,75,153,295,225
"D230050J18Rik",17,62,34,24,49,29,51,48,23,44,36,37,26,33,22,56,25,28,27,44,27,65,34,26
"LOC131379655",4,3,5,15,4,6,5,4,5,3,5,6,7,5,2,2,17,13,2,3,9,7,0,9
"Oog4",1,0,15,10,4,6,2,9,4,4,13,6,3,6,5,5,9,3,2,4,1,1,8,1
"Gm40944",105,125,75,104,83,73,113,99,143,136,151,97,113,30,68,17,69,81,170,97,112,86,155,140
"LOC131377124",14,10,15,13,12,12,11,14,18,10,13,30,26,14,15,6,26,11,21,15,13,9,28,11
"Dgcr8",60,70,60,39,78,26,94,73,78,79,47,71,55,68,62,43,51,64,89,41,59,51,78,52
"Iap3rc22",15,18,16,13,7,37,20,30,17,21,11,30,22,18,14,19,29,38,32,16,8,20,21,42
"Nxn",17,48,57,40,12,50,43,95,63,73,117,33,40,39,54,29,79,22,86,36,71,52,70,47
"C77190",77,129,77,83,119,51,64,65,130,125,153,136,54,123,77,128,85,74,163,43,87,107,86,181
"LOC131336877",9,1,6,1,13,4,3,8,5,3,6,7,3,4,5,12,5,5,7,6,1,2,6,8
"LOC131390729",8,48,16,27,28,41,48,29,17,24,22,39,31,44,36,30,27,20,19,33,18,35,25,53
"AV205837",69,163,109,154,197,128,208,172,171,228,216,160,98,113,67,182,275,145,142,37,140,132,208,182
"LOC109279851",61,140,138,141,111,127,40,233,172,115,106,123,111,124,73,102,197,108,116,101,68,112,116,189
"Lnclep",0,4,0,0,1,1,5,2,2,0,4,2,0,0,0,1,1,3,0,2,1,1,0,0
"Arhgap33",583,2004,1220,1612,1067,1929,1882,2315,2319,1483,1094,2157,1391,1240,1094,830,2030,1490,1499,1054,833,1507,1715,2526
"D5Ertd560e",2,0,6,4,7,9,14,15,3,5,6,36,12,7,3,13,14,11,3,0,11,13,0,9
"LOC132411521",114,85,84,131,74,223,128,141,154,140,132,282,92,76,65,69,128,89,197,67,45,123,150,136
"Map4k2",28,87,59,61,27,33,41,42,9,49,32,51,21,36,37,37,21,53,18,27,22,19,25,61
"Zfp618",18,7,13,11,11,17,32,8,19,9,9,29,7,7,8,19,39,5,4,2,16,8,6,1
"LOC131338097",29,33,18,24,14,91,19,31,33,16,28,35,15,31,27,23,13,7,42,13,14,25,63,38
"LOC131339670",45,133,90,123,68,96,146,109,79,93,75,52,63,71,145,63,81,106,102,45,106,107,112,77
"LOC132444879",24,59,40,17,29,60,28,28,23,18,36,45,57,39,37,37,44,14,26,15,14,21,42,24
"Gm41874",4,2,18,3,6,2,7,13,2,9,1,4,6,2,1,5,9,0,4,0,12,6,8,7
"Gm51416",44,64,113,64,51,59,108,97,55,93,52,124,71,86,100,65,89,65,30,82,65,79,81,151
"LOC131390376",3,21,5,14,9,13,3,4,16,10,4,9,2,8,4,4,8,6,15,15,10,0,9,15
"LOC132444409",38,49,45,83,36,48,65,125,31,45,34,69,51,43,57,32,48,21,39,59,49,16,56,120
"Gm28462",4,22,16,9,15,21,12,10,42,19,16,15,6,18,15,47,17,18,12,7,15,13,15,8
"LOC131376854",9,11,2,9,4,4,2,5,11,8,3,1,1,12,3,12,14,5,18,9,8,7,5,10
"LOC131296108",9,4,7,9,19,10,17,20,16,5,2,8,11,14,12,7,12,14,11,15,3,5,16,6
"Clec4a2",12,43,58,75,42,40,42,50,29,84,18,50,21,23,45,49,80,61,32,39,31,30,52,53
"Ttc23l",121,83,80,40,66,52,49,105,52,61,114,26,61,69,66,88,74,45,89,22,40,56,64,48
"LOC131374002",18,70,9,24,7,66,18,4,6,24,10,24,24,23,15,25,37,21,9,8,32,16,12,21
"Lypd2",6,20,21,6,14,7,21,29,19,1,11,9,5,9,19,5,8,12,13,16,5,9,23,14
"LOC131339412",328,598,301,595,422,476,554,679,320,318,505,468,335,599,220,601,333,376,517,452,145,247,473,495
"LOC132444350",8,23,10,14,23,37,11,26,39,16,18,10,33,33,23,7,20,45,20,19,26,13,31,16
"H1f8",23,4,29,12,15,32,45,25,11,20,33,42,12,40,25,21,30,22,36,10,19,41,25,117
"LOC131388344",72,122,138,85,117,123,220,101,156,157,238,203,90,119,147,109,136,54,220,55,110,98,184,64
"Gm53172",53,36,38,13,27,62,75,63,4,50,32,59,17,49,39,26,13,20,16,31,12,35,53,64
"Gm41842",259,160,361,285,172,197,152,486,437,195,345,226,323,140,269,254,194,291,259,165,167,205,157,327
"LOC131385762",10,16,23,18,18,21,14,35,16,23,27,22,39,11,9,19,14,45,11,19,23,13,63,6
"LOC131337816",7,5,7,6,9,25,18,35,5,14,11,5,21,14,23,56,37,21,25,10,25,11,33,26
"Mlvi4",6,9,9,6,3,6,8,25,7,7,16,11,6,3,8,7,5,8,1,14,9,10,19,19
"LOC128927212",4,31,43,35,23,40,30,34,5,14,16,10,22,12,15,22,28,21,27,35,14,12,37,63
"Mir1938",398,667,442,358,235,875,599,192,831,878,669,864,189,492,316,684,606,583,566,249,254,382,1373,643
"Gm36130",2,2,10,7,11,5,17,2,2,9,20,2,6,4,9,5,6,8,9,1,6,3,3,4
"LOC132444020",61,90,66,68,33,65,61,82,60,113,71,85,60,43,70,68,58,73,105,76,100,114,80,107
"Glod4",500,590,495,310,684,588,640,673,444,412,651,589,495,705,547,651,1200,515,708,369,548,478,923,419
"Fra10ac1",4,7,15,18,18,10,6,9,3,14,7,6,9,11,5,6,28,21,7,22,2,7,13,11
"D1Ertd230e",85,61,38,31,73,53,47,70,93,24,33,15,70,57,71,30,18,23,47,24,86,16,38,39
"Gm31796",63,27,52,30,67,75,27,33,29,76,34,105,52,40,73,30,47,52,24,26,35,36,52,106
"LOC131373337",387,945,480,932,702,345,605,705,556,668,585,883,426,665,362,431,432,633,399,618,431,423,659,712
"Gm7788",139,355,271,133,244,111,194,110,419,341,221,232,138,207,95,195,183,112,235,192,188,234,190,96
"Gm22438",120,132,101,77,63,166,132,212,66,220,145,189,220,164,97,153,87,102,105,125,189,93,231,120
"LOC131340410",23,46,40,36,29,43,27,60,17,20,34,46,75,14,35,47,31,66,28,13,40,31,20,101
"Gm6765",8,28,8,23,16,23,36,9,18,11,6,36,20,9,14,15,33,3,18,5,12,16,15,19
"LOC131375578",42,102,61,45,98,73,44,54,57,38,46,72,27,43,25,55,72,37,34,48,40,50,33,57
"LOC132441210",36,65,26,54,27,40,40,29,38,28,54,20,17,37,37,47,24,32,28,27,32,25,37,47
"AL117946",127,381,152,72,122,87,151,148,149,161,231,88,89,122,71,62,135,130,99,32,112,42,89,90
"LOC128927088",40,139,198,131,114,231,133,161,157,123,189,106,168,178,130,199,60,130,115,147,112,128,124,141
"D4Mit274",15,97,24,27,59,37,66,5,8,47,37,23,41,31,33,68,31,48,15,38,30,20,26,60
"LOC128924195",76,144,133,80,125,149,184,201,135,86,188,170,150,99,145,144,182,88,218,140,93,82,148,99
"Gm8074",11,89,47,38,30,25,61,37,48,29,90,62,40,47,39,25,28,26,33,15,58,36,30,36
"LOC131388900",12,13,9,40,12,15,23,24,17,29,7,17,22,18,14,30,25,41,52,21,26,27,32,49
"A730004F24Rik",58,68,106,62,146,97,249,147,164,116,152,109,126,64,156,103,79,86,68,91,78,88,210,129
"LOC132440611",39,143,42,86,81,75,50,78,39,144,44,169,67,73,52,140,102,49,87,120,37,66,46,139
"LOC131297269",8,5,15,13,13,9,9,9,2,12,2,2,17,1,14,16,6,3,17,10,8,1,6,2
"Gm7504",0,0,0,0,0,0,0,0,2,1,0,0,0,0,1,0,0,0,0,0,0,1,0,0
"LOC131295387",39,111,60,35,35,35,35,25,59,84,63,87,80,76,123,89,76,59,68,101,51,86,48,75
"Taf15",84,201,144,129,160,168,80,241,156,179,111,274,133,112,173,194,141,104,329,193,156,87,77,353
"Gm22491",45,40,118,18,25,92,40,44,65,37,60,29,43,30,44,43,68,72,49,25,41,41,58,70
"LOC132441072",16,56,42,54,19,60,72,29,54,42,26,64,77,40,19,26,71,44,31,40,24,17,56,55
"Pik3c2b",54,97,77,86,88,41,83,152,85,93,45,54,81,57,71,50,69,82,86,49,87,46,40,76
"Gm40551",75,55,41,84,23,76,74,95,69,63,51,44,78,32,17,66,29,40,54,56,27,49,102,50
"Med8",42,87,132,159,81,180,112,82,174,185,198,128,179,125,143,160,181,72,150,114,96,111,57,223
"Ms34",3,17,1,6,4,12,7,19,26,11,11,7,7,11,3,12,6,16,30,2,0,4,2,10
"Gm31614",375,446,647,392,873,1077,1022,1068,979,659,1302,485,846,442,614,274,833,981,713,426,514,413,719,728
"LOC132409529",21,20,21,9,8,30,17,42,17,22,10,28,16,2,14,28,12,6,40,9,31,12,30,9
"Clec12a",69,58,50,40,27,34,24,62,41,24,59,15,50,32,39,63,12,27,92,13,21,40,40,37
"LOC132412209",77,120,180,172,77,112,87,185,149,151,114,156,81,160,216,188,126,150,126,106,45,190,129,107
"Trbv27",50,111,173,94,114,162,176,140,140,63,115,151,146,128,54,98,71,157,168,55,57,101,136,93
"LOC128926651",166,119,329,103,183,132,184,163,234,164,170,154,81,177,207,139,163,103,34,74,144,112,303,161
"D2Mit444",649,1549,988,1439,1291,2566,1177,1034,1448,2538,1583,1536,908,1629,1009,1176,1164,1019,838,977,1256,1905,1035,1619
"Gm9012",96,191,263,242,207,221,210,214,142,232,180,248,221,170,204,157,338,147,260,176,173,290,276,316
"Gm38403",4,10,3,6,2,12,6,4,4,2,2,8,3,4,0,2,3,1,1,1,3,2,2,0
"LOC131389241",65,31,57,42,35,39,53,53,66,35,55,14,40,25,25,33,52,26,47,35,11,42,95,32
"Wrap73",7,42,41,20,35,47,11,83,34,25,52,37,31,28,36,19,32,36,48,34,50,32,41,43
"LOC132443973",408,770,364,483,542,302,407,724,528,493,760,730,334,543,543,491,678,468,405,345,347,335,698,724
"C87312",54,84,74,60,79,130,39,89,99,79,65,54,69,94,62,34,67,77,73,34,84,42,98,60
"E230006M18Rik",32,137,39,110,14,94,19,78,91,148,110,120,66,80,40,92,60,66,78,78,61,97,104,167
"LOC131371445",16,29,12,20,31,15,7,19,15,13,21,28,67,26,15,10,46,9,45,11,24,31,28,33
"LOC131295728",18,47,35,70,27,65,30,90,42,39,60,55,33,107,85,44,22,36,65,60,8,49,63,60
"LOC131388742",245,585,284,248,437,272,307,332,598,389,281,482,319,318,141,229,378,286,220,319,311,276,641,310
"Wfdc5",19,48,36,55,37,41,42,34,39,41,48,52,53,28,50,16,41,18,64,34,28,47,49,55
"Gm16159",4,7,8,7,5,17,11,5,3,9,14,17,3,9,9,2,19,12,9,7,2,11,10,13
"LOC132412106",7,102,19,43,11,14,59,31,13,24,24,19,17,45,6,29,13,18,24,39,18,30,32,53
"Gm41486",99,141,129,41,167,41,124,84,97,132,111,81,65,108,73,149,110,91,148,53,66,74,146,216
"LOC131390564",33,118,73,25,25,51,39,21,49,56,26,63,132,47,56,41,65,54,62,34,24,23,36,34
"LOC131391797",72,199,197,193,105,167,161,187,152,155,111,127,141,104,129,162,218,119,141,103,81,197,150,45
"LOC131386727",57,75,52,26,29,79,77,54,21,70,28,59,48,36,132,75,54,29,81,34,61,37,82,121
"LOC106804095",2,4,3,3,3,2,2,3,1,3,2,3,10,0,3,2,2,6,4,4,2,0,4,1
"LOC131373992",184,397,393,298,307,169,164,227,113,168,226,184,246,108,80,208,207,156,151,225,163,242,244,200
"Or4a39",38,76,60,107,45,86,42,231,136,74,173,88,73,95,63,116,150,35,53,73,47,55,78,211
"Gm32172",1,25,16,20,15,29,29,13,28,24,53,4,30,39,38,1,23,18,12,9,11,8,12,29
"C130051F05Rik",10,8,2,5,4,5,0,1,6,9,2,11,9,0,2,7,2,0,3,5,3,10,12,6
"Gstp1",3,21,3,18,8,14,12,11,9,13,13,24,9,20,11,18,10,7,12,10,7,2,20,14
"C86345",22,46,47,62,27,36,61,43,31,43,42,64,49,31,39,65,26,29,87,43,40,28,77,55
"LOC128925478",12,24,19,31,13,40,34,37,25,23,22,20,7,21,13,18,25,20,24,10,16,17,26,17
"LOC132440502",12,12,31,11,10,20,9,10,22,37,16,5,8,10,4,8,9,3,14,10,13,11,16,7
"Gm11700",152,129,177,223,115,192,266,139,94,173,219,182,194,276,159,183,211,185,169,107,107,129,238,248
"Gm10295",22,36,62,38,76,65,66,118,82,105,80,101,91,67,42,59,113,83,33,61,30,68,80,30
"Phf24",70,165,122,161,27,219,109,171,169,210,192,131,93,128,126,140,144,117,108,182,163,90,196,156
"Flot1",1,14,12,12,7,11,11,24,6,11,13,3,11,3,5,4,12,13,3,5,4,15,9,12
"LOC131372610",3,4,2,1,0,1,3,1,1,2,2,1,0,0,0,1,1,1,0,4,2,1,1,3
"Atp5pf",11,19,36,8,17,12,41,16,8,21,19,13,45,10,17,12,23,9,14,9,12,19,27,4
"Gm20541",564,406,235,312,326,342,375,301,350,313,246,281,250,479,265,245,441,149,380,188,258,220,438,474
"LOC131385093",20,25,27,36,17,30,30,11,4,17,6,7,16,20,4,19,21,8,9,12,15,19,17,11
"Foxf1",5,23,7,4,1,8,5,6,1,9,3,29,2,3,9,10,7,4,5,15,12,5,10,1
"LOC128925566",32,86,67,31,62,104,87,43,87,65,74,71,75,62,107,29,63,57,46,63,20,51,41,47
"Gm10417",95,285,125,179,101,119,237,170,96,158,164,85,89,95,128,87,265,155,123,38,135,106,180,79
"Gm9614",107,104,171,65,146,120,85,154,118,97,61,111,135,133,123,135,175,41,92,75,121,91,178,68
"LOC132442325",52,207,46,150,120,86,76,105,102,198,147,71,52,38,74,166,39,89,82,61,49,84,79,119
"LOC131385867",39,45,65,41,36,66,62,42,12,86,31,48,77,61,14,105,46,29,97,32,23,39,47,67
"LOC132409173",62,145,93,91,55,119,79,38,82,96,47,55,37,34,61,27,65,67,55,48,46,49,83,80
"Gm23510",10,13,14,10,28,5,26,7,9,13,15,14,39,22,17,14,12,21,8,11,34,11,22,11
"Manh24",86,206,127,237,98,283,128,230,153,295,205,264,273,108,185,238,184,162,394,207,146,144,162,404
"Gm10649",11,24,14,9,6,3,12,15,9,6,10,4,8,7,12,10,12,7,4,4,16,8,26,38
"Gm52863",11,48,22,24,24,20,38,23,15,27,6,29,17,17,19,24,14,12,34,18,24,14,48,14
"LOC131296479",8,13,30,24,21,10,73,26,29,24,46,5,42,5,15,23,29,19,51,40,19,54,38,21
"LOC132411516",106,151,353,154,245,136,162,128,200,187,156,102,102,111,90,101,245,122,90,157,151,69,210,203
"LOC132409610",11,59,27,58,48,67,30,57,22,69,88,52,42,32,35,28,38,17,73,40,53,17,68,34
"LOC131297318",6,14,2,28,15,21,13,16,13,19,10,17,19,8,22,10,24,10,14,20,29,34,11,46
"Acss2",49,283,161,67,171,108,169,304,154,200,91,135,186,75,58,149,205,97,92,210,67,98,158,217
"LOC132444867",135,182,193,138,56,177,133,328,126,116,109,129,128,248,212,80,117,101,308,84,111,85,347,130
"Evi20",1,6,2,3,0,2,4,1,1,1,3,0,4,1,0,0,0,1,2,0,9,8,5,1
"Stfa2l1",17,45,71,59,35,97,27,108,44,57,34,53,67,62,48,26,77,51,51,59,25,29,54,77
"LOC131374346",28,59,52,22,61,31,102,31,29,50,113,68,50,26,47,56,63,26,47,20,25,25,39,34
"LOC131380433",8,68,18,23,21,16,38,33,21,23,31,13,19,13,15,15,56,34,30,26,3,20,19,32
"Fob3b1",14,28,21,44,36,43,6,16,9,34,29,30,32,5,6,14,14,14,7,23,19,10,39,10
"DQ267100",6,26,13,8,13,36,15,22,13,12,9,11,13,20,16,11,24,11,8,11,2,11,12,4
"LOC131336902",8,20,46,23,30,18,21,13,11,15,18,21,27,13,18,12,15,7,25,15,20,23,36,45
"LOC131297065",62,68,101,33,36,139,84,104,79,101,97,52,83,27,83,50,52,45,132,36,84,47,88,87
"Tex24",103,608,140,336,99,384,352,240,371,622,242,228,237,181,311,367,282,271,197,384,280,358,305,477
"D14Mit71",1,4,2,5,15,9,7,3,0,12,7,2,4,2,6,2,7,5,5,7,3,0,4,6
"Murvy",595,864,789,829,537,743,542,590,662,545,359,1518,499,732,485,558,782,623,752,262,591,777,695,862
"LOC131390858",22,53,20,49,18,66,46,87,19,12,22,32,22,56,44,16,25,5,30,8,27,23,81,18
"LOC132441209",20,18,22,31,8,18,53,27,19,52,52,35,39,30,8,36,46,30,33,16,20,11,57,26
"LOC131373270",212,167,164,271,261,365,255,297,131,277,371,190,217,166,277,248,211,191,190,174,218,263,271,328
"LOC131297157",5,27,29,19,1,16,15,12,12,9,16,13,9,15,2,9,13,9,29,4,15,4,10,26
"Vmn1r22",34,36,23,29,24,33,16,29,24,27,25,8,13,6,28,15,35,18,30,38,7,14,17,12
"LOC132409138",4,22,35,51,24,65,37,7,45,36,25,19,24,8,21,9,9,16,16,14,15,11,15,42
"LOC132410280",21,22,19,34,46,107,60,72,30,46,45,54,48,35,36,33,16,3,42,15,29,24,40,37
"Hsp90ab1",214,562,536,266,583,246,324,542,253,598,393,396,488,356,325,273,523,167,225,205,206,210,371,464
"LOC131295154",126,279,378,360,389,166,190,324,252,320,331,258,286,159,160,220,264,259,268,315,107,180,337,279
"D10Nds1",28,32,26,30,48,67,67,53,59,72,50,25,30,48,41,40,124,31,39,68,51,20,20,39
"LOC128927166",21,20,26,32,11,66,12,20,33,41,14,49,9,3,7,18,21,3,41,35,24,23,12,24
"LOC131295408",51,168,40,82,64,66,96,139,55,74,140,62,107,69,95,94,138,50,60,50,36,63,200,97
"E330011M16Rik",46,112,69,62,44,25,27,101,59,68,23,43,62,104,62,47,41,45,87,46,9,43,66,50
"Fcgbpl1",18,10,9,18,10,11,14,4,11,19,11,29,12,8,6,5,12,24,12,4,34,8,12,8
"Gm22109",42,72,38,46,31,91,131,57,141,44,67,35,27,60,88,46,83,15,38,29,32,77,47,57
"LOC109279945",23,27,33,7,32,63,57,17,23,5,50,17,11,29,17,32,4,28,48,25,48,33,25,56
"LOC100861655",221,919,242,160,418,355,604,859,342,400,298,362,347,205,281,337,386,241,394,164,288,555,211,402
"Pcare",736,908,549,773,527,768,627,1096,648,827,499,900,889,710,713,779,375,527,594,823,426,862,538,934
"Gm17751",0,6,1,2,5,8,2,7,2,8,6,3,1,3,0,1,6,2,8,3,4,3,3,3
"LOC131387839",3150,13555,4479,3863,5416,4697,3958,5774,6177,6799,4015,6378,6378,4144,6023,6206,3571,4070,6629,5018,5004,7410,5703,8926
"LOC109279921",230,291,150,208,386,150,352,243,257,300,178,153,149,256,169,259,294,196,194,203,357,198,227,364
"LOC132408912",57,53,80,57,55,85,45,93,90,130,87,65,41,26,42,49,64,63,122,44,54,44,77,83
"LOC132412205",0,3,7,1,5,4,2,4,1,2,2,4,7,0,3,2,4,3,2,0,2,1,0,2
"LOC131375167",45,69,35,26,56,83,50,55,46,49,55,85,98,47,47,51,71,60,45,29,71,62,67,103
"Gm18856",11,19,9,10,4,28,16,7,12,9,1,9,9,6,6,23,16,7,22,19,3,10,2,16
"Emv5",9,20,11,19,14,43,19,29,16,4,8,9,15,14,5,9,1,20,12,15,16,14,9,8
"D17Mit209",135,209,192,127,163,161,190,239,218,169,136,50,273,144,126,147,372,124,234,117,218,326,167,132
"LOC131373886",80,147,184,183,108,117,109,105,89,182,152,158,100,167,43,191,106,146,161,67,75,84,210,182
"LOC131337900",98,236,178,196,89,136,146,150,95,202,159,149,181,172,50,164,229,210,90,67,160,184,215,149
"LOC131388227",208,189,298,151,188,150,282,363,234,317,389,288,203,225,152,246,288,139,238,160,106,208,455,243
"LOC131340564",197,161,154,111,182,114,109,156,195,259,140,104,133,131,127,276,175,120,282,124,151,144,192,173
"LOC131390283",481,704,425,286,207,337,485,657,246,430,445,470,240,323,392,343,496,335,626,329,490,621,337,623
"Slc6a2",238,319,302,250,263,477,177,400,309,173,213,327,204,205,233,177,360,180,282,269,322,118,267,246
"LOC131375622",166,299,237,176,185,305,198,372,287,225,164,205,250,233,213,113,146,117,402,194,204,209,407,71
"LOC132412343",36,82,70,63,41,96,78,67,78,51,75,21,28,32,67,82,47,58,99,30,38,45,61,52
"Radx",18,18,15,34,17,33,16,10,37,19,15,24,34,12,9,22,22,12,19,13,8,11,25,28
"Gm25210",116,200,154,112,161,175,125,235,151,243,171,91,95,89,97,86,184,65,90,68,80,110,146,145
"LOC131341588",0,0,2,2,4,0,12,1,1,5,3,5,3,0,8,1,1,4,2,2,3,1,0,1
"Gm7091",35,55,59,52,43,110,60,37,76,73,78,72,32,33,40,54,48,46,97,62,32,40,48,51
"LOC131377181",4,3,7,3,10,8,2,9,4,7,12,6,4,7,5,6,14,13,6,4,5,4,5,5
"LOC132443386",24,75,41,108,60,69,126,99,48,64,62,44,69,116,102,94,45,101,100,51,110,64,96,141
"Rbm6",5,27,12,14,18,21,23,14,13,8,12,24,18,11,10,10,16,11,8,9,16,18,9,7
"LOC131295514",112,236,134,221,91,153,280,250,120,193,209,154,52,130,98,140,185,148,116,111,93,129,102,218
"LOC132445062",39,52,21,11,48,56,65,10,29,53,23,45,44,11,50,25,39,22,42,27,22,5,138,44
"LOC131339213",146,202,59,125,151,68,216,264,105,109,147,225,75,84,130,84,132,35,67,133,125,84,241,75
"Gm14576",68,76,103,58,90,64,62,57,57,80,57,40,55,33,112,68,73,29,74,54,57,73,93,94
"Ccdc71",315,934,446,960,450,621,976,656,676,380,1031,454,584,477,435,749,473,505,423,359,633,252,1150,457
"LOC131377512",3,10,3,6,1,8,5,5,14,4,11,4,3,5,5,4,7,5,8,4,1,1,3,6
"Hbtq",31,129,21,51,34,54,64,93,71,48,58,61,32,42,58,56,20,51,66,40,38,49,42,100
"Char4",12,13,9,4,4,11,12,9,11,1,18,16,20,7,21,9,6,8,7,4,4,4,23,6
"LOC131337129",1,8,7,2,4,8,6,17,8,11,4,5,10,4,10,7,5,6,15,1,7,4,7,13
"LOC131297220",78,168,45,42,50,40,119,45,21,41,15,106,42,56,39,29,83,43,86,21,35,78,83,80
"Hcn2",23,73,85,22,19,25,57,77,15,25,50,69,45,48,8,12,26,51,28,42,10,19,52,64
"LOC131338582",126,324,247,171,130,198,227,388,86,334,166,118,204,232,155,182,220,195,198,196,145,264,243,217
"LOC131374611",73,65,95,89,128,141,64,57,101,127,67,87,101,39,57,58,92,93,85,80,88,32,85,94
"LOC131340991",74,52,105,49,75,137,82,45,68,71,171,72,69,101,107,32,145,121,89,78,32,57,136,63
"Sh3tc2",8,15,3,11,7,9,15,10,4,3,3,11,7,10,13,8,2,4,3,5,7,2,0,5
"LOC105243599",24,84,34,26,35,39,16,21,7,25,38,35,8,26,22,15,15,9,50,44,8,17,15,64
"D17Tu49b",23,49,71,67,24,50,43,78,48,60,52,77,27,43,56,64,57,41,81,32,53,56,49,37
"Cdpf1",80,139,159,131,112,157,96,85,67,186,96,89,89,74,86,94,120,114,189,50,160,105,63,106
"Or13a20",13,46,20,17,25,13,30,11,18,35,55,39,21,5,17,23,15,27,22,32,38,15,16,61
"LOC131340222",66,46,57,25,65,86,38,91,90,69,60,27,127,74,83,56,77,42,29,22,88,42,42,68
"LOC132412198",136,574,280,157,107,462,337,228,460,514,191,295,363,278,343,454,383,189,600,190,318,339,421,468
"LOC131386804",58,106,196,88,114,42,108,155,34,104,81,72,73,73,92,75,90,72,100,63,124,45,242,64
"Gm12643",42,60,35,43,27,19,53,46,64,22,26,44,42,20,26,22,57,36,35,32,81,28,84,48
"LOC131389327",31,144,76,88,38,137,43,47,132,89,81,175,52,118,47,88,88,47,90,130,45,82,47,206
"Gm40702",1,0,4,2,1,3,2,11,8,2,11,1,9,9,4,5,6,3,3,1,5,1,10,5
"Gm23862",3,3,0,3,0,5,5,14,4,2,2,7,3,0,2,3,3,2,1,9,0,1,5,1
"LOC132443510",23,7,7,13,22,16,32,19,42,43,45,25,31,24,12,18,19,15,21,13,26,8,61,27
"Gm11541",6,15,13,6,9,10,22,11,6,4,4,25,9,3,10,8,17,8,30,14,22,11,35,10
"LOC110120399",134,143,246,123,109,243,155,205,194,190,207,164,169,106,172,85,189,85,162,78,145,120,71,171
"Bmd38",62,204,103,85,62,180,76,120,56,77,106,82,41,57,66,95,43,105,43,88,71,29,96,152
"LOC131391897",8,14,13,1,3,3,11,21,4,13,18,3,12,6,15,2,3,9,9,0,3,9,7,15
"Gm33857",8,17,37,17,26,13,15,11,21,16,21,16,18,30,8,36,29,21,10,27,20,6,33,6
"LOC131295208",15,19,48,28,33,20,25,33,54,19,52,22,38,31,23,17,31,29,40,20,9,46,46,39
"Mmv20",68,150,68,32,78,83,98,92,97,42,141,80,39,73,38,115,59,71,118,47,85,81,190,50
"Mtus2",19,50,23,23,29,29,31,27,23,16,29,28,24,38,26,35,22,28,26,25,23,39,21,34
"Gm39189",49,175,81,68,65,109,116,88,46,73,142,77,54,106,84,65,135,64,73,63,57,33,99,45
"Gm34984",5,10,18,5,2,7,5,15,8,12,11,4,8,8,1,6,9,12,3,10,6,9,2,3
"LOC128924323",4,25,12,16,13,35,7,30,28,30,36,40,30,11,14,20,21,19,44,23,12,16,14,26
"Apex2",558,412,547,211,326,301,540,284,207,239,552,365,446,237,273,563,470,470,565,243,278,332,659,322
"Gm3883",28,102,72,64,35,19,68,65,81,43,44,38,31,30,58,46,81,66,44,51,88,57,65,40
"Gm20551",40,85,71,46,20,34,33,65,50,71,61,15,7,22,45,29,46,27,36,48,39,15,17,34
"Ms56",9,16,1,6,6,5,8,15,4,12,4,10,19,2,0,1,16,3,3,1,10,3,2,2
"Gm38616",6,10,7,15,4,13,21,10,3,7,12,14,0,17,9,12,11,7,16,11,5,15,28,2
"LOC131297194",3,6,10,14,8,9,22,10,7,26,2,13,16,15,7,3,19,5,15,12,6,5,22,4
"Mir876",10,18,13,35,17,14,13,84,18,43,18,16,9,17,38,24,23,33,43,17,16,15,27,33
"Dot1l",38,26,31,35,26,56,63,30,21,37,48,41,23,25,18,20,66,23,78,5,35,41,112,81
"LOC132443870",35,73,76,33,41,23,89,45,13,36,44,30,48,33,36,44,36,39,39,17,48,39,25,34
"LOC131341384",25,41,29,24,39,36,28,55,37,90,61,33,45,20,31,58,87,65,21,11,17,35,52,39
"Rita1",81,119,75,103,59,173,104,309,141,107,87,45,93,166,84,116,121,97,87,82,109,57,84,133
"LOC132440769",68,246,118,139,160,146,258,398,107,140,152,296,86,148,78,112,77,190,60,256,217,166,245,206
"LOC131389882",521,2076,1642,1092,879,2008,1324,1976,1779,1842,988,1559,2135,1431,903,967,2121,1655,2282,1549,694,1128,1737,1823
"Gm46194",104,211,69,180,110,207,122,121,127,153,186,128,127,88,139,105,134,118,110,95,69,118,145,154
"pn",22,68,14,45,38,52,40,47,6,35,66,79,29,25,42,61,60,67,40,10,41,16,40,53
"LOC128924785",3,4,5,3,3,4,4,3,8,6,2,5,1,3,1,1,8,0,7,2,8,5,3,0
"D11Mit301",99,190,130,132,64,74,180,158,132,133,96,168,76,51,116,48,97,77,116,128,57,119,161,157
"Gm41102",752,1353,845,961,451,840,500,1651,1079,684,712,590,475,911,547,750,609,225,904,451,216,447,666,567
"Gm22031",88,268,256,121,215,255,214,296,149,241,207,197,250,176,198,156,206,90,228,96,175,120,99,340
"LOC132442156",35,106,78,108,90,128,84,95,68,118,59,114,28,69,82,52,124,146,132,95,97,87,109,177
"Tspyl2",241,515,392,326,270,542,282,343,323,458,269,589,393,356,179,585,410,504,331,456,176,356,432,612
"Defb25",60,30,48,80,68,142,40,59,43,59,70,51,31,118,87,33,84,42,66,77,67,32,72,103
"Gm7920",29,47,27,25,20,14,37,32,25,23,22,34,10,18,14,21,15,34,42,12,14,20,14,22
"Cavin4",0,15,13,5,5,5,12,7,25,3,12,4,16,10,9,2,9,9,2,5,9,1,15,18
"LOC128926031",20,5,0,1,3,5,3,4,3,1,13,1,6,6,12,2,8,4,8,1,3,2,2,1
"LOC132442984",8,28,24,19,18,13,12,11,17,27,13,4,8,6,6,12,24,11,19,2,20,5,1,9
"Or7g21",91,235,266,146,139,168,272,215,218,248,290,219,140,121,227,149,205,114,221,140,106,112,139,104
"LOC132444805",22,40,24,35,15,39,40,13,15,65,28,19,23,16,21,19,33,13,18,18,15,33,17,49
"Gm35073",86,96,57,48,37,40,27,85,19,61,33,122,50,70,14,57,25,71,71,61,46,16,57,62
"D10Mit262",3,15,12,13,13,18,28,11,17,27,8,12,23,10,20,13,15,11,16,33,14,12,13,38
"F530104D19Rik",165,433,327,301,165,447,289,191,336,480,367,235,307,369,211,329,392,160,557,375,207,321,456,420
"Gm43615",15,3,5,0,5,2,5,6,7,5,7,3,4,11,3,6,3,5,2,11,12,2,10,6
"Sfswap",13,25,39,18,19,19,23,55,12,17,16,27,19,9,9,22,25,32,21,18,13,13,28,9
"LOC132412078",33,48,45,59,40,80,66,74,22,25,33,27,19,80,31,16,32,45,21,39,34,51,38,53
"Vegfc",0,16,13,6,6,24,11,5,9,6,19,13,27,15,2,7,7,16,15,6,6,11,12,16
"LOC128924557",3,1,4,18,5,7,8,8,7,10,6,7,7,6,8,7,12,15,10,4,2,21,21,2
"Gm9525",17,26,20,38,16,34,27,65,46,45,42,40,72,46,15,25,35,44,33,21,22,30,20,17
"LOC131373371",57,111,55,49,58,55,31,71,47,78,56,49,79,44,53,82,39,38,106,45,66,53,71,126
"Or7g27",23,36,37,46,51,51,94,72,47,52,77,80,62,35,41,43,81,41,99,53,113,85,38,60
"LOC131392170",44,71,92,95,49,47,123,54,52,35,67,39,81,32,68,58,87,34,72,73,61,49,84,42
"LOC132441681",6,11,7,4,5,12,6,14,14,2,14,7,11,4,5,1,27,9,8,9,7,6,33,5
"Gm35986",32,60,44,38,35,77,42,29,44,73,37,55,42,34,73,20,33,63,38,31,26,35,49,39
"LOC128925190",6,27,5,1,0,17,6,5,1,5,4,4,11,14,1,2,3,3,8,5,3,2,6,5
"LOC131386574",80,194,106,82,36,105,122,59,84,141,63,81,86,47,131,29,72,98,47,53,102,39,102,86
"Gm51716",29,59,38,50,46,63,47,65,38,48,33,38,17,49,69,69,46,40,72,26,59,13,37,21
"LOC132441024",105,334,162,186,67,165,89,133,164,179,122,158,135,193,148,117,311,61,109,173,177,149,357,142
"LOC131371550",267,541,274,199,328,349,284,288,153,527,329,450,398,220,213,499,159,360,318,144,230,351,237,233
"Kplce",50,225,84,98,154,141,148,176,166,152,86,170,206,63,153,70,170,89,94,84,60,89,115,134
"LOC128927361",68,114,37,96,61,126,60,51,34,117,83,48,52,41,17,92,91,56,54,52,33,59,158,181
"LOC131377572",7,17,11,13,11,11,3,6,7,11,3,24,3,3,4,5,7,9,36,5,12,6,5,13
"Gm40513",29,79,68,41,56,18,43,64,24,47,20,58,55,49,65,43,49,90,101,45,79,24,73,33
"LOC131297378",181,921,633,209,366,569,428,441,575,185,411,537,445,423,329,320,543,677,492,221,471,422,477,432
"LOC131297519",314,310,352,126,362,90,445,177,214,291,547,241,434,199,222,361,608,272,526,96,306,206,568,222
"Vmn1r221",148,85,303,154,228,110,325,124,122,147,151,130,175,199,251,214,273,114,120,53,99,116,148,185
"Gm31585",48,194,152,54,109,67,135,115,113,155,64,74,57,174,96,85,82,120,74,48,135,93,142,138
"Kif13a",238,366,292,238,286,377,408,237,338,400,499,218,283,482,188,286,239,465,458,236,204,244,375,266
"Egq9",3,5,3,3,3,3,0,4,0,8,3,4,2,7,1,3,2,0,8,1,0,1,0,4
"Cmtm3",117,100,77,57,85,110,125,112,249,100,48,73,133,51,87,55,116,71,95,69,71,52,101,120
"LOC131390935",64,61,92,81,56,53,119,69,98,62,73,150,50,27,44,134,61,75,76,78,33,94,25,61
"Ceacam13",17,100,70,26,25,62,104,58,49,48,39,38,56,23,40,95,61,26,58,35,17,58,92,38
"Gucy1b2",11,10,43,7,13,21,13,9,24,12,20,23,1,11,8,10,14,22,16,25,8,5,38,32
"Gm12996",272,642,483,421,170,371,557,494,375,453,496,615,380,454,267,173,367,219,379,296,272,286,618,494
"Gm40805",2,1,3,0,3,1,0,3,2,9,0,3,0,1,2,4,0,3,2,0,0,0,6,2
"LOC131375124",85,90,125,80,91,71,95,83,49,88,70,73,153,107,33,139,112,97,135,64,102,80,143,85
"LOC131374689",38,74,22,26,62,41,37,41,114,51,37,58,36,44,35,36,59,36,39,45,24,21,51,88
"LOC131337638",44,274,152,116,51,181,158,70,95,100,109,185,94,58,41,143,192,54,77,74,56,49,135,73
"Fabp12",262,505,202,410,320,585,335,491,431,441,378,680,394,330,276,246,385,696,896,249,258,448,364,400
"LOC128924833",16,22,30,30,8,13,11,29,45,30,24,31,29,33,35,5,18,3,31,29,39,19,43,32
"Gm8101",19,20,36,21,22,86,19,53,37,19,46,30,14,47,15,44,11,9,40,28,20,16,36,24
"Gm38863",31,209,120,151,59,141,107,116,164,68,93,104,68,81,57,75,48,69,52,89,74,108,33,49
"AI854703",2,9,12,16,9,51,9,2,4,10,13,18,26,13,7,11,26,20,11,19,5,6,6,35
"Gm18792",6,8,18,14,11,6,17,21,19,25,24,5,12,5,6,1,34,8,18,8,8,11,15,10
"Mcpt8",1518,1680,1742,1241,1199,1952,1001,1575,944,1259,1837,958,1321,2242,956,988,1586,1523,1486,685,892,1502,909,1099
"LOC128925298",28,67,42,49,38,59,76,49,32,34,54,46,63,30,38,62,64,58,52,39,55,81,68,27
"Gm33406",86,102,62,58,76,95,91,78,78,107,96,75,106,46,159,123,90,63,51,65,83,77,160,182
"LOC131391286",10,5,6,19,10,19,20,20,12,11,11,24,19,14,2,5,7,9,7,15,9,7,8,25
"Gm24432",9,18,23,19,32,29,14,19,6,17,12,10,10,17,26,4,6,7,21,16,10,1,17,31
"LOC132409035",5,9,8,19,20,18,13,4,9,4,1,7,4,9,11,18,14,12,17,3,9,2,11,17
"Gm53690",5,16,10,12,15,12,8,21,7,7,20,17,14,18,8,16,14,10,11,11,1,3,12,8
"D5Mit20",7,8,8,13,9,29,8,4,8,10,14,29,16,9,20,17,13,1,23,10,8,7,25,7
"Rnf144a",33,29,30,40,29,65,21,36,38,27,29,19,24,19,17,44,10,27,38,23,13,22,27,20
"Foxc2",8,8,5,10,4,7,9,14,7,8,2,7,1,20,15,2,9,4,14,4,13,10,18,6
"LOC131372505",78,154,101,123,114,100,148,125,131,126,71,72,109,74,142,153,109,113,117,187,138,129,125,130
"Gm38530",17,34,18,18,14,51,20,48,48,32,34,26,56,50,34,18,41,13,36,27,24,22,29,78
"LOC128927139",100,123,54,56,77,57,87,81,161,72,172,81,62,75,48,63,70,50,39,60,77,17,118,44
"Gm7551",93,235,65,117,141,116,148,132,111,128,108,152,132,103,94,122,129,199,113,128,107,163,135,148
"Hs3st6",306,211,427,319,228,277,291,461,653,878,1010,520,374,257,288,484,575,304,340,255,388,358,331,805
"Or5d3",23,68,26,23,30,86,54,44,62,45,36,56,20,42,20,44,46,75,24,28,18,40,44,82
"Gm31965",42,180,133,76,81,127,141,66,138,174,130,35,130,81,108,136,92,101,187,51,109,48,168,160
"Ppp1r1b",51,93,66,86,37,54,56,71,110,85,69,35,71,41,41,82,86,97,87,26,75,55,186,103
"Gm28742",15,31,73,32,13,95,43,68,86,51,55,33,48,54,22,83,35,75,30,29,44,79,95,58
"LOC132410218",93,92,61,69,117,50,99,147,75,232,124,149,101,82,80,60,58,160,145,80,109,121,136,87
"Nacc1",38,19,59,18,61,72,68,96,38,90,75,61,68,38,32,19,32,28,94,16,23,35,73,32
"Cldn34a",14,18,28,14,19,7,34,32,16,39,6,30,1,15,4,16,24,9,16,20,18,20,20,7
"LOC131379538",51,68,43,73,43,51,27,88,60,158,47,41,51,93,27,21,41,56,17,90,38,43,43,93
"Gm38873",75,101,150,59,131,100,144,196,80,148,138,95,179,113,127,64,188,76,91,91,29,75,215,81
"LOC128925487",11,46,27,18,8,24,14,30,34,23,26,49,11,28,26,34,18,16,18,13,9,4,38,16
"LOC131337293",287,747,258,200,154,722,227,356,235,402,321,516,281,333,425,519,171,293,147,226,204,242,514,371
"LOC131373878",181,418,294,255,455,384,312,696,258,322,397,285,420,590,448,398,307,338,360,202,191,275,405,617
"Gad2",17,8,26,20,10,28,20,37,28,27,30,21,40,10,21,43,6,19,18,6,11,14,38,23
"AA517844",8,51,44,39,5,46,38,14,33,21,37,30,46,24,13,19,54,34,17,37,37,20,69,19
"LOC132411417",24,59,12,44,5,59,27,32,30,47,22,37,20,39,41,24,40,66,49,19,42,25,33,47
"Gm11725",80,125,127,51,46,69,56,104,48,150,66,17,26,63,89,53,65,71,143,63,47,41,133,63
"LOC132407992",28,72,139,51,37,85,76,87,82,123,86,38,109,109,103,57,125,65,119,92,67,107,73,121
"Gm10923",15,30,0,18,14,20,16,4,16,13,18,26,18,26,22,15,17,15,19,3,14,19,7,11
"Rhbdl2",66,129,53,100,41,141,116,119,95,108,87,139,75,131,35,58,134,94,71,78,56,63,74,143
"Pmv38",24,24,22,16,15,11,38,22,11,20,69,16,14,21,15,8,77,9,35,10,14,27,46,19
"LOC131389061",410,1767,708,624,432,1408,904,753,551,1041,597,1276,805,328,672,850,1148,1224,809,460,474,786,828,769
"Prrg1",160,255,167,121,278,190,153,130,174,150,228,126,106,118,173,193,94,95,291,117,301,151,161,84
"Gm18131",111,348,177,144,121,185,177,197,127,95,136,110,122,275,278,82,243,194,173,139,151,114,175,209
