"gene_id","SRR1039508","SRR1039509","SRR1039512","SRR1039513","SRR1039516","SRR1039517","SRR1039520","SRR1039521"
"FN1",260262,213986,513766,273878,252667,399841,345651,370450
"DCN",219586,191767,422752,214062,293318,313112,378834,372489
"MT-CO1",210138,213952,265361,169551,397791,401539,233051,248032
"EEF1A1",297906,255662,329988,165709,290288,266337,255259,223691
"COL1A2",240256,138718,262721,127208,253434,227499,246258,178471
"QSOX1",235670,204991,240239,119073,223381,302758,176053,169586
"FTL",236805,138524,236361,95045,343728,229323,167067,114257
"IGFBP5",74051,79611,328753,137165,241640,216484,145858,148389
"FBLN1",166952,141729,205873,122953,187161,212673,140466,147710
"GREM1",126514,64824,156189,59216,247345,336864,98504,56549
"MMP2",136267,99702,147916,73210,193948,195952,124891,115177
"CCDC80",105505,96830,202413,110598,68921,120738,143058,164559
"CEMIP",40294,50650,158457,142739,62722,283442,80446,144279
"AHNAK",97093,92681,117069,76202,98058,159908,90196,130619
"COL1A1",143038,52204,157553,37006,182901,95449,134345,48829
"UBC",76167,85370,87699,70700,106280,124105,80512,95539
"THBS1",33528,60378,58310,124180,37996,225454,31121,153393
"COL6A2",84280,65351,112894,56871,99922,121599,93127,89777
"COL6A3",109033,77467,97628,43154,111170,95507,87649,75767
"LRP1",88031,66581,106554,45594,90403,116088,85519,85527
"COL3A1",110294,60146,127301,42445,108422,64423,107540,56913
"IGFBP4",60796,51043,69127,32419,172978,175527,55871,41515
"COL6A1",67655,59655,93809,44483,94008,106560,79215,75235
"ACTB",48537,66229,72722,69788,56042,182740,45990,76960
"MT-ND4",61966,66128,95891,68249,95638,99240,60736,66113
"FLNA",63807,66872,77479,58348,57690,146996,49196,74054
"FSTL1",41444,82811,69117,65582,48335,85695,49623,108544
"MTCO1P12",54003,54109,69562,44676,99291,103372,59185,64234
"FBN1",54534,60069,87030,38765,79738,86151,58292,64247
"MT-ND5",43071,43572,75599,47160,88317,115316,42769,48826
"EEF2",68142,62661,77098,35943,69870,71428,54351,59279
"MT-CYB",43745,48349,62813,53240,79198,97482,39857,48196
"SVEP1",39210,43119,66081,51882,36234,91749,51271,88100
"MT-CO2",33398,44124,70716,48489,85627,95648,38031,43989
"ACTG1",41839,47183,53372,48163,39041,90083,41959,60075
"MT-CO3",53891,58897,66947,46903,48366,55200,43345,47901
"ITGB1",36802,37499,60491,44880,54305,79505,45420,61121
"TPM4",35897,57090,45322,40429,46072,103111,34815,50480
"C1S",50290,48128,52825,33238,52339,60136,43510,50027
"COL12A1",45063,32683,61416,27344,62577,60909,37770,36944
"ADH1B",27818,67189,32400,49113,33817,56547,27056,65377
"TIMP3",48575,29981,68327,29544,59948,31513,53943,33395
"MYH9",36639,33811,44110,28885,53162,86409,29518,36602
"TIMP2",36898,31612,48710,35384,50093,63221,35647,40512
"PSAP",48211,41440,52399,27170,43904,49240,37994,38585
"AKAP12",37274,18475,104747,24110,38136,26050,51574,31671
"RPLP0",53340,54339,44845,23715,36782,45222,32243,34618
"MT-ATP6",37025,38294,49115,38054,42779,49197,33281,34838
"IL6ST",40830,31216,46789,31454,34568,52671,39813,44110
"TMSB4X",30186,21962,56160,25813,37322,47037,40339,33317
"LAMC1",23163,39551,30723,27708,32147,57587,21082,43435
"CTSK",22571,16978,46485,27597,47846,48083,29797,31001
"RPL3",41210,36698,36273,18318,34862,40036,28669,27609
"RPL13A",39386,38304,37014,17914,34512,38711,26785,25068
"MT-ND2",26387,26884,36052,27859,41130,46573,23788,26705
"CYBRD1",22573,21775,33051,23254,38597,48420,28408,36499
"RPL4",35302,33937,37772,18768,35559,37144,24946,24165
"MT-ND1",24218,28824,34041,26629,36986,38541,26925,30545
"SPARC",35440,24777,41733,16058,41296,31553,33546,22145
"VIM",32264,20759,37558,21944,39307,26565,33928,26662
"ADAMTS1",6297,36486,13641,36087,10482,62996,13285,58444
"LTBP2",35519,24933,39674,16445,29619,36057,28314,25112
"LAMB1",20473,36444,27522,23536,23098,43472,21471,37565
"CTSB",23569,25468,28811,19107,43255,52657,18623,22067
"EIF4G2",30798,25513,34768,19021,33605,38418,25757,25031
"TPT1",29731,27952,35621,23116,28744,36448,25242,25728
"LTBP4",33595,25909,35654,16125,33101,37300,25189,24622
"MMP14",28891,25980,32661,17710,41224,31262,24544,28235
"GAPDH",30823,22361,35250,15386,31855,45761,21497,18722
"MFAP4",37379,15636,39798,11806,40589,22546,31881,19133
"GPNMB",32622,19292,35108,16177,35792,31341,25971,21522
"B2M",24661,19834,33025,19446,34754,35039,25850,23869
"APP",28375,22989,35241,16653,29399,32559,25812,25065
"PLPP3",28304,13330,46009,12125,32395,19816,40647,20199
"APLP2",20223,19044,30837,19112,33614,38031,23865,27340
"CXCL12",48832,9539,24653,4537,55670,16693,40380,11346
"CALU",19804,19264,33875,19474,30628,39301,21242,22397
"ANXA2",19418,28525,25846,22818,21588,38325,17438,29095
"ANXA5",21473,23177,25923,14858,32574,44709,18747,21391
"NEAT1",21382,13291,42048,18511,31613,27914,27279,18494
"C1R",24903,26553,28932,18883,21976,29094,22237,27220
"RPS6",29005,28917,29702,14775,27520,28851,20201,18920
"SEPTIN11",18635,19207,25826,12698,27589,43048,23129,22971
"CALD1",16537,22866,21135,19591,20085,51988,13740,23051
"EPAS1",26544,12781,29614,9911,35744,33460,23837,15455
"CD63",22780,18469,26802,14327,31498,34324,21445,17398
"EFEMP1",15615,13920,36640,19472,28017,37642,15944,18585
"PKM",25702,17505,29223,12825,31058,33260,19597,13526
"S100A6",27156,21684,28502,14899,22182,24814,22351,18927
"RPS2",26900,25714,24804,11636,25872,29647,18000,17842
"RPL10",28494,25893,23301,12935,21117,28440,19685,20206
"HDLBP",23536,18274,26848,13579,26452,30911,20208,19787
"TXNRD1",12014,25511,13516,29307,13493,32327,10797,37956
"PALLD",12121,16666,21269,21811,18078,43478,13713,25765
"A2M",20085,15449,32043,26789,2367,9980,32109,33532
"RPL7A",22558,20755,26437,12661,27172,28508,16978,16404
"HSPA8",17599,13887,26410,13016,35609,32434,17136,15183
"RPS18",27152,26786,25171,12367,19617,23164,17125,16888
"CD44",19273,12357,25453,14886,24143,26890,23210,20267
"PDGFRB",17725,18484,21210,16640,22011,29776,15667,23977
"LTBP1",14321,21629,19972,17205,18825,32452,13569,25225
"TLN1",16161,18903,19427,14550,18631,38735,14318,22226
"SLC38A2",13429,20241,13128,23802,15091,33003,11161,32015
"RACK1",22354,21393,23885,11958,23536,24354,16310,17377
"MT-ND6",14145,15886,23322,18472,27066,33459,14066,14600
"PLEC",14409,20687,22097,18325,10466,26827,15168,32849
"SERPING1",16374,19724,25621,19343,12317,18945,18991,28449
"TPM2",10588,17146,20872,18485,17928,42960,12841,17814
"CAVIN1",14195,18017,20297,17250,14683,33834,16075,23886
"FBLN2",21665,16109,26748,12553,17133,19371,21712,22070
"PABPC1",20258,18600,23722,12260,23673,24039,16983,17766
"DDR2",17647,14142,21872,13984,21938,24985,17752,24735
"RPLP1",21662,22205,24061,12123,19204,24946,16189,16398
"RPL15",21031,18802,23582,11985,22240,24800,16657,17068
"RPL41",22591,21321,23011,11588,21089,24134,16349,15173
"CALR",24491,18088,23006,9776,20805,34159,13915,10245
"MYLK",16718,16120,26734,14932,21127,28377,15489,14970
"RPL13",22421,21617,22036,10587,17494,22882,16829,17206
"ALDOA",20362,15219,23205,9792,21259,31311,14244,13343
"NIBAN2",13971,16758,16754,14930,17775,34754,11761,21202
"GLUL",5065,38018,4976,22220,5275,24433,3445,43876
"LAMA4",18104,15138,23501,11363,22027,28052,14551,13519
"RPL19",20121,18884,22649,10267,20982,24238,14557,14278
"RND3",22716,9045,22098,9914,26285,18257,22557,13431
"FBN2",6648,16309,4467,7293,11865,76824,3457,16533
"DKK3",12772,12887,20913,13000,18869,27144,15966,21281
"ADM",12834,17083,18289,14952,11579,31028,14575,20100
"HSP90B1",19101,13545,23510,9380,19368,31529,13334,10395
"DEPP1",9293,16866,11348,25012,7969,25629,9809,34231
"KANK2",16619,14590,18892,13407,16676,22054,15688,21468
"LGALS1",19683,16227,20808,9895,19737,21641,16859,14540
"RPL7",19689,17838,20976,11726,19034,20740,14863,14337
"CLIC4",13230,16437,16381,17096,12129,27430,12849,22719
"MRC2",18210,13395,23978,10779,18026,19714,16880,15349
"ADAM9",14773,14617,20757,13132,19348,22211,14967,16235
"HSPA5",16591,13418,19997,7565,16910,41484,10577,7728
"DYNC1H1",20075,14668,17455,8600,20247,21499,15589,15821
"MYOF",11544,11206,15744,10210,19573,28431,14874,22327
"RPS4X",17461,16251,18984,9764,17386,17546,18259,18182
"VCL",11418,16360,17309,15613,10103,26071,12510,24430
"MAP4",15532,14351,19186,11680,19374,24938,12804,15744
"RPL6",18598,17243,19536,10185,19174,21325,14312,13084
"RPS8",19899,18743,20592,9981,17668,19940,13408,13028
"RTN4",13633,12798,20244,13519,18327,23924,14113,15706
"LAMA2",5566,24939,9521,18134,5470,21366,7613,38575
"TIMP1",14158,8154,19300,11390,22405,23148,19135,13414
"STC2",12219,12721,8738,16519,6556,16699,17508,39595
"PDGFRA",12020,12649,17267,16939,13591,21749,13025,22525
"CSDE1",14887,12833,19863,11612,19887,22097,13495,14987
"COL5A2",13122,17384,16267,11180,17860,23767,12598,17368
"SULF1",8055,9488,36530,20497,7428,12731,15163,19544
"CD81",16123,13132,18490,11924,17568,20500,15309,15221
"HSP90AA1",15757,10887,21118,8492,24822,21585,13918,11530
"DST",19117,12717,18728,7526,21446,19062,15352,14057
"DSTN",8617,14135,16917,18250,12601,30182,9557,17350
"RPS19",22349,21944,15805,7955,14659,19552,12113,12031
"RPS11",17505,16612,18638,9196,17789,19479,13305,13453
"GNAS",13347,10814,19328,10854,18854,20865,15461,15337
"RPSA",19283,18656,16955,8644,16571,18426,13379,12653
"RPL8",19626,18395,17572,9018,16025,19223,11478,11825
"FGFR1",14982,13448,17039,9498,16113,21698,14209,15388
"FMOD",15976,11539,22654,10885,12903,17269,14781,14728
"RHOBTB3",7393,12787,13274,13019,13512,37330,6943,16364
"ANTXR1",11274,10299,16555,10103,21196,26045,10574,14562
"ITM2B",11328,15289,15515,12515,13079,20053,13005,19620
"LDHA",11177,14263,12813,10820,11718,38267,6830,13719
"ENO1",17055,15535,14901,7279,13022,32202,9122,10384
"RRBP1",14631,13438,17207,8391,17222,27119,10633,10821
"CANX",13895,11488,16683,9603,17675,25386,12453,12210
"CLU",15180,10082,22895,12981,16518,15892,12686,12586
"THBS2",22291,11431,19901,7226,13609,14529,17062,12118
"LMNA",13934,12626,16491,9551,12427,21401,14491,14783
"MYH10",8418,9297,18605,16200,9340,21469,12596,19165
"HSPG2",11240,10826,21836,8345,11850,20057,14791,15819
"LUM",11239,4454,21296,7613,23489,14961,19908,11255
"ANXA6",10218,18364,12571,11834,10983,24777,8345,17073
"RPL12",17058,14965,16388,7228,18505,19021,10747,10195
"RPS12",19630,18826,15981,8328,12135,15037,12125,11322
"ACTN4",9585,12291,13120,10441,11413,32418,8479,15474
"SFRP1",4587,3910,14794,14657,10893,22513,17486,23749
"PRELP",11315,7377,21430,12936,12159,17686,14140,15450
"CYB5R3",11767,12480,16105,9369,16225,21916,9516,13373
"AKR1C1",7959,21208,10907,10958,14994,14113,7223,22434
"SLIT3",14720,11098,21049,9876,10170,12279,14678,15075
"SEPTIN2",14331,11572,15063,9134,15949,18998,12038,11405
"ACTN1",10183,10814,13511,8906,12921,30552,10168,11144
"ITIH5",23586,9968,30467,8792,1244,719,20615,12440
"ASPH",13979,9022,15702,7709,18750,17029,13534,11610
"P4HB",13556,11383,15871,8202,15406,21245,11165,10449
"DDX5",12625,12513,15121,9228,15922,18785,10494,12379
"RPS3",18766,18496,14570,7664,12354,14489,10296,10052
"GSN",11810,15564,10931,8104,12827,19621,10125,17075
"CD248",18163,15068,20232,5830,16045,9241,14031,7172
"LRP10",10624,10850,14227,9601,15595,20847,10269,13661
"TGFBR2",5643,14034,8292,14207,10101,25269,6573,21299
"RPL5",14410,13690,14490,8626,15556,16910,10768,10672
"RPS27",14430,13487,16509,7730,14945,15816,11352,10814
"CCND1",9529,7154,17601,10868,15213,20249,12261,11162
"VAT1",15568,7437,18687,7558,15261,11469,15203,11324
"RPL27A",13532,12892,16233,7825,15841,16472,10066,9586
"LAMB2",11912,7084,17848,8213,16701,16964,11157,11908
"RPL37",14188,13963,14962,7042,14183,16684,10282,10223
"EMILIN1",14497,16057,12635,8062,10900,17032,10769,11331
"CAPN2",13301,12084,12638,8141,13474,17515,11492,12360
"TMSB10",10829,10179,16055,7516,16784,18635,10966,9693
"CCN2",2897,4173,7640,8485,9989,34317,7928,24802
"VGLL3",5980,14931,11556,13996,6187,19650,7320,20404
"RPL11",13739,12874,15377,7664,14272,15279,10521,9839
"TMEM47",5056,10982,13011,15585,8681,20968,7334,17888
"PXDN",8666,9708,13772,7683,15222,24027,8747,11482
"RPL32",14336,13586,15756,7308,13810,14493,10036,9933
"GAS6",5230,6024,12654,7672,19351,32836,6505,8668
"RPL9",15565,14554,14512,7638,12823,14887,9491,9290
"RPL18A",16144,16007,13109,6451,12127,14939,9990,9910
"HEG1",8378,10997,15135,11103,8632,21332,7697,15245
"IGF2R",13840,11580,13417,6947,15196,15266,11323,10942
"LOX",8448,9235,16171,13695,9872,15644,10040,15188
"DDX17",13190,11133,12824,7588,14126,16260,10779,12315
"PAM",9454,7286,15352,9582,14207,17607,11935,12549
"AEBP1",10109,5690,18088,10323,14936,17042,10693,10745
"NAP1L1",10605,13250,11781,9970,12510,16403,8972,13866
"EHD2",10940,11446,13005,7734,14671,19665,9118,10741
"CAV1",8655,13298,9958,10775,12021,14772,9850,17874
"SPTBN1",10657,10887,15588,8916,12259,15634,10242,12822
"TGFBI",6298,3079,13768,6434,23194,22481,12090,9542
"MTATP6P1",10976,11521,15259,10428,13687,14950,9544,10163
"MACF1",9826,8341,12595,7970,11532,25726,8555,11709
"FLNC",12658,10698,15499,5748,14495,17083,11007,8667
"HNRNPA1",13247,13941,13474,8322,11423,15055,9682,10478
"RPL23",12812,12110,14127,7345,13870,15995,9683,9387
"IL1R1",11544,11742,10391,8182,15754,16126,8299,12479
"GALNT15",5613,12745,7785,13192,9922,28672,2747,13295
"RPL29",13575,13330,13401,6402,13507,15205,9020,9262
"SAMHD1",1632,17126,2098,19694,1598,17697,1683,32036
"RECK",11225,6387,16402,8431,10807,13509,14762,11854
"FTH1",11942,11540,11561,6544,12187,17978,12218,9384
"SRRM2",10826,10243,13853,6372,14135,17555,9584,10187
"RPS6KA2",7428,12142,9211,8506,10663,25292,6055,13285
"DAB2",10104,8958,12325,8286,14612,15925,9990,11734
"ATP2B4",9975,7392,16375,7484,12933,17286,10602,9607
"SPTAN1",9878,10446,13292,8065,11461,15390,9608,12889
"GRN",10904,7964,13735,6999,13548,14104,12219,11364
"TMBIM6",9228,10197,12910,8896,11946,17395,8455,10905
"CD59",9584,8822,12261,8087,13513,15577,10454,11510
"RPL31",13290,12437,12897,7399,10859,13924,9611,9379
"RPS24",11020,10824,13637,6907,13717,14700,9763,9227
"LAMP1",11407,9675,13662,7773,12868,15234,9324,9819
"ZNF106",8765,8362,11487,8746,10646,16057,8355,17086
"STOM",6107,15751,7061,10343,7099,21092,5521,16515
"RPL21",11822,11590,13559,7007,13252,13721,9514,8934
"ATP2A2",6445,11367,7423,9891,6560,30952,4875,11004
"CRIM1",5523,7813,11975,12247,6409,21780,6949,15771
"GPX3",916,15749,3142,24057,1627,16274,1741,24883
"NFIX",13653,9483,13436,6080,12077,11576,12068,9821
"RPS20",12982,11687,13055,6973,11456,13255,9469,9293
"ZEB1",7691,7907,11308,8881,11892,18790,8701,12639
"CLTC",10650,9327,12584,7413,12620,15887,9921,9284
"HSP90AB1",12002,8661,14362,6389,14249,12695,10909,8288
"EIF4B",11641,10304,12853,7771,12860,13259,9257,9505
"NOTCH2",9063,7965,13444,7573,12164,15292,9389,12338
"SERINC1",8977,9018,12430,9510,10715,14605,9654,11553
"MSN",9943,8939,11996,6767,13146,17731,8449,8866
"HLA-E",7533,8744,11600,8083,13244,17007,8250,11269
"MXRA8",11126,10684,12397,7349,10440,13079,9518,10715
"TWSG1",12170,9178,8712,5970,13259,17082,9069,9685
"PLXNB2",14218,8718,11481,4945,12701,14748,9666,8442
"FHL1",7354,8775,11436,8544,8584,16109,9346,13964
"NPM1",9534,8478,13413,6985,13247,13597,9753,8920
"NFE2L1",8455,8661,12405,8512,10763,13893,8829,12128
"YBX1",11417,9910,12397,6807,11585,13198,9340,8559
"YWHAZ",10117,9751,11255,7495,12155,15927,8014,8325
"MAP4K4",10555,8057,12062,6440,13098,13568,9440,9468
"RPL14",10953,10363,12255,5877,12379,13822,8428,8531
"ARID5B",9623,8325,10503,7373,11748,14491,9275,11110
"RPL10A",11379,10950,11650,5696,11979,13919,8229,8228
"TGM2",6078,8157,12926,7579,7449,17038,10205,12279
"RPL28",12860,10832,11022,5060,12084,12613,8553,8639
"IFITM3",8621,8112,10444,6381,12776,16433,9008,9627
"TRAM2",9723,9710,10219,7105,11266,14939,8476,9892
"TRAM1",6641,8318,10225,8214,10081,21398,6504,9937
"RPL37A",12163,12281,11576,6437,10123,12357,8087,8034
"WDR1",7131,9960,8866,8070,7770,23137,6214,9819
"PTGIS",11476,7057,20399,7265,6125,4542,14905,8887
"GNS",8485,6480,12843,6843,13484,14132,8817,8851
"MEG3",11225,7622,13316,4701,12787,11257,11382,7305
"SERPINF1",11094,7821,10100,5288,12216,12903,10209,9810
"TUBA1A",16658,6291,16402,3253,14098,9584,8952,3668
"CTTN",9594,8468,10990,6521,11654,14671,8302,8466
"PPIA",9241,9388,11637,7198,11052,14815,7260,8043
"SEC61A1",10534,7508,12744,5762,11814,13261,9740,7216
"MME",8461,6365,12664,6364,12381,14587,8419,8607
"TAGLN2",10598,11069,11260,4442,12576,12032,8356,7487
"SCARB2",8532,7328,11189,6762,11428,12811,9801,9840
"FBLN5",7882,8446,10386,6709,10535,16126,7324,10278
"RHOA",8212,7827,12108,7753,10619,14019,8096,8828
"SERPINE2",8598,3953,21841,8228,10311,9149,8833,6154
"COL5A1",13180,8003,13765,4648,10393,10065,10353,6577
"NORAD",8838,7992,11879,7485,9903,13489,7859,9297
"CDH11",10485,6130,12656,6517,8175,11521,10418,10058
"ANXA1",7825,9260,10396,8597,8281,10788,8098,12591
"GANAB",9266,8962,11677,7068,9836,11977,7776,8831
"PEA15",7790,6747,14934,7239,9583,12693,8612,7787
"RPS14",10843,10356,10200,5272,10783,12837,7443,7642
"MFGE8",4446,9946,6783,7837,8540,19192,5649,12849
"MTND2P28",8081,7905,10774,7496,12047,14216,6542,8027
"SQSTM1",13647,6905,10762,4366,13683,8699,10209,6377
"PDIA3",9719,7134,11564,5886,11107,14349,8073,6810
"FGF7",9630,7614,9730,6180,11958,11083,10219,8134
"BGN",8865,4923,9950,4956,13607,12244,11092,8737
"SEC31A",10046,7643,10771,5163,11610,12648,8296,7542
"PODN",10112,7371,14130,5457,10717,8620,8994,8077
"EIF3A",8172,8326,8825,6086,10670,14358,7895,8898
"NCL",8601,7840,10676,5634,11676,14276,7584,6739
"NACA",9290,7991,11083,5757,11026,12014,8010,7852
"RPS9",12190,11351,10503,5625,8188,10227,7379,7544
"SH3PXD2A",9138,8071,10254,5835,9851,14622,6522,8321
"SPON2",13671,8453,8006,2435,18542,7637,9234,4588
"LIMA1",6327,5606,13017,5367,12691,15242,8344,5943
"PRNP",9008,6337,10600,5643,12813,12021,8293,7776
"NID1",4884,16444,5558,8983,5005,10391,4997,16193
"TNS3",8537,5443,13114,7094,8862,13246,7539,8002
"RAD23B",6083,7305,11321,7660,8300,17556,5530,7735
"VCAN",9624,6485,11227,3855,10844,10685,9587,8908
"CHD3",9241,7285,11039,5602,10696,10595,8223,8246
"MYO1D",8388,7620,10442,7396,9076,9922,7310,10617
"FAT1",8903,4948,10238,3860,12799,18132,6258,5516
"SEPTIN7",7362,7538,11504,7227,8051,11935,7475,9324
"RPS16",10090,10370,10806,4768,9096,11336,6956,6874
"PTMA",7027,6769,8999,4633,13046,16100,7233,6188
"TEAD1",5987,7714,7937,6750,8512,18174,5079,9816
"ATP8B2",9327,7466,9269,5922,8523,9948,9050,10192
"CNN2",5592,7621,8185,7553,7064,18338,5931,9340
"DDB1",8303,7061,10255,6034,10803,11419,7333,8370
"SEPTIN9",11613,7959,10953,4372,11065,10227,7656,5562
"GNG12",7396,6218,9714,4969,11026,15066,7439,7437
"BNIP3L",7464,6731,8814,5899,9059,16824,6204,8269
"AP2M1",7873,7938,9425,5434,11023,13790,6555,7138
"CPE",11294,8196,12321,5903,6538,6357,9614,8807
"PCYOX1",5637,6564,9760,7819,9103,12812,6711,10370
"MYO1C",6253,7576,8333,5897,7597,16614,6918,9585
"LAPTM4A",8932,6885,9481,4746,11514,11576,8497,6917
"RPL22",9464,8419,10405,5863,9550,10333,7286,7110
"HUWE1",8409,7049,10165,4981,9903,12374,7376,8137
"CD99",7507,7203,9501,6214,10973,12863,6834,7225
"RPS5",10279,9963,10268,4659,8786,10405,6806,6951
"JAK1",7417,6870,8884,6140,9497,12415,7243,9645
"SVIL",9286,6131,12299,4507,11624,9270,8408,6448
"HSPB1",7178,9816,9456,6386,7533,12375,6029,9096
"TACC1",6105,9764,7040,8318,6557,11839,6022,12176
"PGK1",7798,6981,9422,4769,7291,20710,5115,5636
"HNRNPK",8847,8156,8163,5715,9391,12687,6951,7562
"HLA-A",7120,5327,13107,6211,9729,9887,8826,7048
"CDKN1A",14568,6413,10122,2749,13293,7781,8044,4257
"TUBB",14445,5569,13801,2742,11620,8547,7390,2970
"TGOLN2",7561,6344,9941,6126,8444,11173,7995,9246
"ZYX",6470,9691,8216,6666,6690,14913,5457,8548
"C3",7730,7217,14013,8498,4625,5483,8870,9937
"MALAT1",7947,6559,9316,6420,10741,9779,7528,8081
"ADH5",6794,7360,8654,7013,9372,12594,6757,7784
"SYNPO2",3236,9288,5531,8755,5489,22872,2205,8910
"RPL18",9957,9400,9726,4222,9042,10363,6666,6732
"RAB7A",6995,6481,9889,5747,10044,12100,7171,7677
"ABCA1",5601,5304,8659,5618,11019,11406,8191,10122
"PTX3",2228,10318,5058,9790,2082,12673,3452,20176
"MASP1",6397,4345,9603,5142,9126,9189,11652,10228
"EIF3C",12197,10070,8906,4266,9585,10004,5270,5294
"TNKS1BP1",8165,8999,8257,5444,8609,12602,6002,7429
"MYO10",5981,4478,7873,4659,10544,18896,6212,6822
"TNFRSF11B",7255,1742,17013,2945,13144,8958,11618,2723
"CRTAP",8465,7680,8831,5360,9968,10476,7159,7455
"ADGRA2",9153,5457,9560,3956,9105,11219,9402,7425
"EIF4G1",7251,7499,8724,5221,9167,13834,6294,7227
"ZFP36L2",6729,9462,6091,6214,7070,12566,7020,10020
"CTNNA1",7106,6407,9696,5627,8672,12397,7238,8018
"NDST1",5984,6705,10638,5620,7430,13597,6840,8308
"UBR4",8598,6382,9103,4206,10071,10015,7790,8735
"PTK7",8598,6388,9993,5139,8582,11547,7728,6767
"RPS25",9116,8803,9462,4810,8770,10401,6775,6605
"RDH10",6768,3522,13898,6257,7819,14500,5947,5903
"RPL27",9800,9614,9304,4714,8878,10054,6221,6020
"PDE4DIP",6919,6066,8867,5679,8770,9284,8880,10075
"MYL6",5275,7624,8659,7053,6893,15440,5380,8214
"EIF3CL",12016,9900,8705,4184,9394,9815,5191,5193
"HNRNPA2B1",8506,9229,8970,5906,7401,10506,6429,7324
"PEAK1",5046,9151,6905,6557,5687,13216,5274,12411
"STAT1",5992,5920,6990,4632,10470,18523,5051,6602
"TAGLN",2644,4880,7595,9967,4905,21560,4302,8264
"STAT3",6697,8679,6658,5839,7710,13177,5513,9661
"THY1",5166,3522,9942,4822,13490,15535,6202,5234
"PRPF8",7901,7320,8640,4873,9177,12035,6392,7569
"CORO1C",6363,7257,9362,6028,7270,12593,6901,7986
"SF3B1",7726,5848,9966,5040,9664,10511,7324,7340
"TPI1",7572,6294,8741,3535,8016,19077,5167,4980
"ANXA11",7103,7003,8872,6739,7095,10357,6641,9516
"MVP",8611,7956,8539,5287,7726,10024,6716,8061
"RPL39",8223,8083,9141,5608,8762,11262,5957,5824
"RPS27A",9909,9785,8329,5275,7343,9411,6561,6209
"PTPN11",5816,7552,7132,5912,8861,13342,5582,8359
"CPD",4533,4578,8270,7638,6636,13741,7067,10091
"CD151",6524,6267,8728,5417,9067,12593,6638,7306
"RPS3A",9429,8496,9313,5084,8147,9499,6392,6177
"ADGRD1",6831,8906,9369,7332,4075,9399,5482,11071
"RPS7",7723,7623,8704,4721,9437,11895,6047,6164
"RPS2P46",10664,10022,8792,4172,8945,10309,4626,4731
"NID2",4722,4663,9392,6931,8179,15951,4616,7254
"STAT2",7658,7108,8178,5249,8699,10827,6092,7877
"PRKAR1A",6753,6766,7641,5861,8815,11851,6041,7450
"CTDSP2",7874,6602,8441,5006,8572,10270,6696,7687
"TNXB",11640,5726,13824,5224,3816,3682,9302,7861
"USP53",1907,7938,4218,13918,1701,5515,4117,21356
"ADD1",6806,6544,8304,5408,8585,11039,6135,7780
"EPB41L2",7012,5901,10164,3838,9627,9883,7644,6517
"F2R",7007,5464,6946,4417,9071,15647,5231,6792
"HLA-C",7964,6597,8561,4225,10235,11386,5967,5634
"BSG",7619,7146,8322,4564,9171,11198,6007,6365
"NNMT",2595,12158,3652,7564,3879,17335,1779,10730
"REV3L",4986,9573,5214,7251,5563,10312,4700,11982
"OAZ1",6688,6912,8632,4967,7969,11534,5877,6993
"ECE1",6981,7809,7821,5093,8317,10094,5362,7996
"MORF4L1",6730,6367,8391,6240,6940,10778,6242,7598
"KIF1C",4970,6014,8068,6144,7161,13367,5402,7828
"LPAR1",5500,7025,6118,5428,8540,11886,5644,8669
"SLC25A6",9099,8346,8158,3435,8804,10353,5543,4965
"CAP1",6105,7067,7510,5921,6814,13109,4915,7179
"CTSA",6812,4712,9597,4555,9453,9436,7527,6497
"PLS3",6022,5116,9972,6613,6468,11051,6435,6909
"LASP1",6314,6364,7831,5809,6677,11970,5766,7825
"KTN1",5197,4785,7622,6776,8377,10043,6141,9578
"TBC1D2B",7667,6946,8719,4142,8969,8754,6507,6799
"IQGAP1",6535,6105,7574,4873,7969,11468,6319,7561
"ITGB5",6702,5470,8600,4647,8420,11279,6235,7014
"PTTG1IP",5647,5236,7951,5829,8087,11697,5537,8323
"COPA",7406,6262,8380,4439,8508,10483,6196,6602
"GNB1",6568,6218,8218,5131,7884,11203,5980,7053
"SERPINH1",9481,4856,9497,3014,9519,9918,7890,4067
"CITED2",3250,8240,4740,7770,3715,9828,4079,16520
"MAP1A",10604,5799,10516,3718,10243,6048,6779,4354
"PRSS23",9710,4180,15462,6125,6480,5105,6747,4137
"CFL1",6493,7204,7868,5718,6820,12883,5042,5905
"PMP22",7809,5300,8802,3933,9759,10145,6175,5966
"EIF3L",8100,7190,8870,4635,7890,8047,5972,5950
"PDE5A",8227,3062,14439,4044,8897,4920,9275,3709
"MATR3",7206,5499,8268,4596,8997,9147,6556,6136
"SLC40A1",4876,2966,7641,7602,7778,11526,6356,7625
"MXRA7",6066,5764,7543,4632,8129,12092,5679,6461
"SERINC3",5326,5923,6896,5686,7206,10154,6114,8988
"CD164",7164,5428,7800,4774,8281,9895,6696,6229
"ABI3BP",8328,7185,7480,4240,5461,7126,6526,9906
"PAPPA",4918,6200,4723,2079,10872,20760,2222,4199
"KIRREL1",6492,4705,7408,3971,9790,10155,6863,6336
"YWHAQ",7162,6425,7345,4964,7651,8967,6356,6827
"GNAI2",7065,6171,8318,4392,7984,9400,6002,6293
"PERP",5726,4451,8337,5173,9461,10473,5861,5985
"ERGIC1",4666,6634,7064,6220,5726,12328,4592,8143
"SERPINE1",3617,4066,7505,5467,5212,19161,4666,5625
"UBA52",8129,7638,7999,4033,7917,8574,5571,5351
"AP2B1",7174,5362,7780,5110,8105,9420,5580,6653
"FKBP9",5798,5076,9003,5668,6730,8363,7190,7342
"CLSTN1",5689,6054,7658,4976,7045,10782,5384,7537
"ELN",4242,8030,7801,6454,2780,6282,5698,13802
"POLR2A",5671,6207,8500,4840,8103,9430,5706,6374
"CAPNS1",6225,6303,7777,4764,7821,9654,5314,6579
"PRSS12",6245,4242,7741,3861,9425,10382,6541,5764
"TTC3",7498,3833,9250,3883,8797,7782,7752,5364
"OSMR",5027,5493,6601,4610,7627,14025,4199,6521
"SPOCK1",3112,5037,4315,6208,8496,14305,4397,8040
"ADAM33",9168,8605,8390,3590,6789,6677,5376,5220
"PLTP",8434,5808,8477,4048,9018,8921,5043,3923
"PCDH18",9127,3754,9963,3236,8039,6191,8831,4419
"MAP1B",6944,3872,7449,3332,8010,7025,9518,7358
"MYL9",3400,3969,8864,5565,7274,14035,4296,6101
"YWHAE",6059,6062,7966,5049,8050,9441,5209,5640
"ATP5F1B",6323,6377,7266,4646,7328,9921,5440,6075
"ANGPTL2",8137,4451,9008,3065,11452,5149,7307,4638
"RPLP2",8327,8122,7143,4214,6073,8020,5423,5772
"PGAM1",6979,5816,7807,3837,6979,11897,4886,4677
"DDX3X",5331,5592,5649,4484,7181,8898,6947,8582
"PAMR1",7163,4398,9144,3476,7725,8131,6766,5609
"RPL24",7685,7116,7401,4034,7115,8155,5495,5362
"HIF1A",4359,6357,6480,4524,7135,14164,3842,5374
"STAT6",6307,6821,6398,3826,7310,9957,5257,6165
"NFE2L2",6035,5864,6669,4657,9462,9243,4290,5808
"GABARAPL1",4147,5149,7978,5547,6812,10892,4451,7009
"CNN3",4390,6345,7214,5402,5485,9496,6381,7211
"TNS1",7483,4855,7543,3406,8152,8905,5975,5581
"SLC25A3",6347,6701,6745,4580,6991,9313,5112,6001
"PLOD1",6546,4382,8088,4250,7100,9509,6142,5752
"FKBP10",7151,5746,6563,3492,8036,8723,6253,5782
"COL14A1",10723,3304,7471,3113,5305,3850,11303,6657
"ADAMTS8",4735,6307,6969,2542,9451,15667,2873,3067
"ALCAM",3678,3456,4209,5191,6562,15645,4342,8338
"ST13",6866,5166,7943,3883,8667,7358,5915,5427
"ELL2",5368,6003,5914,3592,8523,11984,4294,5433
"UBE2H",5288,4971,7028,4431,7924,8881,5704,6708
"EIF1",5979,5836,7032,5144,6824,7306,5950,6792
"UBA1",6833,5984,6876,3883,6897,8503,5624,6181
"TMEM30A",7801,6106,6423,4278,6078,7300,6490,6187
"SDCBP",6861,5195,6960,4089,8466,7006,6365,5584
"CCBE1",4696,5729,6129,5592,5187,8975,5315,8872
"ANKRD13A",4210,6164,6720,5719,5534,11000,4199,6932
"MGAT4B",5584,5325,5630,4125,7972,10910,4868,6021
"TRIO",6353,5208,7611,3043,6941,8644,6732,5781
"HECTD1",5957,4705,7809,4594,6667,6473,6969,7057
"RPS3AP6",8056,7348,7057,4419,6047,7223,5045,4862
"EIF4H",6598,5821,6858,3938,6768,9044,5494,5508
"H6PD",5730,5511,6852,5162,4823,9033,5349,7229
"FRMD6",6314,4320,6749,4065,7928,8765,5579,5743
"DCTN1",5270,4698,7758,4461,7249,8875,5060,6081
"EIF4A2",6203,5236,7594,3720,7533,7575,5873,5662
"RPL15P3",6080,5475,7856,3426,7651,8341,5150,5333
"RNF213",6128,5234,6369,3497,6754,9716,5051,6524
"SON",5963,4842,6811,3733,7335,9056,5642,5791
"CALCOCO1",4637,5256,6763,4921,6378,8615,4635,7894
"PLD3",5154,4041,8242,4186,7666,8270,5801,5725
"WASHC2C",4836,5912,7295,4625,7401,7395,5469,6072
"ABL1",6275,5689,7043,3128,8102,8335,5029,5348
"GPX4",6514,5196,7931,3006,8652,7526,5420,4514
"CAMK2N1",4730,6426,6081,6716,3324,7316,5170,8988
"SNHG29",8789,8320,6658,3578,5758,6699,4529,4414
"EFEMP2",4592,3370,7831,4099,7505,9309,5938,5945
"RBPJ",7561,4019,9937,3604,6498,5652,7027,4171
"BDKRB2",8472,2826,9492,886,14109,4530,6928,1219
"CFH",3251,3679,6177,4252,6721,11027,5176,7995
"IGSF10",9871,2998,10985,3057,4348,2488,9610,4882
"CAPRIN1",6332,5104,7428,3694,7659,8054,5157,4794
"ARHGEF12",5305,5093,5748,4444,6629,9668,4797,6432
"TMTC1",2666,3640,6328,4999,7526,13249,3106,6583
"IGF2",2910,3233,9971,5011,6860,15336,1980,2786
"HNRNPU",5609,5417,6307,3636,7498,9794,4933,4865
"TMED10",5263,4607,7068,4852,6175,8960,4994,5984
"SH3D19",4090,6212,5262,5009,5760,9093,4127,8276
"ATF4",5592,4216,7022,3537,7909,7232,6421,5871
"PCOLCE",8525,4541,7829,3066,7734,6273,5918,3911
"TCF21",5488,8196,4592,3090,5105,9026,5206,7061
"BZW1",4939,5669,6261,4332,6234,9464,4961,5837
"FNDC3B",4200,5512,4889,4415,6097,10938,3865,7693
"NUCB1",5352,4523,6762,4028,6515,8058,5833,6511
"MCL1",5216,6239,5170,5153,5463,8590,4410,7338
"RPL18AP3",7797,7848,6241,3272,5500,7253,4905,4737
"NRP1",6214,4820,7254,3783,5815,5265,7005,7263
"VCP",6089,5287,6801,3872,6745,8662,4969,4901
"PARVA",4678,4827,6102,4430,6189,10976,4212,5832
"LDHB",6153,6097,6695,4283,6563,7950,4622,4863
"PRKDC",6784,4866,6170,3123,6718,9560,4978,4978
"ARF1",5317,5811,6124,3868,5891,9047,4591,6226
"MYL12B",4395,5021,6734,5182,5251,9345,4457,6452
"ZCCHC24",6264,5339,6963,4002,5985,6699,5228,6332
"OS9",5456,4879,7382,4047,7282,7950,4778,4970
"MOXD1",7133,3788,6575,3664,6017,6790,7073,5442
"MT-ND4L",5488,5314,7029,5185,5875,7448,4746,5341
"ARL6IP5",4969,5557,5645,5056,5612,9208,4198,6180
"PRRX1",7253,4073,8600,2920,8539,5612,5907,3375
"RPS13",6758,6395,6639,3567,5951,6928,4912,5118
"NCKAP1",5065,4904,5456,4421,6390,8569,5264,6190
"PTN",5215,2723,6692,2846,7624,5338,9525,6266
"TPP1",6647,4159,6944,3651,7594,7273,5213,4551
"OGT",5568,5203,6719,4149,6067,7250,4882,6179
"SDC4",6146,3609,9582,3671,5690,7284,5811,4219
"EEF1B2",6305,6311,6888,3419,6569,7173,4842,4464
"MBNL1",3678,6138,4803,5413,4047,8024,4994,8871
"RPL34",7003,6292,6080,4087,5133,6673,5321,5307
"MCFD2",5167,4357,6281,3604,7446,9053,4628,5332
"DRAM1",5018,3029,8614,4481,6406,7648,5843,4512
"RBFOX2",6309,4727,7240,3035,7691,6933,5347,4257
"PRUNE2",3641,5456,4636,4103,4326,8413,4816,10095
"PRRC2C",5166,3686,6982,3426,7045,7968,6088,5113
"ANTXR2",4435,5265,6137,4795,5680,6404,4858,7783
"FKBP8",5519,4905,6599,3665,6207,8343,4704,5328
"CALM2",4635,3989,6875,4051,6704,9612,4732,4500
"MAN1A1",4630,6677,4543,5212,4718,6663,3845,8617
"BASP1",5433,4948,5331,2328,8094,9607,4561,4529
"SEL1L",5177,4414,6527,4138,5334,8304,4842,6024
"EMP1",3736,4852,4569,5199,4036,10497,3691,8168
"MPZL1",4402,4710,5979,3892,6671,9108,4464,5497
"GASK1B",3286,7047,4463,5484,4304,9637,3154,7330
"LITAF",5400,3688,6364,3198,8432,6917,5954,4680
"CELF2",4800,6502,4288,4974,3689,7679,3694,8988
"NBR1",5087,4332,6438,4272,6260,7622,4687,5847
"UBE2D3",5247,5174,5947,4004,6336,7395,4866,5546
"SURF4",5032,4824,5852,3585,6361,9550,4509,4778
"PKD1",4997,5334,5264,3282,4274,9038,4670,7609
"WNK1",5219,4067,6279,3355,7282,7793,5193,5254
"SORT1",1419,4541,2944,7427,2536,15066,1599,8874
"MT-ND3",5777,5828,6364,4423,4978,5903,5621,5445
"IRAG1",3417,2905,7523,5872,4168,10306,4755,5360
"PPP2R1A",5428,4755,5885,3900,6011,7868,4882,5564
"BTF3",5465,5458,6709,3656,6346,7276,4493,4857
"EXT1",6279,3550,8503,2317,7447,5992,6925,3242
"RPL35A",6487,5825,6451,3642,5902,6865,4619,4464
"ITGAV",4635,3772,6131,3828,5947,8422,5218,6235
"EIF3E",5895,5104,6523,3470,6720,6598,4932,4894
"TSC22D1",2627,5781,4416,5545,4378,11750,2858,6538
"LTBP3",4993,4431,6493,3607,5551,7148,5474,6125
"ADD3",5609,5344,6517,3502,6004,6139,5002,5443
"RPL7P9",6572,5984,6493,3535,5976,6355,4401,4227
"USP9X",4145,4242,5825,4503,5065,8503,4600,6562
"SERBP1",4743,6190,5316,4281,5343,7186,4276,5987
"YWHAB",5205,5056,5942,3736,5987,7856,4488,5022
"CLIP1",4705,5121,6473,4155,5196,6471,4622,6348
"MGAT1",3666,6111,4936,4589,3848,8780,3863,7295
"CCN1",1687,3002,3980,6160,2419,15282,1978,8568
"SLC1A5",4055,4991,5364,3886,5707,8733,4286,5917
"TRIP12",4758,4481,5796,3656,5938,8474,4587,5172
"CTSL",4253,4370,5582,4026,7229,7410,4489,5391
"NOMO2",5008,4507,6859,3809,6390,7029,4420,4688
"ARF4",4529,4220,5626,3985,5592,8952,4577,4902
"ZFAND5",3683,4090,5431,6717,4454,5801,3668,8494
"ATP5F1A",5280,4905,5762,3566,6435,7385,4513,4436
"ABCC1",6228,4589,6411,2742,7477,6281,4875,3630
"RAI14",3717,4005,4846,3934,5125,11347,4062,5151
"CTNNB1",5516,4994,5465,3499,5702,7431,4685,4864
"LAMP2",5102,4470,6219,3853,5653,6954,4722,5161
"TMBIM1",4752,5602,4849,4643,4747,6958,4058,6516
"ACTR2",5228,5139,5518,4077,4742,7833,4471,5098
"ANKRD28",3649,5018,5357,4873,4830,7880,3789,6697
"NEXN",1820,7562,2765,6569,2226,10300,2278,8552
"CD46",4283,3808,6296,3558,6559,7830,4386,5222
"ARHGAP21",4940,4660,5437,3629,6470,6869,4432,5312
"SEC62",4473,4375,5375,3611,5753,8077,4886,5187
"RPN2",4631,4383,6626,3655,6196,7389,4148,4665
"XRCC5",4924,4600,5683,3524,6431,7896,4149,4417
"EIF3F",4764,4800,6238,3202,6567,7160,4147,4700
"TKT",9045,5141,5310,1977,7181,4390,4951,3535
"CAPZB",4640,5080,6175,4045,5237,7613,3904,4789
"FOXO3",3295,5209,3141,5104,3621,9822,2897,8284
"HNRNPC",4622,4782,5928,3542,6152,7031,4595,4589
"ENAH",4112,5342,4703,3223,6156,9491,4138,4071
"RPLP0P6",6935,6962,5746,2806,5188,5793,3749,3938
"IFI16",6701,4480,5967,2860,7603,4898,4788,3811
"LPP",4057,4249,4743,3343,4634,12042,3611,4360
"PRKCSH",4914,4837,6196,3462,5768,6876,4256,4669
"TBC1D9B",5099,4660,5297,2800,5747,8802,4066,4488
"RPL21P16",5458,5420,6278,3107,6333,6275,4149,3933
"NOMO1",4836,4232,5926,3168,6639,7107,4394,4637
"MORF4L2",3537,5872,3642,4710,4197,10175,2909,5859
"TM9SF3",4536,4315,5225,4095,5539,7681,4435,5029
"GLG1",5427,4076,6802,3341,5404,5925,4884,4996
"OPTN",4783,3944,6780,3662,5432,6210,4755,5229
"ATN1",4344,4957,5379,3239,6558,7127,4067,4976
"SRSF5",4821,4603,5885,3761,5624,6326,4452,4887
"ESYT2",3768,4545,5449,4465,4159,7807,4048,6077
"SCRN1",4130,4435,4815,3676,4682,7450,4331,6618
"MAGED1",6743,3446,6900,2498,6993,5806,4639,3029
"RCN1",5167,4012,5163,2857,6323,7971,4493,4038
"MXRA5",5169,1971,12471,2458,6960,3005,5400,2573
"PIGT",5094,4209,5898,3237,6354,6938,3979,4245
"RAC1",4458,4762,5257,3957,5206,7403,3827,5076
"ADAR",5431,4186,5710,3056,6158,6927,4299,4146
"CCNI",4841,3792,5444,4099,5807,6179,4531,5183
"TRAK2",3088,4059,4163,5194,4396,9314,3026,6611
"SMAD3",5017,3515,7673,3276,6198,5357,4810,3895
"SYNPO",5889,3900,6542,2690,4234,5541,5983,4935
"SLFN5",5450,4278,6097,3200,6551,6500,3709,3904
"CDV3",3377,4918,4509,4454,4544,9184,3169,5519
"PLEKHO2",4554,4617,6765,3261,6067,7115,3567,3726
"DPYSL3",6165,3728,7137,2188,6835,5558,4593,3429
"SDF4",4435,4240,5405,2961,5930,7347,4455,4720
"PDCD6IP",4668,4170,5707,3411,5323,6681,4428,5025
"KPNB1",4448,4378,5292,3544,5568,7838,3764,4578
"SND1",4389,3979,5443,3109,5774,7880,4123,4685
"C6orf89",4882,3783,6136,2982,6142,6343,4707,4335
"GOLGB1",4430,3321,6345,3109,6133,6737,4638,4554
"WNT5A",4262,2516,5412,1829,9344,11591,2558,1744
"AHNAK2",6808,3048,6685,2237,1899,2193,8951,7381
"MPRIP",4825,4020,5416,2743,5730,7361,4379,4702
"TMEM123",3993,3917,4833,3880,5186,7842,4035,5486
"ARHGAP1",4989,5238,5176,3636,4662,6095,3955,5389
"RNH1",5592,5383,6055,3227,3972,5884,4004,4888
"ANXA4",3354,6799,3347,4366,3270,7848,2815,7188
"LMOD1",2060,4465,4891,6294,3163,8704,3143,6255
"OSBPL8",4041,3326,7276,3631,4419,5487,5568,5221
"YBX3",4423,5386,4298,3676,5155,6862,3326,5840
"EGFR",4422,3572,6566,3027,5793,6051,5065,4461
"TJP2",1707,4747,3256,7261,2291,9164,1717,8800
"RPL35",5834,6022,5465,2501,5516,6188,3755,3623
"RPL36",5685,5781,5765,2518,4976,6513,3724,3866
"DHCR24",4242,7675,5673,4687,3836,7654,1390,3663
"PRRC2A",4619,4063,5323,2813,5709,7471,4156,4624
"RAB13",4366,4386,4972,3302,5803,6730,4514,4704
"GAS5",7672,7905,4997,2300,4337,4701,3482,3370
"TSPAN3",3753,3611,5957,3352,5964,7799,3987,4242
"TNPO1",4353,3748,4738,3184,5781,7458,4381,5006
"LGALS3",6689,4902,5756,2786,5436,4573,4655,3788
"CCNG1",5652,3814,5671,3382,6204,5195,4434,4196
"XRCC6",4992,4319,5825,3229,5589,6492,4034,3924
"C14orf132",6279,2581,7236,1855,7113,3453,6555,3194
"RPS15",5265,4715,5492,2622,5200,6399,4192,4331
"SHC1",5199,4228,5226,2782,5774,8213,3444,3244
"SCN7A",2621,4410,3187,5322,1716,5265,3782,11784
"HADHA",4207,4515,5254,3499,5311,6277,3921,5060
"ITGA5",5114,4815,5483,2847,5344,6037,4001,4302
"OSR2",5940,4499,6376,1753,6607,3838,5673,3254
"CHD4",5307,3677,5799,2306,6894,6061,4529,3353
"PPL",5629,4626,6558,3810,3268,2221,5213,6561
"PTGDS",8376,5197,4967,2681,4155,4924,3923,3617
"UCHL1",5921,4898,6105,3137,6248,6468,2550,2364
"HSPA1A",4129,3742,5646,3013,5699,5969,4655,4801
"HSPA1B",4252,3752,5750,2971,5687,5782,4655,4778
"TPR",4239,3729,5533,3012,5640,6603,4260,4416
"KDELR2",4928,3867,5233,3299,4861,6798,4469,3967
"ATP6AP2",4395,3834,5653,3667,4809,6095,4289,4669
"DLST",4027,4642,5463,3385,5608,6578,3180,4504
"VSIR",4153,4941,7113,4121,2657,4236,4149,5996
"ANKRD11",4342,4042,5187,2498,6154,7427,3700,3966
"ATP1A1",3904,4862,4641,3581,4691,6757,3774,5085
"HLA-B",3403,2362,6822,3399,6992,7666,3737,2905
"DDOST",4686,4134,5722,2865,5279,6398,3860,4220
"RBM39",4668,4143,5256,2948,5952,6035,3923,4236
"AOX1",1394,5035,2462,3415,4869,10977,1791,7145
"FHL2",4223,4482,5878,3620,4388,7663,3140,3688
"GPC1",6139,3359,6541,2403,4979,5816,4310,3524
"HNRNPUL1",4858,4245,5209,2801,5455,5939,4141,4392
"ECM1",3627,2546,6315,3606,4445,4592,5892,6003
"PLXNC1",4004,3067,5209,2839,7044,8987,2813,2993
"SRSF11",4501,4366,4710,3278,5119,5877,4323,4766
"CALM3",4666,3656,5598,2827,5257,6122,4819,3987
"ARPC2",4359,3977,5281,3079,5047,7245,3774,4081
"AKR1C2",3684,6412,4609,3718,5155,4022,3113,6105
"IGF1R",4081,4504,4391,3820,4102,6761,3264,5872
"LBH",2087,4696,5891,6415,1391,8413,1922,5920
"TFPI",4373,4183,5794,3230,7344,4981,3452,3342
"ATP13A3",4076,3609,4460,3119,4352,7336,4794,4887
"TFRC",4192,3828,4310,2886,5425,8622,3487,3705
"KIF13A",3715,3724,4794,3186,4470,5776,5093,5682
"COPB2",4721,3660,5355,2791,5558,7011,3861,3477
"SNRNP200",4813,3619,5383,2485,5872,6338,4012,3883
"AXL",4318,4409,4991,3030,4784,6080,3984,4782
"ROCK2",3198,5277,3938,3882,3632,6943,3340,6128
"KIF5B",3314,4162,4353,3676,4486,7864,3249,5193
"NCSTN",3874,3329,5800,3587,5015,5938,4053,4691
"ADAMTS2",3189,5340,4182,3452,4015,7319,3255,5448
"HEXB",3765,2979,5221,3307,5944,6917,4005,4020
"LPIN1",4360,4498,3985,4494,3718,5155,3341,6525
"MGLL",3369,4474,5527,2976,3955,8910,3027,3818
"MAP3K20",4849,4012,4794,2621,5759,6193,3920,3830
"TP53I11",5078,5213,5023,2948,4512,6404,2710,4006
"SEMA5A",4299,2697,3067,1134,7599,8046,4861,4128
"TMED2",4160,3893,5528,3512,4827,6429,3604,3696
"SOD3",3475,2491,6784,3725,3336,4362,5899,5547
"ARHGAP29",2116,3549,3963,4542,2607,6794,3012,8971
"ARCN1",4161,4097,4523,2975,5137,6592,3640,4426
"WSB1",3437,3086,5439,3059,5101,7860,3667,3899
"EIF5",4246,3531,4879,2774,5394,5655,4725,4247
"SF3B2",4231,3883,4956,2866,5259,6548,3638,4063
"DSE",4262,3872,4658,3515,4857,5731,3637,4879
"BLTP2",4196,3353,5237,2825,5104,6764,3823,3978
"SRPX",2821,5724,2773,2824,3933,7456,3261,6467
"SNX9",5275,3040,4434,2235,6764,5063,4771,3664
"COL4A2",2917,5145,3264,2824,4344,9919,2239,4565
"NFIC",4333,4699,4700,2831,4438,6132,3773,4229
"NCOR2",3866,3962,4804,2326,4966,7661,3531,3876
"ZMAT3",5053,3457,5647,2238,5800,5158,4528,3054
"GPR176",4208,2984,4504,2152,6761,7544,3535,3218
"SRP14",4382,3760,5060,3021,5265,6263,3492,3649
"WASF2",4271,3880,4736,3384,4326,5859,3578,4854
"NONO",4939,3465,5359,2314,6127,5205,4232,3241
"ACIN1",4936,3842,5252,2412,5876,5023,4018,3476
"IPO5",4331,3368,5104,2861,4661,5337,4973,4125
"LARP1",3773,4000,3767,2971,5325,6752,3687,4393
"NUCKS1",4687,3023,5253,2457,5370,6280,4130,3467
"NT5E",5201,2991,5377,1374,5321,3360,7045,3912
"BLTP1",4042,2820,4741,2439,5224,6342,4508,4418
"TNRC18",3970,3884,4729,2754,4613,6306,3714,4490
"FAM114A1",4377,3694,4747,2420,5363,6110,3945,3783
"ABCA8",4082,4566,4774,2698,5423,5444,3485,3951
"ZDHHC7",3909,3462,4769,3407,4984,5213,3819,4847
"UTRN",3138,2875,4745,2959,3685,7462,3890,5649
"CKAP4",4396,2977,5131,2673,5909,6375,3799,3090
"FKBP1A",4173,3744,4524,2939,4659,6540,3894,3809
"PSMD2",4782,3906,4955,2878,4865,5721,3679,3480
"SPATS2L",4114,2984,4801,2885,5280,6333,3574,4279
"RTL8C",3915,3974,5024,2916,4254,6149,3612,4363
"CTNND1",3474,3522,4518,2776,4796,8685,3100,3332
"YAP1",3728,3852,3976,2915,4310,7327,3621,4470
"DNAJC13",3500,3043,5248,2750,4927,6624,4050,4002
"SETD7",4079,3824,4821,2967,4963,5613,3504,4373
"MTCH1",4374,3679,5146,2611,5099,5862,3730,3617
"GALNT2",4051,4342,3901,2551,4814,6631,3534,4206
"ABR",4460,2747,5147,2276,6379,5294,4367,3351
"HMGB1",4255,4011,4825,2559,5555,5636,3675,3482
"TPM1",2431,3357,4383,3029,3733,9851,3307,3737
"HP1BP3",4577,3803,4642,2652,4799,5381,3861,3989
"MEGF8",4479,3667,4318,2254,4758,6472,3482,4220
"HNRNPH1",4505,5034,4617,2899,4061,5573,3238,3709
"CAMK2D",3774,3974,3834,3157,4538,5425,3859,5043
"CCNL2",4069,4489,3917,2785,4487,6076,3433,4310
"TPM3",3559,3961,4507,3085,4031,7264,3214,3902
"NUMA1",4831,3397,5422,2445,5054,4660,3833,3873
"ZC3H7B",4023,3486,4307,2263,5356,7312,3295,3464
"LEPROT",3420,3503,4197,3305,4551,6965,3201,4276
"SNRNP70",3920,4593,4232,2563,4494,6308,3345,3953
"PFDN5",3961,3680,5632,2851,5097,5644,3158,3299
"NOMO3",3888,3402,5384,2973,4922,5480,3510,3687
"SET",3777,3447,4681,3011,5018,5624,3806,3835
"NTN1",4671,5628,4696,3591,2034,3722,3401,5368
"ZFP36L1",4559,2938,4392,1777,7613,4682,4356,2784
"JCAD",3859,4191,5344,2800,4196,6227,2894,3581
"CTSC",1753,3264,3556,3983,3786,8306,2607,5825
"POSTN",1710,469,12652,3357,4966,1498,5498,2923
"ANPEP",2926,6013,2775,3608,2940,5607,2810,6357
"MLEC",4427,3305,4769,2733,4386,6604,3401,3338
"PTMS",2764,3788,5146,3373,4440,6435,3507,3510
"CERCAM",3582,3001,4984,2398,4491,5572,4360,4483
"COPG1",3921,3634,4728,2596,4623,6429,3278,3651
"ZBTB4",4037,3430,4956,2545,4792,5383,3786,3913
"PFN1",3805,4072,4571,3162,3923,6878,3206,3222
"UBAP2L",3847,3711,4404,2619,4757,6413,3226,3859
"TMEM59",3812,3624,4946,3351,4362,4999,3638,4081
"FYCO1",5250,2634,4706,2249,4641,4496,4683,4124
"COLEC12",4462,3980,5622,2873,3511,3189,4342,4800
"SAT1",2118,6302,2896,3480,3296,6790,1884,5985
"EHBP1",4278,3268,6005,2758,4933,4802,3522,3175
"SLC44A2",2792,3366,4671,3814,4436,6858,2350,4398
"TAOK1",3756,3343,4036,2498,4672,6543,3542,4290
"SNX18",4056,2825,4340,2671,4533,6423,3886,3905
"SUPT6H",3791,3408,4677,2561,5028,6189,3368,3592
"AP3D1",4182,3404,4526,2498,5005,6072,3371,3530
"MRFAP1",4068,3631,4512,2603,4676,5498,3895,3683
"BICC1",3720,2700,5195,2898,4707,5497,3666,4107
"USP22",4613,3210,4780,2221,5363,4937,4050,3195
"NPEPPS",4170,3532,4911,3010,4569,4268,3658,4221
"RPS17",5535,5560,4044,2593,3515,4616,3355,3092
"PDIA4",5090,2787,5263,2095,4539,6564,3370,2543
"PRDX1",3737,3668,5343,3019,4693,5098,3301,3391
"GPC6",2904,2085,5606,3083,3214,5248,4925,5159
"GPX1",3645,3950,3630,2412,4328,7635,2852,3669
"CD109",3887,3341,3130,2149,5133,6163,3783,4463
"EWSR1",3682,3988,4502,2875,4499,5928,2927,3587
"PTP4A2",3425,3882,4104,2896,4441,5962,3344,3924
"IGFBP6",2422,2332,5687,5192,2313,2840,4695,6487
"RPL6P27",4645,4138,4740,2373,4531,5129,3305,3098
"NTN4",1969,3052,5549,4167,1381,4481,3156,8190
"HNRNPA3",4563,4425,4175,2372,4231,6190,3017,2918
"TXLNA",3050,3554,3999,2870,4399,7193,2854,3946
"CST3",3330,3918,4031,3019,3766,5438,3587,4691
"UBR5",3730,3244,4101,2502,4713,5964,3516,3993
"FERMT2",3089,4729,3645,2800,3617,7193,2707,3911
"AP2A1",3608,3908,4152,2599,4267,5657,3238,4260
"S100A11",3447,3503,4983,3040,4290,5443,3408,3548
"RBMS1",3800,4018,3826,2710,4430,6153,2934,3788
"FLII",3790,3722,4168,2348,4266,6235,3204,3916
"PICALM",3342,3169,4042,2968,4534,6355,3121,4029
"ACSL4",3811,2557,3565,1721,7062,6464,3548,2831
"STT3B",3752,3147,3946,3217,3938,6336,3039,4174
"LOXL1",4386,2874,5158,1827,4943,4880,4582,2834
"TNFRSF1A",4009,3612,4233,2756,4630,4962,3308,3971
"NAV1",3351,2348,4959,3094,4059,6367,3568,3734
"MBTPS1",3837,3011,4508,2562,4363,5050,4039,4092
"MAT2A",3674,4236,4059,2816,4005,5013,3578,4079
"ZC3H11A",4157,3466,4268,2728,4541,5106,3541,3634
"VASN",4756,2930,5199,2388,3640,3704,4427,4363
"NFATC4",4732,3680,4678,1650,5930,4466,3670,2559
"DLC1",3500,2857,4589,2293,4714,7091,3039,3245
"ASAP1",3210,3515,3911,2613,4455,6437,3136,4031
"DAP",3986,3190,4985,2724,4448,4873,3760,3334
"CSRP1",2186,2751,3744,2151,3321,10276,3551,3283
"TPD52L2",3519,3770,4402,2715,3859,5884,2946,4105
"ISLR",3908,2881,4875,2508,3194,3295,5658,4822
"WLS",3750,2548,4165,1993,5890,6811,3116,2844
"SH3PXD2B",3643,5541,2755,2515,3788,4587,2771,5496
"TGFBR3",3761,4071,4226,2816,4863,3744,3063,4531
"GLS",2217,4220,2498,4022,2587,8046,2727,4739
"CNOT1",3872,2989,4349,2375,4528,5509,3643,3779
"RPL38",3942,3899,4517,2479,4824,5274,3085,2996
"COPB1",3546,3433,4086,2871,4589,6008,2890,3579
"MGST1",2722,2822,2967,1948,7202,8116,2520,2678
"SNHG32",6850,6773,4046,1911,2970,3146,2686,2566
"NEK9",4358,3617,4185,2606,4610,5122,3169,3277
"PBX1",4877,3329,4470,2176,3762,4995,3826,3469
"PAPSS2",2631,3867,5032,2891,3521,5270,3478,4193
"ITM2C",3637,3036,4015,2235,4861,5952,3574,3552
"LMAN1",3826,2885,4655,2452,4707,5068,4052,3209
"PPP1CB",2697,4522,3101,4633,2784,5035,2417,5659
"OLFML3",3773,3746,4584,2761,3823,5035,3314,3804
"MYADM",1828,3937,2570,3532,1747,9097,2308,5812
"DPYSL2",4275,2439,5235,2420,4450,5269,3412,3280
"WDR26",3389,3248,4044,2729,4766,5554,3369,3668
"HYCC1",3958,3213,3626,2216,3899,6635,3549,3658
"SEC23A",4040,3208,4031,2578,3939,5470,3831,3637
"CD9",3125,3522,3829,3645,2693,5055,3603,5260
"RAB31",2119,3414,3011,3571,3966,7149,2032,5387
"PDLIM7",2469,3547,4414,2767,3138,8403,2624,3285
"PLXND1",4077,4260,3651,1649,5387,5992,2718,2809
"FOXN3",3595,3488,3253,2995,4266,5333,2870,4724
"CYTH3",1815,3053,3036,3707,2771,8634,2115,5313
"PRKCA",2906,2846,4168,2304,4659,7240,2809,3510
"RANBP2",3291,3108,4247,2590,4467,5692,3363,3657
"PKD2",2135,2852,4169,3994,2862,5764,2533,6103
"IGFBP3",2514,1447,4424,2113,3276,8021,4180,4422
"P4HA2",5034,3412,4307,1955,4615,4028,3823,3181
"RPS28",5041,4337,4284,1902,3593,4896,3153,3127
"ZBTB38",4169,3721,3553,2125,4753,5498,3110,3372
"S100A4",4109,3006,5823,2807,3043,3314,4539,3638
"LGALS3BP",3267,2469,6338,3434,3278,3839,3757,3867
"PPP1R3C",4727,2852,5677,2038,4129,5186,3346,2278
"SWAP70",2989,3818,3371,2992,2689,5673,3245,5389
"IRS1",2876,4208,2659,2291,4224,7826,2018,4047
"ERGIC3",4190,3556,4486,2347,4386,4756,3376,3051
"DNAJA1",3832,3391,4703,2217,5243,4119,3621,2974
"CBX6",4137,3151,4001,2355,3586,4685,4236,3878
"CALM1",3523,3922,3764,3048,3160,5630,3093,3882
"FAM120A",3408,3239,3983,2278,4393,6147,3119,3446
"GBE1",3934,4225,1793,1521,4574,6801,3044,4105
"ZMIZ1",4333,2816,4524,1649,4039,4768,4494,3357
"PEBP1",3471,3358,4089,2702,4137,5001,3194,4011
"NOP53",4640,4794,3996,1930,3832,4471,3013,3202
"ACTR3",3033,3877,3400,2900,3462,6999,2651,3480
"ACLY",4006,4125,3821,2209,3850,5430,2998,3323
"LENG8",3387,3788,4194,2413,3952,5524,3124,3306
"TGFBR1",3244,3684,5823,1910,3319,6518,2710,2436
"COX4I1",3486,3408,4472,2224,4610,5116,3076,3196
"AIDA",3390,3449,3552,2908,3622,5246,3085,4317
"TEX2",1546,3201,2442,4131,2213,7590,2148,6288
"PGRMC1",3335,2774,4725,2200,5091,5295,3247,2885
"SLC9D1",3283,3233,3956,2966,3925,5419,2940,3795
"TNS2",3625,3876,4073,2636,3465,4672,2935,4229
"TNC",3318,1037,7317,2925,2468,2221,6527,3678
"MAP1LC3B",3626,2980,4210,2728,4285,4848,3311,3486
"SNX3",3588,3318,4251,2548,4405,4940,3068,3331
"PRDX6",2989,3940,3698,2849,3788,4857,2900,4395
"MYL12A",2322,3242,3315,3299,2890,7764,2454,4050
"IPO7",3536,3345,3798,2531,3867,5260,3288,3703
"GPX8",4440,2664,4780,1849,4659,3989,4135,2810
"FGD5-AS1",3687,3594,4028,2960,3320,4547,3076,4105
"CNBP",3434,3372,3698,2809,3820,4852,3260,4043
"PTBP1",3594,3854,3158,2420,3609,5568,3118,3948
"MT2A",1654,6003,1370,3868,1355,8824,1189,4961
"TMT1A",1428,5428,1644,5214,1295,4784,1179,8178
"CDC42",3556,3190,4081,2661,4259,5446,2901,3026
"RPN1",3339,3301,3952,2587,3927,6053,2756,3132
"NDRG1",3248,2618,3552,1805,4116,7496,2588,3621
"EIF3D",3560,3250,4239,2243,4389,5084,2986,3285
"CLMP",3539,2773,3814,1474,5640,4972,3503,3315
"LSS",4272,3373,4066,2163,3843,4572,3165,3564
"DBN1",3378,2881,4614,1899,4730,5441,3173,2867
"DDX24",3253,2809,4555,2142,4894,4676,3611,3030
"COL8A1",2373,3263,3729,3563,3470,9360,795,2390
"TSPAN9",3067,2923,3305,2380,3330,5276,3853,4784
"LMCD1",1737,3779,2828,4195,1494,6574,1762,6447
"RPS3AP26",4468,4483,4109,2297,3594,4194,2849,2799
"DNAJC10",3902,3104,4407,2700,3482,4505,3305,3358
"NR2F1",4502,3325,3659,1476,5649,4394,3345,2395
"FBXO32",2239,5642,2283,4115,2384,4241,3094,4721
"ADAMTS5",585,4871,2984,5544,1969,5109,793,6846
"SNX1",3488,2805,4378,2386,4248,4770,3301,3315
"TOR1AIP1",3232,3096,4221,2781,3704,4382,3392,3861
"PTPRS",2808,3167,3631,3411,3540,3352,3089,5650
"ITGBL1",1055,1880,3789,3585,2753,7379,2470,5733
"ANO6",3223,2891,3851,2796,3650,5075,3026,4115
"WIPI1",2534,4392,2433,2768,4028,6779,1622,4063
"MGAT5",3771,2666,5100,1923,3817,7165,2055,2117
"AFF4",3540,2805,3782,2136,4450,5299,3220,3356
"ADAM10",3449,2850,3877,2596,4356,5090,3007,3340
"SLC44A1",2812,3118,3553,2884,4116,4940,3019,4098
"STARD7",1875,3496,2549,4602,2959,6611,1801,4647
"DHX9",3796,3453,3976,2143,4275,5044,2945,2904
"XPOT",4160,2630,4559,1878,4727,3938,4267,2350
"DENND5A",3221,3230,3838,2296,3869,5221,3100,3713
"RHOQ",2914,3412,3930,2444,4290,5099,2743,3622
"RPL9P7",4611,4315,4256,2224,3501,4046,2729,2765
"SAR1A",3297,3311,3466,2544,3912,6187,2632,3051
"H3-3B",3857,3054,4335,2052,4150,4454,3390,3085
"PLXNB1",2542,3860,3689,3160,2757,5830,2148,4389
"EIF4G3",3212,2410,4060,1816,5160,5819,3088,2807
"GRINA",3135,3007,3785,2361,4421,5161,3178,3311
"RAB3B",1558,1489,3572,2368,3679,10061,2303,3328
"RUNX1",2745,3269,3623,2959,3806,5819,2362,3742
"SPCS3",2156,2571,3327,3328,2976,6761,2600,4601
"SNX19",3733,3343,3727,1998,4185,5716,2755,2843
"ATP6V0E1",3463,3879,3686,2692,3977,4778,2543,3237
"CAPN1",3263,3554,3997,2439,3454,5221,2780,3525
"SHISA5",3316,3311,4138,2453,3681,4949,2945,3429
"TUG1",3079,2259,4083,2188,4758,5349,3263,3241
"LRRN4CL",3590,2776,4321,2478,3787,3741,3685,3836
"RTN3",3367,2974,3939,3050,3409,4212,3379,3875
"GSTP1",4175,3581,4232,1976,3864,4633,2841,2872
"SMPD1",3501,2709,3984,2243,4582,4388,3348,3386
"CLDN11",6494,1515,5298,1369,5198,1173,5335,1735
"PJA2",3664,2838,3993,2354,3893,4674,3314,3384
"ZEB2",4436,3284,3765,1735,4732,3864,3244,3035
"MTDH",2775,3479,3190,2775,3112,4792,3043,4750
"DHRS3",1984,3977,3976,4940,1561,3232,2431,5800
"PAPOLA",3381,2936,3790,2092,4655,5344,2844,2852
"KIDINS220",3350,2604,3926,2206,4055,4304,3513,3913
"CUX1",2932,3133,3189,1848,4391,5827,2853,3682
"QARS1",3599,3410,3797,2025,4094,4595,3062,3254
"RPL26P19",3427,3253,4616,1856,4879,4622,2656,2527
"RAP1B",2778,3545,3605,2935,3890,5176,2654,3223
"DYNC1LI2",3645,3038,3741,2210,4021,4971,2970,3174
"AMOTL2",2093,3187,3401,3072,2829,6843,1891,4445
"EEF1A1P19",3766,3175,4066,2526,3101,3916,3919,3279
"CTSD",3340,2809,3930,2298,4448,4999,3042,2872
"LY6E",3872,2667,3364,1956,4080,4579,3969,3246
"PNISR",3335,2781,3909,2055,4748,4335,3418,3130
"SMARCA2",3293,2859,4282,2712,2946,4183,3224,4197
"ACADVL",3351,2763,3500,1848,3549,4758,4130,3763
"STT3A",3338,2708,4023,2509,3895,5442,2863,2877
"SFPQ",3628,3710,3168,2327,3937,4855,2980,3020
"RAB1A",3271,3320,3467,2323,4085,5249,2729,3126
"HDGF",3372,3075,4103,1998,4303,4633,3268,2752
"SEC63",2806,2298,4367,2452,4270,5009,3203,3085
"DAZAP2",3155,2974,3799,2264,4112,4905,2942,3335
"TLE5",2969,3669,3601,2341,3441,5330,2587,3535
"EIF3H",3409,3234,4227,2179,4213,4537,2764,2845
"VAMP3",3167,2808,3839,2689,3846,4867,2826,3343
"ATL3",2559,3623,2922,3380,2529,4299,2939,5134
"ITPRID2",3697,2669,3514,2157,4125,4244,3552,3388
"RALBP1",2893,3638,2933,2418,3462,5543,2333,4087
"ZBTB47",2647,4207,2728,2580,2929,5434,2471,4285
"FLOT1",3171,3247,3844,2381,3907,5160,2428,3127
"RPL23A",3728,3232,4164,1868,4054,4717,2843,2559
"GDI2",3670,3041,3815,2234,3766,4671,2961,3003
"FAM168B",3449,2894,3649,2253,3984,4859,3140,2910
"PLEKHM2",3293,3065,3502,2283,3814,4428,2947,3805
"MXD4",4329,3592,3889,1692,4031,3601,2996,2963
"SACS",3353,1845,3696,1289,5101,3849,5110,2826
"PFKL",3663,2647,3706,1723,3350,6265,2800,2909
"TOP2B",3551,3016,3672,2106,3993,4401,3049,3259
"SH3BP4",3176,2214,3962,1824,4267,6806,2383,2406
"MTCO3P12",3609,3921,4404,2762,3340,3377,2672,2941
"BMPR2",2970,2594,3820,2106,4018,5214,3074,3212
"PAFAH1B1",3191,2910,3808,2388,3809,4813,2846,3212
"GPR107",2792,2735,3959,2679,3370,4910,2828,3682
"PABPC4",4169,3957,4140,2284,3126,3397,2920,2945
"TBC1D5",3903,2659,3593,1998,4224,4116,3362,3050
"TMEM43",2985,3479,3825,2465,2893,4659,2806,3781
"CDIPT",2566,3986,2609,2726,2991,5782,2150,4077
"YME1L1",3176,2810,3709,2305,4004,4977,2850,3015
"BAG6",3790,2892,4030,2018,3968,4256,2849,3043
"EIF5B",2936,2913,3780,2120,4150,4812,3172,2935
"CREG1",3665,3159,3330,2267,4332,4853,2535,2670
"G6PD",4539,4287,3693,1367,4058,3587,2922,2322
"RPS4Y1",4846,4155,4715,2513,5124,5399,0,2
"CLIC1",3242,3145,3841,1997,3532,4706,3068,3159
"TJP1",2869,2662,3290,2522,3682,5359,2695,3588
"EPG5",2469,2559,3846,2536,2976,5431,2989,3824
"BCLAF1",3169,2519,4148,2247,3766,4623,3054,3061
"LSAMP",2693,2668,4267,2545,3095,3864,3274,4178
"SASH1",3017,3214,3504,1760,3977,5351,2569,3148
"PIK3R1",1716,4988,2268,4053,1592,3485,1732,6634
"EFCAB14",2927,2752,3444,2372,3348,5090,2872,3658
"TSPAN5",3117,2718,3300,2093,4188,4754,3085,3177
"TCAF1",3609,2821,3716,1859,4068,4610,2851,2893
"GNPTAB",2781,1713,5396,2494,3714,3949,3583,2779
"HMGA1",3896,2579,4152,1986,3750,3351,4202,2470
"RHOB",1919,4415,2804,3281,2689,5254,1387,4623
"SYNE1",3326,3010,3910,1872,3122,4269,3210,3627
"BRD2",3315,2868,3831,1839,4411,4335,3018,2679
"JUN",5035,3318,3787,771,5627,2436,3861,1421
"ATP9A",2737,2052,3503,2370,3298,5126,3244,3924
"BACE1",2930,2289,3590,2340,4214,4433,3022,3344
"SIK2",3062,3683,3198,1907,3388,5187,2508,3227
"SMURF2",2573,2369,5732,1907,4119,4056,2753,2646
"SOS1",2894,2721,3560,2689,4373,3784,2555,3573
"MAN2B2",3030,2465,4089,2353,4067,5100,2208,2814
"DUSP1",665,5020,1213,4541,816,6332,695,6840
"LMO7",1744,1704,4381,2737,2806,7201,2618,2901
"THSD4",3929,1506,6694,2269,4047,3453,2449,1696
"B4GALT1",3675,2405,5139,1639,4519,3512,2967,2135
"MAGED2",3585,2304,4127,1541,4454,4553,2950,2469
"SOD1",2677,2674,4041,2355,3997,4625,2608,2998
"RBM3",2530,2596,3766,2726,2907,5164,2881,3398
"SH3GLB1",2932,3020,3104,2643,2967,4164,2830,4293
"MATN2",2969,2306,3557,1704,2447,1811,5688,5451
"EIF4EBP2",2992,3581,2492,2901,2806,3834,2397,4894
"HSPA9",3235,2683,3688,1881,4371,4628,2993,2378
"SELENOF",2954,2746,3101,2841,3105,4961,2644,3499
"SMG1",3192,2636,3245,1897,3503,4829,3006,3536
"KLF6",2245,3604,2420,2925,2369,5061,1799,5407
"PLIN2",2279,2752,2725,1922,5162,4194,2830,3964
"ZHX3",1997,3552,2437,3051,2275,5499,1954,5063
"CD99L2",3275,2651,4009,2315,3474,4186,2790,3122
"SLC39A7",3364,2738,3878,1847,4035,4426,3232,2302
"SDC3",4675,2520,3857,1597,3615,3417,3487,2642
"TAX1BP1",2788,2633,3929,2248,4018,4457,2780,2950
"MAPK1",3179,2664,3691,2233,3414,4524,2927,3108
"BIRC6",2976,2761,3095,2085,3458,5291,2630,3443
"HSPA4",2817,2734,3587,2150,3834,5223,2762,2623
"CES1",5011,4364,4024,2073,3310,3765,1647,1531
"OGA",3254,3114,3562,2794,2998,4428,2275,3298
"TBX2",3247,3479,2969,1900,3041,4597,2886,3546
"ASAH1",2565,1837,3986,2839,3656,4210,3130,3429
"VPS13D",2343,2886,3223,2889,2527,4673,2554,4540
"ERRFI1",835,3133,1290,4344,1506,7810,769,5928
"S1PR3",2833,3098,4019,2162,3742,2917,3351,3489
"UGP2",2182,4163,2876,2958,2321,4690,2296,4123
"REEP5",2686,2628,3659,2422,4051,4536,2488,3101
"FOSL2",2978,2837,3188,2114,3900,5151,2103,3292
"LTBR",2775,2965,3700,2426,3400,4940,2334,2979
"RPL30",3802,3722,3904,1830,3428,3833,2572,2426
"ACO1",2701,2613,3694,2080,4370,5366,2426,2260
"SETX",3112,2715,3398,1877,3487,4714,3027,3159
"TMEM98",2986,2393,3664,2077,3852,4572,2927,3010
"GALNT10",2501,2637,3544,2768,2963,5190,2378,3479
"ZNFX1",3182,2661,3734,2350,3670,4146,2726,2972
"ESYT1",3427,2755,3568,2138,3586,4556,2611,2723
"NFASC",2064,1890,3750,2266,3032,5697,3014,3641
"NMT1",2997,2813,3550,1902,3895,4686,2557,2914
"PTPRM",2471,2391,3498,2529,3304,4487,2504,4113
"TMED9",3273,2700,3767,2091,3379,4925,2637,2510
"CAPZA1",2932,2883,3590,2209,3694,4752,2494,2725
"RPL17P7",3546,3193,3507,1845,3950,4022,2660,2555
"NRDC",2875,2760,3685,2183,3681,4709,2534,2846
"SBF1",3129,2874,3369,1909,3294,4656,2685,3313
"NR2F2",2193,2775,2490,3195,3210,4429,2097,4840
"CREB3L2",2555,3359,2786,1893,3410,6509,1827,2880
"SELENON",2962,2671,2733,1556,3843,5297,2989,3165
"SKP1",3046,2912,3745,2339,3695,4270,2523,2682
"MSRB3",2044,3086,3162,2617,2562,5956,2227,3552
"TRIM22",3161,2726,3465,1800,3978,4599,3001,2473
"SRPRA",2896,2642,3741,2127,3837,4832,2526,2601
"MED13L",2916,2520,3294,2227,3181,4353,2971,3729
"PDIA6",3761,2656,3521,1887,3520,5055,2587,2190
"EVC",3680,2633,3933,1768,3226,3740,3078,3115
"FST",3102,674,7670,1042,5720,2642,3338,982
"TMEM119",4483,1520,5149,1205,4593,2990,3594,1626
"SGCB",2484,2922,2979,2528,3431,5230,2096,3477
"COL16A1",4629,2801,3276,1061,3732,3509,3637,2478
"SEMA3C",2878,2571,5309,1934,2286,2657,3454,4019
"PRCP",2372,1991,3545,2517,4323,5183,2395,2779
"GOLGA4",2729,2318,3069,1723,4612,4623,3190,2838
"LUC7L3",3117,2814,3406,2193,3691,3872,2969,3032
"DDAH1",1250,1735,2650,3917,2069,7899,1620,3937
"MAP7D1",2964,3113,3478,1842,3785,4892,2444,2546
"RPS23",4421,4097,4212,2275,2513,3018,2272,2250
"TUBB6",3077,3181,3273,1446,3013,7059,1945,2057
"UBXN4",3133,2596,3379,1973,3875,4239,2938,2913
"CA12",3274,1389,2546,879,7125,4701,3015,2107
"RPL13AP5",3656,3660,3409,1841,3349,3887,2704,2494
"SLC39A13",2442,3068,2874,2188,2530,5917,2392,3573
"MIR100HG",2617,2172,3585,2534,3620,4309,3240,2891
"YWHAG",3221,3036,3036,2092,3377,4560,2630,3011
"PTPN14",2676,2247,3756,1430,3573,5761,2612,2864
"VMP1",2508,3351,3109,2738,3205,4799,2011,3166
"KDELR1",2735,2388,3549,2136,3855,4512,2752,2952
"RPS27L",3293,3205,3093,2036,3704,4479,2451,2588
"IARS1",3242,2035,4743,1693,4068,3893,3548,1615
"CDC42BPB",2791,2415,3495,1888,3951,4661,2660,2976
"NPC2",2680,1883,3876,2262,4076,4460,2925,2669
"PTPRG",1780,3677,2327,2327,3113,6526,1773,3291
"ZKSCAN1",3115,2019,4110,1724,4185,4099,2985,2575
"SAMD4A",2102,3748,1923,2684,2036,5377,1930,5006
"RPS29",4330,3974,3438,1981,2860,3439,2511,2271
"LRRC32",3648,2738,2487,1493,3678,3767,3708,3279
"CAND1",2979,2532,3512,2253,3445,4420,2971,2685
"SELENOP",3284,3676,2965,2653,2002,3340,2879,3990
"HNRNPDL",3236,3130,3415,2048,3004,3967,2923,3055
"CSF1",3060,3070,2952,2173,2945,4261,2370,3946
"PGRMC2",2966,2660,3464,1856,4497,4647,2497,2175
"KITLG",2854,1863,3388,1909,4782,5628,2059,2251
"ZFR",2521,2472,3222,2071,3872,4988,2561,3010
"ATRX",2907,2178,3727,1779,4052,4031,3184,2859
"CALCOCO2",1648,3061,2522,3662,2468,5125,1770,4461
"SCP2",3455,2531,3836,1958,3807,3423,3189,2501
"UBE2Z",3046,2890,3332,2136,3520,4352,2639,2777
"ATRN",2701,2404,3507,2047,3494,4637,2843,3054
"PYGB",2235,3182,2961,2517,3101,4787,2221,3672
"TMEM248",2696,2585,3576,2278,3239,4494,2497,3260
"HGSNAT",2708,2301,3394,2059,4433,4843,2422,2393
"ST6GALNAC6",2772,3004,2963,2200,2954,4770,2432,3448
"GAA",2818,2280,3124,1637,4535,5127,2392,2626
"FAT4",2655,3262,2920,1932,2831,5260,2466,3199
"H3-3A",3289,2523,3721,1985,3736,3737,2950,2579
"DDX42",2994,2431,3384,1968,3873,4286,2787,2782
"SUN1",2619,2410,3544,2258,2731,3764,3126,4042
"CHRM2",4316,2501,3228,992,3660,3307,4260,2221
"ZNF532",3003,2170,3933,2004,3426,3888,2899,3147
"FHOD3",2136,2228,4404,2241,3326,5593,2308,2219
"VPS13B",2998,2102,3892,1781,4179,4254,2611,2617
"RERE",2663,2646,3785,1922,3029,4324,2888,3168
"FXR1",2864,2432,3553,2128,3960,3848,2668,2970
"QKI",2727,2859,2943,2171,3425,4434,2690,3170
"SNAI2",3302,5290,2847,1591,3859,2979,2231,2289
"PHLDB1",2786,3651,3236,1888,2973,4368,2247,3230
"TM9SF2",3098,2553,3159,2233,3046,4343,2888,3028
"CCND2",4441,2559,4358,2298,3580,2627,2882,1588
"LHFPL6",2181,3261,2752,2607,2884,4833,2117,3693
"VPS35",3378,2523,3562,1825,3568,3764,3053,2653
"CKAP5",3224,2472,3567,1904,3803,3775,2688,2873
"BEX3",2408,2871,2988,2304,3455,5248,2207,2807
"CHPF",2219,2541,3761,1965,3160,4847,2375,3419
"ANGPT1",1382,1858,2540,1784,4135,8283,1708,2570
"GPI",3486,2653,3947,1814,2910,4709,2363,2344
"PARP4",2984,2719,3248,2033,2972,3770,3013,3480
"ZC3H13",3046,2512,3426,1755,3851,4254,2647,2726
"SORBS3",2724,3189,3132,2627,2527,3532,2658,3807
"TCEAL4",1352,3490,1942,3851,2026,6136,1419,3959
"GARS1",3061,2268,3899,1652,4016,4170,2909,2187
"USP34",2705,2148,3256,1735,3615,4493,3067,3137
"CCT3",3043,3113,3401,1931,3578,4694,2075,2321
"UHMK1",2485,3164,2824,2497,2755,4952,1908,3564
"PGD",3005,2900,3637,2130,4296,3538,2055,2577
"EFR3A",2840,2265,3206,1763,3648,4731,2802,2862
"HEPH",2635,1696,3358,1770,4508,4378,3031,2739
"BAZ1B",2800,2611,3397,1970,3813,3894,2838,2788
"AARS1",3182,2079,3968,1621,3744,3431,4054,2013
"DCTN2",2841,2759,3368,2009,3659,4171,2332,2927
"GNA12",3064,3015,2819,2041,2901,4607,2217,3400
"RBMX",3639,2392,3938,1644,3749,2714,3325,2656
"DOCK1",3845,2925,2915,1685,3014,3999,2945,2714
"SMARCA1",3006,2392,3289,1816,3781,4213,2849,2691
"DYNC1I2",3001,2605,3522,2080,3448,3905,2654,2813
"GOLPH3",2898,3141,3007,2236,3016,3711,2576,3421
"IFITM2",2386,2418,2939,1878,3355,4685,2929,3414
"TNRC6A",2566,2475,3293,1981,3487,4116,2724,3353
"SNHG5",3540,3453,4812,2681,2452,2579,2320,2155
"SSR2",3285,2625,3574,1752,3656,3800,2732,2565
"CD276",3876,2696,3406,1655,3220,2959,3282,2893
"TRIM28",3288,2844,3275,1887,3330,3995,2728,2627
"ETF1",2588,2927,2885,2113,3410,4864,2404,2768
"RAN",2723,2820,3352,2007,3398,5154,2163,2325
"SSR3",2681,2820,3112,2470,2673,4642,2438,3093
"HTRA1",2518,2025,3051,1481,4795,5066,2570,2409
"G3BP2",2867,2303,3175,1983,3670,4626,2607,2681
"ARHGAP35",3144,2337,3367,1651,3684,4046,2891,2766
"RBPMS",1906,3545,2400,2616,2623,4943,2016,3832
"STAU1",2859,2415,3566,2055,3626,3602,2974,2778
"NUDT4",2224,2509,2196,2949,2806,3186,2346,5650
"RGMB",4050,1912,4685,1293,4598,3107,2872,1339
"USP47",2215,2603,2968,2063,2990,5694,2163,3138
"GRK5",2088,3312,3307,2160,3012,4180,2174,3601
"PKD1P5",2656,2633,2549,1433,2547,4741,3040,4231
"ADAMTSL4",1845,3342,3156,2840,1599,2925,2564,5548
"NABP1",1980,2143,3801,2592,3953,4534,1577,3234
"IMPDH2",4042,3439,3336,1584,3401,3137,2553,2304
"HERC2",2897,2857,3132,1721,3156,4381,2560,3063
"SPAG9",2819,2278,3539,2009,3259,3911,2953,2980
"RPL36AP37",3699,3539,3656,1567,3619,3518,2085,2062
"SKIC3",2824,2571,3367,2122,3694,4036,2423,2693
"G3BP1",2949,2945,2823,2140,3133,4769,2255,2706
"ILF3",3330,2785,3220,1693,3516,4501,2382,2289
"SH3BGRL",2688,2165,3429,2233,3593,4038,2754,2807
"MAPKAP1",3083,3169,3452,2153,2766,3887,2506,2681
"TWF1",2777,2460,3464,1863,3683,4450,2468,2502
"TCF12",2895,2689,3162,1902,3561,3866,2594,2959
"OAT",2977,2765,3537,2170,2897,3550,2832,2898
"TUBA1C",4454,1975,4704,1180,3645,3654,2675,1330
"RRAS2",2036,2647,3301,3121,2586,4250,2075,3579
"TOMM20",2669,2577,3273,2341,2854,3969,2793,3093
"NDFIP1",2416,2679,3008,2584,2764,4103,2646,3366
"EML1",2664,2225,2969,1769,3331,4912,2765,2884
"LOXL2",2977,1187,3530,921,5134,5239,2743,1750
"CCDC50",2939,2749,3596,1990,3326,4659,1902,2320
"MOB1A",2665,2677,2871,2411,3041,4165,2560,3086
"PIEZO1",2354,1970,3618,1957,3162,4575,2996,2843
"KCTD10",2424,2951,3294,2646,2876,4646,1743,2879
"TBX18",4230,1103,4313,658,5631,2387,4204,930
"SARS1",3342,2305,3980,1564,3815,2943,3310,2169
"SESN3",3488,2274,4187,1342,3673,2876,3025,2480
"GRIA1",2064,2510,3213,2644,1211,5518,2192,3955
"CIRBP",3173,2060,3802,1761,3436,3431,3149,2491
"NCOR1",2608,2332,3083,1636,3574,4861,2468,2689
"UACA",2657,1512,3854,1912,4430,3707,2962,2176
"CHD2",3031,2540,3136,1791,3158,3811,2669,3054
"SRSF6",2800,2454,3545,1682,3771,4146,2542,2238
"HNRNPF",3142,3212,2637,1965,2834,3987,2451,2950
"VPS39",2910,2510,3193,2025,3186,4091,2457,2795
"DOCK7",2848,2344,3146,1686,3655,4639,2427,2390
"PDLIM1",2093,4077,2439,2455,3434,4222,1433,2969
"BNC2",3964,1852,4441,1336,3593,2598,3473,1860
"ECPAS",2423,2589,2872,2184,3126,3960,2501,3460
"NR3C1",4275,1655,4347,1274,3224,2252,4036,2031
"CREB3L1",3613,1937,4186,1241,4365,2425,3667,1649
"PXN",3274,2333,3731,1822,3223,2671,3016,3002
"LZTS2",3236,3145,2619,1686,2744,3861,2794,2985
"IARS2",2785,2353,2945,1998,3369,4352,2443,2817
"THRAP3",2878,2240,3505,1754,3654,3745,2777,2475
"WEE1",1813,2217,2853,2805,1952,4282,3122,3961
"PBXIP1",2856,2371,3488,2024,3350,3459,2716,2731
"RPL7P1",3269,3129,3393,1973,3125,3421,2373,2292
"DAG1",2395,2268,3761,2504,2398,4016,2359,3261
"RPL21P119",3092,3058,3499,1787,3361,3441,2398,2326
"STEAP2",1307,4089,1645,4100,1016,4623,1209,4950
"CRISPLD2",780,5764,1167,4211,887,3763,720,5633
"C1orf198",1701,1646,3561,2740,2456,5958,2264,2590
"RB1CC1",2561,2374,2933,1990,3640,3732,2434,3230
"FCGRT",2954,2424,3004,1940,3259,4082,2468,2753
"GBA1",3039,2022,3704,1738,3546,3465,2816,2523
"RCAN1",791,3469,4184,3022,1007,5001,1779,3595
"HDAC7",2487,3251,2742,2217,2285,4049,2193,3620
"EEA1",3079,2486,3436,1681,3275,2873,3202,2808
"TXN",2908,2904,3444,1947,3675,3564,2054,2344
"SRCAP",2829,2543,3248,1574,3431,4134,2634,2445
"ENG",3261,2116,3103,1266,3902,3709,3150,2327
"ACTR1A",2839,2971,3172,2003,3083,3681,2293,2771
"TCEAL9",1922,2725,2372,2442,2975,5352,2029,2992
"MID1",2983,1764,3922,1404,4143,4251,2452,1888
"AKT2",3156,2468,3610,1616,3112,3498,2795,2531
"FAM210B",3381,2790,2802,1633,2877,3502,2948,2844
"NQO1",3217,1929,3558,1207,5524,3704,2262,1360
"CSNK1A1",2792,2324,3277,1510,3359,4250,2586,2640
"AHCYL1",2590,2360,3069,2000,3468,4276,2177,2778
"RAB2A",2518,2640,2868,2518,2739,4260,2213,2914
"NIPAL3",2112,1867,5137,2657,2735,2751,2467,2905
"NBPF1",3026,1611,3530,1109,4417,3332,3425,2172
"HNRNPM",3410,3287,2836,1830,2631,3700,2167,2729
"SGK1",1833,2906,2217,1946,2836,5018,2713,3107
"PCM1",2769,2171,3405,1765,3524,3474,2782,2676
"KCTD12",4746,830,4805,414,5321,1391,4411,606
"TEX261",2909,2761,3078,2100,2902,3470,2552,2745
"ATP2C1",2832,2074,3156,1862,3269,3477,3117,2715
"HDAC5",2491,2538,2486,2100,2208,4525,2324,3825
"TBC1D16",2169,3381,2302,1635,3027,4737,2028,3198
"PLXNA1",2950,2266,3689,1812,2083,3000,3155,3519
"XRN2",2621,2339,3259,1783,3742,3816,2437,2474
"DEK",2389,2258,2882,2152,2951,4425,2441,2946
"SF1",2530,2322,3014,1895,3349,4417,2428,2486
"PKD1P2",2711,2731,2349,1335,2340,4401,2740,3826
"RAF1",2243,3414,2482,2396,2160,4004,1921,3799
"NARS1",2734,2567,3021,1875,3184,4274,2459,2293
"CIZ1",2762,2708,3286,1699,3400,3623,2326,2594
"MAP2K2",2429,2216,2882,1959,3169,4091,2367,3277
"DVL3",2313,2173,2984,1703,3960,4164,2452,2628
"MFN2",3018,2373,3386,1735,3317,3897,2413,2202
"RNF24",2169,1909,2282,1888,3323,5836,1852,3056
"CPNE3",2382,2606,2473,2056,2860,4566,2290,3077
"NUPR1",2322,1890,4111,1848,3793,3488,2631,2218
"FSCN1",3852,2494,2575,901,3904,4222,2677,1633
"PTGES3",2772,2478,3219,1918,3019,3810,2530,2450
"SUMF2",3019,2810,3258,1993,2830,3631,2206,2446
"SLC2A1",2092,2144,3164,1525,2520,7155,1658,1903
"CMPK1",2321,2605,2775,2476,2859,3791,2208,3121
"GALNT5",2137,1433,2903,1223,4146,5022,2796,2468
"C11orf58",2637,2521,3037,2020,3033,3927,2420,2532
"ACSL3",3219,2073,4600,1812,3107,2775,2527,2003
"SCPEP1",2693,1934,3386,2111,3171,3440,2727,2646
"RPS2P5",3985,3795,2750,1326,2797,3837,1898,1718
"PFKFB3",3007,3273,1982,1665,3383,4946,1676,2173
"UGGT1",2837,2305,3578,1709,2866,4064,2479,2255
"PKN1",2759,2623,3315,1883,2363,3157,2778,3203
"PCNP",2959,2325,3178,1930,2937,3610,2586,2537
"HSPB6",3473,3078,2775,1621,2084,2254,3571,3153
"ERBIN",2354,2511,2690,2197,2940,4673,2057,2576
"PHC2",1491,3276,1784,2747,1951,5468,1317,3952
"SEC16A",2504,2400,2864,1691,3098,4559,2148,2691
"EPRS1",2969,1938,3539,1759,3096,3441,2932,2273
"NPR3",929,1688,2099,1816,2749,7328,1855,3475
"VDAC1",2545,2549,2858,1738,2967,5077,2044,2144
"EIF3B",2618,2634,2922,1738,3046,4357,2341,2259
"CSNK1D",2852,2717,3144,1749,3154,3557,2467,2257
"ARMCX3",3209,2233,3191,1612,3161,3106,3017,2316
"USP33",1923,3331,2244,2502,2385,4117,1710,3626
"NEK7",2273,2197,3433,2141,2831,3997,2210,2755
"DSEL",2591,2139,2759,1548,4521,3654,2036,2575
"BMP4",2976,3873,3647,1734,2160,3118,2102,2204
"DCAF6",2009,2194,2830,1998,3386,4555,1967,2849
"DENND2A",2227,2612,2619,1695,2680,4303,2180,3444
"GCN1",2850,2605,2690,1485,3014,4404,2199,2511
"KMT2A",3215,2005,3108,1451,3336,3254,2686,2703
"RNF10",2599,2616,2910,2091,2820,4016,2066,2620
"ANKRD17",2610,2280,2873,1633,3436,4220,2263,2419
"SBF2",2260,1878,2999,1846,2946,4754,2197,2832
"SNX33",2520,2578,2703,1955,2762,3708,2125,3356
"DLG5",2389,2313,2572,1514,2883,4545,2416,3057
"FAP",1953,1619,2908,1903,4016,4618,2190,2475
"ERO1A",2508,2164,2843,1888,2512,4793,2095,2829
"PDZRN3",2980,3203,3012,1672,2537,2391,3006,2815
"CPXM2",1675,1056,4707,2796,2166,2585,3224,3373
"ROCK1",1968,2491,2437,2302,2680,4472,2092,3126
"SERF2",3168,2687,2871,1780,2470,3355,2718,2509
"ARHGEF17",2354,2666,2756,1811,2499,4423,2119,2908
"HIPK2",2170,2889,2128,1627,2629,4883,1978,3226
"SEPTIN10",2592,2046,2666,1634,3518,4044,2439,2589
"SEC24D",2716,2251,2876,1560,3325,3733,2696,2370
"CLK1",2512,2587,2403,2111,3280,3406,2235,2991
"RPS26",4535,4047,4343,2366,1873,2182,1125,1054
"EIF3I",3017,2673,3081,1758,2962,3634,2201,2197
"CTHRC1",800,974,1101,1534,3485,10140,1363,2125
"UBB",3204,2112,3361,1576,3407,3169,2735,1945
"AKR1B1",2339,1698,2837,1139,5913,4209,1803,1558
"C1orf21",2033,3630,2932,2860,1411,1674,1939,5008
"SUPT5H",2760,2327,3010,1712,3152,3602,2480,2437
"SSH1",2396,2149,3119,1588,2830,4563,2326,2462
"SSR1",2872,2239,3140,1942,3023,3762,2319,2136
"NISCH",2635,1889,3298,1480,3737,3715,2447,2226
"TRIM8",2534,2197,3412,1887,3073,3168,2424,2731
"GOLM2",2182,1877,3425,2005,3060,3603,2467,2791
"NAV2",3304,1911,2953,1383,2412,2767,3293,3385
"WWTR1",2883,2568,2659,1817,3208,3986,2031,2242
"RSU1",2363,2926,3123,2076,2320,3678,2127,2776
"EDIL3",1649,1244,2489,1515,3474,4745,3181,3053
"CREBBP",2639,1917,3135,1491,3225,3957,2378,2557
"CEP350",2254,2040,2933,1662,3103,3888,2470,2901
"TARDBP",2751,2080,3353,1614,3519,3716,2220,1990
"EEF1D",3147,2859,3361,1463,2828,3324,2224,2031
"SLC38A10",2688,2549,2885,1934,2228,3729,2330,2872
"SLC35E2B",3401,2130,3766,1556,3219,2646,2436,2052
"TNIP1",1833,2393,2579,1838,2450,4798,2045,3254
"SARAF",2618,1999,3494,1926,3141,3581,2261,2145
"PSMB4",2804,2808,3043,1694,2898,3461,2092,2360
"NAA50",2572,2197,2356,1615,3774,4423,2117,2094
"RPL17P6",3006,2759,2867,1526,3337,3283,2217,2150
"NPTN",2177,2188,3158,2225,2536,3568,2465,2822
"GOLIM4",2648,1756,3006,1491,3451,3551,2868,2355
"LTAP1",2657,2525,2700,1924,2917,3767,2077,2556
"BPNT2",2389,2373,2839,2145,2503,3888,2201,2752
"PPP1R12C",1881,2824,2677,2050,2312,4244,1837,3265
"SLC39A6",2376,1960,3058,1501,3988,3890,2229,2078
"VPS13C",2834,2021,2693,1589,2732,3484,2905,2820
"GNB2",2431,2786,2483,1697,2688,3932,2117,2935
"CAPZA2",2425,2329,2794,2006,2611,3897,2415,2539
"RAD21",2398,2836,2274,2201,2567,3351,1999,3378
"GLUD1",2426,2479,2767,2083,2716,3529,2198,2803
"NEK6",3064,1666,2985,978,3893,4115,2624,1672
"IRAK1",2915,2495,2111,1494,2765,4760,2027,2423
"RBM25",2327,2040,3067,1623,3364,3910,2495,2143
"KHSRP",3029,2607,2776,1523,2781,3323,2514,2384
"APMAP",2357,2476,2814,1972,2941,4063,1922,2379
"SNX6",2530,2239,2882,1909,3097,3648,2267,2342
"RAB3GAP1",2581,2206,3179,1730,2920,3347,2461,2467
"NAMPT",1749,3256,1829,2624,2382,3863,1452,3734
"SF3B3",2988,2291,2842,1708,3072,3514,2207,2266
"ICMT",2600,2407,3051,1873,2894,3886,2019,2132
"CTR9",2295,1822,3424,1804,2929,4314,2207,2067
"CDC25B",3316,2239,2774,1310,4275,2004,2748,2187
"ARPC5",1933,2765,2008,2428,1955,4919,1837,3003
"P4HA1",3284,1860,3314,1242,2809,4121,2464,1728
"KDSR",2329,2446,2156,2332,2115,3507,2266,3658
"FARP1",2190,2159,2920,1596,3080,5068,1641,2144
"S100A10",3040,2630,3510,1673,2689,2568,2335,2350
"HM13",2305,2165,3050,1718,2984,3969,2273,2315
"EIF2AK4",2307,1962,2709,1493,4029,4079,2078,2112
"MT-ATP8",1740,1854,3288,2262,3273,3670,2419,2258
"APOE",2510,1479,2210,1243,5102,5579,1425,1205
"ZDHHC5",2119,2133,2617,1834,2941,4513,2096,2490
"GBF1",2811,2146,3047,1622,3042,3491,2261,2312
"ISCU",3019,2653,2978,1742,3180,3019,2080,2055
"ARHGDIA",2295,2876,2601,1783,2337,4250,1937,2644
"CFLAR",1424,2617,1742,2364,2342,5198,1262,3761
"USO1",2503,2168,2640,1937,2763,4245,2084,2358
"RAB8B",2936,2695,2566,1668,2945,2992,2151,2712
"PI4KA",2835,1924,3206,1648,3056,3184,2466,2339
"DEGS1",2060,2373,2420,1827,2859,4700,1956,2445
"MYO1B",2016,1316,2831,961,4361,5792,1872,1456
"SAMD4B",2455,2529,2583,1675,2702,3408,2146,3105
"GJA1",2310,1448,3350,1893,3226,3676,2546,2151
"PCBP2",2570,2426,2861,2320,2778,3186,2158,2291
"MARCHF6",2568,2137,2907,1711,3084,3317,2432,2414
"INF2",2527,2405,2286,1686,2502,4060,2110,2981
"SMARCA5",2484,2159,2785,1605,3452,3644,2247,2178
"WBP1L",1843,2373,2616,2365,2217,3968,1739,3412
"MTPN",2362,1881,3119,1901,2716,3722,2345,2485
"VAPA",2344,2687,2369,2208,2422,3515,1951,3034
"TNFRSF10B",3080,2050,3140,1260,3411,3639,2109,1833
"MAPKAPK2",2451,2505,2465,1786,2943,4137,1927,2305
"TCP1",2670,2480,2802,1819,2958,3515,2004,2259
"GPRC5B",1132,2934,1204,3592,1216,2595,1387,6433
"XPO6",2307,2145,3203,1577,2980,3892,2242,2141
"HSD17B4",2340,2678,2735,1779,2865,3687,1928,2447
"SUPT16H",2557,2211,2919,1726,3054,3387,2316,2276
"WARS1",3424,1369,4642,1136,2757,1569,4294,1249
"SMG5",2320,2743,2434,1593,2808,4089,1938,2493
"NF2",1441,2864,2543,2821,1625,3089,1766,4266
"BBX",2043,2015,2502,1664,2761,4499,2114,2809
"FURIN",2104,2393,2144,1764,2853,4308,1790,3046
"UBXN6",2621,2376,2879,1659,2747,3530,2085,2493
"FIBIN",1505,2788,2346,2889,1518,3280,1261,4784
"TNPO2",2729,2392,2843,1859,2564,2759,2433,2791
"TMEM230",2978,2510,2943,1774,3096,3511,1684,1851
"PSMD1",2338,2290,2966,1899,2954,3653,2164,2068
"PIK3IP1",2501,1780,3225,2224,2684,2611,2345,2959
"DHX15",2629,2359,2612,1559,2671,3917,2179,2397
"PCDHGC3",3301,2690,2713,1555,2512,3053,2132,2355
"SIRPA",2186,1986,3270,1883,2401,4113,2031,2439
"HK1",2410,2192,2577,1435,2678,4545,2012,2450
"USP24",2636,1985,2327,1409,2847,3005,3431,2645
"HIPK3",2000,2077,2153,2194,2474,3871,2022,3448
"PDS5A",2329,2319,2617,1894,2670,3485,2182,2726
"CUL4B",2353,2373,2915,1660,3033,3262,2216,2399
"INPPL1",2460,2584,2572,1435,3164,3697,1989,2310
"ZFAS1",3908,4624,3176,1199,2163,2004,1628,1504
"RETREG2",2710,2263,2827,1656,2816,2869,2572,2491
"RPS21",3265,3169,2664,1524,2223,3175,2098,2082
"CCT7",2435,2469,2739,1572,2957,3731,2050,2242
"IGF2BP2",1713,2573,1795,1847,2703,4727,1598,3225
"BMP1",2405,2517,2735,1690,2736,3356,2339,2397
"CLIP3",1976,1820,2821,1898,3466,3644,2071,2469
"NF1",2313,1839,2722,1473,3235,3785,2409,2381
"OGN",3528,1701,3575,1182,1195,535,5453,2960
"EXT2",2647,2113,2989,1822,2614,2651,2598,2693
"RAB10",2707,2235,2837,1760,2823,3551,2173,2031
"NUMBL",2438,2133,2600,1352,4457,3251,1878,2001
"SNED1",2609,1684,3481,2034,2328,2378,2587,3002
"HADHB",2360,2349,2434,1827,2717,3096,2375,2936
"CSNK1E",2561,2473,2895,1693,2742,3527,1856,2347
"SYNCRIP",2382,2430,2531,1745,2834,3894,2077,2127
"TMEM50A",1722,2437,2124,2229,2595,4499,1688,2722
"DCBLD2",2252,1854,2439,1442,3572,3982,2283,2191
"MARVELD1",2293,2195,2749,1762,2702,3364,2391,2550
"MYCBP2",2688,2018,2621,1535,2946,3682,2216,2298
"SLC38A1",1499,1853,2274,2399,1868,4730,1986,3377
"PTPN13",2484,1619,3300,1324,3858,2970,2324,2079
"EPHX1",2179,1966,2644,1635,3993,3464,2099,1967
"PLOD2",2280,1365,2814,942,4050,5273,1873,1347
"KDM2A",2768,2182,2760,1512,2828,3515,2258,2121
"NUFIP2",2201,2376,2384,1860,2589,3869,1919,2724
"EDF1",2461,2191,2857,1404,2954,3725,2225,2100
"PDGFD",2021,1386,2697,2420,922,1445,3278,5739
"VPS13A",1930,1641,2579,1393,3147,3842,2532,2835
"XPO1",2525,2176,2882,1462,3190,3344,2293,2007
"AK3",2089,1923,2737,1759,2775,3216,2595,2783
"ITPR1",2987,2701,2653,1965,1753,3204,1571,3038
"RARRES1",2907,2491,5383,4219,412,384,1997,2074
"COMT",2038,2268,2769,1517,2743,4291,1872,2364
"ARAP1",2735,1923,3026,1372,2806,3323,2388,2278
"TMEM259",2416,2566,2648,1465,2614,3574,2022,2524
"MAPK3",2650,1970,3154,1461,3106,2755,2437,2295
"PHB2",2545,2623,2780,1483,2931,3392,1866,2207
"HMOX1",4355,1280,2061,871,4748,1559,3412,1524
"APPL2",2495,2012,3053,1962,2361,2251,2754,2922
"ACTA2",1169,1911,2455,3097,1734,5943,1151,2337
"RNF11",2506,2038,2839,1748,2584,3451,2299,2275
"ASH1L",2534,1903,2779,1493,3068,3318,2304,2337
"WAC",2274,2249,2657,1666,2936,3278,2085,2590
"PTPRK",2409,1769,2590,1343,3512,2925,2709,2473
"FAU",2997,3031,2597,1414,2492,3123,2007,2061
"LATS2",2123,2103,2506,1423,2840,3687,2468,2567
"MYO9B",2731,2149,2582,1180,2906,3579,2339,2247
"CCT8",2397,2295,2419,1823,2415,3733,2126,2495
"MLF2",2627,2364,2774,1424,3068,3598,2035,1776
"EIF5A",2635,2961,2423,1528,2487,3851,1861,1916
"DDX6",2554,1826,2599,1790,2687,3593,2182,2426
"KCTD20",2001,2137,2102,2076,2533,4646,1650,2495
"EP300",2361,2219,2591,1562,2815,3632,1946,2508
"HSPD1",2454,2143,2820,1464,2980,3697,2141,1909
"POLR2E",2587,2332,2855,1445,2804,3430,2077,2073
"PTPRA",2011,1915,2785,1768,2828,3406,2164,2709
"ARLN",3190,1908,2912,954,2824,3988,2561,1243
"WDR6",3117,2233,2793,1304,2982,2845,2347,1959
"PCNX1",2254,1859,2780,1382,3161,3479,2391,2263
"FKBP5",260,4652,381,3875,601,5493,154,4118
"WDR82",2547,2205,2695,1592,2759,3190,2233,2304
"TBL1XR1",2382,1782,3136,1574,3140,3143,2520,1809
"AKAP13",2229,2463,2206,1955,2074,3367,1861,3316
"BOD1L1",2340,1842,2723,1370,3114,3401,2243,2427
"CHP1",2114,2320,2531,2102,2309,3877,1762,2445
"GINM1",1911,1942,2875,2121,2576,3516,2011,2506
"TCEA1",2760,1886,3035,1587,2663,2774,2713,2031
"BNIP3",2010,1887,2312,1140,2193,6615,1509,1782
"MAGT1",2294,1512,3000,1780,2742,3627,2475,2011
"SZRD1",2181,2026,2615,1612,2493,4055,1972,2469
"TMEM127",1991,2072,2448,1829,2611,3754,1968,2748
"GTF3C1",2680,1985,2997,1411,2911,3211,2261,1964
"CNP",2640,2514,2280,1616,2794,3424,1975,2168
"COL4A1",1071,2803,1351,1516,2017,6707,1162,2758
"ELOVL5",2045,1814,2584,2229,2275,3863,1863,2650
"EIF2S3",2487,1939,2734,1444,2873,2794,2700,2347
"ATP5F1E",2576,2608,2848,1621,2722,3071,1912,1945
"GSPT1",2223,2307,2452,1837,2642,3571,2022,2216
"BCAT1",1962,1650,2613,1524,2427,3210,2945,2936
"NUP98",2180,2079,2311,1653,2745,3962,1934,2391
"PRKAA1",1759,2873,1947,1975,1810,4189,1707,2988
"ANP32B",2023,2243,2764,1701,2863,3244,2165,2239
"DGCR2",2793,2156,2799,1620,2337,2997,1986,2553
"STS",1367,1755,1634,970,3199,4814,2585,2917
"RPL7L1",2254,1987,2646,1685,2919,3760,1929,2047
"HNRNPA0",2782,2361,2638,1465,2454,3127,2341,2049
"PIP5K1C",2344,2176,2675,1476,2701,3397,2108,2339
"ARL8B",2063,2175,2578,1901,2634,3344,1953,2565
"HIGD1A",1396,3541,1796,2307,1780,3880,1330,3171
"TRAF7",2406,2315,2344,1323,2905,3653,1934,2296
"PRDX5",2403,2416,3061,1517,2519,3250,2065,1939
"FNDC3A",2668,2039,2625,1246,3209,3485,1979,1912
"PGM5",1929,1576,3332,1590,2258,2476,3209,2763
"SPART",2255,2862,1981,1804,2384,3123,2001,2710
"ITGA4",3580,3175,1454,1226,1466,2929,1966,3307
"MAN1A2",2406,1896,2650,1439,2499,3178,2630,2401
"TNKS2",2734,1934,2468,1357,2871,2857,2726,2151
"EXOC4",2362,1986,2706,1563,3011,3225,2153,2071
"C6orf62",2594,1911,2980,1614,2683,2961,2243,2087
"CPED1",1133,1530,2432,2814,1253,3665,1804,4441
"SLC4A7",2642,1247,3493,1206,3405,1999,3407,1658
"PTDSS1",1988,1558,3328,1234,3515,2969,2725,1698
"MFSD1",3446,2283,3304,1906,1866,1783,2259,2167
"SMARCC2",2350,1879,2797,1425,3248,3267,1971,2042
"GHITM",2317,2168,2724,1772,2725,3196,2038,2035
"SRP9",2581,2108,2549,1630,2843,3261,2085,1914
"MSL1",2286,2068,2467,1633,3042,3266,1963,2246
"RARRES2",3707,2516,4032,1583,1530,1770,2199,1612
"RAB6A",2170,2119,2547,1865,2572,3254,2014,2403
"RPL13P12",3421,3329,1958,1026,2582,3433,1573,1614
"PUM1",2436,2155,2343,1493,2804,3416,2004,2283
"FAM107B",2677,1319,4865,1112,3015,2180,2546,1217
"KIF3B",2177,2000,2562,1706,2713,3414,1997,2351
"ABCA6",1514,2686,1781,2306,1782,3414,1638,3794
"RBL2",2235,2345,2322,1725,2320,3115,1981,2866
"DNM2",2236,2072,2656,1517,2649,3505,1986,2281
"PFKP",2243,1617,2208,859,2483,5481,2191,1812
"FMO2",1482,1360,4422,3632,1136,2972,1250,2633
"BRK1",2350,2150,2649,1724,2663,3126,2112,2112
"EMP3",3035,2016,3240,1102,2961,2432,2556,1538
"UBE4B",2383,1695,2681,1590,2766,3055,2049,2634
"SIPA1L1",2286,1351,2763,1002,3624,3406,2578,1837
"TOB2",2350,2521,2271,1837,2281,2991,1979,2589
"ARHGEF2",3189,1411,3637,942,3365,2179,2754,1341
"DPYD",1988,2089,2532,1490,2680,3154,2273,2601
"SULF2",5193,2820,3536,827,2306,1781,1450,892
"F2RL2",2405,1487,2830,1162,3955,3967,1680,1315
"TTYH3",3090,1421,2489,781,3786,3201,2506,1508
"TRPC4AP",2465,2085,2574,1508,2873,3231,1921,2108
"EPN1",2553,2577,2576,1515,2335,3240,1784,2182
"COL18A1",2156,2345,1703,1107,2643,4184,1836,2786
"RABGAP1",1872,1815,2408,2249,2322,3745,1846,2501
"KREMEN1",2572,1755,3580,1515,2583,2452,2056,2228
"FOXF2",2979,2190,3220,941,3181,2207,2680,1327
"INTS1",2596,1938,2449,1205,2924,3655,1957,1995
"CDC37",2251,2252,2711,1417,2622,3614,1868,1972
"FTH1P2",1879,1852,2596,1809,3548,3540,1638,1839
"CRK",2377,2344,2348,1727,2323,3281,1904,2373
"GOLGA3",2427,2355,2456,1362,2514,3470,2002,2089
"PARK7",2504,2467,2580,1498,2549,3240,1901,1936
"PLIN3",2622,2501,2805,1342,2096,2859,2009,2417
"ALDH9A1",2279,2501,2858,1550,2961,3143,1673,1678
"DYNLL1",2111,1780,2882,1383,2762,4087,1949,1663
"POLR2B",2435,2020,2534,1475,2746,3279,2060,2053
"SEC11A",2368,2297,2616,1606,2590,3109,1934,2063
"PTPRF",1963,1073,3227,1189,2925,4280,2021,1903
"MAOA",441,3707,575,3100,653,6384,227,3484
"PPP2R5C",2307,1909,2696,1598,2636,2893,2132,2390
"AP3S1",2158,2025,2604,1781,2685,3011,2044,2242
"PUM2",2309,2042,2321,1576,2531,3165,2104,2497
"PPIB",2622,2275,2475,1364,2522,3586,1923,1761
"SNTB2",2350,2465,2278,1294,2622,3190,2121,2207
"CLTA",2389,2072,2619,1392,2748,2947,2297,2046
"POLR2L",2225,2220,2684,1449,2496,3608,1801,2017
"CTSZ",1766,1823,2561,1524,2858,3870,1976,2113
"YIPF3",2232,2034,2508,1526,2723,3348,1946,2173
"UPF1",2158,2266,2436,1518,2341,3310,1964,2495
"YY1",2213,2011,2326,1621,2694,3225,2161,2234
"TTC17",2150,1825,2627,1423,3038,3090,2171,2147
"CHPF2",2131,1719,2559,1515,2747,3922,1923,1953
"PARD3B",1431,1379,2702,1912,2150,4072,1713,3100
"UQCRB",2420,2041,2637,1411,3208,2818,2092,1814
"CDC42BPA",2088,2006,2666,1550,2853,3213,2004,2045
"WDFY3",2281,1810,2094,1536,2441,3373,2020,2868
"HERPUD1",1702,2377,2113,2047,2090,3951,1430,2707
"SMIM14",2089,2991,2361,1870,2105,2395,1802,2768
"CPT1A",1497,2638,1734,1678,2160,3618,1912,3129
"ZBTB44",2249,1990,2442,1499,2979,3646,1670,1889
"TMEM245",2206,2068,2249,1521,2461,3234,1999,2584
"CDC14B",1529,2314,1948,2302,1820,3408,1759,3226
"SETD5",2312,1818,2635,1331,3155,3205,2138,1709
"PDCD4",2859,1601,2985,1244,2968,2091,2690,1859
"TOMM7",2889,2421,2741,1616,2194,3034,1695,1695
"TPGS2",2030,1508,3550,1508,2707,2840,2156,1975
"VPS41",2054,1582,2681,1578,2825,3223,2174,2138
"ARL1",2398,1625,2996,1580,2514,2956,2252,1934
"CHMP4B",2012,1913,2552,1623,2478,3233,2227,2212
"PRMT2",2412,1973,3012,1402,2660,2812,1999,1976
"COTL1",1786,2233,2221,1518,2290,4290,1948,1951
"SUB1",2613,2050,2422,1302,2929,2989,2107,1812
"SYT11",2026,1667,2885,1779,2429,3031,2067,2319
"GDE1",1941,1825,2481,1676,2858,3584,1729,2105
"RAB34",2210,1994,2598,1418,2611,3214,2140,2007
"PLCD3",2373,2031,2463,1321,2339,2482,2467,2711
"INTS3",2514,1895,2797,1382,2613,2790,2031,2162
"MLXIP",1792,1723,2723,1761,1662,3454,2248,2815
"AZIN1",2413,1966,2454,1516,2615,2612,2434,2167
"MYO1E",1063,1943,2260,1987,1590,4314,1748,3270
"SLC39A1",2060,2126,2370,1655,2292,3447,1797,2421
"KIAA1191",2089,1713,2486,1829,2512,3704,1689,2139
"RPL7AP6",2327,2180,2744,1299,2798,3282,1789,1737
"ATP6V1E1",1810,2075,2608,1746,2469,3483,1678,2285
"CDH6",1327,483,5505,1208,2215,1656,4268,1469
"APBB2",1585,2716,1726,2262,1774,3857,1196,2975
"PLSCR4",1665,1939,2308,1882,2124,3660,1731,2777
"YPEL5",2087,1955,2380,1848,2427,2833,2046,2510
"BCL9L",2324,2532,2181,1300,2614,3184,1832,2119
"LAYN",1910,1444,3206,1407,2640,3475,2118,1883
"CD47",2058,1634,2703,1415,2744,3086,2317,2105
"ITPR3",1758,1585,3013,1575,2163,3346,2091,2527
"SCN9A",1217,1220,3093,1417,3085,3408,2178,2429
"GOLGA8A",2649,2367,2168,1194,2191,2703,2497,2270
"KLHL21",2264,2253,1834,2034,2373,2810,1766,2704
"PACS1",2201,1786,2587,1518,2738,3109,2015,2083
"IFNAR1",2263,1846,2685,1499,2742,2830,2024,2132
"AMFR",1853,1676,2599,1779,2723,3289,1857,2223
"RPL27AP6",2441,2421,2757,1254,2872,2786,1742,1719
"YTHDF3",2233,1787,2559,1557,2695,3170,1981,1970
"POGLUT3",2843,2330,2808,1773,1477,1989,2228,2467
"IPO9",2397,1856,2625,1359,2833,2895,1959,1975
"UBTF",2239,2042,2582,1356,2927,2920,2005,1818
"FILIP1L",2409,1551,4425,1218,2842,2533,1663,1242
"TMEM167A",2039,2035,2352,1627,2260,3734,1573,2258
"ZMYND11",2085,1840,2567,1466,2761,3188,2027,1941
"CHN1",2214,1562,3655,1065,3506,3545,1442,877
"PNRC1",1983,2287,2104,1893,2304,2830,1677,2785
"PTEN",2573,1700,2879,1331,2810,2407,2347,1801
"ITGA7",2661,1510,3550,1487,2042,2001,2712,1882
"ANAPC5",2243,2157,2879,1488,2339,2816,1946,1966
"LMAN2",2393,2292,2519,1323,2407,3227,1631,2033
"RER1",2053,2129,2399,1605,2371,3388,1777,2087
"ARF3",2109,2007,2462,1840,2202,3260,1804,2083
"SMPDL3A",2053,2420,1746,1257,2600,3223,2005,2459
"NRBP1",2139,2093,2556,1457,2627,2842,2004,2031
"ATP6V1B2",2235,2023,2236,1745,2264,2812,2087,2335
"CGGBP1",2173,2235,2200,1722,2225,2900,1798,2462
"PFN2",2390,1666,2847,1415,2746,2704,2283,1663
"MDM2",2650,1471,3097,1153,3041,2669,2186,1441
"CEP170",2408,1425,2754,1059,3016,2490,2463,2089
"UBQLN1",1940,1901,2470,1646,2376,3376,1764,2209
"PLBD2",2304,1769,2297,1103,2173,3430,2079,2526
"ARGLU1",2212,2018,2363,1411,2337,2897,2162,2268
"TCTN3",2797,1542,3041,1431,2303,2299,2484,1759
"TFE3",2117,1919,2589,1425,2909,2691,2016,1989
"EPHB6",1399,3130,2425,2581,708,2738,1094,3579
"CBX5",2771,1578,2924,1120,2670,2591,2464,1486
"SKI",2174,1785,2263,1273,2441,3027,2391,2227
"VSTM4",1510,2299,2384,1927,1878,3525,1618,2432
"MTCL1",2461,1792,2826,1150,2754,2813,2192,1576
"EID1",2553,1936,2417,1611,2420,2693,2069,1851
"SRP72",2298,1717,2561,1304,2780,2907,2141,1839
"SCARA3",2764,1259,2960,1225,3171,2373,2124,1664
"SDHA",2340,2107,2410,1392,2494,2838,1868,2089
"GDI1",2061,2028,2483,1425,2527,3166,1705,2125
"ARPP19",1954,2150,2201,1655,2205,3193,1814,2345
"LRPAP1",2075,1572,2868,1329,2555,2936,2110,2071
"SGCD",3042,1105,5066,1140,2006,1353,2586,1217
"TMEM263",2504,1910,2671,1375,2500,2956,2031,1559
"DNAJC3",1871,1917,2126,1749,1997,3636,1911,2294
"POFUT1",2147,1716,2810,1488,2236,2885,2058,2144
"IST1",2221,2026,2413,1494,2496,2805,1988,2040
"TRRAP",2274,1557,2319,1065,2730,3338,2075,2113
"LDB1",2185,1370,2936,1130,3393,2453,2232,1767
"LRRFIP1",1611,1663,1758,1610,1704,4147,2031,2941
"GUK1",2187,2160,2471,1284,2271,3175,1902,2007
"ATXN10",1985,1840,2528,1538,2303,3261,2016,1976
"GOLGA2",2288,1813,2573,1066,2656,3123,2053,1869
"RALGPS2",1979,1541,2285,1017,3544,2851,2337,1870
"TMEM214",2024,1940,2211,1443,2370,3687,1783,1953
"ATM",2048,1655,2698,1236,2494,2994,2237,2032
"DUSP3",1812,2492,1816,1360,2372,3840,1513,2187
"SLC2A10",1709,1768,2157,1883,2423,3923,1361,2166
"COX7C",2470,2123,2514,1514,2236,2891,1844,1782
"RBM5",2368,1748,2694,1327,2647,2520,1996,2073
"ASCC3",2231,1657,2362,1017,2955,3305,2096,1750
"ALDH1L2",2201,1632,2877,1227,2259,2702,2540,1924
"RHEB",1512,2375,1745,2228,1571,3312,1542,3056
"AP1M1",1556,2885,1521,1631,1669,4090,1126,2842
"TSC2",2362,1904,2376,1167,2666,3026,1812,2003
"ZFC3H1",1693,1934,2327,1601,2494,3260,1699,2307
"AP1G1",2024,1900,2306,1677,2398,3314,1689,1975
"SNX5",1816,2158,2109,1887,2221,2794,1805,2474
"CTIF",1832,1812,2534,1348,2183,3437,1920,2179
"GLB1",2155,1902,2651,1577,2448,2587,1919,2006
"UBE3C",2019,2042,2213,1518,2429,3246,1742,2027
"VDAC2",1977,2433,2145,1817,1960,2969,1480,2444
"KMT2D",2022,1808,2314,1107,2413,3812,1671,2069
"TMEM109",2060,2342,2095,1548,2020,2846,1855,2449
"TCF25",2160,1893,2686,1321,2627,2780,1865,1879
"RPSAP15",3987,3643,2143,1123,1752,1972,1338,1235
"MAN1B1",2145,1814,2560,1370,2464,2654,2050,2132
"SP100",1989,1707,2562,1597,2579,2645,1921,2185
"PPDPF",2261,2089,2825,1351,2257,2670,1877,1847
"DNAJB6",1783,1968,2022,1597,2497,3383,1685,2233
"YKT6",2157,1941,2302,1479,2431,3223,1808,1815
"PCSK7",1167,1434,1900,2134,1949,5074,1382,2110
"RSL1D1",1984,1933,2533,1334,2627,3144,1754,1834
"STAG2",2190,1819,2301,1502,2478,2598,1990,2263
"CUL4A",1947,1955,2279,1450,2356,3113,1907,2132
"PPP1R18",2293,1946,2367,1256,2713,2645,1922,1995
"ARHGEF40",2910,1491,2655,641,3457,2490,2291,1188
"TFG",1951,1743,2422,1449,2560,3260,1814,1918
"ASXL1",1987,2088,2143,1603,2283,3069,1677,2263
"AGPAT3",1711,1623,2297,1408,2640,3430,1995,2001
"ABLIM3",2188,2128,2717,1228,3509,2605,1381,1346
"TALDO1",2077,2388,2243,1384,2530,2970,1489,2020
"SMARCD2",1339,3593,1587,1986,1403,3003,1144,3039
"MIA3",2195,1632,2397,1332,2773,2785,2044,1929
"TWIST2",1471,2538,1883,1313,2075,3951,1342,2512
"EIF2S2",1907,1868,2461,1428,2550,3064,1906,1889
"BTBD1",1788,1645,2454,1550,2595,3474,1686,1876
"LINC00968",620,2265,1141,2467,1197,4195,690,4490
"WASHC4",2077,2174,1884,1489,2408,3220,1542,2262
"UBFD1",2599,1812,2554,1218,2587,2934,1842,1507
"MRGPRF",1888,2850,1858,1448,2108,3418,1427,2044
"ACAP2",2173,1547,2409,1312,2940,2663,2035,1938
"YLPM1",2051,1707,2373,1427,2609,3221,1764,1861
"TNFRSF19",1920,733,2242,634,3318,3493,3197,1469
"RALY",2433,1557,2874,1049,2454,2687,2348,1596
"SUN2",1074,3645,1206,2453,778,2583,944,4305
"SNX29",1646,1554,2513,2140,1820,2481,1719,3112
"SELENOM",1902,1955,2352,1513,2126,3153,1772,2205
"ERC1",2521,2079,1984,1206,2289,2858,1892,2126
"SLC25A36",1906,1922,2148,1356,2241,3208,2094,2080
"GORASP2",2118,1728,2454,1196,2694,3085,1990,1685
"CTBP1",2575,1951,2429,1133,2613,2582,1970,1697
"ATP6V1A",2216,1649,2092,1211,3689,2923,1791,1377
"PSD3",2334,1647,2491,853,3643,2839,1818,1316
"COPZ1",2312,1690,2584,1270,2702,2757,1969,1652
"CIC",2467,1512,2612,983,2700,2603,2309,1740
"LRPPRC",2177,1749,2412,1330,2655,2795,2049,1746
"RHOC",2184,2200,2061,1257,2415,3511,1613,1671
"KANSL3",1881,1925,2338,1798,2098,2388,1883,2596
"FBXW5",1917,2077,2201,1158,2506,3592,1495,1961
"TMX3",2198,1673,2574,1421,2582,2598,2082,1770
"SEC24C",2154,1851,2364,1298,2543,2912,1867,1902
"MGP",636,710,2555,3036,1534,2185,2336,3888
"CTSF",1774,1587,2640,1714,2535,2909,1679,2038
"PBX3",2374,2029,2953,1475,1538,1921,2687,1890
"H1-0",1651,1994,3410,1666,2031,2692,1669,1750
"CFL2",1934,1938,2338,1606,2260,2670,1966,2145
"ZRANB1",1338,2505,1585,1850,2011,3826,1278,2446
"BAZ2A",2021,1910,2375,1348,2488,2921,1682,2089
"ADGRL2",2849,2283,2975,1237,1451,1721,2329,1983
"NIBAN1",2688,1381,3388,1345,1794,1093,3176,1957
"ZNF207",2085,1998,2170,1331,2616,3317,1545,1756
"CDS2",1604,1919,1706,1855,1803,3412,1545,2973
"LHFPL2",3596,1286,2980,747,3072,1555,2489,1070
"PDXK",1994,1809,2038,1350,2003,3169,2165,2259
"GSTK1",1928,1878,2402,1312,2488,3144,1689,1938
"C7",256,4900,293,914,943,7178,208,2076
"ZFAND3",1870,1510,2454,1417,2556,3189,1932,1839
"SECISBP2L",1873,1644,2261,1300,2751,3400,1654,1872
"SAFB",2160,2099,2188,1546,2242,2365,1857,2287
"CBX3",2184,1981,2112,1370,2563,2921,1854,1741
"RDX",2026,1829,2207,1338,2638,2685,1967,2024
"CLPTM1",1799,1866,2353,1450,2441,3185,1596,2013
"EIF2AK1",1970,1829,2370,1438,2463,3006,1721,1888
"CAT",1687,2840,1571,1523,1779,2643,1555,3083
"GNL1",2083,1981,2246,1147,2555,2895,1889,1880
"DAPK1",2283,2087,2758,1748,1168,2491,1810,2325
"WIPI2",1675,1831,2319,1608,2265,3075,1564,2329
"C12orf75",1974,1408,2792,1737,2119,2227,2273,2135
"RPL14P1",2058,2019,2651,1074,2802,2837,1620,1598
"STRAP",1638,1972,2207,1551,2519,3237,1575,1916
"PSMB7",2310,1761,2468,1188,2527,2832,1833,1686
"MKRN1",1890,1818,2265,1596,2149,2561,1950,2374
"HACD3",2061,1635,2498,1240,2730,2998,1845,1587
"SP1",2101,1623,2468,1312,2451,2778,1854,2007
"ERP29",2229,1726,2603,1282,2585,2663,1824,1678
"ADARB1",233,976,1131,2373,1018,7058,527,3262
"SAP18",1850,1932,2353,1551,2319,2925,1694,1949
"TANC2",1670,1946,1731,1613,1767,3779,1709,2338
"ZER1",1981,1643,2481,1372,2375,2685,1884,2129
"DOCK11",1476,1818,2441,1789,2003,2602,1782,2638
"ENDOD1",638,1711,1182,2519,909,5825,843,2902
"EHD1",1838,2067,2435,1576,1509,3070,1751,2281
"WDR11",1964,1789,2311,1533,2093,3002,1752,2080
"LRIG3",2236,1789,2325,1069,3134,2539,1867,1561
"FLOT2",1639,1749,2006,1591,2087,3786,1472,2178
"PHLDA1",2864,1247,2799,804,3067,1932,2528,1241
"AMOTL1",1822,1272,2209,1093,2297,3916,2047,1824
"RANGAP1",1617,1860,1885,1431,2489,3730,1510,1952
"RPL4P4",2150,2232,2657,1171,2745,2617,1462,1440
"SNX17",2195,1985,2273,1376,2252,2650,1842,1891
"RAB11FIP3",1498,1720,1861,1504,2144,3838,1608,2286
"FAXDC2",2037,1782,2285,2267,1931,1716,1818,2622
"LONP2",2075,1737,2384,1299,2406,2830,1863,1863
"TUBB4B",2472,1879,2906,844,2254,3790,1231,1080
"KDM5B",2197,1574,2123,1139,2746,3053,1809,1814
"LRIG1",1883,1678,1903,984,2394,3426,2033,2153
"ANKFY1",2114,1712,2287,1238,2357,2906,1835,1997
"KMT2C",2294,1682,2112,995,2603,2717,2051,1972
"KLF13",1743,2506,1544,1752,1345,2773,1487,3268
"SRSF3",2032,2004,2429,1446,1837,3342,1613,1696
"SEPTIN8",2425,1642,2514,1081,2635,2454,1990,1658
"BPTF",1971,1570,2381,1219,2523,2934,1833,1968
"GOLM1",1957,1419,2674,1298,2952,2561,2038,1497
"CTSO",1818,1834,2459,1745,1865,2154,2168,2333
"EPS15",1888,1857,2388,1699,2117,2418,1856,2151
"NLGN2",2115,1840,2542,1396,2431,2445,1877,1726
"HMGN1",2389,1536,2728,1145,3008,2387,1976,1202
"YIPF5",2084,1409,2563,1161,2482,3005,2054,1581
"NPLOC4",1811,1993,2175,1528,2209,2946,1685,1981
"U2AF2",2283,1695,2440,1004,2493,2921,1839,1634
"SCYL1",1814,1781,2212,1167,2405,3296,1708,1916
"BCAP31",1820,1931,2189,1418,2380,3330,1485,1742
"MN1",1758,1950,3353,1656,891,1445,2658,2568
"FSTL3",1130,4307,1064,1957,703,2510,980,3624
"ZDHHC3",1528,1965,2200,1739,2105,3030,1393,2313
"ABHD4",1941,1626,2623,1270,2824,2280,1844,1861
"RRAS",1478,2081,2191,1670,1730,2892,1594,2632
"CLIP2",2064,1364,2207,951,2853,3344,1794,1685
"CORO1B",1922,2133,2051,1221,1976,3209,1522,2226
"FBXW2",1953,1800,2515,1379,2173,2777,1762,1899
"MAN2A1",2039,1875,2294,1393,2280,2390,1862,2123
"AKT1",2077,2057,2182,1253,2010,3053,1600,2006
"CHCHD2",2173,2026,2302,1221,2041,2828,1832,1814
"SSH2",1068,2704,1533,2124,1873,3157,916,2856
"ANK2",2834,1198,2543,914,3149,1319,2723,1548
"TM9SF4",1965,1600,2533,1331,2400,2839,1755,1803
"CCN5",1468,493,4508,1566,3316,2107,1753,1004
"RRAGA",2012,1895,2262,1461,1943,2798,1863,1968
"PRPF40A",1899,1756,2235,1342,2518,3193,1660,1599
"IGFBP2",115,483,1758,2745,985,7031,436,2625
"LSM14A",1860,1605,2189,1381,2464,2986,1810,1867
"DPP7",1915,1847,2108,1100,2544,3288,1549,1793
"DCTD",2106,1835,2154,1262,2353,2833,1771,1818
"EHD3",2011,3335,1842,1018,1832,3358,1197,1535
"ARNT",2066,1762,2118,1316,2380,2765,1790,1930
"MTOR",1546,1719,1745,1970,2099,3280,1237,2521
"ZNF638",1835,1658,2107,1273,2643,2845,1781,1951
"FLNB",1719,1623,2108,1315,1339,3586,1875,2524
"KHDRBS1",2570,1913,2239,1115,2123,2585,2012,1517
"RALGAPB",2071,1647,2282,1294,2467,2641,1797,1871
"SUMO2",2255,1691,2361,1388,2316,2285,2012,1753
"ATG9A",1775,2020,2003,1534,2082,2912,1520,2214
"SRSF1",1964,1656,2211,1289,2399,3164,1780,1591
"TP53INP1",2483,1550,2234,1281,2566,2180,1979,1772
"PPP1CC",2041,1958,2191,1286,2131,2848,1762,1823
"GLRX",1145,2262,1768,1955,1787,3723,1074,2325
"OAZ2",2256,1734,2497,1228,2483,2547,1815,1476
"ESD",1866,1761,2229,1379,2339,2850,1745,1856
"VEGFA",3144,1126,2949,476,2835,2406,2243,842
"PHLDA3",2549,2011,2233,968,1883,2311,2199,1864
"CEBPD",1219,2917,1128,1550,1321,4342,770,2769
"KIAA0930",2660,1908,2194,843,2773,2635,1613,1369
"IDS",1483,1306,2374,1593,2171,3097,1790,2175
"SFXN3",2031,2030,1963,1330,1750,2585,1888,2410
"TAPBP",1635,1651,2325,1364,2669,2888,1653,1789
"TSC22D3",377,4348,522,3098,357,1885,436,4945
"TPST1",2723,1864,2470,1097,2443,1742,2072,1533
"HPS1",1893,1876,2142,1163,2343,2869,1739,1917
"ASPN",1193,926,3552,2986,1219,1008,1912,3132
"PRPF6",1979,1833,2200,1218,2340,2933,1583,1839
"FAM20C",1211,1432,1607,1621,1432,5077,1279,2260
"CASC3",2059,1735,2129,1227,2600,2757,1765,1642
"REEP3",1597,1553,2233,1845,2070,3476,1364,1776
"KIAA0319L",1910,1534,2492,1297,2551,2658,1574,1895
"PTK2",1988,1789,2080,1309,2225,2963,1655,1896
"CD82",1061,3349,1281,1275,1840,4531,772,1782
"RAB11A",1755,1639,2148,1364,2341,2919,1797,1922
"SMAD5",2381,1630,2110,1246,2291,2626,1871,1719
"GEM",1927,1726,1916,1964,1571,2433,1567,2765
"KDM3B",1912,1670,2340,1292,2374,2813,1590,1854
"TMED5",1672,1902,1736,1435,2217,3008,1553,2306
"BCL2L1",1949,1894,1974,1551,1993,2457,1792,2215
"SYPL1",1874,1763,1958,1647,1894,2700,1835,2144
"GFPT1",1830,1596,2029,1251,2638,3428,1512,1529
"WFS1",1575,2000,2071,1487,1414,2629,1822,2807
"GPSM1",2515,1554,2489,971,2203,2316,2168,1587
"PDAP1",1804,1791,2273,1273,2452,2915,1674,1620
"GCLM",990,1611,1304,1842,1364,4543,1237,2884
"VOPP1",2041,1776,1801,1400,1771,3042,1682,2259
"ZNF664",1999,1499,2308,1307,2660,2558,1790,1651
"TMED7",1776,1600,2132,1726,1884,3067,1676,1909
"DNAJC5",1855,1764,2153,1351,2040,3069,1705,1831
"RIC8A",2180,1950,2257,1250,2184,2688,1549,1694
"ELP2",1997,1548,2248,1227,2547,2726,1710,1744
"NFAT5",1685,1375,2400,1042,2870,3199,1626,1545
"SPIN1",2074,1346,2351,1198,2469,2175,2215,1914
"HERC1",2055,1637,2099,1220,2225,2406,1958,2129
"KARS1",1919,1948,2286,1237,2309,3054,1447,1527
"EI24",1879,1624,2214,1177,2451,3017,1680,1684
"RPS3AP5",2079,1959,2497,1192,2406,2420,1634,1524
"MFF",1685,1492,2182,1288,2309,3343,1594,1810
"CCDC69",385,3989,739,2575,395,3598,564,3439
"TSPAN4",1838,1641,2377,1347,1886,2732,1826,2037
"CMTM6",1451,1781,1827,1654,1867,3321,1381,2399
"CREBL2",1876,1682,2247,1633,1839,2396,1769,2234
"UFM1",1826,1635,2079,1324,2372,3057,1668,1715
"CCDC14",1646,1193,2742,1148,2455,2328,2261,1903
"TP53BP1",2496,1312,2650,857,2971,1959,2061,1358
"TMX4",1727,1418,2188,1737,2015,2159,1982,2409
"MAP4K5",1782,1400,2309,1231,2551,2868,1768,1724
"CCNY",1788,1786,2012,1469,2279,2589,1650,2046
"PGAP6",2030,2054,1764,1158,2125,3032,1516,1934
"RBBP7",2006,2085,2079,1335,1906,2457,1799,1944
"ADCY9",1789,1525,1979,1119,2010,3156,1865,2116
"SERP1",2002,1755,2212,1300,2036,2737,1936,1579
"SPG21",1964,1812,2110,1308,2090,2531,1796,1940
"SF3A1",1968,1934,2060,1487,2111,2525,1565,1897
"FZD1",2013,1857,1921,1227,1742,2316,2040,2422
"LRRFIP2",1386,2144,1745,1840,1730,2863,1445,2379
"ERLEC1",1619,1613,2297,1510,2075,2757,1668,1984
"FADS3",1240,1954,1520,1515,1745,4444,896,2202
"IRS2",797,1929,803,2383,751,4045,725,4075
"WASHC5",1979,1532,2134,1187,2301,2678,1942,1741
"AFAP1",2100,1208,2661,784,2682,2346,2129,1578
"SREBF2",2816,1558,2799,1113,2106,1977,1460,1659
"AGRN",2265,1706,2149,924,2444,3046,1546,1406
"AKAP11",1901,1496,2119,1185,2318,2788,1851,1823
"TMEM131",1883,1296,2370,1217,2548,2560,1881,1710
"TGFB1",2170,1701,1948,904,3081,2424,1632,1594
"DBNL",1993,1565,2178,1193,2138,3131,1616,1625
"EIF2AK2",2158,1606,2168,1134,2337,2572,1802,1659
"OXA1L",2002,1668,2269,1140,2543,2555,1680,1578
"PALM",1839,1514,3092,1803,788,852,2551,2995
"TMEM165",1671,2299,1817,1558,1708,3249,1267,1848
"PRDX3",1918,1932,1928,1437,2097,2831,1521,1726
"ARPC1A",1923,1866,2198,1212,2291,2595,1608,1675
"MTR",1669,1320,1619,1047,2490,3201,1840,2181
"WDR45B",1870,1656,2297,1126,2146,3060,1634,1569
"PPP2CB",1563,1973,1873,1814,1671,2508,1563,2388
"KPNA6",1700,1614,2056,1402,2353,2913,1542,1763
"DAAM2",1246,2839,1394,2458,788,4026,626,1962
"CERS2",1837,1892,2062,1306,2095,2431,1632,2083
"FUS",1766,1760,2146,1078,2449,3387,1436,1293
"TRPM7",1632,1627,2023,1310,2091,2497,2018,2112
"MAF1",1761,1813,2010,1354,1972,2670,1572,2153
"DYNC2H1",1743,1608,2177,1190,2216,2781,1665,1923
"SLC16A3",1457,1435,1264,633,1640,6615,1018,1238
"SSB",1175,1736,1533,1425,1954,4580,1051,1845
"ZZEF1",1950,1623,1984,1212,2140,2858,1632,1877
"DNAJB2",2285,1685,2210,1093,2252,2379,1849,1521
"ARHGEF10",1959,1558,1991,1007,2065,2506,2058,2127
"ITGB8",2526,1294,2381,969,2549,2266,1725,1558
"ILRUN",1752,1764,2091,1454,2195,2473,1725,1812
"ERBB2",1662,1508,2280,1314,1881,2879,1728,2005
"TPCN1",1358,1283,1920,1479,1934,3554,1530,2191
"MAN2B1",1939,1906,2294,1205,1871,2261,1815,1956
"LRRC41",1813,1653,2068,1129,2371,2759,1737,1712
"STEAP1",915,2359,1084,2088,1017,3855,1126,2798
"EXOC7",1895,1219,2494,921,2699,2656,1825,1532
"GIGYF2",1884,1666,1924,1191,2208,2843,1701,1818
"EIF3G",1770,1964,2010,1239,2180,2754,1444,1830
"CENPB",2062,1956,1976,1221,1978,2605,1645,1728
"MARF1",2151,1294,2292,1235,2445,2306,1651,1787
"HNRNPL",1953,1550,2247,1102,2429,2623,1770,1484
"APH1A",2015,1686,2056,1426,1795,2414,1785,1932
"LNPK",1739,1672,1835,1465,2036,2567,1569,2210
"ABCA9",1117,1539,2227,1614,1844,1825,2196,2717
"DDX1",1951,1775,2140,1313,2157,2509,1592,1618
"RPL36AL",1745,1527,2313,1204,2396,2593,1659,1618
"NAP1L4",1907,1594,2125,1285,2316,2424,1731,1662
"MYO5A",1724,1393,2172,1215,2087,2920,1655,1869
"SCAF11",1708,1410,2034,1186,2322,3266,1485,1623
"PI4KB",1990,1659,2224,1034,2507,2301,1811,1503
"AP3B1",1744,1559,2134,1396,2224,2651,1509,1808
"GMFB",1469,1762,1704,1738,1643,3336,1421,1944
"UQCRC2",1799,1565,2213,1175,2433,2738,1446,1640
"RHBDF1",1982,1878,1987,1001,1937,2524,1714,1983
"MEIS1",2135,1736,2306,971,2291,2668,1576,1321
"TSPO",1986,1973,1796,1129,1647,2598,1818,2056
"CORO6",689,4066,793,2188,720,2124,589,3829
"ZMPSTE24",1829,1758,2131,1475,1894,2523,1659,1724
"DPP4",1039,569,2449,1306,2870,2564,2283,1913
"RAPGEF1",1702,1504,2045,1364,1762,2835,1711,2066
"JAM3",1990,1482,2154,1419,1762,2576,1698,1905
"TGFB1I1",1512,2123,1797,1374,1468,3469,1390,1851
"TNKS",1787,1324,2301,1271,2322,2576,1640,1757
"TPRG1L",1841,1558,2108,1357,2169,2357,1581,1998
"ITGB1BP1",2146,2213,1584,1069,1908,2664,1416,1955
"MICAL2",907,1463,1168,1128,1529,5077,1156,2526
"SGCE",1589,1358,2579,1594,1711,2161,1958,2002
"MED15",1860,1697,2154,1165,1992,2564,1637,1878
"KDM5C",1678,1533,1868,936,1996,2696,2039,2199
"CSNK2A1",1903,1582,2107,1161,2368,2737,1568,1504
"ATP5MC2",1856,1749,2376,1133,2260,2280,1691,1582
"KPNA4",1730,1548,1914,1444,2151,2796,1621,1723
"PHF3",1734,1389,2247,1222,2245,2331,1871,1885
"MDH2",1802,1854,1942,1113,2142,3060,1378,1633
"PTGFR",2546,1070,1863,771,3646,2413,1446,1167
"HNRNPR",1919,1796,2117,1018,2376,2877,1531,1274
"LRP6",2170,1243,2385,1055,1986,1699,2457,1910
"NUDT21",2006,1635,1898,1177,2125,2722,1684,1656
"ARHGAP5",1757,1476,1847,1291,2289,2811,1620,1811
"USP48",1556,1672,1964,1168,2381,2977,1521,1661
"PSG5",351,145,8168,3395,1476,1054,194,108
"IK",1790,1757,2059,1302,2289,2549,1471,1664
"AKR1C3",2735,1814,2533,1085,2138,1125,2079,1361
"METTL9",1948,1493,2240,1090,2532,2302,1733,1519
"DENND2B",1468,1317,2176,1295,2298,3278,1411,1612
"TBX3",2361,1538,2193,974,2778,2009,1612,1386
"COPS7A",1994,1778,2177,1162,2055,2632,1537,1515
"GYS1",1426,1427,1965,909,1376,5147,1135,1453
"SBDS",1420,1811,2265,1527,1975,2620,1274,1939
"PSMD8",1616,1763,2052,1380,1992,2893,1313,1818
"ATG13",1598,1609,1959,1407,2117,2406,1523,2200
"FADS2",1945,726,2345,1141,1754,3647,1373,1881
"BRI3",1688,1563,1944,1508,1771,2700,1615,2018
"PCYT1A",1709,1692,2228,1329,1937,2504,1616,1790
"EOGT",850,1847,1269,1802,1461,4365,1012,2197
"CTDSP1",2003,1806,2017,1137,1907,2423,1720,1782
"PHLDB2",2105,1431,2608,1083,2483,2345,1523,1216
"CCT6A",1915,1887,1823,1221,2130,2719,1443,1652
"UQCRC1",1630,1776,1661,1331,1973,3206,1240,1964
"ANKIB1",1660,1251,2259,1079,2462,2514,1888,1660
"RANBP9",1300,1960,1559,1655,1705,2501,1407,2681
"CLIP4",1429,1327,1618,1529,1913,3119,1693,2136
"FNBP1",984,1543,1724,1852,1512,2809,1475,2847
"TPBG",2450,1500,2095,834,2176,2277,2011,1393
"ATP5PB",1967,1676,2092,1264,2087,2616,1501,1531
"MAST2",1838,1325,2592,1080,2346,2097,1830,1605
"PTPA",2140,1626,2342,1261,2100,2373,1486,1382
"MTCO2P12",971,1350,2419,1519,2849,3036,1190,1374
"RAB11FIP5",1938,1647,2019,1233,1849,2355,1824,1840
"DYNLL2",1797,1520,2619,1319,1953,2418,1636,1441
"AGFG1",1492,1521,1707,1332,2085,3333,1227,1994
"MAPRE1",1733,1850,1858,1263,1902,2958,1477,1643
"HYOU1",1852,1649,2021,925,1634,4152,1209,1236
"DCAF7",1773,1546,1878,1162,2093,3044,1550,1628
"TCF4",1990,1591,2108,1067,2082,2392,1764,1674
"ANXA7",1810,1455,2270,1428,1968,2138,1807,1787
"NEDD9",714,1256,1249,1988,1186,5007,582,2680
"KAT6B",1785,1651,2030,1065,2332,2302,1666,1819
"OCIAD1",1606,1357,2319,1395,2190,2662,1569,1549
"RAB14",1900,1754,2021,1261,2087,2270,1633,1717
"SH3BGRL3",1712,1383,2402,1377,2027,2504,1659,1579
"ROBO1",2250,1151,2407,651,3917,1622,1773,866
"HTT",2126,1493,1919,1061,2063,2603,1700,1663
"WDFY1",1640,1569,2343,1214,1931,2812,1596,1505
"PAK2",1738,1521,1904,1291,1997,2620,1751,1784
"FAM20B",1512,1482,2253,1629,1894,2344,1469,2011
"ORMDL1",1343,2349,1392,1825,1290,2600,1228,2567
"ARPC3",1444,1549,1980,1364,2247,2953,1340,1699
"TNFRSF21",1760,1506,1693,940,2559,2160,1938,2002
"TUFM",2015,1995,2017,1145,2105,2484,1289,1498
"PSMD3",1784,1590,2171,1147,2182,2623,1473,1574
"UGDH",1476,1819,2065,1492,1966,2855,1158,1711
"BTBD2",1888,1804,1914,1097,1892,2606,1560,1769
"HMCN1",1557,788,2491,978,1787,1929,2746,2253
"AHR",1446,1006,2527,1152,2138,2822,1783,1650
"RABAC1",1816,2059,1669,1108,1694,2746,1535,1890
"COPS2",1752,1432,2093,1114,2387,2432,1652,1641
"SP3",2174,1551,2061,1079,2147,2146,1790,1554
"DNMT1",2016,1738,1930,1051,2216,2346,1572,1631
"TPP2",1744,1449,1815,1180,2059,3163,1382,1708
"RNF187",1966,1564,2386,1128,1945,2417,1688,1406
"PKIG",1616,1276,2089,1203,2163,2270,1913,1963
"ZNF395",1589,1663,1333,1397,1319,3903,1263,2023
"SPTSSA",2912,2970,1501,631,2324,1828,1174,1149
"TTC28",2349,1321,2381,711,2730,1891,1938,1167
"COLGALT1",1858,2009,1785,1228,1774,2592,1505,1731
"RXRA",1857,1742,1729,1232,1604,2346,1833,2134
"TRIP6",2318,1775,2110,874,2056,2256,1834,1251
"FZD7",1613,880,2733,980,2196,2712,1988,1366
"DNPEP",1963,1708,2036,965,2073,2489,1620,1602
"CLCN3",2060,1282,2301,951,2556,2288,1588,1429
"DCHS1",2356,1127,2889,934,2122,1702,1915,1399
"THOC2",1372,1861,1606,1881,1778,2530,1296,2116
"LARS1",1784,1534,1921,1191,2138,2821,1632,1411
"TADA3",1715,1824,1977,1220,1755,2650,1531,1758
"GNAI3",1977,1642,1783,1289,1912,2458,1644,1719
"KCTD9",1266,1825,1478,1641,1695,3235,1104,2175
"SMCHD1",1739,1497,1876,1088,2113,2546,1712,1837
"HMGN2",2093,1607,2316,1234,2028,1862,1901,1360
"SNRPD2",1828,1667,2159,1139,2013,2426,1579,1574
"C1RL",1628,1559,2366,1714,1679,2173,1396,1859
"PSEN1",1335,1576,1802,1607,1806,2647,1366,2213
"TLK1",1554,1406,1820,1255,2886,2540,1460,1431
"UGCG",1095,1373,1746,1238,1975,4899,826,1199
"USP7",1634,1601,1928,1232,2142,2433,1683,1686
"NXN",2070,1641,1954,855,2506,3193,1158,958
"LIMS1",1901,1257,2013,812,2599,2549,1855,1328
"SPG11",1927,1555,2028,1050,2072,2331,1630,1705
"BSDC1",1913,1479,2171,1068,2280,2087,1607,1693
"XPO7",1866,1233,2221,939,2638,2246,1761,1388
"RCN3",1926,1491,2062,1100,1923,2429,1772,1585
"APPBP2",1809,1445,1815,1219,2493,2412,1593,1490
"OSBPL1A",1714,1002,2423,1271,2200,1977,2069,1617
"PLOD3",1629,1839,1968,1293,1610,2366,1503,2062
"VEGFB",1712,1577,2203,1184,1846,2386,1616,1745
"ZRANB2",1758,1722,1869,1251,2015,2573,1565,1514
"GUCD1",1728,1763,1967,1170,1998,2398,1401,1840
"MPDZ",1481,1051,2236,990,2478,2501,1808,1713
"TBC1D20",1957,1729,1899,927,2096,2650,1495,1503
"EPS8",1439,1686,1240,1187,2175,3445,1227,1851
"SLC7A8",1632,2311,1505,2028,1561,1386,950,2865
"RNF216",1709,1488,1906,1069,2174,2655,1579,1654
"CRYAB",1288,1362,1960,1696,2034,3141,1047,1701
"ADAMTS7",1168,1199,2036,1930,1193,2941,1272,2490
"ASAP3",1786,1703,2212,1225,2173,1861,1470,1798
"IL13RA1",1225,1021,2239,1375,2496,2733,1546,1588
"TFDP1",1760,1769,1830,1303,1750,2598,1526,1686
"ARID1B",1978,1556,1760,919,2309,2428,1673,1595
"NFYB",884,1762,2250,2408,990,2159,1138,2626
"AHCTF1",1079,1955,1209,2380,1386,2294,945,2922
"MECP2",1659,1631,1800,1262,1734,2479,1489,2107
"DIAPH1",1417,1441,1828,1456,1816,2316,1671,2213
"CCNL1",1333,1505,1598,1308,1741,2919,1463,2279
"CUL3",1634,1441,2001,1189,2351,2547,1412,1566
"PRKD3",1861,1736,2033,1091,2223,1987,1521,1680
"HIF1AN",1804,1578,2092,1150,2074,2618,1371,1438
"DLGAP4",1876,1504,2283,1023,2153,2096,1659,1520
"CHID1",1871,1340,1985,937,2272,2652,1496,1561
"FYN",1689,1674,1655,933,2496,2859,1318,1466
"BAG2",1822,1558,2500,1068,2020,2458,1553,1109
"AK4",1760,1151,1954,939,1784,3770,1517,1203
"FBLIM1",1570,2180,1715,1300,1767,2691,1189,1645
"POFUT2",1610,1306,2067,1141,2283,2583,1589,1474
"CSTB",1120,1364,2129,1487,1853,2628,1513,1953
"MANBA",1880,1283,2661,1349,1894,1760,1679,1534
"PSMF1",1749,1602,2192,1400,1908,2504,1235,1438
"PKD1P4",1732,1663,1566,862,1338,2652,1780,2432
"FOXP1",1830,1297,2285,1070,2249,1975,1804,1508
"ARSB",1422,1195,1658,1118,2398,3059,1450,1713
"SLC35B2",1778,1702,1880,1110,2020,2583,1357,1581
"ATP1B3",1351,1523,1993,1315,2254,2816,1377,1373
"SSU72",1630,1628,1979,1212,1984,2591,1425,1552
"GPAA1",2088,1641,1910,1007,1956,2445,1594,1359
"MED13",1537,1356,1843,1193,1943,2672,1583,1863
"MINK1",2003,1650,2123,1040,1761,1915,1733,1765
"KMT2E",1679,1466,1698,1096,2159,2558,1546,1782
"TASOR",1482,1338,2093,1285,2019,2374,1684,1708
"CDK5RAP2",1698,1096,2459,1190,2326,2270,1502,1440
"NRP2",1414,1914,1321,1604,1380,2554,882,2888
"GALNT1",1929,1509,2174,1167,1830,1979,1795,1573
"U2SURP",1675,1349,2063,1038,2039,2600,1610,1573
"FAM8A1",1658,1453,1860,1415,2020,2200,1610,1729
"METAP2",1618,1394,2008,1275,2204,2252,1656,1531
"SLC35F5",1253,1368,1480,1565,1553,3230,1267,2218
"LXN",3791,1626,3147,956,1418,482,1501,1004
"PSME3",1602,1758,1621,1191,1929,2888,1330,1593
"NIPBL",1623,1400,1960,1091,2172,2434,1490,1736
"DIPK1A",1662,1683,2186,1166,1993,2453,1580,1178
"CHD8",1760,1351,2096,1101,2033,2431,1497,1617
"ADCY6",1534,1279,2017,1140,2051,2550,1473,1833
"CHD9",1453,1644,1538,1015,2233,3042,1249,1697
"BNIP2",1510,1585,1823,1413,1884,2436,1419,1793
"IGFBP7",419,361,1402,730,3972,4996,930,1044
"SLC12A4",1836,1692,1897,980,1778,2438,1533,1693
"FOXF1",1582,1748,1646,983,2266,2908,1346,1358
"LRRC59",1416,1941,1486,1099,1866,3339,1181,1505
"STX12",1124,1667,1472,1842,1385,2716,1094,2503
"SPTLC1",1641,1478,1896,1034,2167,2445,1528,1606
"MARS1",1747,1209,2190,980,2323,2401,1744,1199
"TBCD",1659,1294,1894,1049,2341,2720,1359,1472
"HSDL2",1441,1463,1947,1370,1772,2324,1528,1936
"GNAQ",1339,1395,1815,1197,2058,2866,1385,1719
"PNRC2",1532,1766,1660,1303,1724,2630,1322,1832
"ALAD",2070,1784,1855,1067,1782,2081,1478,1640
"PNN",1615,1537,1860,1120,2163,2484,1459,1512
"PTP4A1",1680,1627,1651,1265,1936,2636,1469,1486
"PRP4K",1561,1580,1775,1050,2006,2526,1566,1685
"CCT4",1790,1563,1909,1080,2026,2286,1606,1487
"PNPLA2",1163,2200,1275,1380,1279,3088,936,2426
"GCNT1",998,1296,2184,1622,785,3196,1697,1967
"ITFG1",1587,1480,2015,1402,1843,2283,1389,1733
"NXF1",1817,1816,1806,1146,1845,2163,1418,1716
"UBE2L3",1573,1637,1939,1148,1971,2501,1356,1601
"ERLIN2",1782,1113,2483,1076,2174,1944,1745,1408
"UBE2R2",1610,1341,1786,1219,2096,2265,1633,1760
"NAPA",1471,1707,1930,1281,1698,2624,1281,1713
"ENTPD4",1277,1744,1622,1261,1861,2900,1033,1995
"VEZF1",1634,1533,1850,1223,2042,2481,1282,1646
"ATP2B1",1227,1961,1446,904,1917,3383,1296,1553
"TRANK1",1555,1358,1754,820,2179,2395,1726,1892
"SLK",1647,1471,1695,1184,1871,2327,1668,1809
"CERT1",1669,1993,1664,1473,1470,1862,1476,2060
"UBA2",1507,1512,1597,1333,1869,2335,1494,2013
"VPS26C",1571,1784,1675,1295,1715,2213,1387,2020
"GRSF1",1535,1596,1753,1444,1692,2546,1399,1693
"RNF40",1735,1661,1842,944,2068,2421,1372,1614
"PXK",1678,1568,1921,714,2575,2195,1571,1435
"NNT",1736,1447,1704,1039,2174,2151,1675,1728
"ELOB",1861,1747,1935,1033,1908,2573,1225,1365
"MAP2",437,481,3324,3863,658,1833,1139,1911
"SUMF1",1764,1438,2089,1246,1687,2034,1724,1661
"PPP1R12A",1498,1502,1766,1350,1842,2698,1290,1695
"RAB11FIP1",460,1115,1312,1840,1301,4877,612,2123
"STIP1",1593,1491,1717,907,2308,2913,1409,1296
"CHMP3",1975,1600,2069,1319,1705,1844,1654,1458
"PREB",1302,2896,1393,1487,1145,3008,784,1608
"PPP1R12B",640,1089,2680,2550,758,2126,1439,2338
"MAT2B",1619,1837,1443,1459,1584,2352,1308,2013
"CS",1794,1621,1908,1074,2161,2142,1474,1437
"ARIH1",1517,1381,1884,1118,2146,2433,1565,1565
"ATF6B",2004,1698,1817,942,1796,2032,1633,1685
"SNX2",1980,1312,2130,1058,2233,2039,1619,1234
"WDR19",1423,1535,1703,1319,1657,2224,1438,2302
"TAB2",1631,1330,1817,1198,2140,2503,1357,1621
"RYK",1712,1446,1865,1070,2011,2358,1489,1640
"POLDIP3",1925,1531,2012,991,1923,2110,1582,1515
"MMD",832,2749,812,1746,1444,2875,566,2564
"ELK3",1787,1522,1641,1106,1796,2409,1594,1726
"RCN2",1291,1414,1983,1424,2037,2538,1232,1659
"OST4",1720,1346,2068,959,2091,2551,1390,1452
"FAM168A",1801,1321,2109,938,2075,2151,1676,1496
"RTRAF",1611,1486,2040,1183,2067,2484,1339,1357
"EIF1AX",1455,1565,1494,1176,1517,2165,1914,2277
"FBXO7",1560,1512,2058,1171,1961,2120,1512,1664
"ERLIN1",1795,1484,1883,1089,1858,2261,1594,1593
"EDEM3",1405,1564,1625,1361,1811,2342,1443,1999
"MICU1",1624,1198,1965,1102,2152,2343,1554,1592
"SYNE2",1901,1083,1976,1275,1455,2043,1389,2402
"CCT5",1345,1587,1586,1061,2027,3172,1185,1549
"BCL6",1265,1787,1564,1546,1413,2514,1061,2354
"CAB39",1752,1754,1672,1298,1678,2111,1337,1900
"HNRNPD",1626,1507,2012,1250,1888,2263,1552,1397
"APEX1",2129,1739,2141,891,1980,1691,1587,1335
"SH3GL1",1734,1902,1631,953,1685,2371,1423,1784
"FGF5",1470,962,1507,795,2633,3591,1487,1030
"NUCB2",1699,1029,2349,981,2293,1970,1760,1389
"MBNL2",1376,1606,1500,1365,1561,2476,1447,2137
"ADNP",1824,1341,1976,1043,2212,2198,1577,1279
"MAN2C1",2017,1861,1883,903,1448,1974,1607,1757
"SAE1",1691,1489,1880,1126,1931,2320,1584,1423
"SEL1L3",1481,693,2455,965,1995,2380,2112,1361
"FAF2",1610,1379,1853,1149,2022,2527,1370,1530
"CYP1B1",1250,1963,1875,1023,2691,2223,1163,1251
"COXFA4",1736,1746,1810,1155,1858,2617,1197,1316
"NUMB",1432,1421,1872,1148,1893,2622,1350,1695
"ITPRIPL2",1602,1917,1456,1055,1785,2651,1248,1719
"SMG6",1787,1343,2181,1018,2049,1818,1762,1474
"PEPD",1703,1326,1810,1002,2025,2522,1619,1421
"CAMSAP2",1577,1425,1720,1190,2130,2373,1453,1557
"NSD3",1678,1216,1823,1045,2132,2224,1595,1702
"DSTYK",1760,1234,2262,820,2089,1714,1940,1589
"AP2A2",1602,1505,1707,847,2065,2335,1549,1793
"HLA-H",1672,1205,2242,1002,1848,2346,1695,1393
"ABHD2",1410,1290,1584,1246,1387,2634,1583,2268
"ATP6AP1",1724,1589,2220,1245,1780,1869,1360,1612
"SMARCA4",1600,1351,1848,870,2308,2824,1325,1267
"CABIN1",1685,1172,1858,1142,1590,2729,1527,1689
"SAP30L",1690,1745,1666,1319,1499,1905,1588,1977
"CERK",1663,1325,1607,1065,1769,2207,1720,2030
"HCFC1",1746,1587,1822,924,1865,2496,1455,1481
"RAD50",1500,1417,1776,956,2120,2606,1465,1530
"NBL1",1466,2486,1333,1475,1317,2121,995,2171
"NYNRIN",2780,1095,2758,591,2212,1218,1766,929
"KLHL36",1647,1619,1580,1148,1623,2287,1525,1917
"RASSF2",2334,1135,3610,708,1025,658,2514,1353
"MEF2D",1534,1734,1625,1200,1680,2185,1393,1981
"ATP11B",1315,1538,1687,1190,1633,2356,1504,2105
"EIF3M",1682,1690,1870,1093,1860,2224,1381,1522
"PSMA7",1658,1837,1672,1016,1682,2593,1264,1590
"SUMO3",1639,1591,1864,1170,1831,2407,1307,1496
"NADK",1276,1814,1413,1420,1445,2354,1103,2475
"PARP1",1764,1605,1826,926,1859,2376,1513,1431
"UBE3B",1608,1357,1959,1131,1839,2482,1294,1630
"PTPN12",1515,1718,1653,1335,1752,2436,1179,1711
"FBXW11",1715,1379,1798,1174,1840,2230,1555,1605
"ADIPOR1",1341,1438,1838,1326,1865,2532,1151,1802
"PLEKHM1",1701,1386,1735,1018,2154,2138,1462,1699
"ST3GAL1",2057,1206,1752,588,2655,2319,1624,1090
"CLASP1",1510,1541,1704,1129,2020,2409,1273,1694
"CLINT1",1662,1402,1676,1126,1883,2440,1506,1577
"PITPNA",1262,1596,1674,1234,1861,2604,1287,1749
"PSMD4",1663,1546,2039,1030,1950,2229,1352,1456
"CTNNAL1",1027,1144,2752,1709,1672,2303,1069,1574
"ATMIN",1614,1301,2164,1075,2120,2023,1569,1384
"USP5",1959,1540,2114,1049,1870,1909,1430,1369
"SENP6",1612,1338,1852,1129,2169,2218,1407,1515
"ARFGEF2",1378,1414,1554,1242,1681,2441,1578,1943
"SRRT",1573,1718,1679,1006,1975,2507,1375,1396
"SERPINB6",1816,1505,1910,926,2261,2092,1444,1269
"DZIP1",1651,1186,1989,887,2225,1825,2009,1445
"GLIPR1",1230,1199,2173,1053,1895,2702,1692,1266
"VIRMA",1744,1375,1813,1136,1856,2146,1537,1602
"RFTN1",1423,1234,1305,1103,2618,2682,1198,1640
"PPFIBP1",1726,1232,2145,819,2083,2408,1394,1391
"SETD2",1579,1344,1893,1052,2111,2296,1445,1478
"FMNL2",1231,1594,1450,1245,1612,2209,1474,2382
"KDM5A",1623,1269,1817,1078,1804,2361,1495,1749
"SSRP1",1586,1490,1729,1002,2095,2484,1372,1437
"ABCF1",1540,1422,1724,1025,2162,2549,1492,1275
"CCAR1",1521,1485,1548,994,2412,2357,1409,1459
"PBRM1",1772,1420,1681,996,2204,2000,1619,1490
"FAM32A",1417,1589,1787,1174,1952,2387,1266,1608
"RABEP1",1573,1401,1769,1045,1925,2087,1627,1751
"NDUFS1",1559,1458,1771,1108,1976,2335,1325,1644
"CCT2",1625,1700,1593,960,2004,2630,1277,1380
"ARFGAP1",1805,1622,1743,892,1914,2443,1391,1353
"DMKN",941,674,3316,1488,2112,2376,1244,1011
"GIGYF1",1796,1928,1722,1158,1609,2023,1259,1662
"ANKRD52",1476,1440,1699,988,2094,2614,1343,1498
"GLMP",1764,1319,1910,997,1962,2197,1504,1499
"SRSF9",1703,1744,1719,1226,1689,2321,1302,1441
"DAB2IP",1750,1196,1900,768,1862,2452,1730,1486
"XRN1",1477,1200,1713,1103,1735,2063,1759,2093
"BTAF1",1686,1570,1576,992,1852,2617,1335,1512
"RPL10P9",2075,1834,1728,873,1631,2091,1447,1457
"WDTC1",1445,1336,1828,1237,1734,2248,1401,1898
"USP25",1519,1244,1974,1148,1996,2232,1532,1482
"OSTC",1504,1395,1800,1317,1582,2635,1369,1519
"CDK16",1675,1503,1945,1076,1810,2273,1362,1474
"ARFGEF1",1571,1346,1717,1108,1922,2279,1463,1705
"PRKACA",1706,1420,2082,1070,1902,1969,1540,1417
"TNFRSF10D",1558,1153,1600,992,2369,2660,1342,1428
"MIB1",1467,1478,1721,1095,1905,2101,1529,1801
"GNPDA1",2280,1249,1811,874,2148,1610,1925,1200
"API5",1675,1472,1746,1124,1805,2339,1498,1431
"VPS35L",1715,1561,1881,1144,1831,2036,1396,1515
"SLC25A46",1699,1639,1755,1169,1787,2177,1358,1484
"STAT5B",1332,1708,1550,1141,1527,2800,1233,1762
"SREK1",1461,1313,1771,1035,2117,2188,1690,1462
"NR1H2",1608,1769,1709,1100,1470,2327,1244,1804
"PHACTR2",1195,1028,1760,1415,1487,2635,1464,2044
"ZFP91",1563,1351,1750,1167,2111,2039,1559,1484
"NME4",1590,1426,1939,863,2220,2427,1421,1135
"CNIH1",1333,1387,1738,1485,1546,2619,1246,1666
"SEC14L1",1398,1281,2011,1241,1907,2075,1364,1734
"ZFP36",1724,1805,1507,1134,1627,2147,1225,1841
"TSC1",1545,1236,1964,1189,1874,2320,1380,1499
"KCTD3",1791,1328,1867,1051,2292,1808,1426,1437
"NUDCD3",1741,1509,1826,1186,1748,2018,1476,1492
"SH3KBP1",1655,1492,1673,825,1980,2607,1449,1310
"TRIM44",1354,1154,1823,961,1996,2675,1526,1492
"NIN",1505,1327,1721,984,2062,2522,1365,1490
"CDC42EP1",1682,1688,1795,1030,1731,1970,1449,1631
"SSR4",1719,1595,1821,1026,1885,2189,1379,1353
"MDK",2075,1394,1903,751,2381,1929,1461,1064
"ATXN2L",1558,1469,1932,939,2079,2068,1451,1454
"TEAD3",1474,2063,1696,1375,1246,2207,1123,1765
"SLC25A23",1498,1262,1965,1109,2106,2430,1238,1330
"PAFAH1B2",1420,1548,1628,1455,1552,2478,1151,1703
"UBXN1",1730,1734,1743,989,1908,2111,1274,1438
"CNTNAP1",1889,988,2651,926,1749,1563,1862,1294
"RPS6KA3",1584,1225,1816,933,1779,2411,1724,1443
"PTGS1",783,1347,1026,721,1870,4537,1182,1448
"ARID1A",1669,1291,1899,1044,2002,2209,1332,1466
"ORMDL3",1577,1334,1977,1172,1538,2181,1547,1583
"RSF1",1536,1289,1731,996,2001,2281,1461,1612
"UAP1",1201,1715,1598,1353,1432,2402,1133,2056
"DHX40",1579,1242,1816,1159,1793,2210,1436,1652
"WWC3",1184,1395,1735,979,1711,2939,1277,1665
"OSBP",1621,1412,1766,1017,2083,1954,1546,1483
"SGMS2",1460,2072,1731,1357,1342,2268,1058,1593
"NSMF",1077,1881,1228,1258,1285,2586,1077,2489
"CPSF1",1846,1655,1446,731,1811,2318,1492,1581
"PPP3CB",1449,1413,1722,1300,1777,2241,1507,1457
"DAD1",1628,1482,1926,1232,1553,2247,1327,1468
"GUCY1B1",1758,2052,1875,1197,1542,1091,1746,1598
"UNC45A",1792,1667,1783,1036,1705,2110,1187,1578
"TMEM181",1530,1523,1568,1166,1671,2299,1336,1763
"ACVR1",1744,1497,1695,1066,1872,1984,1526,1470
"PTAR1",1319,1436,1691,1045,1866,2527,1325,1645
"LZTR1",1629,1789,1646,917,1561,2453,1251,1601
"RAB18",1570,1501,1664,1166,1817,2285,1344,1499
"EGLN1",1606,1458,1484,983,1449,3029,1420,1416
"KLF9",737,2715,772,2155,752,2462,477,2767
"GAS1",1156,1422,2220,1139,1409,2677,1414,1388
"SCAP",1470,1652,1628,1113,1686,2361,1177,1737
"GLO1",1443,1348,1924,1233,1842,2387,1224,1420
"ATP6V1C1",1565,1549,1428,1151,1941,2183,1429,1573
"SREBF1",2787,1265,2890,898,1472,1325,1290,890
"UBXN7",1598,1224,1734,1130,1857,2099,1517,1658
"ALDH2",1360,1760,1507,1027,1915,2302,1217,1718
"FASN",2219,1940,1591,842,1379,2045,1068,1718
"HNRNPH2",1593,1422,1826,1064,1900,2343,1391,1257
"DNAAF9",1514,1548,1585,1075,1631,2662,1211,1568
"DICER1",1428,1255,1576,1044,1768,2460,1477,1778
"MACROH2A1",1602,1351,1545,880,2060,2699,1223,1415
"HINT1",1737,1669,1686,1283,1645,2134,1268,1348
"MAP3K5",1097,1585,1282,1311,1790,3099,953,1644
"ZDHHC9",1082,1725,1527,1363,1354,2363,1132,2210
"SUMO1",1651,1283,1787,1121,1965,2265,1383,1290
"RANBP3",1780,1238,2312,777,1884,2029,1509,1213
"KEAP1",1741,1567,1622,1085,1767,1908,1392,1646
"CTTNBP2NL",1288,1136,1537,916,1986,3610,1007,1245
"ZSWIM8",1731,1451,1691,885,1847,2157,1392,1567
"NKTR",1542,1193,1881,866,2384,2146,1506,1193
"RAB11B",1530,1405,1665,1018,1778,2269,1393,1641
"MXI1",1679,1256,1581,1145,1611,2133,1401,1881
"PRRC1",1825,1397,1758,873,1945,2166,1517,1200
"MEDAG",788,1902,2358,1302,1066,2349,1154,1748
"SLC3A2",1838,1695,1681,864,2126,1476,1475,1511
"DDX23",1610,1575,1799,1001,1816,2331,1292,1242
"MAGI2-AS3",1376,1346,1853,1118,1685,2444,1248,1592
"C5orf15",1584,1371,1779,1228,1691,1972,1453,1572
"MEF2A",1113,1333,1545,1360,1525,2417,1304,2051
"RTF1",1533,1313,1909,1034,1876,2163,1405,1414
"SEC13",1653,1415,1950,823,2028,2339,1299,1135
"DPT",632,1172,1886,2128,208,753,2311,3549
"HBP1",1541,1188,1754,1094,2036,1837,1525,1663
"PVR",1103,903,3603,889,1722,2438,1051,925
"RIPOR3",1600,1808,1282,656,2182,2609,1118,1378
"UBE2E1",1719,1155,1914,930,2084,2095,1399,1336
"KIF1B",1556,1481,1666,1122,1707,2079,1343,1671
"DNAJB1",1789,1324,2032,960,1891,1583,1618,1423
"WBP2",1536,1370,1889,1242,1751,1869,1248,1715
"MTMR3",1554,1139,2009,1056,1854,2017,1575,1412
"ARSJ",934,1246,1824,1076,1930,3202,1148,1251
"ZMYM4",1469,1117,1767,998,2084,2537,1352,1285
"PSMC1",1558,1472,1857,1127,1691,2107,1352,1441
"OSBPL9",1249,1805,1651,1288,1616,1752,1263,1981
"OBSL1",1399,1477,1464,1068,1490,2626,1368,1701
"PPP4R1",1472,1444,1501,1015,1972,2335,1299,1555
"UBE2G2",1430,1405,1713,1024,1939,2505,1245,1332
"UBE2I",1714,1486,1525,960,1597,2178,1506,1617
"APOBEC3C",2373,1639,1653,626,2073,1879,1270,1069
"TMEM106B",1432,1104,1743,1234,1814,2132,1569,1552
"FBH1",1556,1486,1784,1048,1676,2148,1336,1532
"SS18",1408,1520,1652,1076,1816,2329,1245,1518
"EGFL6",1880,1040,4372,2439,309,337,1210,965
"GLT8D1",1544,1449,1854,1220,1483,1726,1590,1684
"ITSN1",1136,1227,1593,1115,1645,2927,1171,1731
"CRABP2",2170,727,3598,481,1914,900,2106,644
"COL7A1",1208,2327,917,1159,1130,2975,723,2097
"CCDC93",1686,1302,1771,909,1993,1763,1610,1498
"IDH1",1903,1543,1899,1015,1522,1752,1390,1492
"RAPGEF2",1363,1124,1637,970,2151,2563,1245,1461
"OLFML2A",1387,192,1422,419,3748,2125,2405,808
"FENDRR",1798,1308,1500,544,2614,2535,1296,907
"WIZ",1589,1667,1666,925,1689,2141,1405,1415
"NCOA3",850,1382,1038,1632,988,2850,830,2922
"JMJD1C",1536,1055,1868,935,2025,2300,1340,1432
"JADE2",1465,1716,1633,1042,1593,2251,1176,1613
"PPP1R9B",1643,1246,1705,982,1912,1799,1763,1435
"TAOK2",1756,1545,1737,851,1867,2089,1328,1312
"RPS15A",1766,1646,1779,963,1744,1963,1363,1259
"JADE1",946,1941,1119,1531,1123,2615,893,2313
"PPP1R15A",1709,1312,1697,1083,1677,1880,1466,1652
"DENND4C",1551,1216,1679,1179,1644,1799,1530,1875
"NBAS",1816,1090,1967,901,1911,1931,1606,1246
"PSIP1",1642,1065,2113,959,2012,1569,1801,1303
"RNF114",1701,1232,2031,835,2043,1637,1747,1237
"FUT8",1519,1435,2076,1014,2294,1661,1332,1131
"MKNK2",1456,1799,1797,1295,1566,1636,1148,1763
"PLXNA3",1648,1285,1652,695,1923,2477,1411,1367
"PIK3C2A",1115,1271,1550,1100,1832,2694,1221,1672
"PKD1P3",1515,1486,1443,788,1214,2268,1578,2161
"COX6B1",1399,1357,1965,992,1907,2217,1256,1355
"PSME4",1400,1439,1576,1137,1845,2058,1336,1648
"CDC27",1549,1339,1730,1107,1793,2173,1338,1407
"MYDGF",1540,1483,1751,1083,1612,2483,1179,1304
"STK25",1641,1545,1672,906,1666,2330,1265,1410
"PRDX4",1719,1406,1538,966,1853,2302,1339,1308
"FAM180A",1161,1436,1381,1501,1164,2191,1204,2387
"MESD",1330,1437,1716,1165,1618,2409,1335,1413
"OIP5-AS1",1402,1326,1565,1081,1868,2485,1168,1517
"SIAE",1517,1090,1644,961,1939,2393,1372,1494
"SAMD8",1260,1516,1522,1476,1403,2156,1109,1968
"ZMYM2",1497,1451,1635,984,1955,2122,1331,1434
"SRRM1",1570,1300,1799,1022,1916,1993,1391,1416
"TMEM14C",1675,1503,1565,1153,1595,2156,1309,1442
"GFRA1",2009,1338,3909,1316,548,416,1399,1450
"UNC119B",1222,1393,1678,1273,1396,2029,1475,1914
"SLC4A2",1527,1585,1562,975,1514,2281,1292,1641
"DIDO1",1614,1305,1680,988,1859,2163,1297,1470
"THRA",1648,1639,1541,1150,1703,1927,1213,1554
"PSMB1",1669,1479,1787,1096,1633,1970,1340,1398
"GM2A",1265,1317,1525,1026,1610,2471,1272,1886
"SMARCC1",1778,1248,1573,888,2031,2010,1527,1294
"ZC3HAV1",1599,1481,1748,1180,1619,1908,1222,1574
"USP32",1425,1227,1581,1135,1768,2297,1304,1593
"DARS1",1638,1311,1687,1008,1520,2534,1365,1265
"LMO4",1853,1248,2091,967,1869,1542,1519,1239
"XPC",1873,1108,2233,797,2054,1725,1463,1074
"PHIP",1678,1110,1885,768,2047,1779,1772,1283
"CRAT",1417,1382,1765,1134,1720,1998,1270,1633
"PACS2",1473,1406,1654,990,1740,2267,1288,1496
"CHD6",1631,1016,1775,796,1990,2256,1438,1411
"HNRNPA1L3",1856,1887,1703,1104,1427,1904,1171,1258
"ITCH",1425,1342,1550,1151,1580,2163,1364,1729
"PLCG1",1540,1378,1577,836,1912,2224,1403,1434
"MARCHF7",1501,1137,1768,1078,2020,2156,1310,1332
"HERC4",1505,1359,1650,974,1960,2232,1267,1354
"SDHC",1792,1500,1691,1190,1570,2001,1237,1318
"ECHDC1",1206,1908,1233,1334,1551,2436,964,1660
"QRICH1",1585,1352,1858,998,1776,2003,1331,1379
"FNIP1",1783,1395,1450,1070,1708,1869,1512,1492
"FEZ1",1815,1416,1866,948,1760,1561,1556,1355
"SLC17A5",941,947,1733,1573,1519,2681,1171,1709
"TRIP10",1498,1702,1597,906,1674,1936,1262,1699
"NLRP1",1670,1189,2042,1020,1661,1804,1490,1396
"MAP3K7",1374,1174,1744,979,2019,2331,1331,1319
"MYO6",1371,1225,1359,1163,1861,2061,1481,1749
"FUBP1",1496,1257,1435,859,2082,2675,1271,1194
"BLOC1S6",1627,1413,1685,1072,1816,1906,1376,1357
"NPIPA6",1208,1406,1815,1312,1493,1977,1419,1622
"TRIR",1481,1626,1659,956,1563,2193,1344,1428
"MDH1",1613,1303,1876,1058,1834,2022,1274,1262
"ATP6V0D1",1671,1242,1907,844,1990,1794,1609,1185
"CLPTM1L",1424,1407,1559,1065,1645,2534,1187,1411
"OTUD4",1363,1349,1433,1306,1458,2131,1365,1824
"ASXL2",1507,1146,1682,827,1826,2164,1505,1567
"UBE2E3",1789,1273,1702,910,1999,1781,1615,1152
"SMC3",1515,1290,1586,1100,1812,1938,1450,1521
"SLC71A2",1348,1398,1563,1262,1466,2395,1236,1537
"UBE2A",1367,1267,1610,1103,1876,2400,1230,1351
"PKDCC",571,2301,1462,1811,676,1875,810,2688
"DDAH2",1683,1486,1983,881,1616,1397,1613,1535
"VLDLR",1397,990,2831,989,1146,2010,1535,1294
"ARNT2",957,1184,1858,1310,1282,2907,1099,1586
"LANCL1",1560,1216,1706,1264,1593,1932,1444,1461
"CDC16",1431,1326,1652,1000,1812,2209,1311,1434
"HS2ST1",1194,1213,1252,1689,965,2029,1286,2545
"CDK6",1362,785,1956,643,2809,2056,1587,961
"EXOC6B",1608,1162,1962,935,1909,1717,1591,1272
"BRD4",1311,1847,1514,1023,1462,2283,1106,1605
"N4BP2L2",1342,1200,1762,1038,1953,2087,1428,1332
"RPL21P75",1550,1545,1896,865,1865,1831,1351,1237
"ATRAID",1553,1397,1621,1068,1778,1794,1384,1542
"PHF20",1601,1390,1668,937,1915,1973,1411,1238
"CARMIL1",923,1447,965,1323,1232,2632,862,2742
"ILF2",1615,1288,1864,1005,1919,1998,1289,1145
"ACKR4",1462,630,2238,292,2137,1439,3051,863
"TOR1AIP2",1259,1342,1858,1310,1422,2048,1194,1668
"MTHFD1L",1420,919,2005,541,2150,2276,1759,1028
"SDC2",917,1034,1497,1034,1566,2852,1438,1757
"MR1",1254,841,2246,1259,1565,1569,1615,1745
"HS6ST1",1122,1935,1625,910,1448,2420,1054,1575
"SNX12",1554,1451,1756,1054,1613,1923,1362,1358
"AKAP9",1241,1185,1826,967,1780,2133,1343,1591
"POLDIP2",1496,1545,1607,964,1754,2301,1133,1256
"CCDC6",1561,1538,1628,990,1676,2137,1271,1252
"GADD45A",1360,1584,1576,1128,2168,1781,1108,1348
"BCL2L2",1486,1569,1571,1294,1408,1997,1191,1536
"ARMCX2",1734,1165,1846,755,2080,2047,1397,1027
"TMED3",1414,1174,1893,902,1931,2196,1303,1235
"COG4",1757,1535,1812,1003,1595,1812,1216,1314
"APBB1",1373,1405,1709,1068,1679,2087,1195,1523
"HSBP1",1474,1372,1612,1048,1791,2169,1175,1396
"RTF2",1404,1281,1676,955,1601,2409,1344,1364
"DENND10",1237,1240,1518,1128,1798,2428,1150,1521
"PPP6R1",1313,1283,1684,917,1823,2361,1214,1423
"COX7A2L",1710,1489,1648,913,1683,1835,1357,1383
"SSBP3",1268,1811,1379,1609,1274,1919,949,1809
"TOX4",1496,1351,1710,937,1850,2060,1239,1373
"EIF3K",1644,1567,1811,936,1826,2078,1080,1068
"SFT2D2",996,1480,1415,1909,1178,1892,1139,1987
"ALDH18A1",1754,1075,1761,731,1914,2299,1500,961
"MAP3K12",1619,1281,1929,879,1760,1538,1528,1460
"EZR",1355,1504,2272,1164,1555,1561,1181,1401
"GPATCH8",1404,1175,1778,974,1760,2127,1318,1451
"STK24",1296,1322,1449,1099,1794,2034,1273,1717
"ADAMTSL1",1300,583,3259,887,1454,502,2497,1501
"PPA1",1761,1325,1745,837,2122,1900,1309,980
"B4GALT5",1270,1265,1998,1213,1465,2321,1023,1423
"DCTN4",1536,1267,1782,1067,1740,1901,1324,1356
"LUZP1",1591,1342,1589,721,1818,2587,1148,1172
"CBX1",1743,1136,1945,817,1941,1535,1609,1232
"NDN",1957,1669,1494,714,1480,1593,1644,1405
"ARHGAP12",1431,1350,1513,1090,1647,1810,1353,1755
"ZC3H7A",1338,1167,1582,1247,1649,2434,1076,1455
"USP11",1588,1219,1825,889,1843,1875,1414,1290
"CREBRF",1435,1535,1304,1278,1538,1555,1224,2074
"PSME1",1522,1355,1824,998,1791,1856,1361,1227
"PML",1465,1357,1581,1025,1369,2485,1205,1442
"LMF2",1598,1367,1592,875,1634,2220,1246,1383
"DPY19L1",1507,1131,1984,1010,1794,1990,1353,1146
"TUT7",819,1341,1050,1553,1236,2745,922,2246
"NADSYN1",1504,1453,1542,810,1787,2483,1046,1286
"CRKL",1611,1293,1570,907,1578,2184,1337,1430
"SMAD2",1389,1255,1784,1099,1733,2054,1288,1307
"CPQ",1383,1040,1470,946,1867,2041,1632,1529
"SRSF4",1399,1473,1492,967,1849,2015,1329,1384
"CAV2",993,1228,1431,1367,1618,2289,1007,1973
"RIC1",1359,1229,1740,980,1738,2237,1198,1424
"CHMP1A",1706,1677,1527,974,1294,1841,1318,1564
"TOMM70",1405,1169,1726,924,1846,2147,1368,1316
"WIPF1",1327,1443,1635,1126,1655,1928,1265,1520
"SRSF10",1446,1458,1496,948,1574,2318,1362,1281
"DYNLRB1",1171,1325,1723,1045,1885,2084,1218,1428
"BACH1",1386,962,1544,979,1702,2569,1268,1466
"ULK2",842,1674,1152,1592,1048,1919,952,2685
"BAX",2006,1770,1620,844,1520,1784,1229,1083
"DESI2",1323,1225,1474,993,1810,2478,1123,1430
"GTF2F1",1496,1220,1860,865,1747,2045,1330,1289
"PTGR1",1196,1365,1638,794,2593,2418,903,944
"BAP1",1515,1380,1539,904,1759,2260,1158,1336
"TRIM25",1547,1223,1565,907,1716,2182,1321,1384
"GLCE",861,1344,1083,1327,1479,3062,901,1781
"ROR2",1727,1432,1551,823,1737,2139,1174,1247
"STAG1",1511,1219,1383,831,1781,2064,1554,1485
"HGS",1478,1579,1507,884,1513,2137,1184,1542
"GSK3B",1443,1172,1636,983,1781,2118,1326,1358
"HIVEP2",1654,1096,1795,742,2004,2053,1371,1099
"GPS1",1442,1358,1635,970,1591,2137,1218,1461
"RNF141",1099,951,1483,1192,1443,3119,1181,1342
"PCMTD1",1857,1100,1656,840,2066,1607,1394,1287
"RPS7P11",1464,1353,1628,842,1954,2269,1175,1122
"TOM1L2",1503,1280,1806,1172,1582,1894,1151,1412
"TARS1",1372,1137,2010,814,2017,2051,1346,1046
"STK17B",771,1054,861,1534,1129,2394,1228,2816
"ADAM12",2228,546,3154,448,2911,1032,1110,357
"PHKB",1535,1056,1832,980,1774,1934,1336,1337
"PSMC3",1367,1395,1632,1018,1588,2273,1162,1342
"EXOC1",1550,1286,1636,988,1673,1850,1370,1417
"RSRP1",1448,1644,1445,1042,1796,1875,1138,1377
"PDXDC1",1544,1339,1462,836,2001,1967,1386,1229
"ALKBH5",1388,1230,1718,947,1627,2170,1463,1214
"MTCL2",1691,1384,1661,810,1661,1668,1413,1449
"DNAJB4",711,1761,969,1687,946,3115,656,1889
"LAMTOR1",1446,1353,1644,908,1722,2078,1331,1250
"NCOA2",1446,1202,1882,925,1517,1821,1435,1499
"CPSF2",1408,1187,1680,995,1806,2175,1229,1244
"PLEKHA5",1499,1105,1784,926,2218,1721,1275,1178
"ADAM15",1588,1395,1699,919,1515,1771,1286,1526
"DNAJC8",1548,1252,1729,871,1923,2019,1275,1075
"CDK2AP1",1696,1412,1431,797,1524,2071,1476,1280
"CHURC1",1448,1291,1388,921,1867,2455,1103,1204
"FRY",842,632,1919,1281,1049,3221,1166,1566
"TRIP11",1282,1111,1742,1007,1875,2077,1283,1295
"TULP3",1351,1218,1651,1012,1820,1827,1314,1470
"RAB23",1124,985,2133,972,1797,2367,1219,1063
"KDELR3",1266,1364,1614,970,1564,2181,1270,1430
"P3H1",1748,1212,2062,849,1599,1490,1472,1224
"TUBA1B",2490,1012,2164,571,1526,1869,1350,674
"NPR2",1290,1344,1718,1165,1392,1777,1354,1611
"PARP14",1620,1143,1669,915,1755,1862,1385,1301
"ZKSCAN8",1279,969,1661,887,1831,2272,1364,1387
"GOPC",1497,1210,1789,893,1830,1764,1362,1286
"HDAC1",1354,1096,1666,1166,1736,2043,1259,1308
"SPEN",1174,1612,1208,1079,1379,2144,1020,2002
"PAIP1",1490,1191,1450,899,2009,1941,1357,1279
"MAF",2138,1309,1949,632,1499,951,1801,1328
"CANT1",1482,1145,1658,1012,1581,2018,1304,1398
"NSD1",1347,1027,1850,872,1929,2026,1299,1246
"HIPK1",1311,1173,1459,1090,1534,2134,1267,1625
"ENSA",1619,1386,1761,931,1638,1692,1344,1208
"KLF3",1641,1176,1627,977,1756,1594,1404,1403
"SMTN",2244,972,2184,567,1929,1544,1394,735
"ANKRD10",1648,1427,1497,1046,1533,1358,1555,1500
"SYDE1",1260,1495,1378,985,1273,2594,1031,1547
"ACSL1",635,1637,725,1546,929,2747,799,2543
"ID2",1567,1595,1760,944,1114,1893,1149,1536
"MAP4K3",880,1189,1295,1207,1359,3045,856,1722
"NCBP2",1444,1234,1562,897,1784,2227,1224,1176
"CPNE1",1517,1282,1714,950,1720,1865,1309,1189
"ACKR3",1747,1202,1794,908,1174,900,1709,2108
"HIP1",1206,1194,1303,1039,1267,2166,1256,2110
"IFNGR1",1322,1566,1340,1211,1587,1814,1086,1614
"FAM50A",1239,1503,1771,1095,1458,2115,1078,1275
"ERP44",1317,1231,1490,1038,1602,2268,1159,1428
"PLEKHB2",1263,1249,1735,1069,1711,2063,1184,1247
"ARHGEF7",1204,1187,1643,1224,1510,1888,1220,1643
"TM7SF3",1220,1379,1249,1457,1145,2149,872,2041
"IRF2BPL",1394,1447,1687,788,1883,1764,1221,1317
"RRM2B",1583,1223,1624,952,1606,1802,1360,1337
"FAM3C",913,845,1596,1322,1312,2303,1327,1869
"CELF1",1394,1269,1584,945,1693,1919,1315,1364
"CAPN5",1545,1146,1487,612,2153,1811,1419,1306
"SLC39A9",1442,1008,1718,958,1705,1998,1362,1285
"RAD23A",1252,1427,1635,1010,1614,2026,1114,1396
"RIOK3",1178,1265,1480,1307,1263,2078,1074,1827
"RBCK1",1484,1327,1692,907,1642,1884,1283,1248
"NFIL3",935,2479,987,1049,1194,2256,724,1837
"BIRC2",1455,1266,1517,1089,1558,1872,1228,1470
"NDEL1",1181,1417,1441,953,1599,2323,1056,1485
"ADAMTS15",1050,2021,1746,1138,1343,1202,1016,1937
"ANKLE2",1299,1427,1406,944,1528,2233,1126,1485
"IPO8",1397,1055,1657,900,1771,2024,1310,1331
"OTUD5",1373,1325,1609,1067,1580,1981,1123,1384
"BTBD3",1429,1340,1434,1141,983,1480,1744,1886
"DNAJC21",1129,1209,1404,1330,1406,2204,1133,1622
"ATXN1",1752,1221,1883,694,1421,1580,1700,1180
"PCSK2",1991,2997,1661,637,1390,2054,348,353
"MGST3",1410,1275,1625,968,1665,2059,1197,1232
"COL15A1",3067,1479,1739,397,1423,1321,1409,596
"H2AZ2",1510,1273,1659,981,1540,1821,1283,1363
"RRAGC",1424,1566,1400,1105,1535,1567,1251,1580
"WASL",1155,1354,1328,1080,1585,1841,1245,1837
"FZD6",630,942,1012,1377,1502,3342,896,1722
"GAK",1368,1357,1494,887,1598,2063,1197,1456
"SRGAP1",1691,1236,1462,740,2085,2118,1041,1046
"NUP50",1342,1594,1293,1045,1624,2288,953,1273
"ZDHHC2",1213,1077,1556,1332,1123,1932,1393,1785
"MBOAT7",1193,936,1695,928,1908,2204,1265,1277
"RBMS3",1195,1269,1508,1163,1620,2113,1150,1383
"SLC30A1",1284,1149,1297,1153,1896,1913,1094,1604
"PRKG1",1524,920,1776,761,1941,1454,1723,1291
"C6orf120",1323,1214,1494,999,1615,2021,1282,1434
"UBE2J1",1244,1415,1372,1109,1339,2169,1168,1566
"IP6K1",1403,1255,1478,1092,1460,2069,1148,1470
"MMADHC",1235,1191,1510,991,2076,2022,1108,1240
"RELA",1409,1365,1443,989,1480,2099,1159,1427
"PKN2",1447,1256,1463,938,1662,1990,1228,1386
"GOLGA5",1247,1151,1754,954,1759,2101,1173,1225
"RPL7P23",1548,1472,1710,858,1753,1743,1154,1121
"PTPN21",1318,1150,1492,998,1542,2007,1293,1554
"EPB41L1",1196,982,1731,845,1930,2121,1327,1210
"HIBADH",1322,950,2095,1027,1737,1637,1355,1211
"GABARAPL2",1316,1377,1415,1165,1397,2074,1113,1470
"MINDY2",886,1574,1255,1409,984,2463,872,1883
"PRKCI",1258,1035,1760,899,1738,2030,1297,1305
"MBD2",973,1335,1386,1228,1470,2254,1077,1594
"CSGALNACT2",1281,1140,1424,1090,1625,2302,1064,1383
"RARS1",1369,1209,1639,957,1840,2078,1156,1059
"TMEM129",1491,1391,1521,1010,1415,1951,1163,1364
"AKT1S1",1464,1345,1770,913,1620,1769,1202,1221
"PFKM",1489,1264,1843,824,1777,1672,1297,1132
"ANKRD12",1394,1295,1254,828,1718,2070,1233,1505
"PSMC2",1501,1274,1602,937,1647,1870,1271,1189
"FAM91A1",1462,1174,1506,892,1834,1892,1347,1183
"TSPYL1",1557,1102,1690,933,1717,1685,1440,1162
"MAPK8IP3",1549,1191,1740,695,1782,1669,1343,1316
"SPATA20",1747,1317,1334,715,1633,1868,1355,1314
"SAFB2",1391,1482,1536,994,1490,1638,1143,1607
"ATP11C",1170,1190,1423,1089,1469,2325,1116,1498
"PHF21A",1411,1015,1541,928,1769,2123,1259,1234
"KLHL5",1232,968,1664,867,1946,2228,1207,1167
"ATP8B1",1181,1015,1607,1038,1171,2566,1420,1275
"HEBP1",1181,1174,1435,1240,1594,2112,987,1548
"MIR22HG",820,1405,1244,1204,1309,2799,901,1586
"MAP3K3",1125,1405,1597,1191,1392,1722,942,1891
"SSC5D",870,445,1733,686,1757,1350,2409,2010
"BRWD1",1401,1157,1502,876,1534,1952,1380,1458
"RC3H2",1130,1237,1480,1131,1500,2217,1086,1478
"STK38",1307,1327,1514,1100,1693,1751,1139,1428
"AR",1485,1238,1017,524,1891,2549,1190,1364
"GCC2",1363,1107,1580,814,1978,2244,1105,1060
"OSBPL5",1433,1673,1192,771,1376,2276,1014,1515
"CCNG2",1735,1227,1380,935,1649,1407,1310,1600
"CACNA1C",1468,945,1591,479,2158,2120,1497,979
"SETBP1",1591,940,1910,974,1456,1807,1266,1289
"YEATS2",1461,1201,1339,806,1577,2489,1187,1165
"PID1",1057,1760,1218,940,1296,1842,1134,1975
"TRAK1",1257,983,1665,902,1763,2259,1170,1222
"COL6A6",3534,1143,1451,678,598,454,2140,1219
"ATG2B",1556,1160,1556,856,1627,1663,1443,1351
"APCDD1",850,4428,815,1142,961,1625,271,1115
"FBXL3",1361,1380,1381,1300,1126,1815,1162,1680
"BCL2L13",1180,1014,1718,914,1749,2095,1183,1349
"STIM1",951,1097,1607,1095,1385,2288,1134,1638
"BRD8",1377,1035,1756,897,1803,1991,1195,1137
"ZCCHC14",1700,1255,1394,793,1469,1340,1721,1516
"CTBP2",1399,1177,1448,900,1597,1934,1216,1517
"CSNK2A2",1483,1113,1558,893,1795,1752,1313,1277
"MKLN1",1323,1124,1512,841,1717,2068,1203,1389
"SELENBP1",1842,1364,2095,735,1687,1175,1485,786
"STX7",1262,1243,1274,1130,1194,1961,1232,1869
"SHMT2",1771,1050,1996,636,1790,1410,1591,917
"MED1",1360,1216,1590,825,1592,2025,1247,1297
"OLFML1",1529,790,2466,727,1741,763,2070,1066
"BOC",929,1532,1508,1251,776,1482,1284,2384
"VPS4B",1261,1311,1343,1092,1437,2051,1101,1548
"HNRNPH3",1471,1391,1737,1014,1443,1665,1222,1199
"SGSH",1411,1092,1799,806,1707,1830,1279,1216
"RBBP4",1581,1208,1598,867,1746,1658,1257,1219
"ANO10",1104,1321,1471,1107,1547,2287,935,1360
"COPS6",1528,1250,1816,805,1611,1872,1192,1052
"LRRC8A",1419,1060,1586,830,1587,1870,1370,1395
"TUSC3",1550,1082,1645,911,1405,1406,1658,1455
"NRBP2",907,1273,1418,973,1505,2403,1032,1601
"MTSS1",603,1075,600,1897,377,1494,936,4123
"UBE3A",1242,1182,1433,914,1697,2038,1259,1338
"HOOK3",1145,1316,1405,975,1418,2122,1227,1493
"AAMP",1343,1537,1420,882,1368,2046,1090,1411
"TAOK3",1143,1490,1448,1003,1488,2039,1055,1424
"NSA2",1177,1092,1925,999,1608,1687,1330,1271
"YTHDF2",1309,1192,1599,1040,1509,2021,1170,1245
"ADI1",1132,1535,1503,1265,1370,2063,840,1370
"TECPR2",1182,1227,1415,968,1525,2074,1177,1508
"MDN1",1412,1233,1327,762,1494,2305,1197,1333
"TMEM184B",1126,1113,1483,884,1675,2200,1211,1371
"NDUFV1",1503,1555,1544,837,1360,1862,1128,1268
"NDUFS2",1285,1240,1673,942,1576,1877,1229,1232
"SUCLG2",1433,1232,1642,938,1453,1707,1348,1299
"TIA1",1587,1003,1831,742,1906,1508,1423,1051
"ELF1",1008,1570,1098,1256,1064,2192,925,1938
"GTF2H1",1227,1296,1351,1100,1530,2227,973,1342
"TOP1",1322,1070,1505,854,1920,2149,1142,1081
"KPNA3",1266,1365,1356,982,1504,2337,1094,1135
"USP4",1217,987,1517,1042,1620,2306,1112,1236
"LRCH3",1318,1303,1582,876,1609,1969,1099,1281
"PPP6R3",1371,1238,1449,942,1539,2069,1103,1325
"ABCA2",1242,837,1520,733,1433,2426,1409,1431
"P3H3",1339,797,1719,848,1925,1973,1347,1077
"JUND",1535,1133,1916,952,1443,1416,1379,1249
"MCM3AP",1372,1289,1454,906,1529,2001,1218,1252
"KIAA0513",1546,930,1549,904,1515,1036,1687,1848
"POM121",1266,1207,1505,880,1501,2125,1189,1342
"HTATSF1",1487,1171,1652,908,1697,1599,1336,1148
"TRA2B",1404,1231,1684,826,1569,1829,1165,1288
"BUB3",1418,1258,1488,942,1509,1816,1176,1385
"CDK14",1280,983,1486,920,1704,1843,1288,1484
"CHMP5",1247,1100,1602,1017,1775,1866,1118,1263
"RMDN1",1642,1552,1444,931,1278,1580,1222,1334
"SOX4",2483,406,2057,185,2829,870,1851,301
"TBCK",1261,1122,1694,1022,1381,1719,1302,1478
"VPS26A",1442,1277,1385,1010,1527,1903,1154,1274
"ABCC4",1234,1265,913,931,1793,2932,719,1185
"CACNA2D1",1358,1389,1751,902,1783,1637,1074,1078
"PHC3",1351,1173,1569,840,1511,2015,1165,1333
"PTPN23",1516,1368,1526,874,1501,1768,1191,1196
"PIKFYVE",1181,1090,1401,963,1526,2068,1146,1563
"MECOM",1290,1084,1733,976,1544,1676,1345,1284
"PPP2CA",1356,1237,1453,961,1554,1930,1189,1251
"ATP5MC3",1423,1293,1544,950,1529,1920,1134,1133
"MEGF9",1278,1310,1376,1134,1512,1817,1048,1449
"ATG12",1316,1138,1460,1066,1610,1825,1154,1349
"MED29",1281,1136,1558,949,1515,1831,1234,1407
"ATF6",1142,975,1609,1063,1579,1954,1226,1362
"UBR2",1304,1128,1550,964,1454,1871,1171,1466
"KDM4B",1446,1449,1284,764,1431,2007,1176,1351
"FEM1B",1332,1295,1436,1020,1470,1829,1237,1280
"MON2",1337,1105,1611,824,1644,1957,1271,1146
"PCNX4",1602,1166,1626,757,1653,1724,1265,1093
"CHI3L2",1051,1227,1535,797,2099,2230,1066,879
"NEGR1",409,799,1115,1376,659,3192,858,2472
"FAM171B",1902,706,1891,506,2375,1014,1851,633
"EXOC5",1396,1197,1494,840,1581,2004,1207,1153
"JDP2",1459,1303,1964,707,1455,1440,1441,1103
"NCAM2",1544,698,2658,921,1360,1013,1697,977
"SLC16A2",1508,962,1868,747,1686,1583,1493,1019
"SIDT2",882,1085,1247,1363,1311,2470,863,1643
"HECTD4",1403,1079,1662,729,1682,1659,1259,1388
"SLC30A9",1160,980,1561,997,1621,2217,1068,1256
"ENTPD1",1518,960,1720,898,1506,1427,1655,1176
"NDUFA10",1402,1267,1611,947,1744,1875,979,1033
"SOCS5",1661,937,1539,853,1553,1500,1784,1030
"FBXO9",1200,1363,1506,1042,1423,1883,1048,1379
"RAB3GAP2",1377,1110,1443,807,1553,1896,1282,1373
"URI1",1342,1215,1704,972,1437,1636,1340,1194
"MICAL1",1234,1535,1327,972,1255,1859,1074,1584
"CLCN7",1421,1128,1518,796,1624,1820,1274,1250
"DDX39B",1321,1278,1374,803,1721,1981,1161,1191
"LTA4H",1279,948,1844,977,1583,1542,1380,1276
"SGSM2",1485,1161,1619,773,1602,1552,1373,1263
"SESTD1",1405,1228,1411,844,1797,1405,1357,1380
"STXBP1",1231,1096,1702,935,1839,1690,1122,1210
"ZFHX3",1253,1093,1577,853,1476,2031,1273,1266
"HDGFL2",1407,1245,1599,794,1636,1815,1134,1191
"PITRM1",971,1038,1490,968,1699,2051,1202,1400
"USP19",1415,1297,1555,809,1455,1818,1181,1279
"EP400",1374,1012,1563,736,1700,2043,1243,1136
"TMCO1",1121,1162,1495,970,1680,2210,1038,1128
"SRF",963,1661,1099,965,976,2933,813,1393
"SERINC2",1041,1258,1908,1105,1213,2380,878,1020
"EMC1",1385,1020,1943,1100,1391,1730,1128,1101
"UBP1",1262,1334,1385,987,1492,1972,1111,1250
"YWHAH",1457,1407,1848,977,1306,1519,1164,1113
"UBE2L6",1395,1426,1588,985,1566,1444,1187,1197
"SCAMP2",1195,1170,1438,994,1287,2139,1130,1434
"FHIP2A",1342,1080,1268,806,1493,1900,1331,1567
"VPS28",1386,1199,1459,754,1386,1685,1343,1574
"MITF",1288,1404,1166,955,1418,1595,1288,1670
"PCBP1",1483,1388,1388,848,1323,1861,1246,1246
"ATXN2",1020,1184,1486,1150,1502,1917,980,1536
"UBN1",1394,1411,1299,952,1546,1724,1114,1333
"OPA1",1148,1091,1389,964,1664,2041,1199,1268
"TNFAIP8",1107,1619,1671,1213,1166,1777,1044,1154
"SEC22C",1108,1464,1160,1132,1206,1827,1181,1667
"KIAA0232",1228,976,1539,835,1737,2045,1203,1182
"EZH1",1107,1153,1497,1166,1306,1803,1134,1576
"PKP4",1061,877,1804,850,1687,2169,1131,1150
"UQCRH",1480,1398,1524,855,1626,1943,1001,898
"NCOA7",1046,1381,1082,1242,1618,1489,981,1882
"UBE2B",1377,1307,1255,1143,1300,1705,1172,1460
"PRPF19",1459,1291,1491,708,1529,1816,1290,1133
"ULK1",1276,1160,1534,869,1725,1420,1209,1521
"VEGFC",1499,944,1535,671,2209,1673,1160,1018
"USP14",1263,1217,1429,988,1422,2092,1052,1241
"KDM3A",1375,1311,1081,868,1422,2065,1116,1465
"ACTG2",258,768,567,837,892,6241,405,734
"DRAP1",1427,1165,1600,743,1780,1718,1253,1007
"SRP68",1332,1125,1588,798,1648,1983,1172,1044
"SLC39A14",1191,1272,1325,717,1843,2478,935,926
"PPIG",1161,1052,1565,865,1782,1794,1307,1147
"BTG1",1230,1472,1108,1060,1416,1797,1060,1528
"ITGA3",708,655,1566,1114,1328,2635,1207,1457
"RARG",1457,1169,1994,1016,1504,1059,1235,1236
"RNF20",1508,968,1668,799,1760,1596,1305,1061
"CD55",1080,1064,1441,927,1870,2222,958,1098
"HDAC2",1427,1071,1465,779,1921,1727,1299,970
"RIF1",1103,1034,1322,841,1599,2085,1295,1377
"DPP9",1229,1472,1255,894,1280,2229,962,1335
"FGF2",1313,934,1743,802,1727,2034,1106,994
"PLAGL1",1426,949,1548,769,1387,1776,1405,1391
"CUL1",1165,1306,1255,838,1456,2238,1117,1271
"DPP8",1203,1134,1434,974,1468,1955,1151,1317
"WASF3",768,1524,965,1288,1165,2417,739,1768
"KLHDC2",1227,1306,1438,1184,1277,1626,1060,1513
"ATXN7L3B",1429,1107,1581,946,1393,1759,1166,1247
"PPP3CA",1433,1316,1421,806,1613,1770,1123,1145
"PRKAG1",1349,1218,1566,917,1477,1760,1135,1201
"CCDC47",1128,1237,1388,962,1421,2079,1122,1285
"TES",1062,1382,1821,773,2118,1810,897,758
"JTB",1501,1280,1344,920,1204,1785,1265,1319
"DAPK3",1258,1574,1166,857,1219,2021,1098,1422
"GBP2",1212,1153,1892,860,1815,1474,1186,1020
"CHMP2A",1128,1082,1579,893,1678,2043,1117,1091
"SAV1",1284,1179,1260,731,2078,1682,1227,1170
"RBM6",1202,1015,1855,919,1721,1714,1171,1013
"DDX21",1002,1266,1147,924,1469,2692,918,1192
"RPA1",1461,950,1428,777,1571,1693,1478,1248
"ARHGEF11",1297,1142,1386,876,1602,1872,1207,1220
"GSTM2",1287,1048,1634,775,1764,1436,1456,1201
"MYO18A",1596,951,1828,737,1356,1513,1419,1185
"GYPC",1340,1142,1671,645,1856,1928,1181,819
"MED12",1503,1120,1486,641,1697,1636,1249,1245
"WSB2",1364,1537,1455,924,1397,1692,863,1339
"TRIM2",1783,824,1863,525,1680,1100,1718,1074
"UBAC2",1122,1158,1607,924,1549,1925,1079,1201
"RBM17",1277,1252,1478,982,1537,1661,1173,1203
"KAT6A",1428,1080,1576,671,1639,1658,1252,1256
"FNBP4",1151,1274,1377,920,1593,1742,1176,1322
"RASSF8",783,1159,947,1143,1324,2608,881,1708
"CDC42EP3",490,1226,1210,1966,781,2285,599,1990
"PDLIM5",551,1518,769,1384,674,2924,796,1924
"ABCF2",1075,1342,1243,880,1599,2336,929,1135
"COPS8",1234,1223,1435,947,1603,1609,1192,1276
"C5orf24",1235,1354,1271,943,1422,2086,1004,1189
"TASOR2",1215,1074,1377,769,1797,2095,1097,1077
"CACNB3",1347,1370,1430,765,1490,1704,1131,1262
"ATP5F1C",1253,1233,1446,834,1484,1957,1094,1195
"DTWD1",1519,1042,1550,700,1665,1511,1494,1009
"FTSJ3",1219,1424,1489,1008,1466,1923,863,1097
"MAPK1IP1L",1210,1289,1281,1000,1433,2146,971,1159
"TAF7",1155,1075,1582,998,1579,1879,1080,1141
"MDFIC",1044,1265,1262,1080,1393,1822,1102,1518
"DERL1",1243,1374,1219,953,1461,1959,1005,1271
"CARM1",1384,1173,1436,646,1659,1727,1330,1125
"RNF167",1263,1302,1476,1025,1373,1607,1087,1343
"ARRDC4",1667,778,1849,748,1673,1355,1579,825
"OCRL",1177,1068,1506,892,1553,1940,1119,1212
"ASS1",953,632,1257,439,2406,2722,1187,870
"PTGFRN",2333,1210,1649,443,1296,1083,1544,901
"MTURN",1012,1148,1154,1044,1453,1811,1079,1752
"IVD",1059,992,1309,899,1389,2249,1083,1471
"SEC23IP",1249,1105,1188,822,1505,2344,1092,1143
"FUCA2",1433,1062,1733,881,1424,1439,1359,1109
"TTL",1290,1154,1447,955,1365,1677,1207,1338
"PGM1",1124,1000,1694,1008,1358,2200,911,1136
"CDC42EP4",1519,1115,1753,874,1303,1018,1303,1546
"SCAF1",1246,1273,1414,901,1375,1838,1128,1255
"NUDT16",949,1494,1218,1049,1109,1825,1049,1736
"SEMA3B",1821,940,2266,654,1361,1049,1382,953
"GAB2",1119,1159,1267,1073,1376,1770,1062,1590
"DMD",388,758,1276,1207,1040,2354,988,2401
"RETSAT",1289,1137,1676,863,1534,1852,1030,1025
"MAPK14",1205,1220,1380,998,1289,1885,1048,1379
"ETFA",1093,1231,1333,1066,1392,1842,1101,1343
"GATD1",1374,1314,1322,790,1409,1777,1189,1226
"NECAP2",1150,947,1514,1014,1431,2016,1081,1247
"NDUFS5",1449,1330,1139,699,1757,2054,1012,958
"DNAJA2",1258,1158,1352,956,1505,1793,1169,1202
"TMEM184C",1042,1021,1460,908,1389,2329,989,1255
"EXTL3",1145,983,1402,889,1597,1982,1109,1281
"LPCAT1",1549,1323,1032,593,1309,2507,887,1184
"GPAT4",1341,1116,1459,866,1500,1604,1245,1250
"DYNLT3",1016,923,1340,915,1877,2041,1022,1245
"ARL4C",1739,812,1873,596,2006,1488,1170,695
"DLG1",1157,1049,1383,957,1586,1764,1174,1308
"PXDC1",686,1317,918,1617,1004,2023,586,2227
"PIP5K1A",1032,1205,1338,1001,1424,2201,941,1233
"CYBC1",1463,1223,1550,750,1478,1693,1152,1058
"CDK11B",1391,1328,1400,807,1262,1584,1216,1368
"CCDC92",1367,1089,1504,864,1671,1584,1138,1136
"USP8",1173,1186,1456,849,1548,1814,1147,1177
"SIN3B",1364,1119,1464,744,1649,1721,1167,1117
"RNPEP",1535,1144,1191,643,1675,1651,1354,1152
"PHF1",1491,1183,1444,812,1537,1388,1237,1249
"ACTR10",1378,1174,1346,929,1471,1772,1086,1184
"TMEM9B",1070,1119,1477,1086,1231,1909,1014,1430
"NEDD4L",1631,607,2014,368,1927,1476,1526,782
"SLTM",1233,1269,1270,839,1652,1802,1163,1101
"MCC",1715,1516,1066,529,1791,1707,872,1128
"CSE1L",1342,1123,1581,916,1540,1573,1151,1080
"ENO2",1907,1213,1326,493,1234,2013,1300,817
"SMARCE1",1357,1061,1722,845,1684,1525,1086,1018
"SLU7",1150,1078,1414,950,1477,1745,1075,1406
"KLHL9",1315,1102,1310,842,1333,1989,1127,1277
"PIGK",1210,1077,1533,1052,1395,1582,1060,1384
"YARS1",1343,796,1806,568,1993,1443,1491,848
"POGZ",1274,934,1557,782,1674,1773,1228,1064
"NELFB",1341,1279,1317,777,1272,1861,1067,1366
"AK2",1207,1111,1485,767,1497,2274,1017,921
"KLF4",1804,1108,2166,584,1284,642,1508,1183
"VAMP4",1267,1117,1493,1098,1352,1486,1240,1225
"TMED4",1266,1065,1505,948,1482,1758,1035,1219
"PNPLA6",1140,1097,1529,927,1440,1899,956,1281
"SHOC2",1189,1225,1279,1013,1430,1773,1032,1328
"NACC2",1175,1338,1079,874,1366,1974,1061,1398
"WTAP",1217,1159,1490,1002,1676,1725,960,1032
"RPSAP12",1554,1463,1509,653,1409,1632,1000,1039
"NAGK",1626,1144,1593,704,1452,1389,1342,1007
"A4GALT",834,1163,1381,1036,1334,1825,944,1738
"BLCAP",1147,1185,1270,713,1699,1999,1083,1154
"DMXL1",1170,1063,1426,867,1430,1766,1105,1419
"KDM1A",1410,989,1492,727,1708,1614,1263,1035
"NUB1",1036,1070,1483,951,1550,1816,1031,1298
"ACBD3",1264,1131,1299,920,1482,1859,1131,1146
"LAP3",1459,1294,1317,998,1451,1824,853,1031
"LIPA",1256,1209,1488,1052,1157,1430,1172,1456
"ZNF148",1198,1024,1366,818,1412,1925,1198,1276
"HSPH1",1164,1046,1357,740,1839,1790,1323,956
"CPSF6",1291,1180,1388,887,1482,1647,1137,1201
"AP1B1",1366,1013,1687,809,1477,1930,1021,907
"COX6C",1303,1127,1358,819,1691,1799,1066,1047
"PPM1A",1166,1091,1319,1048,1412,1693,1137,1340
"SLIT2",746,824,1497,911,1303,1889,1246,1788
"EIF2D",1425,1270,1689,804,1399,1538,1060,1010
"IKBIP",1390,1223,1325,762,1386,2224,930,954
"CCDC88A",1132,828,1470,648,1734,2239,1196,945
"GSTO1",769,862,1448,1062,1292,2334,1029,1396
"SLC41A1",1003,1029,1258,814,1659,1941,1152,1333
"TXNL1",1418,1021,1592,809,1580,1435,1233,1100
"TMOD3",1337,1065,1457,800,1480,1904,1117,1027
"PPM1G",1260,1213,1402,794,1554,1764,1069,1130
"SPEG",1258,647,1814,644,1683,1796,1376,963
"ICE1",1233,1142,1211,814,1572,1910,1027,1267
"FLYWCH1",1427,1301,1726,922,1046,1032,1255,1466
"KANK1",634,921,1087,1331,846,2172,730,2451
"SGMS1",1551,988,1936,812,1234,1356,1255,1039
"PHF20L1",1188,1168,1337,782,1752,1790,1000,1147
"DRAM2",1174,926,1506,984,1554,1571,1209,1235
"MTCH2",1161,1119,1353,958,1437,1994,1018,1117
"TXNDC15",1081,1153,1229,833,1353,1973,1179,1355
"LONP1",1462,1090,1557,607,1506,1837,1243,854
"STING1",895,834,1432,1292,995,2230,1009,1467
"FZD4",845,1167,1082,1317,872,1575,1189,2106
"ERAP1",1248,847,1663,840,1589,1759,1187,1018
"ZFYVE21",1405,1088,1598,877,1167,1321,1420,1274
"DIAPH2",793,943,1220,1040,1056,2588,981,1526
"DMPK",856,1053,1221,1244,891,2295,927,1659
"TBC1D23",1296,1211,1181,855,1451,1826,1059,1266
"FYTTD1",1219,1119,1347,913,1498,1713,1148,1188
"CMTR1",1367,1143,1318,868,1428,1739,1108,1173
"FKBP15",1225,1072,1498,825,1504,1945,1036,1038
"ZNF609",1175,909,1371,801,1633,1858,1061,1334
"APEH",1359,1208,1355,753,1420,1928,1018,1098
"TCF3",1565,1045,1542,582,1669,1511,1294,925
"ABHD12",1141,1215,1415,1014,1370,1642,999,1335
"EHBP1L1",1186,951,1573,895,1220,1971,1205,1115
"PHGDH",1851,764,2622,524,1279,603,1903,566
"ZMAT2",1210,1091,1555,901,1561,1785,1007,1002
"ZNF655",1212,1124,1397,882,1484,1736,1018,1259
"YIPF4",1268,1186,1201,1075,1205,1564,1118,1494
"SH3GLB2",1419,1020,1486,692,1311,1564,1385,1221
"NSF",1188,966,1413,862,1694,1932,1049,993
"TUBGCP2",1328,1171,1425,757,1510,1817,1016,1073
"TRAPPC11",1036,1148,1283,998,1257,1792,1026,1552
"MAEA",1292,1106,1510,758,1389,1647,1137,1251
"PCNX3",1256,1101,1451,733,1432,2016,1029,1064
"EIF2A",1357,1027,1509,758,1583,1568,1171,1108
"LRBA",1189,967,1435,946,1286,1750,1136,1371
"PSMC5",1175,1555,1246,986,1231,1829,837,1214
"CUTA",1295,1094,1520,680,1577,1586,1232,1081
"DCAF5",1248,1010,1581,753,1648,1403,1240,1181
"SLC2A3",1408,970,1166,676,1455,2388,1019,981
"HGF",1529,909,1319,405,2440,1206,1544,699
"WNT5B",1207,929,1557,881,1520,1800,996,1160
"MPHOSPH8",1197,1087,1403,785,1553,1478,1216,1330
"ARF5",1090,1306,1140,817,1334,1986,1028,1347
"OXSR1",1084,1218,1194,976,1233,2073,934,1326
"PREPL",1452,865,1790,571,1820,1394,1298,846
"GET3",1352,1298,1420,788,1477,1697,914,1085
"CRTC3",1206,1123,1346,781,1694,1905,931,1036
"LAPTM4B",1452,1040,1368,834,1531,1860,1030,905
"NIPAL2",1111,852,1649,797,1978,1646,1020,960
"GLIPR2",1501,1242,1352,713,1437,1148,1413,1204
"ITPKB",1963,1025,1567,621,1505,657,1734,936
"SYMPK",1307,1234,1327,747,1418,1868,1010,1095
"LLGL1",1559,1055,1534,554,1554,1504,1294,952
"GPBP1L1",1245,1066,1450,917,1483,1604,1028,1208
"SEC24B",1073,1180,1149,1002,1328,1833,874,1561
"KLHL24",1323,1014,1157,1102,1319,1147,1292,1641
"SMC1A",1295,964,1302,664,1637,1702,1230,1191
"VAPB",1089,1076,1242,880,1350,1948,1077,1320
"KPNA2",1245,1314,1764,707,1561,1382,1096,913
"LARP4B",966,1077,1130,1101,1183,1866,955,1700
"RSRC2",1107,1071,1520,783,1667,1729,1014,1085
"RBBP6",1112,1020,1291,892,1556,1575,1204,1323
"DDX46",1341,1174,1311,850,1221,1846,1070,1160
"CYP2U1",1054,932,1467,1085,1324,2033,977,1099
"MTREX",1272,1071,1452,882,1407,1662,1131,1092
"RNF130",1409,1146,1740,1002,957,1145,1262,1308
"MFAP5",436,558,2882,1857,460,668,1156,1951
"SIN3A",1439,1015,1397,814,1545,1459,1141,1146
"ZNF703",1104,2048,1311,1040,939,967,1135,1411
"SRM",1004,1255,1122,1313,1100,1879,745,1536
"BFAR",1158,1054,1356,872,1417,1626,1152,1317
"RNF41",988,1065,1279,937,1190,2067,975,1449
"AUP1",1108,1399,1283,812,1253,1920,900,1273
"NCLN",1332,1264,1360,803,1210,1915,1017,1041
"EMC3",1040,1147,1271,875,1546,1891,927,1244
"CDK12",1140,992,1427,778,1441,1918,1098,1144
"MTA2",1449,1163,1396,738,1549,1695,969,976
"DROSHA",1246,1039,1485,934,1325,1779,961,1161
"RAB29",894,1203,1046,964,1214,1994,1134,1479
"PSMA4",1248,1183,1516,952,1467,1477,1081,1000
"CES2",1442,855,1782,679,1602,1348,1287,921
"CCSER2",1271,1020,1332,853,1529,1577,1167,1159
"RAB22A",1059,989,1432,888,1455,1713,1164,1201
"XG",1207,911,1270,777,1446,1923,1012,1355
"ITGA1",773,1242,1103,780,1500,2405,730,1367
"ARHGEF1",1153,1459,1163,718,1251,1934,964,1257
"HSD17B11",927,1204,947,1045,1240,2217,766,1552
"KHNYN",1051,1034,1293,825,1378,2019,984,1309
"SMU1",1256,1088,1433,872,1474,1637,1072,1061
"BCAR1",1118,1141,1190,619,1423,2325,1022,1054
"NAGLU",1321,1283,1372,893,1174,1604,1035,1210
"RGPD5",1045,858,1422,729,1817,1734,1235,1051
"SF3A3",1101,1139,1300,814,1392,1732,1099,1312
"SIGMAR1",1213,1171,1284,743,1564,1941,943,1028
"SRC",1151,1134,1089,824,1384,1831,1144,1327
"MGRN1",1341,1208,1222,798,1365,1631,1218,1095
"NUTF2",1153,1092,1432,848,1600,1756,966,1031
"KIAA2013",1244,1109,1341,818,1243,1828,1040,1249
"ALPL",559,661,1435,739,1986,3412,458,619
"PRMT1",1284,1186,1461,644,1548,1705,992,1048
"CFAP97",1126,1060,1202,752,1417,1916,1108,1281
"SBNO1",1258,1046,1421,780,1357,1670,1131,1189
"SIK3",1175,1122,1350,689,1522,1793,1021,1180
"TAF1",1151,953,1378,738,1443,1657,1262,1269
"CIAO1",1128,995,1510,786,1579,1738,1050,1064
"PPP6R2",1176,1128,1283,752,1479,1841,1047,1143
"PLEKHA4",1361,658,1464,715,1402,1327,1853,1069
"DAP3",1310,1123,1574,864,1345,1614,997,1022
"RGPD6",1040,855,1418,727,1804,1723,1232,1046
"WBP11",1148,961,1449,916,1521,1517,1082,1245
"SPG7",1372,1233,1405,692,1359,1575,1145,1058
"GGA2",1552,1034,1535,661,1339,1234,1430,1049
"GIPC1",1276,1226,1230,762,1222,1954,983,1181
"ITSN2",1174,975,1388,723,1634,1644,1182,1110
"HSD17B12",960,804,1099,712,1589,2264,1149,1252
"DMTF1",1009,966,1544,939,1372,1623,1084,1282
"MARK3",1247,1037,1433,774,1560,1598,1109,1053
"ELMO2",1196,1256,1252,870,1353,1558,1078,1247
"RASA1",1317,1010,1348,680,1573,1796,1065,1021
"PPFIA1",1053,1115,1223,750,1565,1844,1032,1227
"APC",1149,1246,1253,845,1425,1499,1011,1371
"LIMK1",1394,988,1114,575,1625,1588,1374,1140
"SNX13",1192,995,1363,728,1575,1682,1125,1129
"CREBZF",1332,1181,1197,765,1478,1606,1052,1176
"PSMB2",1227,1070,1493,802,1540,1668,994,991
"SOAT1",967,1379,969,1012,1091,1687,1016,1661
"ZBTB7A",1133,1097,1332,872,1284,1626,1014,1419
"SPCS2",1262,1197,1351,849,1204,1946,978,983
"GPR108",1120,1042,1269,696,1745,1896,971,1028
"AP2S1",1102,1173,1406,839,1207,1949,983,1103
"NPIPA1",978,1088,1445,1006,1174,1620,1126,1325
"STMN1",1019,1020,1310,834,1885,1596,995,1101
"SMPD4",1288,1075,1377,757,1365,1655,1113,1126
"AP3M1",1140,1110,1320,797,1406,1907,1016,1059
"BTBD7",1278,1090,1233,806,1397,1755,1079,1110
"ZYG11B",1162,997,1422,900,1282,1589,1255,1141
"UROD",1127,906,1782,799,1465,1513,1133,1020
"EDEM1",1132,966,1116,844,1177,2183,1002,1323
"FAR1",1122,1201,1334,979,1163,1699,1020,1225
"SMS",1481,1378,1392,717,1476,1426,936,931
"DCTN5",1224,1090,1565,821,1412,1732,939,951
"WDR48",1197,1018,1447,876,1475,1360,1071,1289
"TNPO3",1189,965,1390,749,1527,1664,1121,1125
"JOSD1",1116,1357,1042,936,1279,1613,1040,1343
"CPSF7",1265,1096,1409,783,1528,1635,1077,925
"PLRG1",1389,1262,1370,830,1239,1545,1040,1042
"NRSN2",1180,953,1579,758,1561,1586,1098,1001
"USF2",1280,1159,1448,688,1443,1584,974,1138
"AFF1",1157,1035,1488,783,1597,1604,991,1051
"SLMAP",969,839,1209,1216,1273,1794,989,1416
"PLPP1",1431,907,1556,544,1767,776,1862,859
"MMS19",1201,1164,1428,743,1259,1588,1097,1222
"YTHDC1",1172,931,1391,781,1496,1684,1152,1093
"MTND1P23",894,1186,1341,1056,1503,1555,1004,1160
"NCAPD2",1331,1028,1365,823,1281,1498,1073,1296
"LAMA3",927,1358,513,951,1378,2127,793,1647
"ASB1",1138,1160,1164,796,1144,1845,1076,1368
"ALDH3B1",875,1108,1391,856,1521,2571,525,843
"AKT3",983,974,1174,943,1350,1649,1024,1584
"CDK13",1151,1063,1234,810,1421,1768,1015,1217
"SBNO2",1310,1259,1170,725,1205,1982,855,1169
"ARIH2",1096,1040,1429,787,1445,1717,1077,1083
"IQSEC1",1209,903,1723,717,1167,1527,1188,1237
"SUGP2",1264,1163,1461,676,1469,1619,1076,942
"SOCS3",1464,1222,1425,638,1515,1692,821,893
"MEAF6",1141,1126,1115,839,1428,1407,1185,1427
"TLN2",1446,872,1635,790,1025,1071,1485,1342
"ROR1",1084,1106,1336,1109,1006,1474,1041,1510
"PRDM2",1115,1178,1408,900,1202,1620,980,1256
"STXBP5",1123,1302,1194,847,1189,1588,947,1464
"GNA11",1197,1209,1254,754,1190,1786,1029,1233
"YES1",1181,871,1431,767,1598,1549,1190,1062
"VEZT",991,847,1662,971,1360,1515,1099,1203
"PSMD13",1320,1235,1452,810,1231,1522,1033,1042
"SRI",1079,1335,1160,1056,1076,1580,987,1369
"RB1",1069,1193,1258,928,1250,1685,967,1290
"CCKAR",851,209,2436,292,507,109,4297,937
"FZD2",1100,1016,1354,885,1295,1478,1087,1422
"TANK",960,1236,1117,997,1278,1915,827,1305
"DCUN1D4",1120,1304,1072,837,1348,1835,921,1197
"IFFO1",1427,1228,1714,820,936,1046,1187,1273
"GRHPR",1078,1060,1384,780,1347,1934,968,1079
"GPM6B",111,324,303,1395,718,5450,250,1075
"BAG3",1054,1280,1137,866,1291,1946,883,1168
"MAVS",1070,1141,1059,718,1102,2042,882,1604
"PGPEP1",1500,840,1507,767,1518,1150,1459,876
"FKTN",974,931,1286,862,1537,1915,1032,1074
"NCOA1",1302,1116,1326,827,1379,1255,1145,1259
"IMMT",1113,1072,1339,786,1469,1930,905,995
"FGD4",380,1461,461,1303,496,2366,473,2668
"PLA2R1",958,846,1609,949,1039,1418,1317,1472
"SELENOT",1125,1055,1402,933,1357,1644,1025,1061
"UBL5",1269,1254,1235,885,1169,1734,944,1110
"INPP5A",540,1140,952,1581,561,1707,863,2246
"HECTD3",1256,978,1438,682,1544,1651,1021,1015
"CHCHD3",1314,1162,1354,703,1470,1564,964,1051
"GIT1",990,1388,912,880,1268,1636,915,1593
"SPCS1",1192,1067,1328,908,1328,1719,1015,1025
"EDA2R",1463,725,1718,425,2100,1394,1140,607
"UHRF2",1303,980,1256,759,1512,1483,1121,1156
"PHF10",975,968,1200,731,1622,2056,873,1144
"RLIM",1126,1086,1279,844,1291,1741,1036,1166
"NCOA6",1177,1072,1228,743,1562,1635,1043,1109
"UBE2Q2",1173,1089,1182,883,1338,1731,1000,1171
"HEBP2",988,1166,1174,910,1250,1800,934,1343
"PROS1",1365,1205,1206,945,819,1204,1293,1528
"LPIN2",1240,898,1189,603,1529,1898,1159,1044
"FUBP3",1113,1027,1309,767,1386,1764,1074,1118
"SLC20A2",785,771,1534,1202,912,2264,1038,1051
"IBTK",1069,824,1512,790,1335,1703,1157,1165
"SHROOM3",876,727,992,706,979,2578,1054,1641
"POLR1A",1045,938,1353,873,1233,2000,1027,1083
"AQR",1111,1014,1230,802,1310,1880,952,1251
"XBP1",1239,1132,1464,622,1254,1819,1116,899
"EPHB4",1886,986,1512,418,1761,928,1308,745
"OAF",1675,1545,1276,800,1332,1021,1118,774
"MED24",1228,1002,1320,685,1431,1724,1022,1128
"GPATCH2L",1269,988,1224,767,1343,1792,945,1211
"RSL24D1",1115,1056,1337,876,1407,1587,1016,1145
"SMAD4",1257,1172,1212,973,1205,1497,1003,1219
"SCYL2",1164,963,1356,817,1386,1545,1127,1179
"TANC1",1660,1030,1383,534,1628,1252,1084,958
"PES1",1055,1097,1263,719,1419,1938,959,1078
"LGMN",863,1128,1255,971,1173,1736,922,1479
"SNU13",1231,1177,1331,677,1306,1785,962,1056
"SPIDR",1081,1105,1160,801,1215,1992,996,1175
"MARCHF8",1234,874,1444,767,1315,1245,1346,1296
"EFNB2",956,1184,1684,887,420,1506,1397,1485
"ARMCX1",1493,1212,1249,684,1429,1103,1294,1054
"DHX29",1252,1116,1324,727,1364,1704,1058,969
"DHX38",1197,1141,1202,733,1323,1880,968,1067
"DOCK5",758,1026,1323,1065,1013,2349,656,1311
"BMERB1",1016,1310,1182,999,916,1509,1037,1531
"RPS23P8",1828,1779,1124,867,814,1162,945,962
"PSMB5",1272,1122,1417,771,1270,1620,1027,981
"ZNF292",1247,991,1359,662,1451,1705,1151,913
"DNM1L",1001,1157,1288,901,1283,1808,960,1080
"STIM2",1511,784,2180,493,1296,981,1564,667
"HELZ",1022,851,1293,647,1506,1900,1063,1194
"VDAC3",1093,1066,1426,822,1359,1601,1036,1060
"UBR3",1010,1006,1252,949,1274,1759,987,1224
"MAU2",1231,1074,1286,759,1266,1606,993,1244
"HNRNPA1L2",1495,1402,1276,928,923,1385,968,1077
"GPC3",683,536,1943,1321,240,450,2053,2211
"MAP3K2",1201,1094,1203,747,1372,1618,1057,1134
"CAMKK2",1092,1113,1198,851,1140,1675,1050,1303
"RIN2",986,975,1152,834,1180,1660,1080,1546
"FADS1",1508,922,1398,802,1394,1865,698,824
"RPL6P10",1421,1257,1331,665,1359,1529,985,862
"MRAS",1039,927,1363,794,1514,1642,1031,1096
"MIER1",1250,1071,1154,835,1293,1492,1097,1213
"NECTIN2",933,1099,1269,783,1201,2047,927,1145
"OSBPL3",1510,778,2067,445,2004,1115,1014,465
"UPF2",1107,923,1409,795,1480,1463,1071,1149
"RNF4",1132,1011,1305,793,1410,1659,1022,1061
"SPRED1",1009,916,1037,948,1200,1798,1100,1380
"TMEM94",1133,1000,1255,698,1499,1691,1017,1094
"LAMA5",1025,683,1534,750,1535,2008,913,936
"STRADB",681,1035,855,1114,1298,2319,681,1400
"REXO2",1211,1058,1441,856,1391,1607,922,893
"XPNPEP1",1040,992,1195,712,1513,1773,1070,1081
"ATIC",1088,1176,1319,775,1388,1732,930,965
"UBQLN2",1158,992,1378,770,1471,1517,1085,1001
"GNPTG",1260,946,1413,642,1479,1692,974,957
"SYAP1",1031,964,1207,739,1218,1645,1245,1302
"GNA13",1309,1158,1182,827,1248,1413,1089,1124
"PRKAR2A",1079,1065,1174,758,1325,1614,1177,1155
"SIRT2",1301,1083,1291,700,1419,1311,1093,1148
"UBE4A",1107,970,1397,736,1312,1572,1064,1185
"SNX14",985,958,1325,945,1337,1640,1048,1103
"METRNL",1563,994,1606,586,1417,1044,1224,907
"RIMOC1",1077,1143,1129,902,1134,1748,896,1307
"FRYL",1043,1000,1147,788,1205,1896,880,1376
"ABHD5",597,1420,824,1035,1244,1946,576,1692
"RNMT",1178,888,1322,755,1382,1666,1148,995
"UBAP1",1055,1037,1350,797,1493,1561,962,1078
"RFLNB",840,1270,710,800,1087,1893,982,1746
"SLC9A1",1228,895,1393,615,1336,1641,1308,909
"RASSF3",994,1091,1254,968,1126,1949,879,1061
"UBE2D2",1114,1090,1111,986,1193,1608,1021,1195
"PAPSS1",1445,1134,1414,750,1240,1343,993,996
"VPS11",1312,1003,1328,597,1426,1393,1177,1077
"SLC25A1",1131,1341,1263,710,1157,1671,885,1154
"RUSC2",1168,855,1357,601,1393,1851,1051,1035
"SYF2",1067,1079,1193,804,1457,1476,1080,1152
"DIXDC1",992,1113,1279,932,986,1302,1175,1518
"C4B",1758,813,2143,881,779,610,1291,1017
"OSTM1",1097,1104,1063,1084,1089,1752,886,1215
"ABCC5",1030,912,1073,842,1313,1803,913,1400
"FMN1",834,556,2166,741,1363,2032,892,701
"MAP2K3",790,1203,897,944,659,2276,1090,1422
"FRS2",1226,861,1221,727,1440,1477,1174,1153
"RASA3",1105,1018,1078,562,1466,2030,889,1131
"WAPL",1039,946,1299,792,1360,1761,1002,1077
"LMNB2",1189,1118,1204,653,1279,2098,903,831
"FAM13B",1112,857,1312,746,1239,1646,1096,1263
"DENR",1098,948,1279,757,1432,1776,1000,980
"PPP2R5D",1185,1092,1354,787,1290,1394,1000,1154
"ABL2",1024,1055,1120,917,1055,1849,806,1429
"GNG5",814,804,1213,923,1303,1875,973,1348
"GULP1",1161,1093,1260,652,1036,1162,1753,1133
"PUF60",1183,1097,1256,662,1274,1868,949,960
"RYBP",887,1036,1338,759,1220,1938,914,1154
"FKBP14",1201,870,1510,770,1365,1534,1073,913
"GSR",852,1475,858,991,1269,1862,656,1272
"LRRC17",2077,248,2446,390,923,132,2366,649
"STX16",1259,1069,1315,812,1341,1442,1019,973
"HEATR1",1075,1018,1218,715,1331,1902,934,1035
"TRAPPC8",1133,1002,1282,803,1275,1626,917,1190
"FASTK",1340,1130,1352,676,1161,1603,981,982
"DHX30",1156,1094,1189,712,1367,1711,894,1099
"TUBGCP6",1209,1262,1216,760,1072,1585,897,1218
"TXN2",1209,1142,1398,729,1268,1404,1055,1010
"RABL6",1241,1083,1219,671,1327,1681,961,1032
"LARP6",1284,1024,1629,668,1459,1134,1133,881
"DNAJB14",981,1024,1173,920,1195,1762,958,1196
"ABI1",1174,1086,1186,894,1162,1432,1046,1224
"S100A16",1140,970,1368,785,933,1336,1400,1272
"ARHGAP20",1248,790,1383,622,1722,1052,1200,1182
"STX2",864,1099,1155,1027,1044,1837,762,1407
"FAM120B",1104,907,1326,707,1388,1813,911,1032
"NUP133",1126,999,1255,822,1201,1524,1005,1255
"IREB2",1142,963,1315,797,1307,1648,949,1061
"DCAF8",1109,1074,1229,927,1278,1487,922,1154
"CUL7",1313,753,1650,581,1421,1354,1195,911
"PRPF38B",1006,1171,1085,703,1430,1681,1029,1073
"SYNJ2",1361,596,1527,614,1604,1576,1207,691
"GRB2",1166,950,1263,676,1288,1803,977,1051
"ZHX1",1201,891,1390,648,1497,1208,1221,1109
"FAS",1013,863,1394,682,1390,1835,1019,967
"STRN4",1163,1070,1221,764,1308,1667,915,1049
"SH2B3",901,991,1281,927,1025,1198,1240,1590
"MED28",977,1017,1187,885,1182,1625,892,1388
"OGDH",1256,983,1347,846,1194,1420,1044,1062
"PITPNB",1015,1183,1131,841,1270,1700,867,1144
"NUS1",1093,1099,1119,806,1164,2069,816,983
"SLC25A5",1340,1059,1323,785,1294,1450,922,974
"RGL1",1308,561,1990,412,1736,1214,1292,633
"ARFGAP2",1203,1058,1336,815,1198,1468,920,1147
"FEZ2",1014,947,1241,822,1456,1653,987,1024
"PIGS",931,901,1457,892,1315,1584,941,1120
"LYNX1",1861,1079,1818,764,811,763,1170,872
"APPL1",1142,996,1137,794,1176,1565,1145,1178
"KMT5A",1231,1030,1564,729,1378,1068,1145,987
"DDX3Y",1507,1219,1376,871,1801,2351,0,2
"JAG1",1323,883,1769,575,1312,1154,1215,893
"PAF1",991,866,1504,715,1575,1480,1054,938
"NFX1",1174,864,1376,601,1483,1353,1265,1001
"DHX36",1062,947,1213,788,1302,1729,1051,1016
"VPS51",1400,1278,1175,625,1039,1320,1065,1205
"DTX3L",1369,952,1367,843,1223,1340,969,1044
"RAB35",1088,1251,1107,829,1057,1494,909,1365
"ATXN1L",1203,1193,971,867,1108,1657,826,1271
"UNC13B",1101,752,1522,776,1294,1431,1065,1154
"ANAPC1",1109,938,1196,742,1252,1647,1103,1107
"AGAP3",1314,1235,1126,719,1150,1419,995,1132
"SLFN11",1474,1126,1399,697,1053,1715,897,726
"ETS2",1211,898,1089,726,1502,1754,996,910
"DDHD2",944,802,1441,844,1135,1483,1093,1343
"ADPGK",1152,967,1250,783,1282,1564,980,1106
"RTCB",1231,1041,1318,745,1346,1482,969,950
"AHCY",1394,1308,1160,707,1221,1527,853,912
"RGCC",176,260,323,1485,169,3105,296,3263
"PON2",898,871,1368,904,1480,1778,850,924
"TMEM87B",922,764,969,1093,848,2102,922,1447
"NR1D2",1670,680,1349,753,1522,955,1211,924
"RPL13AP25",1187,1137,1268,753,1161,1494,1095,966
"TIMMDC1",1121,1133,1184,836,1311,1503,903,1069
"GBP1",975,1337,1395,820,988,1906,840,797
"HMG20B",1081,1058,1126,697,1275,1708,902,1196
"GON4L",1047,850,1386,644,1416,1619,1042,1037
"HBS1L",1064,923,1455,800,1440,1537,936,883
"NAB2",1304,1086,1104,624,1314,1700,917,983
"RALA",1791,920,1143,544,1574,1155,1102,801
"ITGA11",2863,937,2332,464,639,178,1270,345
"TERF2IP",1070,909,1432,716,1556,1468,984,893
"RPL17P39",1229,1194,1205,614,1477,1446,946,915
"FIS1",1095,1033,1450,719,1158,1526,1086,958
"STK17A",1595,1042,1320,380,1721,1498,912,549
"DOCK4",871,816,1060,564,1465,2282,970,987
"NEDD4",998,1169,1070,631,1382,1786,829,1149
"GNL3",1107,1017,1230,616,1542,1710,987,795
"NUDC",1040,1147,1177,773,1246,1767,878,973
"USP40",1323,959,1383,641,1288,1201,1190,1012
"ELOA",1184,1093,1130,789,1249,1621,877,1052
"MAMLD1",795,1112,1211,816,1314,1692,870,1184
"TYK2",1204,1065,1134,560,1311,1874,863,976
"NEMF",968,962,1209,743,1350,1779,939,1036
"ZDHHC8",1069,1187,1169,711,1109,1618,881,1239
"TMEM167B",1109,975,1114,862,1275,1536,1031,1075
"TXNDC12",1002,928,1171,811,1274,1677,986,1124
"CYLD",1179,863,1445,751,1393,1278,1025,1038
"INO80",944,975,1250,855,1064,1904,850,1129
"IFRD1",889,823,1047,586,1581,1768,1178,1097
"GLYR1",1058,981,1322,578,1436,1773,919,901
"ACO2",1127,1068,1286,709,1302,1499,853,1121
"POMGNT1",949,1000,1326,824,1432,1700,782,951
"EXOC3",1143,958,1213,653,1358,1653,1013,973
"RALB",1019,1044,1195,865,1111,1576,971,1177
"EPDR1",766,774,1984,1266,1003,1272,848,1037
"B4GALT2",1273,925,1395,591,1370,1589,971,835
"NECTIN3",841,838,1090,731,1562,2190,753,944
"BOD1",1293,881,964,683,1336,1409,1223,1159
"GYG1",985,1103,1167,859,1352,1483,885,1111
"ATXN7L3",1181,1229,1091,717,1231,1471,979,1044
"NCS1",1424,848,1216,504,1418,1425,1291,815
"EIF4E2",943,1024,1327,886,1248,1673,838,1001
"ADCY3",768,802,860,836,1159,1978,1040,1497
"ZFYVE16",1176,881,1213,632,1450,1713,972,900
"NOLC1",1061,1035,1129,672,1301,1919,894,926
"MPV17",1204,1022,1285,713,1267,1405,1076,958
"MBD1",1257,975,1252,630,1312,1514,999,991
"CAD",1077,1261,1109,666,1114,1866,902,934
"ANO1",450,155,1742,818,575,3029,1243,910
"RNF145",1025,968,1081,665,1199,2252,759,973
"ARID4B",1070,852,1342,685,1411,1523,989,1048
"ADIPOR2",1070,1033,1187,851,1181,1615,878,1102
"ACAP3",1702,1251,1366,476,1213,944,1066,896
"CLNS1A",1224,909,1351,673,1354,1316,1115,971
"MAGED4B",1474,942,1159,445,1477,1602,1004,808
"HSF1",934,1187,1048,698,1144,1734,882,1283
"VPS26B",1304,970,1200,689,1288,1285,1127,1046
"GART",1042,1126,1163,618,1275,1651,962,1070
"RIPOR1",1138,1257,1036,728,1101,1460,1043,1142
"MAGED4",1475,940,1159,445,1475,1601,1004,806
"CYP27A1",991,735,1212,723,1273,1480,1248,1242
"C11orf68",1238,1028,1287,617,1242,1406,1062,1023
"OGFR",1256,1199,1153,654,1128,1485,935,1088
"GTF2IRD2B",1007,856,1335,754,1308,1671,926,1041
"WDR36",1297,738,1280,491,1545,1208,1566,771
"MCMBP",992,1121,988,783,1006,1764,952,1288
"PIK3C3",936,936,1145,727,1181,1884,889,1192
"UBE2Q1",1025,1013,1274,781,1266,1572,946,1013
"UBL3",1097,847,1203,820,1256,1201,1178,1286
"EHMT2",1469,853,1291,550,1482,1148,1179,916
"SCAMP3",999,1083,1212,705,1315,1551,888,1134
"ZFTA",1337,979,1316,618,1416,926,1234,1059
"DNAJB12",1002,1073,993,769,1211,1715,891,1224
"SCFD1",1045,913,1347,748,1356,1567,938,960
"LRRK1",1149,1084,1244,665,1121,1363,1063,1183
"RAP1GDS1",880,873,1355,812,1296,1693,949,1013
"GMPR2",1093,1115,1272,799,1185,1384,923,1094
"TBC1D17",1079,1050,1311,815,1206,1237,958,1209
"AHSA1",907,974,1317,749,1255,1660,936,1064
"RBM33",1164,1170,1139,778,1140,1280,976,1211
"RXRB",1320,1049,1175,757,1231,1317,1040,966
"CUEDC1",955,1290,942,782,1071,1706,823,1284
"MRPS27",1152,970,1327,711,1394,1453,947,894
"CALHM2",1217,1092,1291,727,1000,1198,1006,1314
"PAICS",1185,886,1209,531,1518,1859,947,703
"ATP6V1G1",1158,916,1183,651,1452,1500,1050,927
"RPL21P28",1354,1318,1252,662,1238,1292,909,809
"TP53BP2",1092,934,1074,854,1332,1411,956,1179
"RCC2",1124,992,1372,911,1401,1045,940,1047
"TMX1",1334,1294,981,870,994,1435,910,1012
"DPY19L4",950,1034,1079,900,906,1542,1006,1404
"CYGB",1403,963,1139,523,1370,1164,1200,1056
"CCL2",451,263,1240,347,2251,3450,537,277
"HNMT",899,1843,881,867,1051,2369,345,561
"AGAP1",1172,971,1212,580,1281,1544,931,1119
"C4A",1698,797,1968,826,724,579,1233,980
"MAP2K1",928,978,1055,786,958,1952,912,1234
"PLXDC2",793,1031,870,1166,503,481,645,3312
"ABI2",1127,743,1445,725,1367,1520,1022,851
"RNF185",988,966,1130,741,1050,1833,979,1113
"DHX8",961,926,1335,707,1292,1469,988,1120
"ZNF146",1033,792,1328,696,1450,1636,1010,853
"PDLIM2",1174,1038,1207,647,915,1769,1032,1015
"EXOSC10",869,1075,1115,1051,944,1405,748,1590
"GGCX",1127,678,1293,588,1356,1761,1026,966
"M6PR",1189,947,1266,693,1288,1555,957,899
"GATAD2A",1254,1048,1166,632,1288,1387,1038,981
"PPP4C",1098,1117,1192,764,1130,1591,858,1043
"PPP4R3A",1269,947,1216,686,1431,1349,1019,875
"ELAVL1",1141,958,1197,699,1200,1599,960,1037
"ECHS1",1235,948,1257,632,1370,1464,972,913
"RETREG3",983,948,1169,959,1136,1604,900,1092
"VPS53",1051,1015,1316,766,1170,1493,922,1054
"ZC3H14",1064,890,1261,689,1410,1543,966,956
"GPBP1",1159,865,1316,712,1303,1412,1065,944
"KIAA1143",1184,857,1279,792,1131,1318,1066,1141
"FBRS",1019,1091,1219,770,1137,1541,932,1058
"RAB21",1024,959,1149,881,1175,1548,965,1065
"FLRT2",1456,788,1221,346,1929,1608,878,538
"PEX19",999,1052,1258,883,1218,1451,862,1036
"TRIM38",1017,1059,1108,818,1237,1510,868,1141
"SLC31A1",832,1062,989,773,1237,2041,844,980
"INTS11",1114,1102,1248,656,1246,1491,893,1006
"PHTF2",924,653,1538,678,1347,1144,1454,1016
"TLE1",706,1331,911,808,733,1361,933,1968
"PPARD",1005,914,1107,701,1203,1822,884,1109
"MAML2",994,863,1249,701,1287,1547,911,1191
"CNIH4",977,1104,1148,967,990,1686,737,1131
"RASL12",1820,979,1340,391,1843,725,1096,544
"SCAMP1",1141,853,1255,779,1230,1337,1118,1020
"GMPS",1137,947,1236,681,1279,1499,985,969
"ZFYVE1",1100,998,1149,825,1159,1254,1024,1222
"PCDHGB7",830,657,849,436,2214,2039,793,907
"ZNF24",1083,873,1203,735,1261,1550,1012,1006
"PPIP5K2",1076,898,1220,691,1329,1414,1117,969
"RPL10P16",1266,1165,1162,598,1185,1477,913,947
"STK11",1213,1029,1266,649,1297,1351,941,965
"AREL1",1061,1006,1251,785,1255,1678,750,914
"NUP153",1161,1004,1169,710,1213,1500,965,978
"PPP1CA",939,1084,1116,671,1086,1964,807,1032
"STC1",263,667,278,360,661,5219,194,1056
"DAXX",1042,969,908,559,1742,1668,865,945
"COX5B",970,1004,1295,729,1218,1701,910,869
"EIF4A3",1078,1257,959,563,1240,1733,896,968
"PIGG",1116,951,1210,722,1188,1573,924,1008
"SRSF2",1145,1029,1280,782,1071,1629,908,847
"RNF146",1099,1015,1223,818,1256,1143,1043,1093
"ETS1",1213,1008,949,746,1203,1701,849,1017
"NFKB1",1239,943,1200,648,1340,1225,1094,991
"DPF2",1134,953,1341,697,1351,1302,999,901
"FAM53C",1183,949,1219,723,1247,1353,984,1019
"NEO1",1143,728,1534,776,1110,1096,1204,1083
"PAK1",1176,1122,1257,585,1341,1152,1028,997
"TMF1",964,1008,1062,749,1139,1708,875,1151
"ABHD17A",1183,1158,1202,630,939,1471,981,1091
"TMEM45A",1276,1002,1241,695,939,1768,862,870
"NT5DC2",964,1133,1057,552,1428,1632,908,976
"CABLES1",647,837,903,839,864,1931,839,1784
"MDGA1",1156,594,2185,765,1090,1193,928,732
"DGKZ",1091,881,1412,530,1208,1417,1161,942
"CNN1",460,1171,1538,969,666,1630,962,1245
"TMEM183A",1018,947,1094,763,1256,1533,953,1076
"CD2BP2",1156,1157,1080,707,1165,1567,907,897
"TSN",1221,984,1119,797,1141,1499,928,944
"GATD3",1102,995,1224,687,1153,1463,933,1071
"TRHDE",886,662,1217,851,1286,1901,839,982
"PIK3CA",899,1080,916,908,1080,1591,780,1368
"NCDN",1443,929,1280,469,1384,1263,1091,756
"PPP2R5E",1039,1028,1058,807,1171,1556,931,1014
"SZT2",1120,909,1185,516,1263,1667,907,1037
"ALDH7A1",927,911,1434,995,1075,1295,916,1048
"TMTC3",959,701,1244,835,1435,1496,919,1008
"GNB4",881,1180,724,905,842,1825,689,1542
"USP9Y",1358,1166,1587,907,1569,1998,1,0
"GLTP",817,873,1231,697,1293,1782,839,1049
"SLC75A1",967,1164,1038,690,904,1840,801,1175
"NOP56",882,1109,1080,670,1333,1732,833,939
"DDX41",1077,874,1193,548,1232,1980,851,819
"CARS1",1118,873,1282,663,1322,1408,955,950
"PTPN9",865,998,1045,832,1094,1637,909,1190
"COMMD6",1120,1119,1105,741,1150,1591,792,952
"APOL2",860,961,1315,1040,1086,1196,921,1190
"SART1",1220,1048,1124,633,1207,1519,934,882
"PKD1P6",1083,1084,987,612,839,1601,931,1424
"PDCD6",1107,1104,1037,696,1135,1629,849,1001
"HTRA3",1353,1421,1230,465,1247,776,1035,1030
"NPIPA7",834,1014,1204,875,1103,1477,930,1120
"NRIP1",1064,803,1071,605,1398,1631,983,997
"PTPRD",896,661,1464,634,807,714,1800,1574
"MTSS2",692,832,741,710,1009,2560,783,1218
"CARHSP1",1011,1044,1272,824,986,1242,925,1239
"PBX2",1069,895,1402,545,1515,1262,1020,829
"ZMIZ2",1058,954,1306,703,1108,1634,840,925
"LPGAT1",894,932,1182,795,1212,1519,871,1122
"TMEM219",1108,922,1283,757,1110,1297,982,1068
"PLEKHG2",830,835,1110,587,1322,2178,813,847
"RPSAP19",1870,1672,1235,650,814,895,716,659
"WWC2",898,876,1044,607,1265,2055,828,934
"NSMAF",1170,833,1287,637,1396,1169,1112,902
"MYSM1",1014,870,1161,676,1192,1485,1045,1062
"PSMD11",1039,939,1174,793,1363,1433,850,912
"EEF2K",1111,1365,1098,723,832,1201,866,1306
"CCDC9B",1057,970,1242,760,1166,1515,830,962
"DAZAP1",1021,936,1084,732,1148,1719,850,1011
"MYO9A",1048,954,1056,647,1210,1565,933,1080
"FPGS",852,1161,1014,871,945,1683,728,1238
"MANBAL",910,868,1163,753,1287,1724,803,978
"PATL1",972,918,1096,641,1396,1530,984,947
"CADPS2",710,1645,980,1699,225,434,706,2084
"ATAD1",914,867,1152,750,1235,1584,923,1058
"SMG7",993,832,1241,620,1402,1565,902,927
"CDK4",1513,867,1398,417,1429,962,1194,702
"CACUL1",804,960,1007,1161,1019,1610,746,1175
"DDB2",1572,1131,1332,621,1214,1003,835,773
"WDR13",1121,1040,1246,665,1031,1398,935,1043
"ZFYVE26",1239,753,1195,543,1377,1237,1175,959
"EIF2S1",927,945,1110,722,1249,1771,833,919
"PPM1F",1366,866,1101,479,1310,1268,1123,961
"CSNK1G2",1089,994,1182,614,1181,1549,884,980
"XPR1",1042,721,1173,681,1568,1394,873,1020
"TGIF1",714,930,841,891,926,2214,586,1370
"PDGFC",1499,704,1066,417,1676,1256,1181,670
"FAM98A",1010,977,1165,673,1294,1628,869,852
"PSMA5",918,1048,1108,894,967,1712,777,1044
"QSER1",1143,807,1109,591,1254,1499,1087,975
"DELE1",1140,851,1213,626,1213,1512,973,937
"MRTFA",899,1074,1004,693,1151,1940,755,949
"KLHDC3",930,1086,920,876,939,1727,763,1220
"PPP6C",1000,888,1113,770,1262,1484,936,997
"PDPK1",1121,897,1098,606,1180,1367,990,1189
"TTC14",1014,951,1070,622,1214,1707,892,978
"HMGB2",518,1140,843,1156,909,1703,498,1675
"RPRD2",1079,786,1336,702,1338,1228,1019,953
"TM2D2",1145,1223,1235,724,1079,1227,940,867
"ELOVL1",926,1125,961,811,965,1739,793,1119
"ZFAND6",1071,928,1172,717,1264,1362,945,980
"ZMYM3",1294,688,1456,499,1443,1224,1039,793
"TSG101",926,1027,1080,874,1083,1540,774,1129
"CCZ1B",816,878,1349,752,1280,1600,737,1019
"CEBPB",950,1236,718,671,1189,1432,937,1295
"PRKACB",1183,668,1290,543,1616,1250,1144,733
"VARS1",1145,1173,1087,597,1156,1553,853,858
"DIS3",886,927,1161,762,1132,1700,770,1078
"HAPLN1",101,170,2015,1366,584,1206,1078,1895
"RFC1",1120,906,1143,634,1313,1264,1046,984
"MIR4435-2HG",957,589,1435,595,1499,1963,740,631
"ABCD3",1136,877,1066,660,1340,1509,927,892
"BBS2",1254,776,1394,724,1199,1117,997,945
"STARD13",714,1135,1190,726,948,1879,590,1223
"ASNSD1",747,749,1175,882,1221,1444,988,1196
"RECQL",940,1096,1192,766,949,1452,812,1192
"TRAFD1",1054,1006,1189,858,1354,1141,819,964
"C14orf119",973,951,1161,710,1274,1456,935,923
"SLC11A2",894,937,1044,755,1074,1586,894,1198
"CHST15",968,1120,1523,987,387,672,1158,1567
"UPF3A",1159,1113,1092,591,1180,1417,963,866
"RAB5A",922,851,1146,801,1230,1553,901,976
"ENTREP3",957,1108,1130,779,1118,1224,878,1185
"PGM3",1031,726,1277,541,1380,1603,1020,798
"BACE2",1117,964,607,413,1432,2011,913,917
"DR1",1129,1006,1123,712,1081,1477,932,913
"CAMLG",1100,991,1117,720,1119,1138,1001,1184
"CDC5L",966,1043,1183,733,1196,1391,818,1036
"SYVN1",925,1099,1109,705,1038,1517,858,1114
"VKORC1L1",705,911,886,854,993,2003,741,1264
"DDX18",1062,924,1063,713,1111,1646,888,949
"GATAD1",978,890,1131,622,1333,1471,928,1002
"SPPL3",1059,852,1205,776,1106,1296,1016,1039
"TSKU",715,1383,642,512,932,1886,659,1619
"ACAT1",896,981,1265,906,989,1097,1040,1173
"FBXO31",1016,990,1218,743,1117,1157,992,1109
"DVL1",1113,1132,1091,642,1015,1287,964,1094
"GTF2IRD2",934,809,1329,742,1171,1505,878,969
"VTI1B",944,881,1149,742,1179,1476,920,1043
"SGTA",980,1041,1122,646,1221,1534,850,938
"NTAN1",896,772,1070,782,1325,1460,900,1123
"RTL6",1295,863,1204,507,1174,1495,931,856
"SLC71A1",1027,983,1157,803,1126,1337,856,1030
"HEXIM1",984,1297,1167,677,1224,1331,790,849
"IKBKB",930,910,1071,730,1141,1653,832,1047
"TOLLIP",1143,1022,1043,644,1177,1324,924,1030
"KANSL1",1133,897,1059,572,1329,1454,873,984
"DENND4A",911,831,1172,765,1398,1188,934,1100
"KCTD2",999,867,1145,685,1189,1438,849,1122
"ARL6IP1",1044,943,1068,876,985,1322,892,1163
"PHAX",1035,895,1062,682,1288,1471,931,926
"SHKBP1",994,1069,1159,636,1113,1636,750,932
"HS1BP3",1067,1048,1027,688,984,1442,907,1125
"PPP4R2",1068,853,1125,679,1283,1468,919,893
"LNPEP",913,1055,916,764,878,1384,894,1483
"USP16",915,881,1118,757,1231,1694,778,912
"GALNT11",892,925,1102,683,1184,1726,819,952
"MSH6",1008,919,1079,684,1166,1393,967,1060
"LARP4",797,1337,731,805,965,1598,731,1311
"GAPVD1",983,966,1093,707,1236,1494,796,1000
"CCAR2",1095,975,1100,635,1142,1426,905,996
"BICD2",938,886,1128,662,1186,1576,826,1071
"STRIP1",1060,886,1138,636,1232,1420,913,986
"PCMT1",991,1095,1071,779,1083,1374,781,1095
"HABP4",716,942,1090,1032,822,1369,949,1348
"RARS2",897,864,1275,778,1202,1437,847,968
"EML3",970,1132,1048,766,1017,1298,940,1091
"SKIC2",1190,843,1237,593,1330,1541,722,802
"C1QTNF1",452,947,563,876,995,2547,555,1313
"MTHFR",1181,981,1215,635,1101,993,1017,1122
"MOSPD1",785,819,1092,836,951,1448,1000,1313
"PEX26",969,763,1125,717,1240,1530,946,953
"TIAL1",1047,928,1186,699,1266,1278,911,927
"BRPF3",1026,834,1031,658,1307,1596,802,986
"EMP2",809,1001,996,1025,706,1515,832,1354
"ADAM17",803,846,868,868,1068,1471,894,1418
"CHST3",758,945,779,990,813,1361,825,1762
"WIPF2",963,901,1173,745,1146,1446,865,992
"ARRDC3",1151,533,1360,734,1214,1045,1058,1134
"FBXO21",1161,844,1256,661,1223,1172,929,983
"ARMC9",573,518,1137,1260,968,1877,850,1044
"RAP1A",989,927,1059,754,1135,1382,980,991
"PDPN",891,2858,508,1120,216,974,358,1291
"RUFY3",1123,809,1195,614,1474,1262,952,779
"LRRK2",694,842,914,783,1044,1442,1003,1486
"PANK3",1146,908,1144,621,1172,1365,929,919
"COPZ2",1132,928,1332,755,990,1088,1038,940
"POMP",1041,1102,1070,897,910,1496,767,920
"PSME3IP1",1049,898,1310,744,1122,1383,800,895
"DEF8",957,966,1173,728,1055,1504,769,1045
"PACSIN2",863,1038,980,707,874,1732,744,1258
"KLHL29",671,813,1098,685,1139,2020,690,1079
"TBC1D15",975,946,1115,752,1138,1168,980,1121
"BANF1",1179,960,1184,598,1135,1370,959,809
"ARB2A",1003,777,1113,738,1054,1265,1071,1170
"TRAPPC1",927,994,1208,734,1202,1520,759,846
"ARF6",922,1122,1076,671,1088,1774,671,862
"NUDT5",983,989,1124,579,1485,1463,819,744
"TMEM115",842,980,1087,729,994,1598,815,1135
"RAB1B",1121,855,1173,652,1187,1525,813,852
"APOL6",1154,800,1492,766,1161,964,959,873
"PTCH1",1092,1350,1290,680,1029,1238,571,917
"STOML2",1017,1095,1116,640,1066,1421,841,967
"TOM1",771,828,1166,660,1307,1842,788,799
"MIEF1",1056,918,1036,772,1100,1484,821,972
"EFTUD2",915,813,1016,608,1274,1692,884,955
"TCEAL8",1144,900,1208,651,1137,1261,915,939
"SAR1B",797,851,1091,868,1192,1612,783,958
"POLD2",1137,993,1235,575,1223,1485,760,740
"NPIPA5",871,985,1203,876,951,1289,914,1059
"ABTB1",893,1086,1016,801,820,1350,762,1419
"TRNP1",309,1206,458,1172,456,1969,569,2006
"PRKAG2",314,1074,871,1283,570,2248,477,1303
"TCEAL3",540,1017,808,940,907,2277,541,1110
"NSFL1C",1079,885,1298,581,1251,1269,901,875
"NUP188",1164,880,1164,532,1336,1289,999,775
"HNRNPAB",881,1182,870,704,1178,1629,797,887
"SNW1",1009,833,1116,700,1256,1334,898,972
"PLXNA4",150,584,140,449,518,5496,75,702
"NT5C2",765,811,1023,772,913,1808,858,1163
"DVL2",1366,1002,1069,516,1237,1061,1020,841
"SLC25A39",1011,963,1092,558,1323,1505,813,847
"DCAF10",930,884,1025,771,1072,1492,862,1071
"SCRIB",1087,898,1073,499,1264,1661,821,804
"EIF3FP3",921,961,1212,594,1281,1419,830,884
"CNOT2",1023,857,1141,651,1242,1377,922,883
"ERGIC2",880,766,1037,710,1222,1619,816,1045
"FLCN",1235,1070,952,472,1224,1090,1110,939
"DIP2C",1055,749,1192,546,1080,1183,1126,1156
"ATP5PD",998,1118,1035,750,1060,1547,735,836
"EMC7",799,852,1182,874,1162,1492,799,917
"GNL2",792,1125,894,683,1128,1822,722,911
"BMPR1A",1089,935,1025,638,1134,1311,977,963
"NPIPA8",778,950,1134,832,1045,1401,876,1056
"HMGXB3",953,847,1150,751,1272,1428,806,863
"ARMC8",600,1381,647,889,675,1755,517,1597
"ZNF516",1217,810,1105,608,1125,1336,920,939
"MAPK7",822,1449,724,765,935,1573,616,1175
"PINK1",911,935,962,650,992,1559,876,1172
"ALAS1",1026,815,1155,522,1528,1441,845,719
"SLAIN2",937,938,1053,695,1222,1488,758,960
"SLC6A8",954,925,970,601,1169,1719,847,862
"TBC1D13",1088,870,1185,680,1075,1212,957,979
"CNOT7",1007,860,1191,675,1202,1335,897,875
"SLC35F6",839,898,1062,753,1112,1507,789,1076
"CDK5RAP3",999,968,1125,633,1077,1436,847,950
"C19orf53",993,934,1145,526,1341,1595,734,766
"PPP1R10",1097,731,1245,664,1146,1396,907,847
"FAM20A",698,1004,968,1172,595,1742,536,1311
"RICTOR",818,852,1125,694,1145,1608,815,967
"CAPG",861,866,1124,613,851,1032,1373,1301
"GORASP1",849,1083,958,759,930,1621,703,1118
"VAMP5",1023,1099,1208,815,801,1089,895,1091
"SEC24A",1010,928,964,638,1147,1619,885,828
"AGO1",1214,817,1155,623,1187,1231,968,819
"GLT8D2",857,540,1464,677,1382,1229,1023,842
"HDGFL3",989,785,1093,651,1446,1329,837,883
"DDX19A",902,833,1133,642,1277,1519,841,862
"AMZ2",1024,905,1275,699,1089,1155,957,895
"PLSCR1",1033,981,892,684,1145,1276,982,1005
"TRMT112",1052,1101,1199,603,1030,1419,726,866
"NUP214",1053,815,1178,663,1099,1456,854,875
"PSMD5",959,804,1257,655,1248,1317,958,791
"RBM12",893,1091,811,748,891,1895,672,984
"TNFAIP1",837,846,1078,691,1138,1746,706,942
"NOC2L",986,1106,1071,567,1122,1595,712,823
"RIPK1",991,852,1090,637,1197,1470,809,931
"NBPF3",792,1018,1215,690,843,1640,701,1076
"MIDN",1092,869,1135,519,1271,1396,900,793
"APOL1",950,755,1559,920,911,679,1217,981
"PCNT",1131,894,1066,564,1138,1147,991,1041
"SLC35A4",1083,982,1064,693,1087,1341,819,901
"NFIB",1010,918,1166,590,997,1060,1171,1055
"TFDP2",1111,774,1214,583,1229,1010,1032,1009
"DIP2B",1159,774,1019,557,1329,1209,968,944
"JKAMP",898,760,1174,734,1252,1459,817,864
"VWA5A",998,718,1106,421,1800,1554,814,547
"RHOT2",1034,1011,1059,506,1123,1538,776,911
"GTF2A1",1033,761,1148,670,1222,1362,852,909
"SERAC1",904,573,1415,672,1309,1424,914,744
"CDKN1B",1131,970,1198,630,1013,1182,886,942
"LMBRD1",886,725,1181,742,1197,1433,870,918
"SLC2A4RG",1309,950,1329,526,1205,1076,876,680
"UBE2K",1051,1085,957,780,958,1419,768,930
"CCZ1",753,823,1322,767,1191,1527,659,903
"LRRC58",1010,957,920,729,1082,1314,959,974
"BECN1",868,910,1146,667,1056,1484,785,1025
"RNPS1",932,1077,980,685,1015,1410,800,1041
"PPP5C",789,1106,911,667,1018,1666,672,1110
"VDR",1065,756,1314,499,1152,1576,779,797
"PRKAB2",938,784,1214,683,1219,1480,756,861
"FAM193B",1149,1030,1328,532,1070,1216,858,750
"MOCS2",1003,717,1294,598,1524,1180,954,660
"BCAP29",811,731,965,730,1021,1716,927,1028
"SYTL2",963,438,1342,325,1615,2160,769,315
"HPS5",499,999,620,1229,639,2098,393,1446
"CCNDBP1",766,893,1137,843,882,1375,828,1198
"BROX",944,688,1161,826,1177,1310,847,968
"NACC1",991,902,1092,609,1039,1708,725,854
"ACP1",960,854,1099,737,1138,1448,792,890
"EPS8L2",1122,821,1299,522,1047,1175,942,989
"PYGL",916,865,991,585,1175,1590,838,956
"LRP11",962,700,1365,793,1109,1111,925,947
"SETD1B",934,948,1074,675,1024,1377,805,1075
"DYRK1A",987,917,1015,646,1088,1315,912,1030
"ZNF521",1132,560,1675,400,1337,958,1265,583
"E2F4",935,1092,933,568,1033,1682,768,896
"HK2",802,899,620,404,1017,2462,862,840
"YPEL3",800,887,984,757,1107,1387,762,1218
"CTDSPL",994,724,998,688,1070,1841,761,826
"PCMTD2",981,792,1160,754,1117,1223,889,981
"NPIPB5",716,890,1087,724,1395,1536,803,730
"GTF3C4",1085,849,1091,600,1089,1236,961,966
"ANKRD50",972,844,1097,549,1314,1448,820,828
"PDPR",1227,973,810,448,973,1202,1071,1166
"EMC4",1075,901,1114,660,1104,1359,858,797
"GFPT2",671,1811,668,964,648,1028,530,1547
"CNDP2",957,956,985,606,1111,1398,851,1001
"TOR1A",890,875,1036,782,1052,1374,812,1033
"EML4",952,679,1195,538,1277,1640,871,694
"UBA3",921,982,980,758,1083,1470,708,942
"PLPPR2",1028,915,1103,513,1234,1535,788,724
"CYB5A",793,1208,1023,791,914,1569,602,939
"RUFY1",1041,841,1200,698,1082,1084,1014,876
"ZNF37A",775,775,992,628,1571,1603,735,756
"C11orf24",860,888,1132,591,1039,1522,895,905
"ARSA",1039,839,1200,651,1214,1524,674,687
"TBCA",820,823,1116,654,1234,1402,873,906
"IDE",966,773,1022,634,1231,1420,921,855
"PSMD6",954,918,1101,698,1172,1335,786,858
"NPIPA9",752,935,1129,836,961,1302,912,994
"TENT2",918,776,1095,748,1086,1247,930,1020
"ELP1",1080,896,1072,601,1034,1425,814,894
"IRF2BP2",1314,780,964,558,1095,1106,1162,837
"BRD7",842,766,1131,664,1319,1381,847,865
"SCAF4",807,776,1349,645,1051,1432,856,898
"BDP1",837,809,985,625,1132,1607,813,999
"SRPX2",553,639,1071,588,1431,1626,918,980
"FBXL5",957,908,1064,728,1092,1160,935,961
"SF3B4",1021,1009,1014,633,1076,1449,762,839
"STON1",538,961,602,1082,515,1611,622,1872
"STAM2",940,795,965,674,1137,1503,849,938
"TCIRG1",941,945,904,593,1026,1802,653,934
"MAN1C1",1190,701,1793,685,867,745,1071,745
"PSKH1",945,1004,966,670,1038,1399,728,1046
"HAPSTR1",969,850,1030,712,1118,1268,888,955
"PTCD3",960,818,1188,665,1090,1386,820,862
"PRDM8",598,555,1026,452,1878,2002,626,650
"CAVIN3",1110,972,1274,710,584,1338,904,893
"ZNF503",1124,1200,958,449,978,1135,1131,803
"PURB",994,863,1038,679,1105,1403,797,898
"RMP64",965,797,1185,691,1001,1270,976,887
"TAF1D",894,840,1021,641,1074,1418,825,1059
"C8orf33",998,817,978,685,1115,1388,833,958
"ALDH3A2",1315,652,1439,466,1616,664,1005,611
"PPP1R11",891,749,1140,662,1337,1428,762,796
"RNPEPL1",812,1052,903,774,820,1507,730,1164
"GOLGA7",1106,752,1051,623,1151,1193,969,916
"USP39",902,893,989,786,1005,1299,807,1079
"NPC1",652,794,691,776,781,2211,716,1136
"DGKA",1058,898,1175,589,1134,1238,815,848
"FH",851,837,821,646,1117,1514,789,1178
"NASP",1107,870,1106,609,1225,1061,939,833
"PHRF1",986,963,946,551,1018,1544,784,957
"OLA1",1030,826,1224,653,1124,1224,865,800
"FDFT1",998,887,1185,690,1068,1150,788,979
"ERCC3",941,786,1174,572,1148,1353,879,892
"PSMB6",1160,888,1201,584,1127,1276,780,724
"FBL",1065,1128,1017,558,1062,1314,760,834
"PDZD8",780,718,971,716,1122,1443,888,1094
"CIBAR1",928,854,935,577,1161,1597,814,863
"CEMIP2",579,828,839,934,908,2074,529,1037
"U2AF1",1017,1089,943,590,1065,1381,798,839
"RWDD4",544,1192,740,931,690,1430,658,1536
"TBC1D10B",1006,928,1081,588,1120,1170,904,919
"INHBA",478,655,756,633,832,3121,402,836
"VASP",830,1099,952,668,834,1784,741,802
"NEU1",1202,834,1115,536,1215,920,1061,821
"TNRC6B",1063,718,1226,523,1228,1151,964,830
"BMS1",863,810,1167,660,1192,1430,799,782
"SLCO3A1",858,690,1089,656,1090,1842,679,797
"CDC73",862,861,974,738,994,1564,779,925
"CYB561A3",1048,965,1082,554,1284,1256,849,659
"LYST",1092,863,855,576,1237,1149,908,1016
"PSMC4",1005,983,1002,660,1096,1429,739,778
"MFSD6",473,721,734,897,740,2124,691,1311
"VAMP7",952,792,1158,709,1102,1316,837,822
"ABCE1",859,933,893,565,1156,1702,757,807
"C2CD2",528,755,521,861,775,1593,733,1905
"AP5Z1",925,946,979,642,874,1401,825,1066
"IGBP1",862,851,1070,628,1145,1228,826,1047
"ELK4",944,829,1002,694,1008,1543,874,758
"IL17RA",686,793,1023,778,1021,1740,633,977
"PDP1",1225,907,1016,654,880,895,977,1096
"PHF2",1024,863,1091,543,1058,1207,908,956
"ECHDC2",864,770,1441,709,1229,1069,874,688
"CREB3",964,781,1128,596,1096,1395,841,841
"TRAPPC10",876,905,960,666,987,1464,771,1013
"MRFAP1L1",968,767,1148,582,1189,1220,928,834
"RAD1",667,1012,856,838,799,1627,611,1225
"XIAP",984,947,956,700,959,1280,852,954
"WDR33",912,925,919,663,1093,1306,786,1027
"VPS37A",770,943,1008,832,926,1497,686,969
"ANKRD40",872,883,921,727,954,1493,773,1007
"JMY",993,832,1091,781,1043,1030,913,946
"PNPLA8",840,1075,854,746,962,1234,683,1234
"GIT2",736,816,1020,799,880,1574,691,1112
"AZI2",849,694,1134,597,1240,1385,811,916
"MTMR4",1016,934,1027,575,961,1548,709,855
"FAM234A",966,901,1115,726,874,1204,819,1020
"TEP1",829,854,1005,681,901,1595,705,1054
"MMUT",961,924,952,657,876,1161,912,1176
"SPARCL1",62,2040,99,1172,100,1924,79,2138
"MON1B",841,938,988,625,904,1561,690,1066
"RUNX1T1",1223,843,1251,497,1092,1112,898,691
"NDUFB10",897,867,1087,538,1199,1397,765,851
"TTC7A",943,746,1282,674,903,1139,956,956
"ATP11A",923,722,1059,505,1096,1443,862,988
"ELAC2",928,935,1065,617,1090,1344,693,924
"SRP54",840,762,1001,673,1155,1428,826,911
"RAB3IL1",1058,1026,1021,641,1111,1050,759,929
"PCGF5",804,829,831,842,964,1332,863,1125
"SH2B1",1076,1016,1094,567,996,1090,836,900
"CSPG4",1175,581,1405,573,1016,704,1127,991
"YIPF6",900,732,996,680,1044,1461,808,949
"ZNF326",1142,708,1239,485,1250,1115,941,686
"MEPCE",1009,954,1146,640,986,1058,868,900
"EEIG1",1351,792,1116,342,1361,601,1297,697
"RBSN",896,619,1118,682,1172,1250,955,862
"ETFDH",792,580,1019,579,1595,1183,998,808
"CHPT1",911,872,1128,815,863,1072,872,1017
"MAX",1042,1091,960,660,1037,1069,767,920
"BOK",1090,683,1167,500,946,1466,949,745
"MFN1",785,807,910,640,1133,1521,818,928
"MAN2A2",863,722,1133,600,1166,1436,817,805
"MRPL51",1051,965,1106,638,977,1297,726,781
"PARD3",1004,733,954,539,1232,1227,856,996
"LGALS8",850,728,1015,563,1140,1615,685,943
"MTA1",934,866,1006,522,1132,1328,794,956
"AP1S1",979,840,993,548,1151,1335,831,859
"ADAMTS12",618,540,1674,735,940,1661,669,692
"XYLT1",905,705,1198,465,840,1366,1008,1039
"SLC8A1",980,330,1503,553,1161,885,1331,781
"NUP160",991,835,919,610,1054,1321,905,887
"RASAL2",751,759,873,750,918,1596,699,1175
"RBM23",938,786,1151,547,1226,1233,928,712
"TMUB2",891,895,1074,643,1065,1202,782,966
"NAGA",915,670,1226,617,1068,1253,889,877
"LDLR",1077,1003,1369,926,635,1623,290,589
"MOB3A",893,1025,956,734,931,1315,665,992
"EXTL2",1088,719,1234,544,1181,1106,956,680
"AKIRIN1",698,804,988,701,1189,1630,635,861
"DPY19L3",950,823,907,559,1100,1559,785,822
"SRPK2",1008,670,1061,583,1223,1262,918,776
"SLC35E1",900,727,1103,646,1000,1543,732,847
"RPSAP47",2234,1948,960,563,435,550,418,390
"SLC37A3",943,881,1110,663,890,1012,964,1034
"IWS1",805,764,1071,517,1391,1395,828,720
"MKRN2",839,1165,918,734,865,1289,693,987
"REST",866,731,1050,710,1002,1357,827,946
"RCBTB1",894,690,982,585,1383,1262,951,740
"SETD3",971,880,917,718,971,1217,803,1010
"PNMA1",933,794,1001,610,1108,1277,893,865
"RGPD8",761,613,1101,533,1403,1348,912,806
"ANAPC13",1062,767,1083,593,1170,1262,833,706
"FHIP2B",916,941,1072,549,1005,1397,745,848
"PDCD11",977,943,898,556,1058,1599,698,738
"CCDC127",812,716,983,702,1031,1371,890,960
"DDX50",1027,830,1036,606,1026,1302,854,782
"FXYD5",773,632,1264,609,1354,1216,871,740
"SLF2",903,643,1030,534,1268,1336,980,762
"HARS1",907,905,1055,612,1021,1300,828,827
"ATF2",958,841,1089,693,1031,1105,835,897
"UBE2G1",880,822,997,665,1118,1237,903,826
"NELFE",987,823,1131,504,1153,1325,774,750
"TM4SF1",464,1270,873,1088,734,1286,486,1245
"SOS2",765,875,927,841,928,1195,697,1217
"RBM42",930,1038,997,561,946,1389,713,871
"BTG2",1166,758,1141,532,1181,812,992,863
"NHERF2",925,679,906,369,1068,1788,955,754
"SLC41A3",908,682,986,606,1169,1531,781,781
"LTN1",751,782,600,620,939,1620,798,1332
"SDK1",1066,849,679,303,907,750,1626,1258
"ZNF512B",1144,824,985,429,1192,1155,893,816
"CBL",880,832,748,581,1092,1561,716,1025
"SF3B5",1062,902,1117,512,1028,1239,768,802
"PWP1",874,859,1057,690,1009,1383,756,801
"MAPK6",1032,784,1039,560,1178,1248,833,753
"RPSAP54",1862,1735,847,445,659,782,567,530
"RNF13",871,874,922,816,939,1251,766,986
"CSMD2",1058,1022,752,378,867,1988,614,745
"ZBED5",1096,784,1153,564,1006,1069,950,802
"ATP6V1D",858,891,1033,691,1032,1334,713,871
"SERTAD2",1056,704,1009,540,1097,1138,985,892
"GLDN",957,652,743,362,2424,1297,433,552
"PCNA",1272,754,1186,437,1414,949,832,567
"AKR7A2",986,907,985,603,963,1218,835,912
"PMPCB",914,829,1000,703,1024,1102,831,999
"TRIM26",957,891,1035,576,1084,1190,781,888
"MET",520,694,1294,783,711,1793,639,966
"SPOP",920,779,1072,690,1015,1162,842,919
"ACOT9",761,997,1011,705,844,1273,754,1054
"METTL13",947,938,1152,605,1030,1122,807,797
"SCCPDH",898,748,1262,631,1069,1241,766,780
"LEMD2",875,861,1080,665,1054,1281,768,810
"RGS3",930,722,1118,581,1024,1277,912,828
"DNAJC7",832,753,1070,662,1233,1212,802,828
"TRIM27",993,851,937,590,1155,1245,828,789
"DNAJB11",801,688,968,576,1081,1833,776,664
"CLUH",736,972,826,551,928,1635,715,1023
"SNHG8",1411,1016,986,432,1042,904,991,604
"FBXO28",866,699,1016,645,1093,1410,772,882
"USP10",890,842,886,667,1047,1374,767,907
"ANGPTL4",367,892,298,449,875,1428,1435,1635
"EXOC2",1038,853,875,542,1173,1349,750,796
"GNG11",627,820,809,456,1235,2061,611,757
"UBE2N",934,923,929,625,937,1506,656,866
"SCAF8",906,699,1123,520,1111,1320,862,834
"MCU",655,718,1151,654,999,1459,820,917
"COG5",962,630,1094,562,1109,1302,935,776
"ARHGAP17",1005,866,999,553,1028,1300,823,795
"SLC8B1",661,841,1055,800,719,1185,839,1268
"TSPAN17",809,760,914,657,1064,1491,755,916
"RAI2",495,1296,830,1280,74,204,862,2313
"VAC14",991,814,1086,532,1161,1223,821,714
"CYB5B",987,736,1221,627,1152,1223,748,646
"TK2",869,857,1036,769,962,1106,803,937
"CLTB",718,865,1069,739,891,1220,758,1077
"MEIS3",660,965,844,678,959,1796,499,935
"AGL",882,750,908,821,781,1248,783,1163
"FIBP",956,918,1057,644,994,1358,639,767
"PARN",864,824,1021,668,1025,1280,764,885
"DNM1",1578,419,1258,226,1395,464,1536,454
"ASCC2",995,806,1147,549,1073,1174,780,802
"ARAF",937,802,1025,559,1045,1381,736,838
"UBR1",799,748,1076,576,1049,1351,833,889
"ECM2",592,307,1473,840,922,690,1267,1228
"TNFAIP2",1083,549,1339,329,1591,1163,802,463
"ATP13A1",825,953,912,589,985,1491,677,886
"RNF38",882,784,937,747,963,1156,782,1067
"OTUB1",870,888,983,562,979,1378,774,882
"SCOC",886,835,948,765,846,1335,824,874
"VPS4A",793,970,862,697,892,1417,740,941
"KLHL42",575,977,654,876,818,1654,500,1254
"CEP170B",949,840,923,442,1022,1360,910,860
"UBA6",957,629,1067,586,1170,1269,905,717
"SLC30A5",871,774,973,629,988,1358,813,891
"SQOR",478,998,705,681,821,1992,508,1106
"PHC1",1206,803,1102,460,1181,1020,832,683
"SACM1L",879,877,893,652,965,1345,766,908
"MED14",844,808,898,672,1008,1396,715,943
"TOB1",819,803,1036,689,898,1060,917,1060
"PDE1C",653,625,1023,443,1526,1681,608,719
"MRPL37",863,763,1040,566,1134,1314,762,834
"TBCB",911,1008,994,609,874,1275,744,860
"CCDC90B",962,739,1108,487,1188,1135,868,784
"NOTCH3",470,638,919,734,986,1857,675,988
"TRIM33",877,749,1010,590,1142,1213,833,852
"FAM219B",881,836,970,630,1057,1259,710,922
"SPRED2",704,827,784,755,852,1546,663,1133
"FBXO30",795,734,1019,849,1101,1209,725,831
"LETMD1",971,764,1104,656,1012,934,892,929
"KCMF1",843,850,940,691,1061,1236,814,824
"ENTPD6",753,879,946,656,835,1428,746,1015
"RPS18P5",1155,1119,1026,515,904,1022,789,726
"CPM",531,598,412,811,557,2847,444,1054
"ATG14",892,600,1124,749,1028,1005,878,976
"VPS18",894,1074,826,634,850,1451,666,852
"ATP10D",766,645,1049,631,945,1149,957,1105
"CTSH",935,832,1316,1067,539,544,826,1184
"SLC35A5",830,852,1000,727,933,1344,657,890
"MAML1",931,855,915,602,992,1297,745,892
"ZNF592",856,869,973,566,1056,1234,739,936
"PSMA3",898,940,987,629,1095,1288,683,707
"KRCC1",866,837,948,742,1032,1164,713,921
"SART3",885,755,967,565,1138,1317,806,789
"TMEM63B",888,785,1062,509,1327,1029,845,777
"NPIPB3",685,857,993,648,1231,1370,736,702
"UGGT2",847,781,994,702,1112,1288,646,843
"QPRT",1360,487,1518,408,1310,702,1015,413
"CARS2",818,1046,805,551,1034,1320,690,946
"DECR1",835,776,1049,607,1224,1173,792,752
"PRDM6",1182,952,1038,604,1056,999,593,774
"UFL1",930,699,995,619,1123,1124,870,837
"ARPC4",916,1051,798,745,820,1435,643,788
"TSHZ3",1135,750,1034,480,1105,1208,766,715
"OSR1",852,1171,1326,461,588,1122,917,755
"AKAP17A",979,908,991,478,1009,1234,777,816
"PPP1R7",987,816,1141,588,1040,1090,797,730
"ATF5",906,456,1763,478,339,400,2142,704
"PLEKHA2",902,927,949,628,846,1157,717,1061
"RNF14",788,845,960,755,989,1242,676,930
"LARGE1",859,553,1335,507,846,999,1137,949
"TMEM39A",871,767,885,570,1045,1545,703,797
"HCFC1R1",1054,746,1175,489,856,935,1115,811
"GNPAT",973,917,965,663,960,1255,657,785
"SMARCB1",1020,782,1026,480,1162,1081,870,751
"MAPK9",919,768,1032,608,1023,1164,807,850
"GSE1",818,574,983,392,1183,1528,1013,680
"OSER1",871,1001,744,694,995,1127,720,1019
"COX7B",836,714,1213,516,1256,1332,693,606
"SEPHS2",884,835,980,610,992,1213,840,812
"CCDC25",885,782,1088,691,874,982,959,904
"PABPN1",995,978,1020,560,1012,1062,821,716
"POR",936,1037,790,494,938,1375,732,861
"EMD",813,892,929,619,930,1335,800,843
"CLPX",893,855,912,669,1021,1284,693,830
"NDUFA5",860,908,1089,661,875,1025,770,966
"MICALL2",1012,832,1305,451,1069,1045,714,720
"WDR81",1006,1113,809,507,831,1081,857,941
"EHMT1",951,799,1004,477,1160,1191,786,775
"SPTLC2",869,692,1059,577,985,1366,735,856
"ARHGAP10",789,969,874,686,804,1082,728,1206
"HR",1300,812,986,420,1233,1194,687,506
"PCID2",831,765,1010,588,1018,1321,780,821
"CASK",1241,795,1033,456,902,968,958,781
"SUGT1",975,889,958,580,1059,1205,727,740
"SH2D4A",781,562,1675,402,1213,1120,706,672
"MEX3C",885,813,905,645,1138,1125,784,836
"FOXJ3",936,699,1027,512,1115,1267,794,781
"ZDHHC17",900,717,1039,555,1023,1068,935,893
"ZFTRAF1",1013,883,824,588,1007,1108,786,921
"MIB2",1037,824,1028,382,1059,1149,847,802
"LDAF1",958,816,877,683,871,988,921,1011
"ZFHX4",862,511,1101,413,1116,1473,813,836
"CUEDC2",941,876,980,522,1060,1313,706,725
"POLR1D",897,762,954,582,1048,985,889,1006
"EIF4BP3",1035,838,1054,580,982,1067,771,792
"RHBDD2",768,618,1110,564,1185,1423,763,687
"PPARA",834,843,917,612,857,1176,763,1116
"SPECC1L",718,819,970,809,854,1449,610,887
"RPL3P4",1082,941,974,502,962,1120,756,778
"ARPC1B",907,866,1069,637,725,1136,948,824
"NUP205",907,634,1140,516,1100,1275,884,654
"PARP9",1304,775,1245,542,1015,788,828,612
"PDS5B",911,709,1100,537,1098,1108,845,800
"IDH2",728,939,824,591,805,1864,577,778
"OXCT1",615,811,911,934,819,1403,581,1031
"HMGN4",790,818,927,661,894,1220,772,1022
"COASY",838,842,960,609,965,1332,656,898
"FARP2",652,733,924,776,674,1458,738,1144
"LEPR",595,481,646,766,1313,1670,652,976
"SLC23A2",1061,688,950,506,1208,1020,857,808
"POLR2C",852,835,904,584,963,1420,736,804
"TRIOBP",1166,925,907,431,1057,949,938,717
"TRIM4",924,814,1095,690,914,1049,766,836
"FCF1",913,808,1026,650,919,1217,814,739
"TTPAL",809,791,960,685,891,1424,741,785
"FBXO38",868,639,1024,627,1043,1174,811,898
"TBC1D9",862,807,1112,572,1006,1117,828,777
"ALS2",769,723,791,540,1115,1509,768,864
"CNPPD1",920,864,922,678,696,1014,832,1153
"TSR1",777,791,929,474,1018,1655,705,722
"MAST4",1067,526,1319,352,1268,1082,878,575
"DIP2A",1012,769,1062,509,1010,1058,892,754
"FOXK1",920,831,1009,541,880,1280,727,878
"TUT4",863,605,1115,491,1262,1160,879,683
"ATG4B",835,871,1029,588,933,1236,755,811
"NMD3",896,669,957,556,1149,1204,841,786
"STXBP3",858,848,931,668,930,1180,766,876
"CLN5",907,711,927,561,1005,1225,901,818
"TCERG1",859,704,1004,494,1087,1382,792,733
"RWDD1",824,766,1032,663,1065,1046,861,794
"ZBTB40",855,810,996,485,1125,1171,778,826
"MALT1",553,597,799,599,1073,2055,580,789
"GTPBP2",922,791,1049,533,1056,1161,812,721
"WWP1",872,773,969,617,1188,1089,737,796
"ITGA2",1235,635,847,289,1660,742,1111,520
"IMPDH1",820,991,847,509,826,1569,611,862
"PLEKHH2",479,513,1079,735,656,1086,1031,1451
"SKIL",734,580,1084,538,1181,1276,838,798
"ERCC1",812,747,1105,492,1038,1454,657,713
"CLOCK",923,794,1016,498,994,1191,751,851
"EVL",1025,698,1122,534,997,846,1055,739
"PCGF3",883,728,876,582,965,1180,781,1020
"SLC9A9",798,1108,833,773,901,951,610,1040
"SNX21",1341,740,1362,346,932,697,975,619
"ERAP2",1218,877,127,60,1125,1090,1347,1168
"CHST14",928,914,1018,672,744,1014,719,1003
"GSDME",815,631,885,530,1150,1379,746,875
"RGP1",910,826,963,509,1022,1191,733,855
"SNAPC3",803,721,1097,511,1171,1365,643,695
"GAB1",949,667,1068,507,990,883,1076,865
"TMEM140",780,767,964,652,1070,971,826,972
"STAT5A",673,965,846,706,770,1295,667,1077
"URM1",948,923,1058,608,880,1279,650,650
"SHC3",566,660,596,598,996,1806,606,1165
"OXR1",898,644,1001,560,981,1043,985,875
"LOC124900275",767,738,1153,682,999,1075,755,816
"VTA1",829,672,1049,545,1087,1229,752,820
"RING1",968,828,1003,519,1061,1135,834,633
"RGL2",1009,865,919,521,889,1031,816,931
"NDRG3",803,473,1337,576,1154,854,1016,767
"SESN2",1287,717,1240,306,1160,764,1014,489
"RNF111",841,727,969,568,985,1316,715,856
"XIST",0,2,2,0,0,0,3929,3042
"IL33",870,863,1051,431,768,663,1287,1040
"LPCAT2",765,555,954,499,1232,1271,908,788
"SNX8",941,747,856,575,863,1151,912,927
"MORC4",899,593,1022,577,1086,996,942,857
"ACVRL1",770,1271,736,711,621,1334,535,993
"MED16",981,956,912,475,1028,1183,721,713
"DLD",845,755,1025,621,982,1185,783,771
"SLC30A7",691,775,930,742,992,1295,693,847
"CDC42SE1",826,812,877,492,1138,1320,746,753
"TRIM37",833,691,964,594,1236,1214,764,664
"SLC7A11",737,391,767,194,2614,1345,665,245
"FCHO2",753,773,844,697,865,1215,749,1060
"EBF1",453,903,820,1032,684,1290,468,1306
"ERH",808,781,1158,566,1106,1193,721,619
"FER",782,648,941,529,1025,1201,933,892
"ATP5MG",896,851,1019,569,1020,1221,625,750
"ADAMTS14",1327,207,1521,118,1962,618,1045,152
"TBRG1",749,724,1016,575,911,1198,848,928
"THAP12",945,841,978,625,933,1036,771,819
"SSH3",805,718,899,576,876,1255,799,1019
"WASHC3",892,841,1080,595,1039,1014,724,758
"NAA15",747,784,869,525,1057,1619,649,693
"STK4",957,648,894,492,1197,1177,835,740
"ZC3H18",910,819,959,494,1031,1273,707,741
"CNOT3",735,824,901,524,1066,1342,708,832
"MED23",894,697,984,537,1044,1173,803,792
"RASL11A",282,1153,510,1382,187,832,327,2249
"COPE",894,881,1011,514,981,1278,672,689
"ACTR1B",830,768,1055,546,868,1176,805,869
"PPHLN1",791,722,920,611,1006,1365,685,816
"CEP164",852,744,1088,518,1056,1140,767,744
"TMEM9",1151,785,1112,473,903,1089,739,652
"ZZZ3",852,680,964,599,1045,1258,769,736
"SLC33A1",829,831,851,601,792,1405,694,898
"DPH3",666,795,822,673,962,1496,606,880
"FTO",771,597,990,484,1137,1381,793,741
"SMC5",765,750,913,574,938,1260,797,896
"KCNJ2",810,567,738,490,1242,1077,860,1102
"DEAF1",840,694,1023,508,1110,1106,824,780
"RBM26",831,627,1021,483,1177,1288,774,682
"REPIN1",933,824,939,510,910,1249,804,714
"ARFGAP3",860,809,874,517,1021,1198,817,780
"HOXB3",911,776,1071,591,1031,943,748,804
"NKX6-1",911,1035,866,568,820,1266,556,851
"UTP20",699,748,688,612,840,1899,627,759
"MID1IP1",1085,895,1109,467,954,818,652,891
"GARRE1",663,679,827,719,826,1379,663,1115
"TRIM56",788,746,842,514,871,1337,802,971
"ZNF770",866,681,939,485,861,1432,783,822
"INTS10",926,898,886,567,944,959,829,859
"TM2D1",627,807,909,863,701,1122,660,1179
"KDM4A",977,700,1050,503,1089,1031,825,692
"RSPRY1",934,762,1036,492,1223,993,724,699
"MOB1B",824,722,874,633,1020,1260,770,760
"KPNA1",785,803,909,608,1037,1229,703,786
"RPS10P3",1464,1450,805,499,644,901,575,521
"CC2D2A",1050,742,993,442,1198,968,827,635
"ZNF83",822,662,1128,588,1064,1072,848,670
"NSD2",981,670,1126,506,1055,1046,835,634
"ZHX2",997,695,1252,409,1028,746,1084,642
"ACAA2",700,746,861,628,986,1141,859,923
"NELFCD",939,845,950,510,916,1135,765,783
"BCR",733,614,1073,587,896,1281,792,861
"TEX264",780,903,818,594,910,1298,693,839
"ATP6V1H",881,737,969,634,950,1012,754,897
"IFT57",764,665,1010,574,965,1150,886,820
"DGKI",425,257,425,701,984,2462,498,1082
"FIP1L1",765,626,1031,572,1176,1114,820,729
"RPS6KA4",1000,918,890,482,725,1288,759,771
"PCOLCE2",488,275,1703,915,366,353,1443,1282
"SLC25A24",830,765,819,642,924,1244,727,872
"VPS8",929,611,1127,485,1237,921,865,648
"CDK17",862,691,1016,427,1155,1149,860,651
"SENP2",850,703,878,671,1022,1126,739,819
"MOSPD2",589,598,932,824,725,1659,503,975
"MFAP1",848,639,1056,513,1086,1314,735,609
"CEP68",709,677,1001,557,1008,1240,658,949
"KLHDC10",866,646,966,606,1046,1136,760,769
"MFAP3",766,736,888,663,878,1283,746,833
"STAM",788,640,990,507,1121,1023,857,866
"NPIPB4",682,847,890,638,1148,1183,715,689
"SCD",2018,308,1615,190,1334,679,510,134
"SLC39A10",813,287,1415,367,1317,831,1305,452
"CDK9",844,910,955,610,885,1087,664,831
"CEP57",950,650,979,465,1132,1016,833,761
"VPS29",889,865,900,700,857,1098,673,803
"CLEC11A",717,624,775,445,1077,1421,874,850
"TMEM200A",1213,471,1265,326,1163,691,1217,436
"RBMS2",754,594,1032,464,1046,1315,728,848
"USP36",892,907,811,541,841,1160,772,855
"ITPKC",691,1192,761,763,931,852,516,1073
"HAX1",863,758,1056,542,1002,1119,708,731
"TSC22D2",836,679,1120,434,1104,1250,682,669
"KDM5D",1094,988,1254,628,1392,1414,1,1
"DCAF11",841,811,911,624,869,1115,750,849
"POLR2J",797,828,1010,529,980,1265,678,682
"SAMD9L",948,558,1306,507,1183,903,797,565
"SEC61B",892,862,937,519,847,1324,715,669
"NCBP1",894,742,1034,424,1085,1219,747,620
"STX5",933,777,900,578,984,1091,700,801
"MRPL3",838,762,924,501,1015,1321,714,676
"USF3",863,649,859,468,1270,1204,767,669
"CUL2",838,693,916,572,1016,1213,715,785
"C9orf78",780,774,935,603,967,1109,760,818
"KIFAP3",880,678,1130,531,1193,885,741,705
"CDK19",964,645,928,559,974,909,861,900
"AGGF1",840,728,897,507,1035,1191,753,786
"RPL21P93",915,889,951,597,827,1011,793,752
"N4BP1",876,723,875,554,1016,1153,734,801
"HLTF",1022,673,968,518,1071,1107,744,628
"GLI3",990,655,1035,386,1173,936,896,660
"MAP7D3",705,745,891,598,868,1162,696,1066
"RASA2",836,698,798,645,1210,1313,492,737
"MOGS",918,888,856,554,774,1175,673,887
"POLG",789,845,843,447,968,1337,659,836
"COBLL1",726,432,1123,599,886,981,1036,936
"MTA3",810,620,1002,487,1098,1093,826,775
"SMARCD1",832,818,895,519,1073,1123,679,770
"SUSD6",643,869,879,781,765,1148,526,1097
"MLLT1",779,816,829,451,887,1582,593,771
"NXPE3",893,712,1037,654,1060,913,800,637
"USP12",717,716,805,843,794,1083,651,1096
"LSM12",771,753,868,588,1024,1170,750,781
"PRRG1",679,639,705,622,1052,1519,637,848
"CSNK1G3",846,715,858,575,991,1124,776,816
"DNTTIP2",746,626,951,618,1015,1361,666,714
"TAF10",902,728,1068,510,1002,1148,683,655
"PALS1",803,629,1039,499,1075,1178,781,689
"PLAT",943,510,888,462,949,1593,776,568
"NPDC1",898,843,813,475,737,1109,827,987
"CDR2",605,782,768,483,972,1731,538,810
"NOL8",767,730,974,551,1054,1115,738,756
"PLD1",881,585,1213,455,1613,870,543,519
"LOC107987423",1241,1111,1055,545,827,1065,441,394
"KLHL12",883,758,1010,544,957,1102,707,715
"DFFA",879,687,872,453,1109,1219,753,704
"ZDHHC16",708,856,931,553,985,1324,607,703
"DHRS7",780,749,966,644,862,1246,679,733
"SRSF7",821,715,1087,519,870,1185,765,696
"ZC3H15",828,710,962,536,1070,1192,743,616
"HSD11B1",173,1137,453,448,1454,2222,132,636
"PRXL2C",602,973,766,917,580,1106,638,1072
"AKR1A1",994,752,1040,536,824,989,766,745
"SH3RF3",480,835,690,695,831,1853,446,814
"ABLIM1",445,942,784,1008,418,1326,366,1354
"LSM14B",882,729,921,476,997,1133,837,667
"MBD3",944,762,923,484,941,1118,787,681
"PPP2R1B",714,648,941,463,915,1530,763,666
"MIDEAS",981,819,951,459,826,933,812,857
"ANAPC16",807,839,956,655,857,1157,639,727
"UCK2",692,732,825,537,868,1733,615,633
"PDK4",81,782,130,1106,235,485,628,3187
"POGK",841,807,837,599,851,1101,719,879
"PRDX2",773,632,1042,471,1161,1135,767,652
"SATB1",937,567,1119,529,1101,785,788,807
"FAM111A",804,623,957,567,842,1067,917,853
"CASP4",771,736,932,588,913,1155,698,836
"TMEM50B",889,811,725,571,759,1588,605,680
"SGIP1",589,503,604,294,1468,1986,574,607
"ABCC9",435,769,688,863,438,1125,769,1537
"ZNF621",887,611,982,476,952,1017,849,848
"ZNF469",731,652,753,299,953,1910,710,614
"MYD88",908,688,922,502,1024,1165,702,709
"IFT140",834,651,997,496,990,1153,753,743
"RAB5C",782,806,902,603,910,1270,603,740
"GABPA",814,571,973,498,1100,1180,767,711
"AMPD2",925,753,969,408,1041,1055,809,653
"URB1",818,660,828,474,967,1431,682,751
"SFSWAP",825,692,1012,513,961,1050,774,778
"DNMBP",864,754,969,404,972,1100,753,789
"LOXL4",645,462,1252,647,829,1047,867,854
"KLF12",807,616,978,491,981,1260,719,750
"HMG20A",729,683,905,584,966,1307,654,774
"PHF23",879,757,849,459,1262,1089,737,569
"DNASE2",772,656,972,617,888,1036,743,917
"TP53",1002,656,960,394,1229,1184,688,488
"STRN",785,733,893,572,852,1023,869,868
"TLK2",709,736,939,614,966,1148,706,775
"TP53INP2",626,835,795,867,882,1067,568,949
"RNF217",491,782,638,845,701,1528,439,1165
"EMC10",947,951,1062,528,776,914,649,762
"COPRS",824,535,1130,471,1209,1046,870,503
"CDC42EP2",855,857,1078,536,784,875,776,822
"IFIT3",1085,741,908,685,864,671,746,881
"MYBBP1A",727,746,869,484,906,1436,681,731
"HACD4",561,654,952,691,886,1129,681,1023
"BCKDK",737,655,928,447,1056,1386,677,690
"HERPUD2",750,736,924,624,868,1141,666,867
"PELP1",914,718,961,514,1015,1021,752,681
"PDE7B",902,860,769,273,1187,1221,826,536
"ARHGEF6",706,615,1087,563,905,1116,757,821
"ZFYVE9",692,589,1004,504,961,1205,863,751
"PPM1B",696,1107,674,716,619,965,614,1177
"PEF1",823,676,966,477,996,1219,692,719
"AGPS",743,713,883,503,903,1310,710,802
"STX6",726,660,803,726,761,1387,618,886
"TSPAN14",907,843,849,487,956,957,809,758
"CDKN2A",819,629,1235,524,936,931,844,643
"HECA",903,766,691,616,831,883,791,1075
"PPIL2",857,683,1121,466,917,1154,677,680
"NPHP3",618,471,1123,674,1038,1181,686,762
"MTMR6",843,731,844,567,1010,1060,750,743
"ALG2",677,738,839,623,850,1371,630,814
"KLHL20",889,702,982,495,1098,885,725,765
"C1orf115",60,200,108,73,1711,4112,74,202
"CBX7",755,702,956,684,707,961,713,1059
"SELENOS",631,924,751,679,715,1353,564,917
"TMEM64",723,1296,565,638,866,1055,541,850
"AGPAT1",749,798,932,630,918,1087,652,768
"RFX7",962,575,1036,360,1185,1012,822,581
"RPL21P53",846,831,1073,431,1012,989,702,649
"SEPHS1",832,755,959,492,1036,1080,729,649
"TLE4",975,663,870,537,1203,1028,645,610
"SPATA18",1095,773,1229,446,687,738,863,697
"MAP3K6",838,867,785,502,672,1051,719,1092
"ACOX1",843,741,984,532,1018,982,708,717
"SNX27",818,735,797,533,997,1119,727,797
"CRIP2",685,963,767,634,620,1186,617,1047
"IGF1",1059,877,1364,688,498,279,1051,701
"CHMP2B",653,649,926,631,978,1042,768,870
"ATP8B4",665,407,1055,503,1127,869,1150,740
"FAM13A",729,719,799,504,1056,1177,685,847
"PHF12",898,731,920,500,987,1040,737,699
"KRIT1",729,692,943,475,1034,1163,731,744
"ABHD14B",874,893,885,545,769,942,718,884
"SNX30",1002,612,850,373,1105,779,1071,718
"ARL2BP",833,718,973,591,785,995,808,806
"MOV10",914,712,939,416,1182,1118,687,541
"NAT10",711,698,890,500,846,1391,723,748
"TRIM41",784,933,844,561,872,1072,608,833
"TBC1D1",563,732,800,760,752,1370,655,873
"ASAP2",650,379,879,410,1087,1183,925,992
"CBS",747,1566,568,697,373,1033,414,1104
"PSMC6",900,740,924,613,905,1049,690,679
"DYM",772,644,943,544,996,948,784,864
"KATNIP",853,602,954,560,987,1091,696,750
"ANKRD13C",721,793,789,629,869,1189,650,853
"ZNF160",688,481,1034,549,934,1343,681,782
"YTHDF1",766,695,997,568,936,1086,717,726
"IP6K2",944,630,1148,532,970,760,735,771
"VPS36",694,720,900,675,820,1124,701,853
"TOMM34",832,555,939,386,1548,1087,623,512
"FUNDC2",816,876,853,576,808,1201,606,745
"SLC2A12",837,395,1295,361,1472,889,769,461
"NFATC2IP",763,797,920,527,888,1087,686,810
"RRM1",940,687,1009,550,956,884,718,733
"IFT52",819,682,913,517,982,1038,768,755
"TCTN1",786,561,1090,530,990,975,806,736
"PCDHGA12",1053,799,1045,503,187,195,1317,1375
"THAP4",820,808,972,468,820,993,757,835
"UROS",756,590,1008,519,1074,1250,643,633
"TMEM176B",2045,2228,1052,728,27,30,140,222
"EIF2B1",782,748,899,541,966,1077,714,745
"TAF2",755,667,846,552,949,1205,740,755
"LCLAT1",489,773,968,1056,415,1259,569,940
"SCARF2",718,900,646,495,669,1217,715,1107
"CPLANE1",714,625,970,449,1010,1137,813,746
"GTPBP4",606,776,753,543,837,1611,577,756
"TMOD2",794,745,864,569,879,984,726,898
"CUL5",734,642,903,563,916,1210,746,745
"B4GAT1",808,737,893,622,803,902,796,897
"SLC36A1",617,723,618,595,687,1505,590,1121
"SPPL2A",742,669,1037,731,732,1120,681,741
"CILP",285,905,691,963,470,939,564,1633
"IL17RD",1122,655,1616,458,348,259,1246,746
"DHX16",767,776,807,511,813,1220,672,884
"IMPACT",827,667,1023,593,885,968,752,734
"SNAP29",838,673,1008,494,941,960,744,788
"FMO3",761,785,2179,1583,224,346,280,284
"CYB5R1",682,570,1021,650,1021,1096,695,706
"ZFX",679,593,771,465,857,1115,929,1028
"POLH",915,619,1127,414,957,859,837,709
"GBA2",726,877,736,559,865,1290,554,829
"SNRPD3",785,664,1020,483,1009,1247,612,605
"CBR1",795,723,923,465,1106,1138,686,589
"TTLL3",794,684,1084,530,922,829,793,785
"NSUN2",700,678,816,510,1060,1395,600,661
"HEXA",871,680,994,606,857,1062,652,691
"TOR1B",709,669,946,654,906,1078,589,861
"MBOAT2",739,547,981,563,1053,955,809,765
"PHPT1",1118,873,917,370,891,1070,654,515
"GSTM3",743,530,1294,609,1096,933,649,554
"SMARCAD1",835,665,883,511,962,1065,769,718
"MARK4",741,675,840,553,979,1121,700,798
"SGPL1",737,593,900,548,1077,1201,667,681
"APRT",776,783,965,504,771,1190,650,764
"AKIRIN2",716,689,940,569,1020,1015,712,738
"PIGN",813,721,824,578,825,1075,707,856
"AMPD3",616,584,1017,672,475,1245,837,951
"GUSB",790,780,779,546,993,1078,699,731
"TMEM35A",1231,388,1251,289,1053,245,1479,459
"MAPK10",1111,659,973,350,1233,650,853,561
"WASHC1",832,693,1019,504,941,1027,679,695
"PSMC1P1",813,706,958,560,899,1082,659,711
"TRA2A",771,621,1137,467,1094,1173,643,478
"HLCS",595,517,963,647,928,1128,756,848
"ELMOD2",744,655,877,616,831,1210,722,721
"ORAI2",785,472,1059,396,1083,1132,929,519
"PCF11",738,776,788,559,985,1039,671,818
"GOT2",911,723,832,499,1040,1189,558,614
"TNIK",1006,290,1195,334,1103,751,1155,530
"PPIC",851,625,1072,571,962,805,814,660
"MYL6B",842,629,1058,401,1119,1037,745,529
"PEX5",919,786,871,533,824,932,718,775
"RHOBTB1",697,693,829,457,898,1228,774,779
"DAAM1",823,430,1591,362,1031,767,929,422
"PGLS",841,712,931,397,989,1021,726,738
"ATG2A",758,739,791,542,842,1062,684,936
"CREB1",924,621,984,408,1033,1155,671,557
"CIRSR",696,561,1045,539,1108,970,731,703
"RNF181",786,688,1017,496,934,1084,692,655
"ZBTB1",740,700,814,596,809,1317,617,751
"ADH1C",590,1314,564,856,560,953,465,1042
"AIMP1",679,674,1053,557,812,1063,797,706
"BTN3A3",943,525,1251,476,1141,703,833,467
"GRAMD1A",893,727,803,405,1025,922,685,877
"OGFRL1",678,694,610,550,705,1503,675,921
"SLC16A1",830,652,954,481,979,1134,814,492
"DCTN3",892,750,963,499,981,864,681,703
"BTF3L4",765,723,910,576,906,1050,678,721
"DYNLT1",850,754,904,484,953,1003,725,653
"NHSL3",863,726,948,533,826,705,903,819
"SUPT20H",743,608,1001,430,1087,1132,734,586
"CRELD2",1215,802,966,341,761,1244,491,501
"GXYLT2",1148,330,1560,317,1190,436,982,356
"CLDND1",743,915,681,614,820,1203,536,806
"KXD1",784,693,880,487,937,1257,627,652
"ABCF3",777,641,983,467,973,1186,647,643
"GOLT1B",904,734,777,539,898,1137,695,632
"SUCO",805,752,960,518,990,1062,644,584
"SCAMP4",842,678,871,484,868,1162,687,722
"POLR2M",846,665,926,604,725,1039,745,763
"SLC6A6",1153,217,1874,233,1215,452,983,185
"IDH3B",802,790,930,520,859,1056,628,724
"ZNF740",890,773,856,557,876,955,669,733
"STARD3NL",879,803,837,511,961,1038,591,686
"IQCE",727,625,845,493,1043,1120,753,699
"H2AC6",575,505,1115,471,1102,937,852,747
"TOPBP1",721,763,764,541,842,1040,777,855
"PEX2",758,609,858,590,893,1086,739,770
"FZR1",905,684,922,438,980,980,723,665
"CZIB",783,704,915,512,992,927,804,658
"IVNS1ABP",759,420,1218,328,1187,970,904,507
"TECPR1",813,749,842,520,838,1170,576,785
"SLC10A3",860,866,870,539,697,922,716,822
"RCOR3",751,603,948,542,929,967,801,750
"CHSY1",870,614,855,437,928,1353,640,591
"PPP1R14B",962,764,916,355,855,1068,739,629
"UFC1",763,692,958,547,907,1053,676,691
"LMBR1",764,584,921,520,1022,1027,767,680
"MTMR12",693,728,786,711,681,941,694,1051
"SPAG7",749,847,1044,632,779,946,621,665
"PWWP3A",967,705,831,392,881,990,791,724
"UQCRFS1",790,794,796,525,887,1095,680,714
"ATP6V0A1",680,964,781,656,723,840,669,964
"HEATR5A",669,709,920,592,777,1129,745,736
"MGA",848,743,728,490,859,1056,773,777
"NBN",826,589,962,424,1081,1096,750,543
"SUZ12",752,556,944,571,996,1064,707,674
"PIM1",1182,659,1016,259,1307,721,648,470
"AVL9",737,702,705,555,870,1252,634,805
"SDHB",656,660,865,557,996,1134,627,765
"MRPS10",827,631,962,595,877,1085,685,596
"SEMA4C",782,926,812,581,699,916,535,1005
"SCMH1",758,686,864,523,966,1042,702,714
"MAP3K4",1009,666,768,335,1349,966,697,460
"RPL41P2",786,697,949,461,891,1052,772,639
"UBA5",846,634,927,453,1002,1109,772,502
"PRKD1",624,867,690,680,585,1257,612,929
"NRAS",751,760,779,590,816,1223,601,724
"CCNK",753,737,808,579,838,1105,716,705
"ZNHIT1",810,788,892,480,885,1010,702,674
"NDUFB5",781,666,927,576,930,1057,623,679
"UBA7",1027,680,1196,446,800,756,746,586
"PPME1",753,649,742,488,897,1487,593,624
"SUCLG1",762,740,977,452,993,1016,667,621
"MANSC1",851,628,1199,646,585,614,876,827
"RO60",671,700,774,586,871,1074,713,837
"SUPT7L",839,687,946,471,998,951,647,685
"RAB30",820,764,1135,552,796,911,668,576
"ZFP90",743,489,1155,578,987,876,760,634
"RNF139",857,780,861,533,766,886,747,789
"CSTF2T",839,779,934,559,688,1035,674,710
"ELF2",785,676,863,506,923,942,704,818
"STARD3",800,709,831,516,975,1075,659,647
"MTFR1L",779,720,943,493,853,1012,716,695
"CEP250",916,601,984,400,884,1103,740,580
"MCRS1",737,767,855,512,857,1151,626,700
"DBI",704,788,854,510,928,1266,527,625
"UBAP2",623,634,972,455,996,1122,630,767
"DTX4",831,1068,678,301,620,1004,677,1019
"MORC2",691,705,826,509,952,1086,676,752
"NOP10",744,722,821,495,908,1209,623,668
"HDAC3",829,729,897,489,947,1101,631,566
"SELENOW",623,777,861,525,886,1139,632,746
"IPO13",753,810,900,496,857,948,670,752
"YIF1A",789,756,809,443,876,1248,653,610
"PSMG2",791,768,770,534,785,992,655,886
"IER5",885,823,758,403,839,1136,678,656
"RBM43",792,405,1196,476,1035,743,962,567
"VMA21",754,672,851,606,791,1088,661,752
"RAP2A",964,762,686,392,1070,1139,590,570
"RNF6",665,681,829,516,954,1190,650,688
"KCNMA1",1269,502,1022,472,883,804,718,503
"CETN2",853,594,896,450,1091,1071,635,580
"PPP1R3B",731,626,656,511,708,1387,694,857
"ISCA1",622,728,773,675,708,1226,570,863
"NDUFB4",761,568,935,454,1077,1083,690,594
"SDHD",786,724,752,612,756,1090,701,740
"GTF2H5",754,635,936,628,839,1012,680,677
"RPL26",705,722,976,526,910,1086,639,592
"UBE2V2",731,673,759,559,926,1177,661,670
"FNTA",711,664,786,623,854,1114,626,770
"SMIM15",752,642,876,556,813,1124,715,668
"TCF20",859,571,958,463,951,998,679,663
"ARHGEF10L",727,639,899,517,795,1144,635,785
"DDX56",756,772,760,489,855,1176,635,693
"RAI1",898,602,838,374,833,1107,781,702
"SDF2",733,798,803,519,822,1141,596,722
"CAVIN2",653,561,1242,609,935,998,420,716
"DIPK2A",651,558,752,488,913,1190,792,790
"THUMPD1",780,663,904,536,886,995,689,680
"SLC7A6",430,1037,522,775,523,1155,356,1335
"MYC",588,838,604,546,663,1526,440,928
"RRN3",647,669,770,573,940,1236,598,699
"TINF2",823,628,961,495,853,954,696,722
"ZNF318",884,699,869,458,965,853,733,669
"BTN3A1",1051,472,1135,388,1166,761,763,391
"SUFU",841,531,1004,422,1080,932,787,529
"FOXJ2",795,720,809,489,868,946,704,781
"ENC1",1057,357,1400,184,1032,892,815,372
"LRP5",586,547,919,574,349,843,996,1286
"RPL18AP6",997,960,838,382,927,853,567,576
"WRNIP1",787,696,796,479,768,1086,691,795
"SPRY1",761,722,708,447,525,1016,790,1128
"NCBP3",742,529,894,490,948,1098,649,746
"UBL7",704,725,851,506,893,1061,610,746
"CXXC1",819,732,825,398,864,1098,642,716
"HSPA13",744,590,822,462,890,1183,697,703
"MTHFD1",613,672,800,590,823,1178,640,774
"TSC22D4",789,788,793,502,792,903,704,816
"ANKS6",806,799,834,418,786,1035,748,659
"SPSB1",1044,725,673,485,900,663,654,939
"CAPN7",772,598,828,470,901,1040,708,763
"PER1",178,1504,139,821,229,1658,119,1425
"SFXN1",713,607,787,421,930,1357,654,603
"TCOF1",746,703,803,329,1081,1255,616,537
"H2BC12",584,616,846,482,1055,999,708,780
"CEPT1",771,567,1041,536,884,848,745,676
"MANF",756,747,763,456,718,1658,466,504
"WASH8P",1174,960,1000,465,739,855,425,449
"SHARPIN",805,751,838,453,773,1044,663,737
"SMC6",702,776,742,506,915,994,657,768
"KLHL7",828,658,819,490,877,964,708,715
"LURAP1L",753,824,1067,425,840,449,895,806
"GRB10",677,857,632,380,918,1422,502,670
"PPP2R3A",698,506,882,406,1034,1119,794,618
"C2CD5",859,600,934,497,882,826,723,736
"ADSS2",756,626,857,552,989,825,777,671
"UBLCP1",726,787,696,558,821,1116,634,711
"PA2G4",734,755,750,497,915,1162,584,651
"TSPYL2",774,669,1170,399,1013,643,800,579
"RNF19A",761,790,829,566,710,833,689,864
"SUDS3",785,660,820,468,980,1023,607,699
"HACL2",857,726,808,459,717,1067,718,688
"XAB2",801,729,896,453,781,869,691,819
"FOCAD",844,558,883,471,792,908,815,764
"ACVR1B",678,713,760,555,753,1185,618,772
"AAAS",780,726,968,527,802,880,661,689
"MTMR2",678,698,758,453,974,1139,642,689
"ANP32A",802,609,997,391,1117,1002,666,447
"TMEM80",900,577,881,377,970,955,701,668
"MED22",801,650,836,450,879,1010,735,666
"TMEM87A",639,692,752,613,750,990,627,963
"PGF",887,648,998,311,2128,400,414,240
"NEK1",738,632,880,451,1022,873,719,711
"PSMD14",699,738,827,557,848,1119,629,608
"AOPEP",427,749,658,792,612,1512,365,909
"SKAP2",833,781,715,556,637,827,769,904
"PTPN1",659,598,787,539,939,1123,633,744
"TOMM22",815,752,820,459,935,1100,608,532
"MROH1",727,683,752,484,766,1096,610,903
"RASSF1",709,813,695,573,580,1017,712,918
"DDR1",602,511,695,361,1103,1326,663,755
"CTDNEP1",721,685,842,535,861,1009,695,667
"SSBP2",933,535,955,393,1193,605,816,581
"COX11",593,906,550,859,597,920,421,1165
"CDC123",740,640,876,555,869,1080,610,640
"SEMA3D",622,237,1591,571,995,1072,505,417
"PDIA5",737,586,873,449,815,925,884,740
"GPD2",536,780,502,452,984,1216,567,972
"ATP6V1F",806,766,844,463,834,958,657,679
"SLC66A2",700,790,688,511,666,1192,651,806
"FBXO11",707,594,840,417,969,1120,638,719
"FAM118A",755,614,1550,540,817,677,630,418
"ZNF496",873,552,833,438,933,878,762,730
"BRD10",759,567,848,405,1007,1032,679,696
"GLIS2",672,565,1276,496,633,689,799,861
"SEMA3A",831,418,856,209,1447,640,1138,450
"RIMKLB",722,500,995,477,956,948,760,631
"PSMD12",740,665,776,554,828,1191,580,654
"RNF149",682,647,727,553,824,1022,704,828
"SIL1",756,553,906,490,843,1071,722,636
"SLC35C1",664,800,633,552,599,1351,569,808
"INPP5K",637,701,734,668,693,1023,551,964
"PSAT1",1226,533,1516,357,793,429,863,254
"TRIM32",781,705,781,464,861,1016,635,726
"CSGALNACT1",476,707,636,447,716,784,802,1400
"UBE2E2",663,469,1059,685,836,886,703,666
"ADGRG6",1004,1186,639,629,371,578,465,1093
"METAP1",702,600,818,506,936,1074,628,701
"AAGAB",680,575,987,509,978,1021,651,563
"ZNF436",795,467,1081,464,854,681,929,693
"PPT1",716,682,911,565,792,1002,649,645
"LARP7",713,658,841,457,928,1033,681,651
"AGTRAP",504,869,658,778,457,1233,427,1036
"PANX1",745,832,603,433,772,1226,608,741
"TDP2",668,625,629,470,1169,1073,613,713
"ADAM19",611,600,767,756,749,946,521,1009
"MMGT1",632,634,759,695,669,1061,628,881
"MMP24OS",596,627,960,541,726,1118,689,699
"MCM7",993,636,866,445,782,647,826,761
"AK6",566,689,774,561,965,1204,525,671
"THOC5",497,530,1106,662,661,735,727,1037
"PIK3R4",783,618,793,557,820,1026,626,731
"MAFG",826,772,711,516,779,858,630,862
"DZIP3",778,570,976,471,920,958,711,570
"CAMK2G",772,593,1002,524,827,813,703,713
"MFSD12",566,784,687,441,759,1368,560,782
"MBTPS2",713,607,812,516,805,1134,650,709
"SMC4",783,534,874,373,979,910,936,552
"NAMPTP1",483,907,439,699,707,1162,439,1105
"GGA1",840,706,821,414,834,1045,649,630
"HELZ2",1035,722,730,349,761,1040,584,718
"FAM3A",703,713,816,477,738,1081,603,807
"CDH13",723,767,563,299,1057,1491,356,680
"TTC8",752,481,989,363,1065,857,858,571
"TSPAN6",679,448,873,408,1138,1047,770,572
"RUSF1",733,614,847,401,834,1151,615,736
"FOXK2",720,692,762,496,920,1090,549,702
"KIFBP",618,691,788,593,809,1114,576,742
"STK10",571,645,810,437,705,1165,767,830
"DUSP22",727,744,699,551,669,845,671,1024
"LATS1",723,593,842,456,823,1039,672,781
"CYC1",808,835,729,443,882,1075,552,605
"AK5",421,533,563,738,693,1077,495,1406
"IL6R",610,722,648,676,669,1139,536,925
"CAMTA2",712,687,837,533,693,894,740,828
"BIN1",1073,789,846,343,949,597,790,537
"RUVBL2",749,758,789,442,780,1219,548,639
"PPP1R2",682,610,913,633,791,943,624,728
"PPP2R2A",729,701,811,555,948,1079,536,565
"NES",1151,535,789,269,667,531,1270,708
"NENF",864,673,811,514,774,885,713,683
"TRAPPC3",724,718,823,488,784,1033,673,671
"PPP2R5A",685,602,726,653,761,1018,690,779
"EPB41L5",629,651,694,511,955,1118,596,757
"SPRYD3",724,628,795,582,699,1223,612,646
"EIF4E",762,709,788,487,844,1083,642,593
"SMN1",445,464,884,488,1085,1376,542,624
"PI4K2A",826,557,892,508,990,866,635,632
"FAF1",757,705,805,573,787,963,619,696
"CNOT8",571,721,673,773,761,1051,526,827
"CWC15",687,597,960,532,905,968,610,640
"UBTD2",753,610,879,474,911,891,713,668
"CSDC2",888,658,994,451,549,453,1080,826
"NMT2",574,582,873,483,856,1171,643,716
"RPE",728,575,901,404,922,1277,602,489
"BLVRB",883,720,959,386,825,770,690,663
"PLA2G15",575,553,817,668,700,1003,631,945
"MUL1",732,652,831,523,641,970,687,851
"SLBP",696,721,738,526,817,1017,617,755
"NSUN5P1",854,751,820,400,807,849,754,650
"PHYH",685,669,833,519,816,912,713,737
"OGFOD3",744,586,862,441,949,1118,679,505
"PLCB3",705,776,741,419,739,1101,691,711
"CLIC6",436,858,649,862,448,990,566,1073
"ZNF384",780,724,828,426,840,981,684,618
"ZCRB1",703,628,863,443,891,933,721,698
"IDH3G",769,707,816,405,922,996,646,616
"SGSM3",811,768,773,413,794,1115,566,637
"NSRP1",559,616,838,503,970,1018,680,692
"STARD9",997,918,733,423,676,646,706,776
"ARFIP1",817,675,840,519,848,935,643,598
"GET1",741,732,831,633,705,956,570,707
"CCDC85B",977,642,816,357,583,867,1035,593
"CRTC1",841,796,829,483,803,885,590,637
"PMPCA",712,699,763,453,820,1157,596,663
"SLC35H1",686,608,789,460,779,1014,687,839
"BRD1",777,652,814,407,876,1002,600,732
"SEM1",710,677,847,511,767,1092,607,648
"ZNF217",624,539,796,523,794,1092,607,884
"PLEKHO1",636,732,630,497,837,1381,508,637
"STRN3",796,619,737,454,908,1052,674,618
"CHMP1B",735,785,765,485,824,935,581,745
"RAB5B",725,607,860,519,777,1052,549,763
"USP15",684,642,801,509,890,1024,663,639
"PIP4K2A",722,810,691,578,817,867,606,753
"NCKAP5L",747,594,926,411,833,1040,660,633
"RPS6KC1",777,548,844,443,988,880,718,644
"ATOSB",805,627,850,396,989,957,596,621
"RPS6KB1",694,563,822,498,921,1089,619,635
"EVI5",618,701,865,612,752,961,632,698
"UST",714,595,701,488,814,1050,701,776
"TMEM237",593,412,816,480,1174,1086,600,677
"NAE1",631,724,724,577,816,1087,569,709
"TMEM33",642,697,796,592,790,1088,562,669
"TOR4A",673,576,659,458,691,1050,821,908
"VPS45",712,605,915,469,899,917,718,600
"SNAP23",666,592,898,552,929,1088,506,600
"PDE4A",696,734,672,446,810,1084,632,754
"PDCD5",671,848,699,496,841,1076,582,613
"SLC12A6",683,446,939,469,817,909,732,831
"ERI3",680,669,850,496,779,1062,600,689
"GTF2H2C",796,731,732,422,859,1169,561,554
"STK36",755,555,983,443,916,928,651,592
"ACSS3",670,497,746,526,950,1113,575,745
"BUD23",724,628,819,402,901,1076,638,632
"FAM162A",763,529,944,391,866,1123,671,533
"AEN",813,712,739,318,889,1154,670,524
"MICALL1",771,761,733,326,954,1126,580,567
"ZNF528",699,433,1081,420,1032,1042,635,475
"MTMR1",727,624,819,474,853,976,654,689
"RNF7",671,737,731,520,765,1040,697,654
"CACYBP",829,570,881,471,872,791,745,656
"AGT",250,55,1575,478,1659,1204,412,181
"SLC30A6",667,590,891,515,780,1024,653,694
"EDC4",701,642,783,427,837,1085,597,738
"UQCC1",733,640,823,498,895,946,621,652
"DDX27",698,713,784,452,856,1070,552,683
"NAV3",257,309,312,973,330,2310,165,1151
"RBM27",746,638,807,447,805,1080,605,679
"G6PC3",566,647,764,457,873,1209,625,662
"CLASP2",670,553,811,467,860,994,648,799
"PIAS3",820,635,883,453,761,958,647,644
"EEIG2",908,504,818,347,776,877,927,643
"PSMD7",626,707,774,592,752,1059,599,689
"CYCS",659,793,729,508,741,1340,543,481
"CALHM5",617,513,622,510,761,1384,642,745
"ZNHIT6",573,570,753,473,923,1292,600,609
"TBL1X",665,502,806,434,835,1099,720,731
"ZNF706",826,583,919,505,752,807,722,676
"GOLGA1",727,600,818,439,865,1027,683,631
"POFUT4",600,694,776,485,711,1158,622,744
"CTCF",753,593,855,394,940,941,737,575
"VANGL1",795,711,834,473,724,920,628,699
"HEATR5B",737,646,780,471,798,947,673,731
"FAM177A1",517,583,714,668,748,1124,601,824
"GRK2",758,749,755,439,753,957,596,772
"INPP4A",751,571,835,519,764,1002,681,654
"PLD2",793,677,857,470,763,814,656,743
"SNX7",761,570,893,485,809,864,718,672
"NPRL3",705,608,1058,539,837,987,515,518
"ANKH",633,565,793,404,839,1212,692,629
"YTHDC2",713,747,713,458,729,1055,662,688
"RNF26",685,686,830,519,664,1060,569,752
"SYNGAP1",732,625,823,397,940,814,753,679
"MICU2",732,661,824,520,895,957,630,541
"TUB",758,512,805,327,944,913,865,632
"WDR43",757,582,743,421,914,1133,607,597
"ACBD5",676,623,794,456,916,895,682,711
"GOSR1",660,575,808,438,971,1013,643,639
"TMX2",605,659,803,521,828,1159,548,624
"COMMD4",776,695,800,451,765,1030,604,624
"KAZN",737,496,835,308,848,1025,728,768
"APH1B",592,499,872,576,928,1026,566,684
"DUT",806,880,674,579,587,788,677,749
"AKAP10",663,613,839,481,850,999,561,732
"BLTP3B",764,594,818,464,890,880,662,666
"ICE2",702,660,786,490,843,926,646,683
"TRAPPC12",703,602,818,440,817,1044,685,627
"VCPIP1",648,665,769,555,782,1067,557,693
"DDX60L",450,542,663,475,828,1463,512,803
"SLC20A1",740,495,1060,405,858,855,826,496
"MAPRE2",894,533,1261,336,810,541,883,476
"PTDSS2",810,682,720,448,871,1035,577,591
"UEVLD",655,644,739,533,745,1114,634,669
"PRCC",709,648,827,452,968,966,560,602
"CNST",506,501,820,583,958,1049,567,748
"MRPS16",762,675,810,524,836,913,614,595
"ASH2L",715,610,922,474,792,907,669,639
"SIKE1",767,637,850,485,775,924,665,622
"MEIS2",670,325,1228,354,726,583,1164,675
"CRNKL1",688,609,799,559,732,998,607,732
"SUCLA2",696,624,847,493,857,958,663,585
"TMEM63A",699,536,787,333,818,1212,606,731
"MADD",755,648,830,449,728,875,713,723
"KIFC3",688,668,592,300,688,1588,602,595
"EGR1",894,209,780,201,883,1237,1035,481
"PHB1",715,700,781,467,750,1064,583,658
"SRPK1",643,641,753,520,787,1074,566,732
"BRD3OS",707,465,948,448,813,946,717,670
"KIF13B",707,568,743,497,737,945,697,819
"CCDC71L",390,641,570,893,482,942,462,1331
"CLK3",713,677,859,385,836,1011,594,635
"PSME2",888,682,935,368,909,763,658,506
"GMPPA",862,682,817,340,743,1127,587,550
"MEST",733,180,2352,447,975,246,600,174
"JUNB",753,801,772,307,886,1076,563,547
"GLIS3",548,613,727,511,685,1175,640,804
"AASS",494,949,565,655,451,1037,447,1103
"CHD1L",769,457,937,439,887,1029,635,545
"KLF10",772,706,876,268,1103,732,806,434
"ATF7IP",776,444,1098,388,902,958,630,496
"SNN",751,625,640,492,872,829,580,901
"TCF7L2",669,643,854,511,850,866,567,726
"GFM1",747,623,738,456,858,998,654,611
"NHLRC3",634,610,783,709,577,757,675,938
"HRH1",930,511,925,292,964,693,801,567
"YY1AP1",714,626,848,445,878,891,652,628
"HNRNPLL",904,602,851,400,865,911,629,519
"BRD3",700,673,742,461,774,903,688,738
"TBC1D12",646,609,845,557,648,726,795,851
"MARCHF5",719,572,830,543,812,807,707,687
"MRPL49",838,507,940,353,986,791,724,536
"ATP5MJ",741,700,815,376,861,1014,586,580
"ZNF12",648,568,811,457,819,1065,642,663
"ANKS1A",607,592,823,547,813,948,606,735
"RTL8A",663,638,736,494,813,1027,616,683
"SNRPC",749,673,812,402,824,1099,554,555
"CHAMP1",607,621,725,515,813,1246,568,572
"ARFIP2",718,581,795,390,972,1055,612,543
"PPIL4",621,545,833,461,965,1052,600,587
"INMT",123,193,877,1039,453,2065,364,548
"AAR2",702,672,745,500,732,1052,554,704
"ME1",793,504,873,381,1327,778,616,388
"PTBP3",657,572,709,432,873,1151,596,670
"TVP23B",612,553,869,665,828,1074,477,581
"SSBP1",731,639,788,441,847,1107,548,556
"TXNDC11",585,689,733,607,598,1103,537,803
"NOL6",614,527,678,318,1073,1296,631,518
"AVPI1",649,678,892,440,864,936,471,722
"EPN2",640,596,642,517,752,1116,534,854
"RARA",809,712,824,356,852,716,740,639
"RAB32",957,700,900,372,793,734,649,541
"ATPAF1",685,568,836,498,856,942,630,629
"PLEKHA6",474,193,921,205,1441,1483,649,277
"CREB5",1041,361,1312,125,1196,320,1047,241
"SLC38A7",631,597,691,411,950,1000,713,648
"DHDDS",651,578,845,519,857,1030,575,586
"ARHGAP28",1741,704,915,139,875,255,754,257
"BBS4",628,504,885,597,814,821,681,710
"MFAP2",788,439,900,378,1002,611,886,629
"PDK1",699,396,948,333,723,1497,609,426
"KRAS",637,566,961,487,737,1004,620,617
"H2AJ",446,609,636,621,584,1034,536,1162
"WDR46",731,718,769,348,845,1034,578,603
"B3GNT9",765,474,865,308,1003,960,778,473
"SMURF1",662,664,775,485,849,1079,512,599
"DDHD1",755,639,868,362,900,844,684,572
"TMEM147",657,601,780,417,771,1088,632,677
"UXS1",523,583,809,519,715,1252,607,614
"CXXC5",785,431,876,324,953,906,828,518
"SENP5",587,583,775,541,834,1050,576,673
"CC2D1B",698,754,758,498,652,976,570,711
"TSR2",709,640,833,489,787,884,659,616
"FBXO3",724,629,879,537,665,819,674,689
"GABBR1",601,694,776,466,829,944,607,698
"ATP5IF1",730,684,869,426,849,884,639,533
"SAT2",810,650,772,417,821,757,750,629
"CHMP7",668,679,720,459,836,1016,586,639
"JAK2",553,918,556,642,621,821,483,1003
"KDM6B",853,489,713,289,1066,962,613,612
"TTC1",699,644,866,528,765,919,554,621
"ZNF281",637,470,808,362,817,1242,691,569
"PITPNM1",584,681,684,343,835,1092,597,778
"NDUFV3",698,577,778,458,884,1025,565,605
"SDAD1",565,579,781,455,924,1048,587,648
"DCUN1D1",702,617,716,504,824,971,585,667
"NUP58",665,645,622,426,835,1243,546,602
"TBX5",862,685,859,349,990,810,597,431
"GTPBP1",711,558,800,485,794,912,556,766
"TBC1D4",556,619,577,615,748,1005,530,929
"CEP192",708,557,798,456,754,866,693,746
"ALDH1B1",405,715,712,673,448,1728,382,514
"GTF3C5",702,652,775,423,837,988,582,617
"FMR1",763,634,754,492,815,884,628,605
"NCOA5",770,688,702,429,838,963,630,555
"DOCK6",678,450,739,404,789,1052,770,693
"SF3B6",648,547,857,453,900,1033,531,604
"XPO4",621,560,741,466,823,1096,638,627
"ELOC",639,705,725,514,758,1031,549,651
"KHDC4",679,725,732,484,738,921,624,668
"ADRM1",673,586,741,477,794,1056,549,690
"CILK1",660,626,773,444,816,831,617,797
"FAM193A",682,585,773,443,881,958,621,620
"MORC3",658,556,869,508,788,810,685,688
"TBK1",710,582,786,485,848,980,543,628
"XYLT2",716,608,760,416,792,1068,574,627
"ANAPC11",812,762,664,440,680,998,537,667
"EPM2AIP1",727,556,872,382,905,887,672,559
"SLC9A6",661,578,833,571,742,900,565,709
"CIAO2B",667,647,763,421,745,1117,545,652
"SH3BP5L",732,624,734,437,743,1091,560,636
"SLC29A1",643,448,931,505,809,836,722,662
"CCNT2",656,581,771,493,757,950,632,709
"FAM43A",541,1227,415,441,440,799,399,1287
"PRR13",567,693,704,601,664,1078,537,705
"RAB27A",571,775,706,378,846,1067,548,657
"SHISA4",496,597,782,461,789,1096,555,772
"DNAJA3",727,629,790,417,837,985,579,583
"CARD6",641,703,648,551,752,997,555,699
"IFNGR2",704,549,900,389,891,799,634,679
"SLC35B3",690,575,684,557,732,959,676,669
"ORC3",629,564,852,491,822,987,579,618
"ZNF618",787,409,848,271,992,984,800,444
"BAG5",664,683,728,478,702,970,577,732
"PPM1K",573,765,784,718,654,649,570,817
"CFAP36",632,511,921,432,934,907,633,558
"CCNT1",665,641,731,495,692,1010,595,693
"CHM",727,532,739,413,807,961,705,637
"CEP20",671,594,721,482,865,874,612,700
"IRF2",670,702,644,503,749,939,522,790
"ZDHHC6",636,662,749,480,767,968,563,692
"RHBDD1",640,533,783,425,876,996,640,620
"SAP30BP",666,617,839,451,796,998,556,587
"HNRNPUL2",760,707,673,522,757,897,529,665
"AURKAIP1",692,705,718,378,735,1094,575,612
"TIMM17A",641,638,795,468,755,1171,532,504
"RC3H1",657,595,675,501,792,1001,560,721
"TBL2",686,606,766,448,727,1022,651,594
"DCBLD1",753,554,871,312,1143,867,598,401
"JAZF1",630,569,867,500,781,696,773,682
"LUC7L",770,591,820,415,836,826,626,613
"ZNF280D",642,562,858,425,865,886,612,645
"LDOC1",743,531,831,405,929,903,615,538
"RHOJ",975,479,1443,332,701,288,883,392
"NARF",703,517,785,367,864,903,708,642
"TMEM222",602,566,823,428,822,1054,587,604
"NDUFA1",617,647,735,492,759,1078,558,599
"CERS5",508,648,704,545,660,1169,545,704
"UAP1L1",977,885,618,299,781,696,716,511
"ZBED1",644,597,663,488,776,1046,490,779
"MSI2",677,683,695,348,936,1014,551,578
"CYBA",756,799,693,428,551,845,621,784
"SAMM50",764,757,782,451,794,822,550,556
"PCBP4",764,646,872,378,824,812,653,524
"MEGF6",409,256,972,499,376,649,1048,1264
"SLC26A2",613,667,584,483,667,1090,612,750
"GALC",654,666,702,480,753,1091,470,649
"COMMD7",590,519,798,448,819,1032,675,582
"CPPED1",449,660,543,595,633,1451,357,774
"PDE8A",635,624,718,441,859,889,616,679
"RBM10",643,580,813,404,885,1058,532,546
"RDH11",662,607,765,449,801,1044,545,585
"ACSS2",618,618,722,522,782,979,503,714
"GTF3C3",633,569,789,499,801,894,635,637
"SPPL2B",680,586,760,418,748,1049,583,632
"MRPL10",756,617,804,426,760,785,629,679
"RPL10P6",889,773,760,371,711,860,530,562
"RFK",497,544,777,495,714,1072,696,659
"AMBRA1",673,620,750,439,802,825,644,700
"IL16",459,697,540,549,562,1160,386,1099
"MEN1",730,707,747,413,734,850,584,686
"TRO",817,496,930,260,1005,712,759,471
"RNF220",655,761,718,451,670,902,607,686
"AKAP8L",675,603,810,369,935,878,604,575
"FXR2",651,719,676,465,729,1022,541,646
"EDNRB",480,886,233,159,1182,1752,297,460
"UNKL",633,667,697,475,714,970,551,741
"COPS5",686,571,801,448,821,823,676,621
"CLDN12",538,581,726,582,665,1065,550,735
"PEX6",932,815,512,374,617,744,654,791
"ADGRA3",876,499,650,245,1252,699,779,439
"TGFBRAP1",652,637,658,435,714,974,648,720
"ZNF451",668,564,852,472,822,771,682,606
"ATOX1",618,512,845,475,866,977,598,546
"SYNC",644,475,934,268,878,903,723,610
"FOXO3B",433,620,475,531,532,1259,440,1144
"TSEN34",641,683,746,456,697,890,611,705
"HCFC2",689,569,768,406,845,860,613,678
"HMGCL",678,522,799,451,811,960,595,611
"GPR137B",560,555,577,576,685,1101,511,861
"ST3GAL4",800,811,771,432,657,694,615,646
"LIFR",559,611,622,533,608,736,719,1038
"SMARCD3",632,591,772,458,797,1043,567,565
"RPL4P5",661,661,928,387,921,892,504,468
"TMEM168",655,592,727,489,801,1023,557,576
"CCDC124",617,697,698,393,786,1169,473,586
"NTPCR",934,541,798,345,778,786,693,543
"PNMA2",601,816,1183,756,375,785,264,638
"FKBP7",913,679,826,355,760,662,665,557
"RPL6P19",872,776,800,333,825,873,494,444
"PGS1",725,703,759,461,701,889,522,656
"ZC3H4",695,599,816,413,721,963,611,595
"AEBP2",729,550,776,377,861,861,705,554
"ATP1A2",334,176,2889,841,238,161,521,247
"FAM199X",648,617,721,547,700,969,565,637
"ADSL",633,584,758,446,768,996,574,645
"STMP1",650,685,706,484,567,798,703,811
"EAPP",603,583,848,492,849,868,553,607
"AFDN",654,613,663,387,768,1087,580,650
"DBT",612,597,740,491,740,869,589,764
"THBS3",706,639,1052,453,710,660,650,531
"ARL15",583,588,934,534,785,649,560,766
"PLEKHA1",546,594,654,486,730,1019,605,760
"ELK1",607,641,603,427,692,1223,508,691
"TRAPPC2L",733,602,849,402,854,790,600,561
"IL17RC",690,769,696,449,663,851,543,727
"GXYLT1",569,606,603,489,934,1060,491,635
"PDHA1",612,612,715,414,852,995,562,621
"ADH1A",59,135,641,1032,567,1062,573,1310
"GLRX3",659,666,720,442,730,985,624,551
"TMEM250",818,654,666,379,651,942,644,623
"KIF3C",765,582,751,416,699,817,629,716
"ZNF644",642,608,732,450,795,1029,527,590
"PTGR3",756,619,819,404,705,717,728,624
"CTPS1",344,1166,393,586,430,896,343,1211
"SYNGR1",624,529,928,423,669,779,715,700
"CBLB",594,682,553,478,699,851,525,985
"ECH1",563,772,684,418,693,888,577,769
"RFNG",652,586,763,442,713,911,567,726
"ARID4A",619,566,804,404,777,832,606,750
"NIPSNAP2",676,624,703,453,825,817,592,666
"MEA1",658,548,861,362,899,949,527,551
"FGF14",212,442,652,753,484,1330,401,1080
"WDR59",755,608,814,436,776,780,580,604
"CLK2",684,641,868,388,770,907,535,558
"PDCD2",678,672,680,409,762,958,582,609
"TRPC6",204,654,371,742,283,1842,294,960
"CMTM3",725,668,687,505,557,662,705,840
"PDHB",559,553,733,489,743,1116,516,640
"IAH1",632,572,737,526,778,1023,518,562
"MLLT10",675,649,670,398,858,919,576,601
"KAT2B",664,524,914,547,625,671,637,764
"RNF123",679,561,644,372,823,1113,520,633
"LAMTOR4",752,706,682,423,662,914,574,632
"LIMS2",249,512,732,815,291,1437,390,918
"CCM2",677,621,709,414,737,987,593,605
"TENM4",1337,320,990,157,547,433,1088,470
"PGAM4",662,504,812,363,685,1302,517,495
"AP1S2",566,512,622,514,570,996,688,870
"DYRK2",636,515,692,480,758,813,642,801
"PIGQ",731,621,682,369,641,1005,557,730
"ATG3",681,589,763,434,862,914,535,557
"AGO4",595,589,687,522,683,927,580,751
"GALNS",667,651,649,344,908,1132,449,530
"MAGI1",514,456,583,419,629,1406,460,863
"HSPB8",757,571,929,419,812,556,611,674
"R3HDM4",651,722,653,426,724,1031,539,583
"THADA",655,526,710,432,769,964,617,655
"STK3",702,568,730,458,858,770,649,592
"PHF19",852,682,859,417,563,569,701,683
"RPTOR",607,633,735,418,750,1021,551,611
"TNIP2",608,796,636,438,599,1048,474,727
"USP46",477,620,568,527,618,1298,438,779
"PRR12",682,627,749,375,765,941,579,607
"CPSF3",705,567,684,457,815,1025,513,558
"RPRD1A",647,539,692,506,745,1095,510,586
"HDDC2",614,566,896,455,752,962,548,526
"TIMM50",678,645,757,366,707,1068,520,575
"STX4",688,652,739,355,798,828,659,596
"TPRA1",601,637,656,487,623,956,573,782
"UBXN2A",503,596,617,493,783,944,615,764
"MAFF",367,657,417,493,460,1414,367,1139
"VAMP2",520,665,668,674,710,789,545,742
"LACC1",566,587,720,422,968,886,572,591
"SLC61A1",700,683,712,482,594,834,632,675
"BTBD6",616,629,719,459,632,924,599,733
"INSR",653,596,656,641,506,795,511,952
"PRDM4",689,634,711,464,722,906,538,641
"CAPRIN2",539,413,863,350,824,854,768,693
"PLCB4",434,494,674,538,662,1765,297,438
"LETM1",594,693,610,475,717,1060,525,627
"ZSWIM6",604,455,781,400,1008,1072,461,517
"TBX4",581,640,1088,664,436,522,626,740
"CNOT11",590,587,658,432,762,1033,561,674
"DERL2",681,557,729,446,768,982,590,542
"AIP",653,631,829,435,678,829,573,667
"PLP2",459,690,705,496,587,990,604,762
"RPS19BP1",689,729,642,435,661,919,516,702
"BDH2",686,430,941,428,839,679,739,547
"RAP2B",914,344,911,236,1185,529,828,342
"BBS10",590,557,746,518,604,945,554,773
"METTL16",711,455,733,422,803,854,740,568
"LPCAT3",513,680,719,550,717,967,428,710
"CD302",309,407,427,813,283,1122,340,1580
"DPP3",615,681,688,542,609,1097,448,601
"LRP3",842,592,781,277,711,800,702,575
"LINC00578",369,398,796,504,596,1812,381,421
"DDX54",684,628,695,317,781,1003,589,577
"EFHC1",592,528,684,393,874,852,650,697
"PLCD1",694,581,754,451,630,911,519,730
"FBXL7",618,882,615,557,706,716,396,775
"ATP6V0B",677,756,573,470,616,898,565,709
"BBS7",471,632,668,473,657,1142,507,714
"BAZ2B",663,407,790,386,977,820,656,564
"AHRR",492,345,803,318,957,986,832,528
"PIN1",654,665,757,445,657,901,537,645
"POLR3C",565,503,701,468,805,998,590,631
"USB1",594,588,639,529,669,1087,526,628
"MAP2K7",687,593,711,397,744,886,618,623
"RRP1B",639,517,745,356,808,1018,592,584
"BMI1",745,653,691,439,673,832,623,603
"NIPSNAP1",718,576,831,374,891,899,499,470
"CUL9",829,614,838,332,790,789,569,494
"PPM1M",713,589,732,395,716,850,602,658
"PFDN1",740,619,785,460,737,855,561,495
"PAN3",641,530,739,438,745,889,651,616
"PDK2",610,546,740,407,817,774,650,704
"CLEC16A",667,517,742,381,909,703,648,681
"EDEM2",655,638,872,497,730,775,514,565
"VHL",661,539,732,436,759,869,627,622
"AMMECR1L",578,600,656,483,682,990,529,727
"COPS4",688,561,782,482,768,815,645,503
"DGCR6L",732,630,686,377,764,849,610,595
"TERF1",686,468,847,385,796,903,618,537
"HPS4",703,495,814,354,898,784,648,542
"RELCH",642,553,709,449,713,959,554,659
"SPATS2",776,450,771,338,1067,760,647,428
"RTL8B",644,627,709,381,831,956,569,520
"ARID2",693,526,771,330,895,913,583,522
"METTL3",640,683,671,425,712,980,477,642
"DRG1",649,642,695,491,701,911,533,603
"COPS3",744,573,823,378,828,749,593,535
"UBE2M",675,685,690,413,762,933,520,544
"GLOD4",740,517,764,417,817,744,649,573
"BPGM",539,358,884,393,1220,918,493,416
"ENY2",619,652,745,462,716,876,537,613
"C1orf216",688,599,710,428,709,796,657,633
"TIPRL",601,646,734,483,813,838,520,584
"GGT7",678,624,766,406,712,823,557,651
"SAP130",719,541,813,416,843,662,633,589
"CRELD1",435,339,1218,648,800,1191,280,298
"GPR153",934,387,843,261,854,560,857,509
"NAA20",578,648,637,598,611,930,502,701
"MARCKSL1",995,373,747,235,1187,592,734,341
"CDC34",589,602,690,390,862,917,570,583
"RALGAPA1",643,525,699,460,705,906,545,720
"SECTM1",785,412,1002,313,740,659,791,498
"UQCR10",694,611,720,459,748,888,523,557
"TBCEL",570,632,644,478,706,969,551,649
"PPP1R8",618,585,722,447,721,917,551,637
"VMA22",641,556,699,447,824,799,627,605
"MRPS5",633,593,671,435,844,994,476,551
"FAM156A",665,687,714,414,675,887,591,564
"COX7A2",784,805,819,574,459,559,543,652
"BCL7B",608,597,786,497,689,875,504,638
"MRPS15",634,620,733,363,799,976,529,539
"GATAD2B",644,559,658,471,784,817,588,672
"NRBF2",579,501,779,380,906,911,585,552
"PRR14L",584,509,664,488,678,1046,547,674
"SECISBP2",649,601,755,380,817,896,570,518
"ATP5PF",617,596,787,466,730,865,521,602
"DDIT4",696,1291,560,345,439,669,459,725
"LMBR1L",580,598,673,452,648,886,564,782
"FAM120AOS",647,513,794,429,721,884,626,568
"PRELID3B",604,632,698,474,727,897,580,568
"DDA1",562,723,609,478,637,1015,446,710
"UTP25",577,497,657,493,635,887,618,815
"PHYKPL",654,546,866,370,747,896,522,574
"RAD54L2",625,539,685,488,810,901,533,593
"HIC1",613,567,817,399,596,631,794,754
"COX15",699,559,778,448,785,840,537,524
"HMGXB4",651,564,696,429,739,823,620,648
"NDUFB11",715,600,825,367,765,864,494,538
"KDM1B",697,448,740,408,747,889,644,592
"ENPP1",188,368,492,926,666,931,310,1284
"KAT7",677,502,801,421,804,771,596,590
"FCHSD2",477,443,641,438,782,1271,526,583
"FOXO1",250,987,231,761,240,893,257,1542
"CIB1",665,567,751,351,676,867,593,689
"SOCS4",662,637,640,475,667,912,555,609
"UNC50",656,658,757,474,674,821,496,617
"MRNIP",805,571,747,374,894,669,615,478
"GSDMD",784,676,717,349,648,877,578,523
"DCAF16",604,545,675,478,776,959,554,559
"PYGO2",740,612,731,376,736,775,607,573
"ZNF302",632,426,921,504,738,786,602,539
"TEX10",699,645,679,387,762,863,543,568
"UQCRQ",698,630,747,424,740,950,507,450
"LAMTOR3",646,591,666,453,727,915,567,580
"LDB2",899,418,890,191,1033,482,934,297
"PHF14",695,502,754,328,976,799,595,493
"STK39",589,579,624,427,817,1093,521,492
"PHF13",641,625,613,485,667,839,624,647
"YIF1B",410,599,541,626,424,1526,310,702
"TJAP1",613,565,731,428,695,908,587,609
"AIG1",724,454,869,364,829,880,597,419
"PCED1A",697,637,744,354,727,825,601,550
"MBD6",622,645,804,344,770,931,549,470
"SSBP4",812,590,692,285,719,731,759,544
"NIT2",489,651,580,493,639,1048,540,690
"NUP54",617,558,712,442,781,901,546,570
"PC",650,1104,656,322,646,847,325,573
"MED25",624,623,695,465,663,875,525,651
"DIO2",248,842,444,860,191,1166,523,846
"ACTR8",726,554,773,363,659,752,625,666
"RPL23AP79",685,560,705,375,693,849,658,593
"RTL5",504,599,607,611,582,679,599,932
"DNAJC11",561,533,702,393,824,1009,540,549
"OSBPL2",633,556,718,409,774,808,630,583
"NDUFB7",602,589,821,312,682,1000,549,554
"ZNF445",756,460,841,321,786,787,683,475
"STK40",737,574,724,287,938,813,567,468
"PIAS1",610,512,822,451,727,830,567,588
"ARMCX6",806,442,814,311,855,635,752,492
"THOC7",535,523,665,453,778,1024,548,580
"CCL11",350,104,475,45,1587,2210,270,65
"IFI6",716,533,734,655,694,752,457,560
"IFI27L2",834,592,750,411,627,805,612,469
"GSS",741,526,897,332,804,854,506,439
"RALGDS",780,528,783,287,683,710,768,560
"C1orf122",790,806,623,373,573,810,579,544
"RIN3",709,568,915,312,693,752,642,505
"ACSS1",284,915,362,800,187,885,369,1293
"DMWD",573,593,646,394,626,1046,549,666
"NT5C3B",608,539,815,449,734,815,590,542
"WDR75",575,608,635,401,810,923,551,588
"SKP2",322,496,631,566,539,1296,360,876
"NDUFS4",702,562,820,404,731,797,537,532
"SLC35D1",478,746,546,526,548,934,376,930
"ARMC10",637,495,792,439,700,763,642,616
"DYNC1LI1",658,612,648,430,868,849,489,529
"STAMBP",663,543,732,419,775,854,531,565
"RSPO1",299,717,633,759,273,1162,359,880
"FBXO42",578,568,640,502,638,875,503,777
"PAXBP1",716,534,576,368,820,778,737,550
"PPRC1",654,564,742,352,785,991,527,462
"ATOSA",673,541,726,460,746,596,612,722
"COG6",797,436,704,286,857,712,768,516
"TP53I3",728,531,758,407,842,705,620,484
"NIPA2",610,616,710,415,659,946,535,583
"PSMD10",829,505,742,360,815,751,614,457
"DMXL2",651,507,907,308,826,767,662,445
"SRPRB",538,549,709,429,755,984,594,511
"TSHZ1",742,491,1027,311,525,438,964,571
"WASF1",496,663,663,541,541,922,507,731
"MAMDC2",153,832,526,1099,282,1672,27,473
"FBXL4",600,536,629,415,721,1034,506,620
"CLCN6",697,581,629,382,667,820,569,714
"SPOCD1",583,484,624,361,537,1145,737,587
"SERPINB1",536,660,627,512,577,1025,403,717
"HAUS6",627,609,651,446,686,978,464,596
"VPS52",651,563,748,422,691,814,570,597
"SMARCAL1",673,484,806,367,798,808,610,508
"ZNF598",606,752,522,324,626,1073,509,642
"VPS54",569,513,622,418,886,952,579,514
"HACD2",503,530,551,562,605,1165,443,694
"STAU2",635,448,800,432,760,859,524,593
"NHSL1",538,748,567,414,792,1252,327,413
"CYTOR",423,465,618,321,842,1688,345,348
"VWA8",668,501,806,441,722,912,520,476
"ADA2",919,544,717,363,864,698,539,400
"MMP19",551,712,565,409,660,981,494,671
"DCPH1",601,590,658,489,660,928,542,571
"ARHGEF28",354,544,459,698,565,1184,363,872
"ARMH3",605,589,708,432,701,842,570,590
"UBQLN4",605,513,688,387,887,733,650,574
"SLC66A3",581,659,574,468,555,763,612,825
"GBP3",150,84,202,63,1562,1578,819,577
"MAP2K4",609,537,627,418,784,916,511,632
"ZNF330",618,586,596,436,702,774,588,734
"LRRC47",659,579,725,416,689,866,532,566
"BMP2K",587,391,1090,251,955,938,474,346
"UTP14C",572,497,738,427,778,957,528,534
"DDRGK1",416,560,767,444,760,1101,429,552
"FGFRL1",544,443,739,424,818,735,596,728
"NSMCE1",653,585,673,425,689,846,554,601
"RLF",698,554,594,380,681,1009,536,573
"SLC35B4",567,528,646,383,769,1072,514,546
"RBM19",615,574,621,346,751,1016,531,566
"RREB1",623,481,683,418,721,907,579,600
"RHOG",629,618,664,423,621,878,553,625
"UBE2J2",626,617,693,385,701,851,564,573
"ZCCHC9",713,518,731,289,908,821,587,442
"ZNF561",808,420,906,314,800,660,664,434
"TRPA1",752,261,217,69,2245,1116,273,72
"HSPA4L",1098,409,840,161,1007,578,667,245
"SOX12",901,699,671,229,871,600,620,414
"POLI",637,539,651,424,680,837,593,641
"KATNAL1",607,584,624,463,608,894,498,724
"JAM2",185,149,881,627,692,1236,496,735
"GPR137",606,625,664,402,695,838,528,642
"PGGHG",563,705,572,367,646,1127,411,608
"RNF170",592,533,675,439,744,908,517,590
"C1QBP",641,605,648,413,720,991,476,503
"CCND3",494,708,491,617,470,966,392,859
"BCAS3",556,500,696,472,752,723,610,685
"FDXR",1182,586,753,154,889,568,554,308
"HECTD2",582,567,803,331,755,780,680,494
"RAB11FIP2",542,573,686,443,731,846,571,599
"SMNDC1",545,621,623,515,639,928,538,581
"PPP1R15B",638,523,717,393,704,840,562,613
"POLR3H",585,542,659,393,671,981,636,522
"RASSF4",513,578,405,200,1472,991,423,406
"CNRIP1",605,564,701,458,659,772,569,656
"IFT80",653,441,769,445,781,711,686,495
"POMT1",616,549,667,425,636,860,590,638
"RFX5",759,560,698,292,950,796,557,367
"LSM4",597,565,700,398,701,973,520,523
"ATP7A",807,458,743,379,718,730,657,485
"MTX1LP",639,539,709,409,675,753,590,661
"EPC2",610,485,746,392,751,799,602,587
"HERC3",526,592,585,538,551,650,577,953
"FAM204A",717,469,682,395,739,813,623,534
"CHD1",562,494,667,377,823,980,508,560
"CCDC82",614,516,623,404,739,902,532,640
"LIMD1",611,505,663,392,635,879,586,697
"PHF8",532,550,632,404,679,862,594,712
"KBTBD2",575,529,607,472,750,925,525,581
"WDR5",610,647,608,408,666,878,504,642
"MNT",670,683,607,356,729,811,484,620
"SSX2IP",521,498,916,379,547,757,931,411
"SESN1",685,531,743,356,759,713,623,547
"GGA3",560,576,804,383,702,869,466,583
"CPEB4",555,455,560,367,739,1158,551,557
"IMPA2",201,586,302,915,209,1518,175,1035
"SLC1A1",257,356,1027,672,269,777,638,943
"CLK4",566,564,641,415,651,727,610,765
"SNHG7",500,423,734,382,779,691,702,728
"NUP93",523,617,640,493,647,845,476,694
"FAM149B1",606,458,881,405,723,794,575,493
"PSPC1",644,615,661,373,640,911,581,507
"AHDC1",757,455,809,262,830,631,711,475
"UTP4",587,580,617,413,743,914,557,516
"DENND4B",685,603,671,325,769,834,523,517
"TRAF3",683,460,742,300,858,820,621,441
"AGPAT2",462,610,524,435,587,1184,440,682
"CNOT6",613,457,684,380,775,1034,491,489
"CFDP1",591,493,682,393,729,881,574,579
"GCLC",519,380,595,493,820,714,696,704
"MAPKAPK3",581,496,711,338,803,900,551,541
"TECR",620,617,721,376,723,789,548,525
"TBC1D19",765,416,1270,385,718,482,498,385
"ASMTL",562,596,605,481,548,947,448,732
"FRMD8",599,668,531,441,507,844,588,740
"HMGA2",511,411,469,261,1007,1243,553,463
"POLR2G",625,597,686,358,673,810,578,589
"ZNF266",506,337,946,495,679,572,725,656
"TAB1",711,554,745,396,634,732,556,585
"TOR3A",628,645,652,436,515,678,668,689
"SEMA3F",555,394,905,415,727,697,618,599
"DESI1",581,581,635,409,738,825,515,626
"MTMR14",503,548,598,515,618,967,426,734
"TBC1D22A",606,508,752,401,654,869,528,589
"CMBL",944,500,805,215,922,615,594,311
"NDUFA6",597,563,663,369,707,813,571,623
"CPT1C",587,565,766,393,696,763,564,571
"WDR70",585,538,680,411,752,765,535,637
"UCK1",634,583,632,379,701,761,549,661
"CDR2L",563,712,565,375,796,783,510,593
"PARP6",595,583,677,406,684,752,559,640
"ATP5MK",620,656,591,451,571,909,468,630
"PREP",512,672,585,507,570,986,450,611
"NBEAL1",549,441,631,321,606,1047,576,718
"C4orf46",882,303,658,223,1206,421,884,312
"UBN2",604,495,740,398,729,751,591,580
"KCTD11",592,534,802,471,556,958,459,514
"VTI1A",582,570,673,403,656,912,487,602
"MBP",297,273,828,333,532,885,919,818
"MRPL18",637,650,757,431,666,795,462,485
"ANKZF1",612,645,573,403,676,940,466,568
"TAF6",672,548,741,376,686,829,498,531
"ETNK1",628,658,567,528,629,777,471,623
"SEZ6L2",413,365,555,370,952,1096,529,599
"VEPH1",212,298,740,587,707,793,516,1025
"LRCH4",661,659,727,355,715,718,544,498
"IFT122",589,561,642,407,684,962,521,511
"HMGB3",518,369,892,362,831,749,632,523
"SLC9A8",581,476,900,428,694,846,483,467
"MINPP1",571,486,632,440,665,872,544,664
"SPIRE1",490,444,669,330,893,788,649,611
"RUVBL1",596,580,670,413,695,959,485,476
"GDPD5",377,490,777,754,267,661,506,1041
"PPWD1",622,528,730,426,676,791,560,538
"DAPK2",174,491,520,792,161,924,487,1320
"NAXD",602,518,748,410,614,802,552,620
"RMDN3",585,580,710,491,637,825,485,549
"FEM1C",733,586,683,382,707,762,537,472
"CROCC",644,609,567,312,648,807,628,646
"ARL10",750,430,617,279,689,1036,578,482
"AGA",823,464,738,404,504,713,680,533
"EYA4",712,465,650,207,919,828,614,464
"AIFM2",457,641,562,467,514,1082,413,720
"PRPS1",615,469,954,348,568,639,776,487
"GLE1",583,594,680,486,563,877,464,605
"NREP",851,414,945,285,701,747,513,393
"ITPK1",520,695,547,380,597,918,482,709
"GRAMD4",891,331,800,180,836,641,857,311
"BRAF",541,465,700,393,665,893,542,646
"TNFRSF12A",540,348,668,258,720,1360,582,367
"EIF6",638,620,722,325,654,894,506,482
"MPDU1",621,597,716,364,798,813,499,432
"TCEA2",618,553,646,399,729,673,589,632
"GSK3A",574,577,624,400,736,894,468,563
"PIH1D1",618,591,689,409,619,939,465,505
"DCXR",272,601,270,887,252,1139,197,1217
"NACAD",559,462,928,354,774,732,458,566
"GPN2",539,564,595,447,667,851,547,623
"RPRD1B",579,507,728,425,686,841,528,536
"FGFR1OP2",588,535,723,373,732,700,586,593
"POLR3A",640,511,677,354,714,873,532,529
"HPS3",654,469,734,326,736,732,663,514
"CRTC2",505,640,558,425,735,873,476,611
"BMPER",675,305,822,115,1461,666,604,175
"POMGNT2",764,783,688,396,522,560,510,599
"PANK2",540,556,617,400,697,873,523,614
"UTP3",502,617,668,403,644,983,461,541
"ERMP1",511,484,617,528,657,961,471,588
"EHD4",508,599,570,389,547,824,654,726
"AKAP8",543,642,612,365,674,881,510,590
"DMAC2",611,584,663,331,759,861,475,533
"SMG9",678,492,751,325,789,690,590,502
"C1GALT1",466,410,777,441,753,849,548,573
"ZNF629",528,465,690,353,681,983,536,580
"LAMTOR5",533,602,636,414,666,1006,421,538
"CEP104",516,592,571,377,769,867,482,637
"CDC40",601,494,675,407,714,825,530,562
"S100PBP",612,603,653,439,730,759,474,536
"SLC25A37",673,494,799,282,721,829,573,435
"KIF2A",595,501,712,322,775,912,484,502
"BTN3A2",504,286,857,387,814,667,781,507
"BET1L",725,567,703,363,642,722,585,493
"MRPS18B",639,559,679,440,743,690,502,548
"DCAF12",636,532,670,395,638,758,558,612
"IFT27",699,447,745,332,798,634,655,488
"EYA3",567,508,752,420,697,838,552,460
"EIF2B5",583,592,657,391,705,864,446,555
"SIPA1",513,804,561,393,481,842,493,706
"PLAA",611,501,741,455,710,721,515,537
"RABGAP1L",566,478,699,458,673,757,565,593
"CD2AP",555,525,668,386,716,872,508,558
"ATXN7",530,514,623,399,653,943,490,634
"CEBPZOS",558,539,663,436,681,844,522,543
"BAG1",579,612,666,416,617,667,611,615
"IRAK3",438,778,301,464,683,1171,288,659
"NKIRAS2",564,595,665,390,703,761,496,608
"PRPF39",623,601,610,409,733,728,521,557
"CDIP1",589,457,715,321,712,830,617,540
"SNRPB2",580,567,631,420,751,873,476,482
"PPIF",506,575,487,381,771,1079,461,517
"RPL7AP66",682,641,683,319,697,805,497,453
"KMT5B",556,518,671,433,735,813,526,523
"FCHSD1",534,524,651,407,613,917,466,663
"MRPL28",622,485,744,339,721,890,500,473
"ARMC1",603,451,640,407,768,830,518,557
"SLC25A43",515,704,488,363,616,979,459,645
"DNAJC16",579,530,609,448,667,863,480,592
"SEMA4B",675,495,697,410,575,705,566,644
"EIF3J",542,562,593,418,766,863,483,538
"TTC39C",446,594,525,575,514,1017,395,698
"GCC1",605,510,704,399,628,811,578,528
"ZNF275",551,639,553,355,630,924,449,659
"RABL2B",559,467,733,353,705,933,533,477
"GRIPAP1",559,509,731,404,785,794,467,509
"SIX4",457,351,750,329,855,757,665,594
"MAPKBP1",558,618,589,352,627,955,490,568
"CDC23",621,422,771,455,678,751,546,510
"NDFIP2",549,493,689,398,660,885,461,618
"MRTFB",739,477,684,279,806,712,597,457
"PHF6",639,530,682,420,656,824,522,476
"EVI5L",623,430,815,317,769,758,569,467
"NFKB2",596,580,634,388,606,835,514,594
"ZNG1B",629,561,652,441,638,901,496,429
"FKBP2",613,605,682,352,643,907,437,508
"GPRC5A",531,409,920,538,868,635,380,464
"CHRAC1",484,511,644,480,583,818,563,655
"TRIM69",716,476,874,376,723,530,561,482
"ZNF358",648,559,609,370,670,817,496,569
"CYTH2",651,569,683,330,735,612,530,627
"DCAF1",535,584,543,425,687,928,428,606
"MBD4",520,494,654,353,773,876,520,542
"BRD9",525,481,703,357,692,948,513,509
"UBL4A",621,628,640,432,602,763,486,556
"TRIM5",644,315,737,308,958,825,576,365
"GPR161",612,653,596,339,567,737,501,723
"CBFB",557,578,476,506,575,817,515,702
"MPI",595,376,717,301,766,1051,529,388
"ZNF33A",454,456,753,393,900,841,462,464
"PLAU",699,520,1221,419,621,484,430,328
"CHTOP",646,551,637,359,652,807,551,518
"NUP62",710,519,678,305,776,713,567,453
"UTP6",566,531,670,374,689,931,460,493
"DUS1L",582,666,605,357,619,798,470,616
"ABCD4",649,468,785,338,640,655,599,577
"FOXO4",545,453,621,428,760,779,510,614
"DHTKD1",424,623,474,443,523,927,437,857
"MTRR",617,511,550,297,672,962,549,548
"SGPP1",523,487,649,503,614,816,464,649
"GNPDA2",494,570,683,479,669,897,409,503
"SLC7A1",585,459,737,317,619,856,600,530
"PLA2G12A",557,461,714,417,723,740,518,569
"KIZ",511,459,675,382,715,602,637,714
"ERCC6L2",528,431,720,383,706,845,524,557
"MTF1",539,528,577,415,670,916,449,600
"CCDC97",595,573,699,369,601,744,541,571
"PEG10",576,297,836,218,998,613,767,388
"PPP1R37",657,496,634,285,723,732,630,534
"ARL5A",572,524,596,403,620,878,535,563
"MBD5",699,434,756,326,838,649,510,478
"ATP5F1D",556,510,665,334,674,961,456,524
"NDUFB9",512,552,692,427,720,795,487,494
"MIGA2",584,711,549,410,590,834,423,578
"COG1",588,506,707,373,697,818,496,492
"KCTD7",575,473,695,364,704,651,621,593
"ZBTB2",598,445,866,306,697,545,764,452
"ARHGEF9",615,477,804,357,737,692,570,420
"COX5A",503,566,659,346,674,870,485,569
"ACADSB",426,496,596,497,668,930,468,591
"ATG16L1",473,537,607,425,687,943,447,552
"LRRC37A17P",541,459,732,360,646,877,500,556
"ERF",659,641,521,287,712,877,523,448
"ZNF827",659,383,798,314,803,699,594,418
"KLF7",539,445,697,431,461,941,504,648
"VSIG10",478,485,668,444,654,795,459,681
"TBRG4",538,688,512,394,552,979,406,594
"C19orf12",589,618,520,458,559,735,535,646
"TMEM258",717,599,596,375,549,674,580,570
"HSPB7",283,238,1068,931,265,711,471,692
"XPO5",521,515,572,381,733,956,465,515
"NAA30",559,479,636,455,650,791,501,587
"SNTB1",404,383,621,430,540,1319,403,557
"MLST8",599,517,715,281,781,810,513,434
"FOXRED2",697,388,613,263,824,785,627,451
"URGCP",631,515,646,395,657,796,509,498
"PHTF1",501,431,505,422,676,986,554,572
"RNF169",696,421,630,297,673,737,673,516
"ANAPC2",664,669,654,322,556,746,506,526
"LRRC42",514,547,586,461,648,854,469,562
"CYB5D2",472,413,745,408,737,736,558,570
"BCAR3",572,533,704,405,601,732,498,593
"MRPS35",500,540,598,448,635,804,516,596
"MRPL32",513,567,636,438,619,754,533,574
"ZNF317",557,452,697,369,676,825,493,563
"CCNC",579,494,659,479,608,766,489,557
"LEMD3",582,529,575,401,612,885,468,578
"MPST",434,806,376,426,481,854,366,886
"NDUFAF3",577,433,733,332,687,883,512,472
"NEMP1",628,452,558,401,697,660,603,628
"ARHGAP11A",489,369,675,275,976,942,500,401
"YIPF2",627,441,759,312,752,773,506,456
"GOLPH3L",571,421,722,408,681,687,615,521
"TOGARAM1",614,548,601,307,672,728,623,533
"EMC2",551,466,642,384,686,771,546,577
"AGBL5",620,429,629,371,812,748,490,523
"FNBP1L",488,449,613,507,335,588,667,975
"SCAI",618,452,760,294,828,649,634,384
"IFT81",420,547,601,528,534,968,434,585
"RPL5P34",586,581,641,376,831,762,401,439
"ELP3",552,512,631,416,736,817,444,508
"EFHD2",502,602,479,342,573,926,501,691
"DCAKD",593,472,614,367,884,729,520,436
"PRMT7",565,630,626,414,545,621,515,696
"RAB12",617,679,545,496,598,683,429,563
"SLC12A7",695,568,509,319,577,650,617,674
"PAIP2",515,543,634,373,681,860,425,577
"CYP4V2",422,416,818,510,691,750,526,475
"SH3RF1",518,522,729,364,491,854,564,566
"GTF3C2",601,528,599,366,663,799,515,536
"AFG3L2",527,529,560,427,665,804,519,576
"ANP32E",587,440,771,406,689,695,581,438
"POLR3D",575,538,655,369,664,841,458,507
"UBE2D1",615,528,554,408,611,762,522,606
"PDZD11",589,462,731,368,749,785,430,490
"SRGAP2C",610,411,802,390,694,664,517,516
"MPG",569,553,678,287,563,960,494,499
"DNAJB9",549,500,613,406,578,808,530,619
"DIS3L",430,466,696,416,749,721,487,638
"STX10",670,581,650,348,658,663,526,506
"MINDY3",510,470,678,404,618,782,542,598
"PPP1R21",436,498,615,524,567,814,430,717
"ABCB8",603,556,662,372,667,829,461,450
"ARL2",702,721,598,340,526,724,494,495
"CNOT4",578,466,757,376,706,758,463,495
"MTMR11",590,350,814,396,672,513,702,558
"R3HDM2",505,450,668,410,859,707,452,541
"TTLL12",620,913,412,337,479,821,429,579
"ATG5",516,534,557,461,619,857,503,542
"INTS8",654,476,603,378,718,744,512,504
"TMEM106C",517,332,726,346,756,837,547,527
"SLC43A1",553,479,539,465,552,685,560,755
"UNC5B",911,457,874,255,589,395,814,292
"SOX9",836,452,1049,234,559,205,931,321
"MRPS25",592,467,639,409,611,808,551,507
"AJUBA",492,334,704,293,759,917,629,454
"SIVA1",716,612,583,269,487,766,591,555
"WDR41",537,499,732,381,572,777,565,513
"ZNF84",553,334,688,325,813,808,573,481
"RPL7P32",779,779,555,476,371,599,514,502
"STYX",545,526,608,420,661,748,463,603
"MCCC2",476,607,530,483,578,830,466,601
"DNAJC15",580,718,572,389,581,761,417,552
"CSTF1",592,432,583,282,642,970,576,490
"POLK",524,517,633,405,661,779,503,545
"NAXE",544,534,581,398,661,897,477,474
"ALPK1",582,382,808,355,781,670,523,464
"ATF7",597,514,618,404,647,658,586,541
"MSANTD3",731,393,615,260,930,632,615,387
"THUMPD3",525,469,637,366,691,868,513,492
"RAB9A",545,513,546,408,693,703,558,592
"CLCN4",512,637,769,570,452,533,404,680
"SETD1A",579,540,626,328,689,791,502,502
"LEPROTL1",557,444,686,406,731,885,423,425
"MCUR1",474,490,513,408,577,823,496,775
"NKAPD1",587,435,674,375,723,709,540,513
"SLC4A1AP",579,472,666,392,706,792,442,507
"OFD1",375,270,557,418,665,1036,688,546
"ELOF1",586,479,669,341,585,884,513,497
"H2AZ1",656,607,489,421,596,758,555,469
"ARHGEF25",532,617,591,481,524,780,457,569
"PDCD7",617,548,568,346,599,650,607,612
"CEP290",504,350,761,355,754,795,545,483
"CLCA2",829,375,629,328,407,223,1019,736
"ZNF646",609,536,590,333,646,802,474,556
"BCOR",581,454,634,253,703,929,481,511
"NUDT9",531,584,581,394,667,810,451,527
"EPS15L1",605,421,739,331,714,689,527,518
"DCAF13",523,523,471,355,675,1047,432,518
"NFRKB",591,473,626,345,641,725,537,604
"NPIPB12",471,585,589,402,753,832,477,432
"ADGRE5",476,351,618,579,296,724,712,784
"PRPF3",528,520,631,377,750,825,461,445
"YPEL2",537,514,670,491,575,560,510,678
"CAB39L",444,475,598,485,493,905,414,720
"GTF3A",546,533,643,377,662,834,461,478
"ZBTB41",576,445,603,448,645,719,544,554
"CCS",635,542,660,293,701,680,561,460
"TSPYL5",675,546,661,346,605,714,496,487
"RPAP2",564,445,729,334,698,775,514,469
"ZNG1E",586,529,517,349,701,903,496,443
"ZNF263",540,451,583,433,664,844,499,508
"CNPY3",622,502,616,358,634,734,488,566
"CRY2",560,364,732,397,701,701,524,540
"SP110",461,539,533,499,549,672,448,818
"MAP3K7CL",391,169,613,300,593,1465,452,536
"SCN8A",500,471,768,291,564,799,536,590
"TFCP2",546,406,659,408,720,794,511,473
"SLC25A11",656,547,640,330,643,745,481,472
"DCUN1D3",402,596,526,547,506,897,374,666
"NDUFS3",585,529,686,362,698,748,451,455
"RPA2",436,304,867,472,831,851,405,344
"TESK1",535,575,506,323,755,831,414,569
"NFKBIA",404,860,458,404,551,763,340,727
"DRG2",546,555,613,384,598,799,485,527
"LRP12",550,382,575,363,735,871,532,499
"DNAAF5",560,456,651,300,781,857,444,458
"BTN2A1",484,478,689,415,667,789,485,498
"RHOBTB2",429,487,510,442,513,822,473,828
"RANBP1",564,515,643,313,672,879,490,428
"CMTR2",619,502,608,369,639,758,546,463
"MLH1",734,499,686,333,674,627,533,416
"IFT172",675,462,715,277,679,682,553,458
"MCM3",662,559,633,356,572,674,519,525
"ETV6",462,485,682,358,635,953,444,481
"WWP2",542,451,624,327,648,917,460,531
"CSRNP2",597,519,561,383,722,788,440,487
"BBS9",633,446,676,353,777,599,569,444
"WDR44",521,543,580,364,655,889,408,534
"SLC48A1",487,484,606,448,582,722,520,645
"ARL14EP",608,454,630,348,659,743,529,522
"DPAGT1",468,504,585,349,694,899,483,510
"RPS15P4",507,474,648,322,699,774,536,531
"ATR",533,453,608,337,729,895,475,460
"MRPL43",637,474,680,330,625,821,447,475
"FAM171A1",560,305,808,305,778,640,707,383
"WDR47",576,564,596,418,597,682,487,565
"AUTS2",641,860,629,473,302,492,473,613
"RPS27AP16",691,703,571,327,628,725,405,431
"DNAJC1",496,463,632,332,722,762,560,513
"CERKL",753,813,366,381,316,613,461,777
"TUBGCP4",603,500,593,304,694,734,585,465
"BCAM",581,423,871,349,547,586,639,480
"PMM1",567,544,581,388,585,782,425,603
"UFD1",652,688,585,397,544,707,441,460
"TAF1C",599,606,710,340,519,686,480,534
"PCNX2",576,327,842,293,739,594,641,461
"XAF1",779,364,847,254,909,523,502,294
"FBXO22",702,466,659,255,773,748,519,350
"CAMSAP1",622,411,605,359,697,721,495,559
"MAP3K11",557,530,540,359,605,887,434,557
"POLR3GL",472,498,645,472,589,714,479,598
"VGLL4",531,568,601,293,749,701,497,527
"ZMYND8",659,521,753,326,650,674,468,415
"CORO2B",850,279,841,203,775,260,803,455
"CRBN",557,453,629,396,651,653,504,623
"CDKN2B",776,259,1132,174,1110,454,359,201
"ALDH1A3",755,350,1222,349,292,163,906,427
"TBC1D14",629,453,607,264,713,762,542,493
"PLK2",597,240,1101,280,935,597,461,251
"PLAC9",553,456,987,490,354,498,615,509
"REXO4",650,539,579,321,653,733,488,498
"CEP63",537,496,634,373,688,792,432,508
"F3",344,454,390,264,803,1336,311,557
"TMEM8B",487,411,626,397,649,817,515,556
"LAS1L",524,488,638,357,676,806,493,475
"EFNB1",780,414,924,272,485,405,640,537
"RUFY2",513,505,623,370,724,757,467,496
"PLPP5",529,312,727,354,685,741,588,516
"EIF1B",524,471,672,397,707,637,472,571
"GEMIN4",568,525,528,362,586,699,561,619
"FNIP2",474,469,501,336,704,871,488,604
"CHORDC1",514,525,583,348,694,863,456,464
"IL10RB",532,491,567,393,664,880,412,508
"ATE1",576,437,539,385,637,729,559,584
"ZNF251",547,422,690,345,718,685,507,532
"USP1",615,492,591,386,683,646,518,514
"PIAS2",494,454,696,367,649,752,580,452
"PLPBP",445,448,587,444,580,802,542,596
"SLC15A4",526,466,522,383,625,888,481,552
"TAP1",620,552,626,356,646,661,488,494
"MTX1",558,493,629,352,605,700,520,584
"RPS3AP21",646,614,679,318,610,679,451,444
"TNFAIP8L3",612,666,523,430,300,497,603,809
"RTCA",516,487,645,424,600,851,429,485
"FAAP100",661,409,718,284,613,769,531,452
"CNOT9",588,516,625,334,634,823,461,455
"RAB4A",467,478,603,442,570,696,542,637
"RAP2C",549,483,603,370,624,691,545,569
"TXLNG",474,508,527,346,675,583,668,652
"NOP14",482,525,545,385,633,855,482,523
"GGPS1",564,465,701,417,581,684,517,501
"VCAM1",914,62,1192,55,1359,171,646,31
"CHUK",496,566,505,428,648,849,412,526
"USP28",535,475,528,323,722,932,474,438
"OGFOD1",473,504,627,429,650,875,439,430
"FBXW8",475,364,560,286,728,985,566,463
"LIMK2",530,392,649,411,615,711,462,657
"HDAC4",505,427,513,296,635,876,538,635
"VPS16",681,621,565,266,607,739,432,513
"GDF11",686,436,690,307,748,610,537,409
"ANAPC4",549,487,638,362,580,732,525,548
"INTS6",513,485,547,363,689,931,460,433
"DGLUCY",804,382,805,271,696,424,677,362
"KCNK6",84,321,199,666,170,1934,124,922
"INPP5F",611,546,804,480,331,415,562,670
"EMILIN2",590,433,577,243,707,690,647,529
"RANBP10",517,422,699,361,643,778,470,526
"BRAP",513,393,632,391,599,840,453,594
"RUSC1",555,614,610,337,568,694,460,576
"NR2F1-AS1",605,355,561,296,879,687,602,429
"MRPS34",618,608,576,287,622,765,441,493
"USP20",594,453,639,306,651,677,562,528
"PKD1P1",519,519,526,309,430,795,544,764
"TBX5-AS1",732,490,711,348,551,515,558,501
"NOA1",622,483,601,318,706,608,501,566
"GGT5",30,145,325,689,249,2328,112,527
"TSNAX",494,500,584,460,531,802,492,542
"ARHGEF3",760,329,968,314,613,314,670,437
"DENND3",480,541,632,436,468,700,456,690
"MKKS",551,425,682,352,679,749,522,443
"WDR37",524,525,557,434,550,717,476,618
"SPTY2D1",487,424,641,411,635,903,379,520
"ATOH8",428,616,395,409,444,626,521,960
"ZNF687",623,447,632,297,660,727,518,494
"ZNF862",660,481,588,319,602,588,596,563
"NFIA",542,598,652,403,435,545,509,713
"PLEKHF1",589,826,534,443,381,485,391,748
"ALDH6A1",330,561,391,664,408,819,309,912
"BAG4",473,403,588,460,627,768,460,614
"ANKRD27",510,615,531,417,555,766,425,570
"TAB3",575,415,627,321,702,728,510,510
"DGCR8",571,482,614,280,679,799,501,460
"SMC2",542,472,690,348,610,620,555,549
"C1GALT1C1",421,604,604,479,554,792,356,575
"RRP7A",499,427,490,271,584,753,685,676
"ADAM23",91,138,1078,823,252,322,645,1035
"BABAM2",535,437,663,404,664,719,454,507
"COL8A2",320,202,1122,763,295,486,568,627
"CLSTN3",483,450,883,419,670,556,490,428
"MAP9",457,466,626,423,711,772,473,451
"SOCS6",548,429,606,420,579,775,488,534
"CRCP",558,533,613,359,636,717,474,489
"MIPEP",502,347,740,311,649,751,634,439
"HADH",621,518,587,420,587,589,508,543
"FAAP20",637,625,652,330,488,696,493,452
"GTF2E2",477,551,553,416,603,746,446,578
"TENT5A",779,299,828,186,911,511,591,264
"ABCC10",596,556,745,356,498,686,451,479
"COMMD2",462,500,572,376,659,767,494,534
"EML2",483,502,569,375,521,944,371,599
"GALM",761,308,777,220,789,390,752,366
"TRAPPC6B",497,448,672,448,538,649,533,578
"MMP1",262,57,731,521,1466,628,488,210
"ASB8",586,464,702,359,652,548,565,484
"PITPNM2",558,591,534,422,393,549,617,695
"ZNG1A",572,518,534,353,606,809,493,474
"C2orf49",531,451,649,345,637,738,511,496
"COG3",567,516,615,344,641,702,490,482
"FGD1",557,434,599,271,787,646,571,491
"MT1E",271,992,305,593,178,1071,118,825
"GNAI1",425,521,419,351,730,1068,296,542
"FKRP",423,552,519,424,498,891,364,680
"GK5",374,419,391,417,502,940,537,770
"TRAF3IP1",512,481,565,350,714,801,467,458
"TOPORS",487,492,570,407,710,732,445,503
"RORA",501,578,429,308,499,909,454,666
"LBR",664,694,414,307,644,646,491,484
"AHCYL2",661,311,714,296,665,459,770,467
"PEX11B",510,488,614,439,583,730,439,535
"MTIF2",515,450,640,370,639,732,465,525
"PCIF1",600,529,611,319,593,690,478,516
"CNTN3",371,240,748,407,494,866,679,530
"GPR89B",549,463,548,359,691,690,515,520
"OXTR",61,129,708,1486,231,1424,65,230
"SUPT4H1",481,477,665,400,537,808,415,549
"UBR7",572,525,684,380,562,518,571,518
"EBNA1BP2",458,432,557,323,642,1005,421,492
"PRRX2",512,445,776,306,525,718,565,483
"PISD",470,518,528,324,560,851,427,652
"FBXO17",509,434,614,343,681,673,567,509
"LSG1",438,470,590,348,640,874,444,524
"VBP1",531,464,630,442,593,702,495,471
"IRAK4",511,532,632,344,642,590,528,549
"ARL3",506,509,641,362,660,744,436,468
"MAP2K5",569,486,547,410,534,574,564,641
"ZNF282",537,518,565,362,608,675,496,563
"CYB561",559,480,612,339,629,837,440,427
"TFIP11",538,523,609,291,618,784,465,494
"TM2D3",550,541,685,383,562,620,455,526
"TBC1D8B",578,364,580,303,631,784,612,469
"WTIP",412,437,473,450,443,941,436,729
"ETV3",575,484,569,379,601,741,455,516
"CMTM4",356,439,478,464,467,1240,328,548
"GTF2H2",567,521,524,305,663,933,384,422
"SYS1",595,479,606,369,613,672,526,459
"CNTROB",582,503,594,323,629,634,498,550
"TTC38",421,518,442,296,746,1155,326,407
"PPARG",321,774,282,270,614,1131,257,662
"USP38",530,463,595,414,543,712,484,568
"ZNF608",545,421,356,187,700,737,679,683
"METTL8",486,481,553,327,741,820,475,424
"TULP4",580,378,622,270,749,709,594,404
"CC2D1A",516,414,616,324,714,775,457,490
"FAM114A2",561,476,623,359,581,825,433,445
"OPA3",493,462,621,323,579,810,504,509
"LDLRAP1",437,441,748,415,575,738,426,521
"MOCS1",500,569,475,358,607,995,302,494
"LYSMD3",569,442,562,341,612,835,457,482
"AMD1",512,599,572,371,474,788,417,566
"PRKRA",550,511,606,368,655,764,407,438
"KIF16B",486,438,627,298,707,733,562,437
"AKIP1",458,497,681,381,648,708,435,479
"CCDC117",575,422,586,364,725,602,547,463
"MTMR10",375,382,444,532,507,952,387,701
"CCPG1",511,420,745,495,523,593,456,537
"DPM1",467,515,621,365,587,799,417,508
"NLN",373,645,374,380,508,1074,365,559
"CDK10",496,479,807,369,501,625,500,499
"LRCH1",733,393,623,251,702,595,608,369
"NOP58",499,481,554,386,592,867,455,438
"PIDD1",827,424,689,149,698,655,491,338
"ZDHHC20",543,322,615,291,711,790,528,470
"CSK",504,461,573,298,712,775,502,442
"MAP1S",467,490,486,391,498,930,397,608
"MLX",507,543,561,349,543,760,421,582
"INTS14",560,447,649,363,580,683,460,523
"NAT9",599,533,552,297,609,793,439,442
"FOXL1",699,497,451,354,546,936,369,411
"CLCC1",403,452,605,343,692,834,456,475
"VPS25",521,476,575,368,612,797,439,472
"SLC25A27",438,526,535,323,396,518,672,852
"FARSA",501,485,560,286,592,973,412,451
"GRAMD2B",220,316,437,695,391,1039,293,868
"SAP30",265,793,370,521,419,851,329,710
"TRPM4",452,676,552,462,413,869,313,520
"AKNA",656,340,888,258,509,379,744,480
"FBXL17",470,448,623,394,532,624,512,649
"ELF4",624,493,572,277,548,608,601,528
"RCAN2",698,78,1129,308,63,59,1478,438
"ZNF622",425,499,545,358,570,865,428,559
"SLC12A9",560,652,523,353,488,749,413,510
"TMCC1",509,418,618,340,742,664,445,511
"CTNNBL1",520,552,618,327,568,776,417,467
"ACOT7",503,461,663,347,568,727,520,455
"SLC38A12",502,488,580,428,581,802,378,485
"PRPSAP1",630,431,388,202,669,799,598,527
"HTATIP2",392,428,517,371,1028,1113,184,209
"MRPL17",521,374,703,246,712,865,487,333
"CEBPZ",518,513,540,350,645,736,441,497
"MAP3K8",371,599,472,585,332,845,275,760
"USF1",611,536,680,322,636,522,476,456
"RBBP5",577,418,727,300,640,696,462,417
"CCNB1IP1",566,493,649,385,530,563,470,579
"SNAP47",611,367,681,275,700,626,538,437
"DHX57",528,371,655,350,697,729,447,458
"ADGRB2",607,304,593,243,769,636,679,403
"AP5M1",514,430,644,346,620,763,438,478
"MCM4",608,397,707,263,573,562,664,459
"ALDH1A1",485,281,1258,556,86,55,878,634
"ACAA1",487,530,615,382,625,680,437,473
"CMAS",470,480,523,418,545,732,454,602
"COP1",551,422,574,429,602,678,473,494
"TNFRSF1B",398,575,600,472,288,1006,337,546
"TCAIM",607,410,691,414,569,588,453,490
"ODF2",503,402,553,304,681,783,505,490
"R3HDM1",566,467,631,307,734,639,451,423
"GID4",467,459,517,410,641,719,427,577
"AP3S2",490,495,513,347,579,634,526,632
"ZNF219",764,607,611,249,435,564,492,493
"IMP4",476,535,531,339,534,876,432,490
"ERMAP",490,320,791,352,672,512,589,486
"SGTB",373,590,494,494,467,833,323,637
"DOCK10",585,608,404,251,629,636,549,548
"SIRT1",529,456,534,396,568,716,446,564
"CLUAP1",375,293,594,273,811,703,595,562
"UBE2O",497,504,480,313,612,845,430,523
"KYAT3",356,364,859,521,501,629,495,477
"GADD45GIP1",465,485,627,334,523,847,441,480
"FAM98B",537,486,568,371,581,824,430,404
"MCM6",521,387,621,424,527,470,624,625
"AFTPH",468,426,559,362,631,762,515,475
"BTRC",524,367,636,326,719,703,497,426
"RBM22",588,480,590,320,610,663,461,483
"SCD5",489,387,653,415,492,647,520,589
"AXIN1",540,528,480,318,579,768,463,514
"BTBD10",593,387,681,294,702,637,461,435
"TUBG2",518,429,674,337,638,711,463,419
"PIP4P1",568,548,497,355,559,691,429,541
"PTOV1",577,455,587,306,631,752,416,462
"GTF2A2",547,521,580,375,652,742,371,398
"NAB1",715,405,582,227,681,687,493,395
"TP53I13",465,609,463,332,455,711,445,705
"DTD1",465,486,634,363,555,737,472,472
"KLC1",565,588,470,439,483,679,454,506
"KAT2A",618,611,558,283,555,724,422,412
"TMEM19",462,534,418,545,442,809,386,586
"CASP3",433,582,377,460,533,878,333,586
"ANGEL2",533,498,607,341,530,708,487,476
"RPAP1",554,438,504,289,606,890,431,464
"TRMT1L",514,414,711,397,581,573,510,476
"ACAD10",519,407,620,309,626,738,440,513
"PARVB",489,465,572,306,620,847,412,461
"EIF2B4",516,527,547,340,570,673,477,519
"SUSD1",518,431,571,369,603,846,373,457
"CWC22",511,373,620,303,709,743,495,414
"TRAF3IP2",465,465,485,338,694,840,352,527
"PPP2R2D",463,504,554,351,654,713,433,494
"IFIT5",527,468,600,453,548,666,433,470
"METTL14",510,445,632,371,635,652,442,476
"CPOX",542,535,516,287,561,728,503,484
"PPIE",475,415,680,377,559,684,496,470
"PCDHGA10",613,457,474,254,664,599,545,549
"MPHOSPH10",504,437,612,339,711,664,477,410
"PROSER1",494,428,613,351,611,731,478,447
"ABHD17C",370,494,432,390,477,979,439,572
"DACT1",429,603,574,330,497,539,545,636
"ZSCAN29",554,366,658,294,641,684,507,442
"NLGN4Y",750,456,786,398,875,861,10,9
"PPID",482,374,648,308,733,741,458,398
"DYNC2I1",445,358,654,333,636,736,494,485
"SLC27A1",599,446,572,286,562,681,499,496
"FKBP1C",578,451,538,335,464,805,466,503
"PRPF4",478,451,573,300,657,788,450,442
"AASDHPPT",491,480,582,368,618,690,458,452
"APAF1",581,495,498,297,571,775,428,493
"MLLT3",590,537,533,403,573,611,405,486
"LYRM2",512,399,675,345,648,651,500,405
"BICRAL",524,407,622,368,605,620,512,477
"CBFA2T2",589,353,676,235,736,561,557,425
"CENPT",555,570,636,317,546,608,445,455
"PPCS",494,471,602,372,566,684,485,458
"FBRSL1",523,533,471,341,507,779,432,545
"FBXW4",423,426,583,437,578,793,408,482
"SLC25A44",456,480,599,347,617,722,440,469
"ENTR1",507,508,473,313,544,843,447,495
"C3orf18",491,477,672,340,550,665,427,507
"SLC24A1",452,467,578,336,548,654,501,592
"TMEM192",419,477,533,444,525,590,483,656
"RILPL2",375,493,559,440,437,727,425,670
"ADISSP",586,454,541,386,457,634,471,593
"BCL2L11",687,445,694,312,617,300,550,517
"EPB41L3",1002,778,278,111,204,177,912,659
"NUP107",537,471,557,355,621,642,469,468
"RPL19P9",750,695,524,275,497,631,354,393
"SNHG16",634,539,600,308,554,633,403,445
"BRMS1",466,557,513,310,589,781,387,512
"MRPL20",478,481,594,348,558,793,435,428
"ACADS",284,539,470,529,313,643,441,894
"CYSTM1",503,478,590,377,442,664,498,560
"ATP9B",504,463,566,358,541,662,477,541
"SF3A2",586,467,558,330,526,586,518,540
"CRYBG3",646,405,735,237,729,549,479,329
"SUGP1",484,441,610,306,655,768,408,437
"HDAC6",573,475,567,276,603,682,468,464
"SPRING1",455,406,487,378,566,774,484,558
"PLXDC1",674,133,796,291,950,461,560,242
"SEC23B",504,457,647,322,634,733,400,408
"NHS",600,312,601,205,760,821,438,368
"DIMT1",517,538,477,331,563,767,422,488
"CTNS",462,385,567,306,615,678,502,586
"PPTC7",354,762,337,517,439,744,249,698
"COPS7B",487,405,731,341,622,611,485,415
"TMEM203",583,490,563,352,531,657,439,478
"CTBS",423,356,554,394,445,628,608,684
"AP4E1",495,387,673,335,571,722,410,496
"ACP2",347,393,625,462,552,797,369,544
"TTBK2",512,325,598,317,617,673,522,524
"CNTLN",490,373,690,349,790,658,387,349
"SNAPIN",513,424,636,331,640,646,449,447
"DCLK1",878,711,734,294,160,49,696,562
"ZNF197",545,380,595,296,658,666,489,455
"SLC25A28",530,509,575,316,712,562,415,462
"SNRPB",527,636,440,337,395,888,386,470
"RHOT1",519,465,569,349,619,709,453,396
"PHACTR4",507,429,600,331,684,660,447,420
"CDYL",522,421,504,233,743,634,510,510
"EEF1A1P25",316,269,819,339,688,699,496,451
"MCOLN1",491,519,453,342,595,731,420,523
"SREK1IP1",440,479,475,414,497,805,392,572
"TUBB2A",486,601,673,233,566,911,311,292
"MAPK8",532,412,548,353,613,703,448,461
"COQ10B",493,418,617,389,573,732,406,441
"GTF2H3",513,480,553,358,496,846,407,415
"TRERF1",646,324,791,212,693,565,547,290
"CTDP1",496,460,463,328,557,900,383,478
"NUBP2",582,549,505,257,559,680,441,492
"MRPS30",534,424,529,316,648,663,448,501
"NINJ1",487,239,596,231,853,719,561,377
"JPT2",460,355,529,322,609,953,465,370
"KLF15",70,1325,52,702,36,487,34,1355
"TMEM176A",1254,1508,636,431,25,27,70,109
"ING4",522,374,676,353,648,504,510,473
"TMEM158",796,386,536,254,641,673,525,249
"TUBGCP3",549,463,563,319,565,650,505,445
"ZNF385A",804,492,713,200,577,365,594,314
"IL4R",375,422,489,254,520,1083,417,498
"TCTA",493,560,569,433,473,656,357,516
"MZT2A",556,519,553,266,468,692,518,482
"RPL21P19",505,497,607,318,577,610,482,458
"CAPN15",531,549,456,279,502,782,429,524
"PITHD1",502,408,565,365,624,632,488,467
"FIG4",512,380,705,353,552,610,447,489
"PHF11",473,488,565,373,610,715,371,453
"PPFIA4",488,230,580,144,574,1220,585,226
"KLHL22",523,413,549,266,558,707,522,507
"ITPRIP",387,396,564,396,478,882,356,586
"MTUS1",494,511,414,278,669,673,435,569
"DKC1",475,455,510,262,630,891,406,412
"BCAT2",436,643,430,462,460,676,306,625
"BBLN",580,495,507,260,532,745,473,445
"PACSIN3",615,419,605,310,622,548,474,443
"PRPS2",547,478,539,374,499,719,365,514
"STX8",492,427,552,304,589,742,422,507
"COQ8A",593,401,657,312,612,426,538,494
"PHETA2",580,599,525,326,531,719,360,392
"POLR2K",530,457,515,344,605,753,399,428
"SLC35B1",482,419,508,319,581,930,373,417
"RGMA",472,658,558,397,443,440,390,670
"STK38L",338,461,459,397,521,910,366,576
"ODF2L",620,415,523,269,672,663,456,409
"CMYA5",411,261,650,319,285,465,841,795
"HSPA2",71,336,187,463,260,2297,67,344
"THNSL2",795,836,550,426,257,384,358,419
"ACAD9",529,455,610,307,567,702,423,430
"EEF1B2P3",579,597,568,299,581,611,407,381
"KIAA0753",482,373,585,270,726,713,460,413
"NCK1",518,436,532,320,669,730,410,405
"BTBD9",425,411,545,386,518,716,474,545
"RPS2P55",672,609,487,210,548,767,427,299
"TSPYL4",646,384,642,299,619,534,514,379
"RPL21P97",669,643,583,337,455,574,371,385
"CEP120",470,383,576,303,661,651,507,464
"TMEM185B",482,399,551,354,538,802,453,435
"BLZF1",415,409,589,351,630,793,378,448
"TMEM126B",647,438,635,323,502,547,524,396
"STK35",498,357,569,286,702,706,462,430
"SPAST",500,475,567,369,518,547,481,552
"POLR3E",460,526,523,329,553,719,386,512
"WDR35",450,455,487,317,562,718,501,518
"SRGAP2B",555,383,649,268,567,605,510,470
"HMOX2",508,510,553,332,540,662,435,466
"ABAT",302,635,352,453,375,916,297,676
"ARL8A",436,506,525,400,496,680,398,564
"FRG1",486,491,584,365,662,584,413,419
"BTG3",513,450,517,345,626,677,412,464
"SLC35D2",499,511,505,413,490,663,381,541
"TENT4A",542,452,525,344,548,657,454,480
"HCG11",449,484,593,425,368,522,488,671
"QTRT1",512,602,507,303,482,641,460,492
"DHX32",444,348,590,317,645,784,439,431
"TMEM150A",326,488,419,507,397,829,334,695
"BLOC1S2",641,369,682,311,546,518,542,384
"JRK",613,345,545,251,585,621,515,518
"INO80E",510,430,663,337,513,667,433,439
"TNK2",643,515,523,238,594,584,469,425
"ZNF438",344,452,480,464,445,774,357,673
"ADNP2",480,446,560,329,594,719,411,449
"PPP2R5B",484,500,516,267,554,861,392,413
"ANAPC7",493,457,587,317,627,783,372,351
"MSANTD4",441,465,564,309,576,759,418,453
"IL15RA",550,645,474,375,470,352,478,640
"TCP11L1",434,463,540,356,512,774,363,542
"RRP36",508,492,523,276,631,745,414,394
"MCCC1",355,490,542,450,457,628,389,669
"RCOR1",506,386,520,295,624,783,435,431
"PPFIBP2",402,432,566,422,425,667,403,663
"IRF1",579,332,746,361,604,350,519,486
"UBAC1",532,485,537,283,586,646,435,472
"SLC12A2",367,425,636,331,541,617,528,530
"STK16",476,474,608,380,526,579,450,482
"CDKN1C",488,530,551,376,454,443,400,733
"NDUFS8",472,451,673,281,582,772,378,364
"SIX1",353,282,712,286,645,745,516,434
"SLC16A7",445,410,480,305,565,669,396,702
"LACTB",393,450,363,326,736,1014,283,406
"SMAP2",534,464,449,250,729,644,439,460
"TYW3",404,370,601,363,644,756,392,439
"GNE",485,463,533,345,545,712,370,514
"ARSK",350,490,415,468,428,846,318,649
"HSD17B10",532,536,517,316,467,753,390,450
"LOXL3",449,342,525,225,681,981,407,351
"BHMT2",428,320,466,212,1069,1036,248,181
"PCDHGB4",475,303,777,430,279,323,689,684
"TTLL7",570,498,594,282,556,604,475,379
"FNDC4",511,468,522,320,602,671,422,441
"PHKA1",220,443,493,490,480,719,330,781
"ARHGEF5",302,251,974,540,401,574,447,466
"HIVEP1",549,291,586,249,842,610,434,392
"ZNF131",474,432,493,319,630,725,458,422
"SEC61G",567,470,530,359,451,819,388,364
"SLC35A3",433,388,513,386,476,709,401,641
"BAIAP2-DT",569,315,677,255,660,539,546,386
"DHX33",434,445,487,356,522,695,379,628
"CDKN2C",537,507,627,224,585,740,400,325
"SRA1",502,445,508,334,642,769,380,365
"POLRMT",494,513,427,284,541,850,387,448
"SCRN3",542,365,603,275,661,618,457,420
"SDCCAG8",444,327,582,277,629,464,662,555
"BLVRA",547,499,482,326,586,697,404,398
"PLEKHJ1",449,523,426,328,454,805,437,514
"VPS50",492,413,546,337,611,677,435,424
"WDR3",500,403,529,306,563,790,406,437
"NR2C1",447,423,543,393,584,631,423,490
"NOSIP",508,528,557,302,529,649,420,440
"ZFPM2",523,331,567,196,681,536,654,444
"EDC3",558,466,517,292,563,641,452,443
"PDHX",485,376,577,316,538,636,524,478
"ETV5",358,364,451,486,311,791,392,776
"PRKAB1",448,432,529,367,561,642,403,546
"KIT",518,329,835,223,543,698,412,370
"GNB5",511,429,567,300,502,580,485,549
"PLEKHG1",735,453,707,256,437,381,528,422
"BAHD1",553,497,484,310,484,627,444,520
"KAZALD1",549,239,793,225,446,312,961,393
"ALG5",403,445,475,326,577,854,380,456
"ARHGAP26",424,325,550,256,559,891,434,477
"SURF6",481,459,533,308,559,787,406,383
"SV2A",467,398,499,232,732,729,414,445
"BRF1",505,442,600,294,556,638,457,424
"BCL9",622,401,690,261,573,466,540,361
"RBM28",434,422,493,322,528,948,324,442
"RGPD3",401,346,556,251,718,772,433,436
"SAMD9",579,451,726,357,383,560,419,437
"TBCC",483,585,553,298,505,693,360,434
"FECH",473,375,533,316,612,674,471,450
"MANEA",469,406,471,344,544,718,452,497
"DERA",474,517,488,364,486,688,388,495
"MBNL1-AS1",315,415,614,564,358,798,306,530
"ZDHHC18",414,446,509,372,487,755,380,536
"CDK7",356,432,557,402,496,761,406,487
"MKNK1",435,357,550,346,523,735,464,484
"ODR4",411,392,547,309,613,741,418,463
"INHBB",30,286,63,301,122,2554,57,481
"PRPF38A",467,372,623,300,623,685,410,408
"RMND1",370,357,552,323,589,788,414,495
"P3H4",453,366,540,301,672,698,473,384
"WDR45",466,496,559,388,499,590,382,507
"ZNF507",467,363,603,322,616,640,442,432
"ZBTB33",538,504,468,313,564,589,426,482
"TRIM13",440,413,549,383,507,737,396,458
"INTS4",527,384,587,328,622,615,435,383
"CHFR",488,526,503,290,583,685,378,427
"PIANP",282,399,568,422,654,742,323,490
"SLC25A38",480,474,496,370,539,624,390,507
"NECAP1",471,475,528,299,582,647,430,445
"FN3KRP",511,373,564,342,528,643,460,456
"SPATA13",548,277,509,220,725,684,556,358
"TRPC1",452,411,555,426,497,499,492,544
"VIPAS39",497,393,640,337,551,577,428,447
"CRYZ",512,336,492,272,580,518,609,549
"NOL11",514,394,540,316,580,702,389,433
"FMNL3",538,337,596,270,675,664,430,354
"MRPL19",448,402,555,290,553,740,453,422
"SKIC8",540,424,599,307,489,657,440,407
"RCC1",465,466,430,275,605,809,322,491
"DKK1",297,367,569,375,549,963,308,434
"JPT1",473,516,531,343,516,758,345,380
"FOXC1",449,337,412,237,615,701,613,496
"FKBP4",502,461,551,281,612,659,400,392
"IRF3",506,450,560,290,515,584,519,433
"ERAL1",451,480,506,340,545,708,397,429
"GFUS",569,458,536,258,553,678,419,384
"CTDSPL2",485,372,569,363,537,667,468,393
"MPPE1",454,488,501,364,480,657,409,500
"PAN2",454,550,587,307,489,600,397,468
"DLG4",527,390,590,271,569,549,539,416
"DGKQ",501,602,399,250,492,733,407,467
"CCDC149",523,401,583,290,565,634,459,395
"MAGI2",419,346,672,315,506,591,472,528
"GTF2IRD2P1",476,359,574,343,568,704,379,439
"MINDY1",519,342,669,337,546,421,522,485
"ENPP2",249,78,803,251,680,457,919,403
"TAF12",464,389,602,312,659,612,408,393
"IDUA",658,523,517,258,443,602,434,404
"MRPL35",498,414,581,320,585,676,350,415
"DNAJC18",487,325,592,319,585,627,465,438
"RRAGB",438,415,498,372,569,578,440,527
"AFAP1L1",209,709,291,530,361,807,148,781
"STX18",407,413,559,358,570,693,410,425
"VRK3",460,379,577,349,579,716,344,430
"LINC00667",544,452,567,326,504,518,429,493
"LMBRD2",468,369,515,368,483,602,479,548
"LYPLA2",452,473,489,292,514,755,391,465
"LZTFL1",619,312,623,267,638,510,444,418
"CLN8",483,336,524,256,588,570,591,483
"WDR7",464,385,557,304,577,621,465,457
"PELO",500,452,523,241,618,781,392,323
"FASTKD2",472,391,544,317,525,732,430,417
"SNRNP40",460,411,541,289,599,706,428,392
"MTHFD2",438,481,493,446,437,336,508,687
"MAP1LC3A",335,441,428,381,458,777,393,613
"S1PR2",483,505,501,264,503,599,428,542
"MED10",452,429,500,358,463,657,441,523
"SH3YL1",573,360,544,264,652,536,532,361
"ZDHHC4",466,451,522,326,563,658,399,435
"COL27A1",665,249,592,116,799,752,463,183
"SSNA1",476,532,484,270,473,738,372,473
"AGO3",461,459,508,338,554,683,376,438
"EIF5A2",355,352,399,448,527,830,354,552
"NT5DC1",600,290,692,244,722,524,450,295
"RANBP6",570,403,526,321,525,643,449,379
"MACO1",472,405,541,324,588,527,522,437
"GDF15",927,206,506,77,898,360,675,166
"HAT1",455,362,582,297,617,663,435,403
"KLHDC8B",516,513,588,376,493,428,414,485
"CLPP",455,461,528,305,543,678,397,445
"CCDC186",506,332,569,296,521,624,527,437
"TRAPPC9",489,455,490,343,486,647,401,501
"PAWR",299,293,295,419,451,1005,317,733
"DOP1A",535,316,641,189,674,523,524,409
"MRPL11",523,475,546,289,466,615,456,440
"PLEKHA8",401,499,350,378,498,765,313,604
"DHPS",501,467,523,310,511,635,397,460
"PDCD10",389,492,475,386,480,760,378,444
"NUP43",505,447,520,324,527,597,448,436
"JOSD2",557,666,382,292,389,698,333,487
"CWC27",440,390,530,304,690,684,394,371
"LRRC8D",588,305,781,263,631,474,489,269
"MIGA1",361,383,494,427,463,757,370,545
"SLC25A12",426,532,402,428,496,612,377,525
"TMEM41B",473,356,556,375,534,699,365,439
"CHERP",491,423,506,299,566,672,426,413
"SNHG1",481,393,558,274,579,649,485,375
"ANKDD1A",334,320,607,344,586,555,562,485
"MAPK12",458,511,516,282,447,719,415,444
"RMND5A",531,463,393,298,551,588,471,495
"VPS72",471,408,586,304,530,640,434,416
"ARID5A",446,550,381,389,346,593,362,722
"HDHD5",391,538,337,249,414,1153,338,368
"ZNF142",474,403,553,241,563,699,406,449
"ECI2",571,401,566,299,607,563,444,332
"NAPG",425,494,492,384,480,700,320,487
"MSL3",481,523,495,316,496,687,404,379
"UXT",501,494,472,317,475,674,420,425
"JAGN1",423,481,492,385,486,676,341,494
"YIPF1",333,391,507,388,528,806,354,470
"PUM3",354,419,534,311,578,807,374,399
"SMIM30",475,428,526,337,506,572,478,449
"TMPO",583,327,599,314,605,539,449,352
"VAV2",468,389,564,270,497,652,507,419
"KAT8",492,432,537,313,520,570,422,477
"DENND5B",503,339,517,230,698,568,545,363
"P4HTM",481,460,513,345,401,534,445,580
"CHST7",238,710,331,350,260,1181,175,513
"ME2",467,381,541,332,538,588,487,423
"SLC38A5",757,348,630,112,555,529,564,260
"SYNJ1",463,315,585,249,736,585,433,388
"CEP126",355,372,611,318,687,528,453,429
"ETAA1",398,428,526,340,523,688,393,457
"BRWD3",478,353,510,266,581,674,439,452
"C2CD3",425,322,502,276,583,892,371,381
"ZC3H3",585,486,588,296,532,704,259,301
"ECD",471,378,560,302,530,668,428,414
"EVC2",429,483,464,334,493,626,385,537
"TSR3",494,464,488,252,487,728,396,436
"ZNF623",460,397,604,278,536,556,482,432
"DGKH",292,455,410,388,348,745,402,704
"TUBG1",558,461,589,205,627,695,330,279
"CNOT6L",499,450,471,298,507,584,445,490
"RAE1",488,413,532,270,591,581,417,450
"PARL",472,400,491,350,499,650,432,447
"DLAT",382,494,444,354,518,780,343,425
"NCKIPSD",423,347,631,299,493,690,424,431
"CIAPIN1",413,410,557,352,537,685,355,428
"RAD17",540,414,577,282,565,552,411,396
"TBKBP1",401,477,445,335,476,641,399,561
"SYNE3",429,417,400,228,401,652,442,765
"COG2",447,317,535,281,640,721,455,336
"NEDD1",436,363,499,301,530,663,440,500
"PTGES2",487,441,465,245,541,824,384,343
"GEMIN5",437,432,434,344,544,702,402,434
"INTU",377,256,515,278,515,1108,336,344
"DDI2",313,522,330,546,432,652,258,676
"PCBD1",487,378,632,322,466,543,446,454
"DDX60",536,382,556,332,589,530,448,354
"PARP10",663,445,551,255,421,492,501,399
"ABCD1",441,474,591,314,469,562,388,487
"RPL21P39",570,545,508,332,395,554,432,390
"LIN7A",318,254,523,318,660,689,413,547
"PDE12",465,471,459,350,475,711,366,424
"TLCD3A",358,335,393,216,612,908,498,400
"UBXN2B",449,311,637,279,502,603,531,408
"B4GALT4",381,350,558,334,531,765,383,416
"NUP155",547,369,496,305,515,665,417,403
"CFD",924,979,502,298,143,213,301,357
"FBXL12",549,408,501,315,432,635,408,467
"NOB1",466,386,525,253,602,599,435,446
"HFE",513,315,595,327,483,521,462,494
"CYB561D1",432,424,523,371,427,574,422,537
"PCYT2",318,639,375,429,297,711,274,667
"TFPI2",59,80,134,42,1607,1597,89,101
"NDUFB1",520,415,545,288,498,617,428,397
"NDUFS6",507,480,508,306,571,623,375,337
"MICOS13",522,505,492,268,479,708,311,422
"MSC",596,632,390,153,582,624,412,316
"SLC25A32",328,523,387,450,346,793,346,530
"GAL3ST4",696,473,537,236,564,427,400,370
"KIF26B",586,253,527,131,565,1178,365,97
"TBL3",542,453,477,232,488,730,352,428
"RBBP8",313,390,509,324,528,791,395,450
"TTLL5",426,388,542,337,568,633,360,445
"TADA2B",464,452,547,284,480,555,476,441
"SMG1P3",411,369,488,263,520,765,458,423
"GUF1",419,380,482,270,548,701,399,497
"GPC4",342,426,364,434,230,748,391,760
"BET1",455,345,467,236,659,844,339,350
"CKB",337,527,578,454,302,571,265,661
"SFT2D1",422,472,495,370,401,649,389,497
"ARHGAP6",613,644,454,198,399,469,441,476
"GALNT16",643,281,710,210,713,460,467,210
"ZNF76",426,376,562,298,589,623,413,404
"ITGA8",271,558,391,394,167,684,419,807
"CASP7",539,388,435,258,508,482,562,519
"NINL",517,348,655,202,640,492,480,356
"ACADM",455,405,495,388,389,570,405,583
"NOP9",521,459,512,282,494,600,397,422
"ATG7",486,385,588,265,482,642,444,395
"MRPL24",509,560,488,278,478,637,374,360
"LYPLA1",429,470,431,351,461,744,402,395
"FOXP2",391,357,530,288,564,649,450,452
"CCDC57",539,403,475,246,606,672,365,373
"MDC1",485,408,524,312,570,590,396,393
"ZNF654",432,384,514,329,490,675,393,461
"PPA2",487,408,533,356,512,614,400,365
"SLC36A4",416,430,449,360,522,725,335,438
"MRPL40",476,478,495,314,486,615,373,437
"ZBTB11",531,315,577,297,518,566,491,377
"B4GALT7",492,381,570,241,511,720,400,356
"PLAG1",367,355,498,348,516,537,475,575
"ARSG",326,463,377,328,622,929,254,371
"SNRPE",560,492,439,320,448,632,402,377
"ZDBF2",490,328,556,288,516,673,415,402
"UTP11",461,407,473,311,618,667,345,385
"WDR55",482,407,473,256,548,671,392,437
"ZNF335",483,352,593,250,543,623,432,390
"TRAF5",365,449,492,334,407,807,413,398
"SMAD9",301,212,548,269,688,663,543,441
"NUDCD2",369,473,408,383,419,675,351,586
"MRPL16",433,438,510,292,586,660,340,402
"TLE3",538,379,550,238,525,487,572,371
"ZNRF1",521,413,508,340,487,490,389,512
"TCEA3",798,439,614,189,661,499,278,178
"LOC728877",459,372,491,292,594,753,378,317
"ODC1",392,469,574,290,518,693,339,380
"ACOX2",519,392,629,259,597,516,409,334
"TNFRSF14",637,461,482,189,478,456,505,446
"ACOT2",362,549,351,298,365,927,320,480
"TMEM131L",461,255,707,236,649,547,466,329
"ZNF518B",507,435,596,289,424,472,481,446
"DOK4",393,350,568,305,411,580,464,578
"PRKD2",432,369,522,253,523,542,493,514
"N4BP2",379,419,491,335,448,638,341,596
"SNX25",338,394,395,282,534,812,417,473
"GRIA3",526,252,491,205,665,534,634,338
"CACNB2",80,731,147,821,68,715,96,986
"ZNF746",427,448,505,288,530,672,343,431
"FKBP3",467,466,477,276,579,664,362,351
"SHLD2",434,489,437,339,449,731,343,420
"TMEM132A",513,336,579,254,738,594,380,247
"PYGO1",537,397,485,297,529,562,476,358
"BRAT1",565,440,456,243,500,567,426,441
"EXOSC9",321,464,395,293,546,950,283,386
"SMCR8",475,366,480,229,536,673,454,424
"GOLGA6L3P",315,365,645,333,541,580,404,454
"CPEB2",374,371,544,364,532,703,312,436
"GPSM2",445,581,355,304,589,630,290,441
"KRI1",421,412,493,284,546,716,384,379
"MFHAS1",468,471,429,377,403,686,332,469
"FAM133B",459,382,481,246,615,631,450,370
"IPO11",472,377,553,283,503,661,384,400
"B3GAT3",452,539,452,352,385,637,347,468
"RGS12",524,417,460,242,582,578,428,401
"SC5D",394,342,523,330,584,676,387,394
"HCCS",446,330,531,287,666,604,360,405
"VPS9D1",534,482,445,275,451,594,385,462
"DDIT3",581,280,670,153,578,457,656,251
"COL4A5",928,395,654,190,449,347,424,239
"STUB1",445,432,475,284,508,691,400,390
"DDX19B",389,358,458,342,603,646,385,444
"SLC35E3",404,375,429,367,470,660,396,523
"METTL26",488,458,540,234,434,654,413,402
"BCCIP",403,418,511,295,542,712,374,367
"SMYD5",497,383,519,249,517,618,451,386
"TEAD2",496,313,567,201,829,489,442,281
"PDCL",521,395,455,368,501,571,416,390
"FARSB",446,435,551,289,480,680,381,354
"AHI1",428,296,599,243,643,556,511,340
"RMND5B",460,321,584,257,499,553,494,448
"ATP6V0A2",375,433,434,395,433,691,371,484
"CBLL1",405,337,521,356,531,632,400,432
"TYRO3",546,312,492,242,554,464,587,415
"CSNK1G1",459,368,509,304,555,615,379,423
"ARID3A",436,542,360,229,527,841,273,403
"CCN3",615,68,1022,120,504,143,1003,136
"SETDB2",443,392,534,331,525,565,415,404
"SCML1",360,444,561,324,428,596,409,483
"GSTA4",526,353,585,239,678,335,574,314
"ACCS",350,313,573,306,693,761,319,288
"ARSD",391,295,488,278,541,598,449,562
"C19orf25",496,471,486,290,441,636,360,421
"L3HYPDH",434,477,481,318,398,723,361,408
"SHPRH",458,330,516,171,671,592,446,416
"TCF7L1",555,381,501,247,549,473,504,389
"EIF4ENIF1",415,413,490,345,509,632,387,407
"RSAD1",546,464,517,248,487,468,509,357
"ALG13",392,400,523,320,582,634,383,360
"BIVM",450,389,527,400,471,564,376,417
"EMSY",448,306,554,271,598,594,427,396
"POPDC1",322,432,391,331,500,811,309,497
"SLC9A7",301,180,702,223,647,754,438,342
"ABRAXAS2",385,389,531,351,499,666,357,409
"ARHGAP18",416,427,428,326,496,599,392,502
"TRIM21",522,396,597,263,489,578,404,334
"NET1",422,377,514,332,528,574,379,457
"MAGEF1",521,402,574,232,506,536,447,365
"LRRC37A2",381,311,491,263,645,751,357,384
"DDX49",458,431,533,267,528,626,353,386
"MSC-AS1",497,485,520,229,505,532,417,397
"NCK2",385,410,435,289,537,673,407,445
"DHRSX",459,446,505,255,506,627,380,403
"GOLGA6L4",336,387,613,344,507,549,398,446
"TMEM120A",440,480,457,318,428,694,313,447
"DCP2",430,419,475,356,479,509,419,485
"RBM18",440,444,442,312,483,682,408,359
"ASCC1",487,390,517,305,514,508,413,436
"DMAP1",437,287,603,236,678,603,426,300
"APOL3",354,498,567,540,332,379,393,506
"TMEM183BP",419,392,436,296,506,660,419,441
"SMIM7",473,459,449,257,458,653,417,398
"EPHB3",848,338,632,108,630,319,551,137
"SLC5A6",248,623,298,391,383,963,213,443
"POLR2F",457,465,472,286,441,687,331,421
"UBASH3B",294,454,285,267,339,1253,215,452
"KCTD18",460,323,560,326,480,603,383,424
"ZSCAN30",400,267,650,259,597,612,427,346
"BAZ1A",434,407,445,240,755,523,410,344
"UIMC1",468,459,490,250,522,561,368,439
"ZPR1",363,385,464,283,532,836,323,371
"TERF2",451,366,553,295,520,549,415,408
"MIS18BP1",411,408,422,312,420,626,449,506
"EFL1",422,268,595,271,549,579,491,377
"RNF168",414,463,463,306,448,544,412,502
"WDR27",556,369,657,238,533,496,399,302
"NUP85",425,439,437,305,462,620,422,439
"APOD",425,859,351,497,160,330,321,606
"SLC52A2",341,442,406,244,462,813,359,481
"S100A13",308,323,530,343,472,601,475,496
"DENND11",550,344,506,245,551,434,490,424
"FHIP1B",436,400,494,272,507,569,405,460
"FAM120C",366,382,485,375,380,616,416,523
"TRIM23",423,355,474,342,457,653,363,474
"CHIC1",456,322,528,274,551,585,445,380
"MEAK7",377,346,467,313,480,716,359,479
"ABCC3",237,341,322,266,424,1212,310,423
"APBA1",433,339,534,250,583,557,445,392
"ANKRD29",351,235,318,219,883,830,380,317
"ZNF791",348,332,485,360,497,601,382,527
"RABGGTB",400,425,447,281,505,679,405,386
"STARD5",580,397,579,240,637,429,377,289
"DOCK9",383,304,403,277,372,646,544,597
"INSIG2",493,396,380,339,367,632,370,549
"XXYLT1",495,409,512,229,483,601,431,365
"MRPL23",485,445,457,269,489,625,365,390
"TIMM13",442,514,427,245,449,617,408,422
"USP13",349,347,400,356,475,741,386,469
"BCORL1",479,510,496,312,483,421,386,436
"ASNS",597,297,724,231,548,343,553,229
"GID8",464,376,497,316,438,532,440,459
"EVA1B",457,381,475,224,408,646,485,445
"POP4",438,411,510,298,526,594,336,407
"ZNF117",377,277,657,217,633,472,530,357
"RPF2",392,358,451,271,498,716,435,399
"UNC119",456,363,509,178,592,670,410,338
"RIDA",758,414,559,227,496,346,430,286
"NHLRC2",445,323,462,274,490,659,446,417
"LMAN2L",488,409,577,380,403,475,376,407
"DYNC1I2P1",471,427,457,314,463,569,366,445
"KDM2B",498,401,503,216,471,540,451,429
"MTRF1L",388,386,401,296,501,730,372,433
"MUS81",431,438,445,304,432,682,334,441
"LOC102724642",407,355,435,304,499,703,382,422
"TMEM14B",441,390,503,331,486,595,377,383
"LARS2",561,482,445,268,459,611,346,333
"TXNL4A",429,363,505,310,449,713,354,382
"RBM4B",523,351,546,231,593,511,431,319
"ZNF605",406,315,532,273,602,616,408,351
"ATAD3A",408,472,405,242,487,773,349,367
"SFRP4",188,115,1874,603,239,64,280,139
"COQ9",434,408,524,229,614,587,376,328
"RNF34",448,478,452,300,451,588,371,412
"BKGD",392,320,510,305,552,620,382,419
"TTC23",390,306,574,305,553,546,421,400
"THRB",361,435,385,314,352,576,477,595
"NLRX1",395,287,635,316,454,656,373,379
"DOLK",400,425,445,294,472,646,416,396
"ERI1",438,341,451,311,462,654,439,394
"NPIPA2",360,412,509,373,424,546,382,484
"ALG3",381,400,409,276,534,785,311,390
"TBPL1",437,364,514,245,661,532,417,315
"HMGN3",500,373,621,338,494,400,433,326
"ARHGAP24",491,354,340,201,558,608,487,446
"CNKSR3",464,202,798,270,526,346,485,394
"CMIP",506,419,536,207,498,535,428,356
"COA1",452,323,567,217,623,610,386,306
"TSPAN31",400,397,441,355,473,737,307,374
"TRPS1",460,354,506,236,542,599,386,397
"USP35",504,390,492,226,553,507,415,393
"NPIPA3",354,412,518,379,409,539,379,488
"PMS1",327,453,384,349,397,725,391,451
"SDC1",465,240,654,204,757,494,428,235
"HYAL2",460,340,541,254,567,550,400,364
"CROT",498,379,305,171,626,508,515,472
"THYN1",430,323,604,296,580,486,408,346
"DYRK1B",481,363,577,228,599,467,386,370
"COMMD9",443,334,538,241,633,512,428,339
"PDCD1LG2",460,371,615,229,401,660,432,300
"MARCHF2",362,351,447,396,372,618,360,561
"FHL3",412,388,386,237,463,755,411,415
"CEP89",467,419,464,294,549,597,316,360
"TPCN2",371,509,337,292,407,657,338,555
"BDNF",368,256,513,196,701,840,285,307
"POLE3",389,349,532,347,472,609,382,385
"SLC7A5",502,289,761,99,651,502,505,155
"B3GALT6",430,387,452,244,517,779,339,314
"PSMB8",456,406,474,241,516,515,445,406
"ATF1",409,360,475,303,457,604,423,427
"ZFYVE27",475,395,512,291,462,600,353,370
"PRR14",489,513,445,300,477,464,383,387
"LIMCH1",495,313,465,226,549,821,259,329
"SETDB1",400,335,528,281,530,635,362,385
"ABCA5",332,330,607,392,417,448,535,394
"POLR1E",530,493,483,220,470,425,432,400
"KDM6A",369,295,509,223,486,511,549,511
"ZBTB7B",466,402,505,215,597,535,369,364
"ERMARD",423,379,567,318,525,567,327,346
"ZBTB37",524,388,456,275,475,479,427,428
"ZNF277",449,375,472,282,503,547,408,416
"TAF9B",464,373,520,304,586,558,320,326
"PJA1",504,377,512,260,504,584,382,327
"RASGRF2",444,276,401,139,956,739,306,187
"RNF103",410,397,416,411,440,512,380,482
"ST7",449,259,772,241,527,502,401,296
"C2orf69",445,425,467,360,385,539,421,405
"TMEM138",388,322,571,249,624,657,343,291
"DISP1",372,239,752,380,530,291,396,485
"ATAD2",459,372,586,256,495,461,408,408
"SNTA1",358,308,523,305,382,656,386,525
"ZNF407",427,351,483,298,535,694,336,319
"NDUFC2",352,424,517,343,440,609,348,404
"C5orf22",325,344,497,367,507,703,282,411
"AIFM1",440,427,482,262,541,554,355,374
"POMT2",425,418,440,295,508,611,374,363
"CNPY4",529,359,632,256,505,422,429,300
"COA3",385,454,485,245,507,608,365,381
"MYOC",336,254,1035,621,102,93,422,566
"HSDL1",474,368,467,251,572,516,416,364
"SAMTOR",406,304,458,315,444,722,334,445
"THOP1",458,417,473,229,478,724,319,330
"CEACAM19",347,337,448,189,562,759,405,378
"ACAD8",466,404,442,273,503,544,407,385
"ARHGAP32",433,308,511,224,587,513,444,403
"NFKBIB",359,465,442,293,448,624,346,445
"BRCC3",415,357,458,327,490,651,343,381
"ALPK2",204,177,188,84,993,1638,62,74
"EXD2",426,400,519,312,358,521,386,497
"PRICKLE2",332,336,349,249,414,856,302,581
"UCKL1",448,463,449,242,478,587,332,420
"APBB1IP",390,319,719,306,581,601,229,273
"TCFL5",340,351,515,322,470,629,391,399
"LUC7L2",465,433,502,310,457,503,375,372
"TRMT9B",381,327,569,379,443,436,490,392
"SURF1",432,326,605,347,398,560,370,378
"KRR1",451,323,502,261,478,577,424,399
"ZNF444",442,380,502,236,571,556,391,336
"PABIR2",355,416,463,341,373,679,383,403
"TWIST1",519,414,519,272,491,437,385,374
"CSRP2",276,194,681,293,347,875,433,309
"INPP5B",447,312,565,303,505,492,397,386
"CCDC91",409,373,480,277,490,578,383,416
"MED4",400,384,480,348,452,570,364,407
"APTX",483,332,516,298,475,582,382,337
"KSR1",464,371,436,111,799,779,280,164
"GNPNAT1",384,450,439,264,444,672,357,392
"NAA25",394,390,476,291,481,655,349,365
"ZNF3",499,296,555,229,588,478,469,287
"MOSMO",336,423,316,394,334,686,299,613
"DCAF17",365,363,476,265,499,612,463,353
"FAM110B",407,347,499,227,610,515,440,350
"MRPS14",434,399,524,274,472,535,392,364
"PLAAT4",528,354,688,371,463,272,458,260
"MRPL34",431,452,460,287,386,576,359,442
"PPIL3",480,367,533,263,527,423,442,358
"ESF1",369,329,413,271,520,719,370,400
"HARS2",461,387,477,284,462,528,391,401
"LIN7C",354,326,481,367,512,554,378,417
"C3orf38",470,343,489,272,488,591,370,366
"CCDC137",386,438,483,252,406,721,311,392
"MRPL42",453,339,445,287,544,591,392,337
"ZFP62",395,289,508,220,578,670,388,338
"RP2",389,437,406,346,366,580,320,535
"PDE4D",323,544,170,73,621,1359,127,161
"NLRC5",386,384,476,291,450,616,353,422
"NAA40",519,291,487,182,596,560,435,306
"MED21",408,393,468,258,439,631,370,409
"SMIM43",205,464,203,131,535,1413,182,243
"NDUFA3",459,346,531,205,611,637,283,304
"NPAT",447,307,502,317,478,531,378,414
"ADK",395,339,517,310,500,484,402,424
"SKA2",452,320,595,281,532,504,391,294
"INTS5",433,426,405,303,419,555,400,427
"TMEM101",473,419,507,247,479,478,380,383
"PRKRIP1",432,379,565,239,524,543,370,313
"MTG2",447,423,456,263,535,620,305,315
"GAS7",404,114,309,42,277,144,1343,730
"DUSP16",449,301,530,278,498,445,431,431
"CPNE2",384,395,426,244,417,565,459,473
"DCP1B",439,284,531,222,625,507,435,320
"ENDOV",476,403,510,303,431,486,383,370
"CLASRP",370,455,480,229,487,590,362,388
"DUSP5",211,342,298,417,322,1157,191,422
"MRPS11",414,375,457,213,506,698,301,394
"PLAAT3",451,495,533,424,208,252,396,596
"LMLN",385,279,515,238,625,574,373,365
"ZBTB10",405,427,413,383,356,479,297,594
"MARK2",438,366,452,242,522,579,371,383
"CINP",390,340,561,263,515,608,366,310
"SMIM12",373,483,437,288,479,693,287,313
"RGS10",461,276,585,219,540,386,534,350
"SMIM20",499,364,473,294,500,495,356,370
"PRKCE",650,293,500,120,680,339,549,219
"COX8A",489,479,402,296,374,545,380,385
"RESF1",405,285,514,270,503,501,456,414
"WDR12",439,414,423,244,546,570,379,332
"ITPA",493,477,398,291,336,504,363,483
"IFT46",430,340,585,274,480,472,377,385
"GOSR2",455,321,470,250,447,719,352,326
"IRGQ",379,354,442,272,527,500,434,432
"SNF8",420,325,469,305,438,668,345,367
"AGO2",371,392,314,212,379,754,307,607
"VAMP1",328,339,471,333,486,490,423,465
"TIMM44",371,387,441,251,493,605,378,408
"ZNF260",374,267,547,216,629,499,456,346
"TTC21B",360,388,409,291,472,612,372,429
"STMN3",483,287,753,285,369,303,538,315
"DNASE1",447,223,498,213,576,508,520,348
"NDUFB3",454,388,470,293,477,600,322,328
"TMEM14A",442,536,423,338,326,540,337,389
"FTSJ1",450,355,450,224,478,690,321,361
"ALG8",404,351,454,268,438,719,365,329
"LSM3",482,354,526,293,486,498,374,314
"ANKRD36",451,268,573,198,568,499,439,329
"RPL21P37",428,428,493,310,386,517,405,357
"ISG20L2",403,384,492,252,469,600,371,352
"NUP88",350,326,474,278,514,641,338,401
"NUAK1",250,409,322,487,254,909,174,516
"ENOPH1",465,397,450,299,455,474,429,352
"LAMTOR2",390,338,474,261,523,589,385,360
"TCEAL7",511,301,495,233,622,450,413,295
"GSTM5",670,391,308,110,445,320,683,391
"GPN1",385,362,490,300,498,589,332,360
"ANKRA2",435,344,484,323,483,407,421,417
"UTP18",472,469,375,294,428,561,325,389
"GPALPP1",420,307,497,281,555,520,355,377
"CLIC2",528,227,705,203,605,230,581,231
"ZDHHC1",438,324,399,259,504,584,399,403
"SH3BP2",500,208,589,214,540,416,537,305
"FBXO44",497,389,440,242,465,503,371,399
"REPS1",418,337,436,263,564,507,412,369
"POLE",378,414,453,275,379,445,450,512
"TRMT1",415,510,400,214,437,571,346,412
"PAK4",412,392,535,217,478,569,373,329
"QDPR",455,406,492,304,441,514,390,299
"PIK3CD",263,339,351,315,368,767,280,618
"NAA35",430,316,507,235,539,567,340,365
"SLC22A17",507,383,391,179,485,621,416,316
"ETHE1",378,251,722,299,399,432,485,332
"QTMAN",450,375,418,277,531,587,333,326
"PM20D2",326,406,371,342,356,620,346,530
"SLFN12",331,394,493,420,311,705,246,397
"NOP2",349,429,383,262,444,771,297,361
"CCDC174",391,359,500,259,500,522,374,391
"HOMER3",407,326,444,195,520,556,440,407
"TTC19",399,370,437,331,454,552,372,379
"YJU2B",411,408,465,268,411,592,330,409
"ARL5B",453,317,411,227,583,573,396,334
"HSPA14",406,404,422,258,446,533,406,417
"CRMP1",412,286,489,205,514,558,433,394
"TMEM128",374,384,408,332,379,609,365,440
"HAS2",310,276,563,147,336,890,479,290
"RPUSD4",419,391,418,260,491,545,353,413
"TTC7B",401,342,480,266,526,498,372,405
"AKTIP",391,326,465,302,478,518,402,408
"GTF3C6",373,354,503,292,539,597,298,332
"TRAPPC4",397,409,406,305,427,563,346,434
"LGR4",392,191,679,181,835,367,420,221
"ERCC2",359,318,399,244,463,851,316,332
"SPOPL",341,419,367,344,420,658,309,423
"ZNF75D",435,388,494,263,407,477,392,423
"PSMA3-AS1",377,300,525,292,500,561,403,319
"MTX2",389,339,442,258,551,578,342,377
"MSH2",532,314,471,179,497,411,454,417
"MPC2",397,315,488,252,614,540,359,308
"WDR73",417,324,521,234,508,557,363,349
"NFU1",417,370,462,264,498,491,379,391
"ZBTB34",399,369,404,318,393,588,356,445
"KDM4C",481,324,432,225,443,537,447,382
"IGDCC4",655,134,327,39,1303,384,362,64
"KLC2",355,444,404,267,488,638,289,383
"NDUFA8",381,400,477,284,469,618,319,319
"REV1",426,319,466,251,523,502,409,371
"ZBTB17",487,384,471,236,460,539,334,355
"CASP8AP2",379,301,450,274,491,601,351,419
"AMOT",846,205,493,46,880,160,532,104
"TEF",521,219,482,383,495,374,415,373
"MRPL33",360,387,506,272,484,636,282,335
"FAM219A",440,378,460,240,472,529,385,357
"UVRAG",410,352,495,305,457,443,408,391
"MACROH2A2",566,483,438,181,510,490,349,243
"PRKCD",325,356,474,262,446,557,381,459
"TIMM23B",387,372,434,268,460,668,319,350
"NBPF20",430,320,424,177,539,573,391,403
"MTERF4",417,324,531,227,556,526,384,291
"TAF13",333,408,380,290,480,732,326,304
"RPS3AP47",415,282,550,262,471,549,365,359
"PQBP1",445,398,482,247,467,469,385,358
"PLEKHA3",304,397,445,355,454,572,309,415
"ZNF875",360,273,543,258,567,570,351,328
"AKAP1",397,472,416,285,358,450,439,432
"MIER3",421,397,474,270,452,522,338,373
"SCAND1",463,406,411,245,410,570,353,389
"GANC",390,380,515,268,416,460,352,466
"TNFSF12",352,388,397,305,425,550,371,459
"TCHP",358,409,459,306,380,661,292,381
"ZNF362",434,334,547,228,471,489,377,366
"SLC9B2",316,360,466,301,442,612,330,414
"SLC27A4",323,437,327,289,464,626,331,444
"ZNF25",329,322,440,268,581,571,335,395
"ZKSCAN5",398,302,549,277,459,558,350,348
"PCSK5",425,207,592,221,551,510,404,330
"GRWD1",340,336,466,250,390,668,380,410
"TP53RK",366,405,403,296,505,540,311,414
"CEP85L",436,354,469,249,514,568,331,317
"NEDD8",445,429,399,280,412,612,294,367
"RABL3",386,315,469,275,417,637,373,366
"ACSF2",357,389,404,237,567,626,302,356
"ZDHHC21",304,334,486,348,382,598,378,408
"SNIP1",333,380,468,328,364,594,333,435
"ZBTB22",489,290,604,213,547,390,413,288
"HIKESHI",427,386,470,272,416,544,381,337
"FAHD2A",428,328,477,241,460,536,370,389
"RUBCN",343,424,379,309,429,562,317,465
"PIP4K2C",465,337,475,298,477,502,327,347
"NR1H3",374,454,484,276,456,483,307,392
"COQ4",413,367,524,214,536,500,330,342
"MRPL41",403,460,332,252,284,625,351,519
"ANAPC1P4",338,337,354,253,467,661,361,454
"ARFRP1",405,312,567,260,466,470,413,328
"DUSP11",421,367,404,285,505,549,353,335
"NEK4",429,314,408,235,497,627,370,337
"GLRX5",423,414,421,247,457,547,354,353
"ME3",493,308,677,263,472,417,346,239
"ZBED6",407,274,395,205,471,695,359,409
"PELI2",478,205,478,209,618,446,464,316
"AP3M2",439,278,535,270,514,427,448,302
"DENND1A",355,329,425,246,488,601,393,375
"MRPS7",451,370,480,262,450,600,309,290
"COQ8B",479,361,522,196,423,453,393,384
"RABEP2",464,352,457,213,427,514,396,388
"GSKIP",462,431,487,320,418,430,330,332
"CDC37L1",348,447,407,382,380,501,261,483
"PNKD",489,481,455,237,381,434,375,357
"ARK2N",389,364,397,270,438,576,362,412
"DTX3",503,426,473,215,464,361,415,351
"TMEM200B",359,521,348,420,204,352,363,640
"FERRY3",451,353,490,193,564,535,358,261
"PLEKHH3",463,481,497,200,405,449,366,344
"PTPN18",388,491,347,240,396,591,280,472
"ZC3H12C",305,444,327,330,389,619,267,524
"NUTM2A-AS1",386,371,387,228,526,688,317,302
"LRRC37A",383,271,365,160,750,759,279,238
"POLM",402,369,515,338,381,482,293,424
"DYNC2LI1",273,348,497,326,405,512,363,480
"NTMT1",390,341,466,240,439,559,362,407
"FAHD1",432,341,479,276,480,559,342,295
"INTS13",398,366,434,234,547,641,292,291
"MED8",358,344,441,261,509,636,314,340
"E4F1",451,408,422,252,425,555,310,379
"LOC100507053",232,234,412,290,475,760,342,457
"BLMH",402,374,461,264,499,423,420,358
"ATL2",360,474,434,330,382,541,329,351
"PI4K2B",461,431,417,286,379,448,425,352
"PLCL1",387,583,404,304,432,360,279,450
"RWDD2B",411,327,498,326,413,554,357,313
"TIPARP",350,399,379,310,365,613,263,520
"CARD8",319,185,556,257,605,512,403,361
"MTCO1P40",16,14,1858,1236,19,27,14,14
"LYRM4",417,358,484,279,452,454,395,358
"SCO1",329,276,458,269,466,679,345,374
"BRIX1",222,387,336,395,350,901,224,379
"PTPRU",400,399,500,235,365,612,316,366
"RGPD2",190,168,343,188,841,894,290,278
"PAQR7",331,355,467,251,443,641,340,363
"NFYC",399,305,488,211,526,511,410,338
"RGPD4",311,268,457,218,594,679,311,350
"CASP2",482,338,430,243,502,528,372,292
"TOMM40",365,396,400,197,440,719,330,340
"ADAMTS10",452,340,480,236,503,453,392,330
"OTULIN",437,390,391,245,419,576,325,403
"ZNF322",367,296,451,244,535,598,385,310
"RSBN1L",412,377,460,275,481,487,363,331
"IFI35",412,389,446,280,382,639,282,355
"ST6GALNAC4",440,505,354,227,409,565,305,380
"SNRPG",381,405,405,266,469,653,315,291
"PLAUR",389,349,502,240,340,561,406,397
"PNPT1",336,377,411,271,481,675,316,317
"KIRREL3",243,164,616,250,563,759,273,316
"HEATR6",387,337,556,237,456,527,331,352
"CRLS1",341,414,352,351,363,557,311,492
"DLG3",531,243,511,179,519,414,447,336
"DPM2",373,395,433,252,449,566,309,402
"TRMT2A",467,389,454,221,470,521,340,316
"LEO1",371,330,492,226,510,585,363,300
"NFKBIZ",260,406,395,249,462,761,233,410
"LRRC14",417,370,464,199,422,583,374,347
"MAGEH1",449,317,510,239,443,446,411,361
"EPC1",373,335,490,242,462,543,372,357
"SLC26A6",326,466,276,254,300,801,246,505
"RBM14",481,406,453,227,450,452,339,366
"MRPS22",378,358,434,233,512,567,324,366
"SLC2A13",327,428,339,269,405,612,353,438
"DPY30",317,380,421,357,423,633,277,363
"CSTPP1",407,313,540,252,480,516,308,354
"GHDC",414,549,432,352,314,447,250,412
"TRIM35",385,406,432,304,395,493,344,409
"TFAM",404,306,399,213,496,618,383,349
"GK",253,335,202,119,451,1439,143,226
"R3HCC1L",327,308,387,291,471,635,344,403
"RBM7",413,310,450,274,489,577,340,312
"RTL10",315,291,407,276,404,810,291,371
"MSH3",427,316,399,190,450,485,470,427
"POLR2H",446,416,437,209,412,606,310,327
"NAGPA",399,343,498,255,421,500,419,327
"POLD3",414,287,453,229,516,551,369,342
"DEDD",368,364,404,274,490,524,340,397
"PURA",377,331,391,225,413,627,372,425
"ECT2",381,393,455,269,468,472,352,369
"LRIG2",404,358,472,294,424,470,363,374
"MED17",400,362,414,302,450,567,288,375
"KANSL1L",372,367,423,299,459,513,326,399
"MUC1",230,349,463,429,250,705,293,439
"KDM7A",430,327,338,289,462,373,438,499
"SELENOO",383,508,351,284,370,554,295,410
"ECI1",329,370,420,308,291,595,370,472
"TAF8",410,405,437,297,432,488,329,356
"RNF44",358,360,441,246,502,514,314,419
"PGAP3",485,364,448,303,390,465,348,350
"RNF135",330,386,341,322,388,556,349,480
"HIBCH",457,327,497,265,482,480,370,274
"TMEM69",419,292,440,233,518,534,387,328
"SENP1",351,329,421,305,504,531,378,329
"PRPF31",381,356,433,262,448,588,359,321
"TLCD5",419,409,473,316,359,445,372,355
"ROMO1",389,383,432,240,410,600,338,355
"RGPD1",191,175,345,186,821,865,286,278
"ZNF558",429,346,466,275,448,492,330,360
"SPINDOC",376,412,435,219,440,583,329,352
"PPP3R1",387,359,422,365,427,463,345,377
"TRMT5",378,302,455,254,503,577,341,334
"MTNAP1",386,303,498,254,551,558,305,288
"TRIM3",481,463,396,238,394,537,328,305
"ST3GAL2",404,347,520,186,495,519,346,325
"UBTD1",425,399,403,208,476,479,360,392
"GJC1",498,310,423,208,529,510,353,310
"NFYA",394,236,464,175,658,584,360,269
"WBP4",315,368,406,304,442,584,307,414
"CEBPG",449,281,650,207,421,388,464,280
"KATNA1",421,336,385,280,467,531,325,395
"MVB12A",418,407,427,252,389,554,308,383
"NGRN",505,366,458,225,410,479,390,305
"ALYREF",406,386,436,224,427,625,318,316
"CCN4",629,276,571,107,565,532,273,181
"TMEM175",455,398,460,227,477,436,310,369
"INIP",454,280,511,219,527,496,355,290
"GPAM",418,398,435,243,402,579,333,323
"PRKAR1B",269,196,450,244,528,612,453,379
"P2RX4",444,351,546,273,392,548,260,315
"CSPP1",366,298,443,205,581,527,414,294
"RACGAP1",384,527,437,258,436,331,318,435
"MAOB",232,310,373,425,94,705,306,679
"PPM1D",455,303,469,187,660,390,389,271
"IFT22",421,287,505,246,479,475,372,338
"ZNF91",325,236,493,226,566,617,342,318
"PEX1",464,333,460,261,424,431,377,372
"PFDN4",364,282,397,291,542,500,351,391
"TMEM65",409,340,353,200,607,544,341,324
"PRIM2",418,275,598,256,453,442,402,272
"SCN3A",173,47,880,613,92,94,628,589
"SQLE",363,300,392,249,446,574,363,428
"NOL10",415,389,400,215,409,561,354,372
"PTK2B",201,229,427,623,278,844,184,329
"STYXL1",404,270,478,238,505,579,345,296
"KLHL18",357,307,446,235,497,580,357,335
"CYREN",316,285,445,316,450,480,355,466
"CARNMT1",476,274,373,220,429,461,502,378
"TCEAL1",274,462,286,421,278,604,265,522
"CHCHD7",304,413,335,346,330,566,288,527
"HDAC9",344,220,512,205,587,491,426,323
"HSPBP1",405,406,454,237,387,578,339,302
"LPCAT4",441,380,451,221,376,489,391,359
"EIF2B2",368,286,494,201,700,423,321,314
"ZNF639",422,348,388,237,474,542,353,343
"RNASEH1",349,372,377,243,425,662,313,365
"NSMCE3",373,327,451,223,477,542,388,325
"KLHL13",550,315,557,171,519,284,485,224
"HMGCR",400,290,507,252,400,572,329,355
"ZNF768",444,368,421,215,466,502,332,357
"PATZ1",477,345,450,244,449,421,374,344
"VPS37B",473,360,400,226,444,512,356,332
"NBDY",383,354,465,260,513,496,293,339
"MRGBP",389,395,362,246,403,544,345,418
"CKAP2",483,351,446,235,522,439,351,275
"PCDHGA11",296,240,380,227,433,482,505,539
"FMN2",212,214,412,280,478,981,249,274
"DHRS4",358,389,397,212,452,618,317,354
"TYW1",328,336,465,272,481,554,326,335
"FAH",429,328,427,187,562,433,412,318
"ALMS1",408,250,509,182,515,561,379,292
"NOM1",379,366,433,226,427,559,313,393
"PDE1A",139,225,612,437,276,502,391,510
"ZCCHC7",363,279,470,225,556,467,417,315
"NGLY1",377,296,389,216,515,557,380,362
"MICA",457,310,592,245,321,298,478,390
"GTPBP6",373,450,380,271,373,584,283,376
"CDC42SE2",318,317,350,339,369,569,304,523
"BRPF1",458,353,410,228,464,533,324,318
"CDKN2AIP",368,390,411,278,337,498,342,463
"TMEM11",295,386,392,248,384,669,322,391
"ZCCHC8",370,395,413,249,444,479,336,399
"TRIB2",389,160,497,237,458,622,420,299
"PDE3B",464,519,432,136,502,427,357,245
"CNNM2",371,299,451,229,476,495,409,350
"SLC30A4",357,367,398,323,375,428,357,474
"REEP2",310,264,409,310,346,548,425,464
"DHX37",299,402,326,241,393,792,240,383
"GLI2",485,192,597,145,555,421,414,266
"TMED8",377,342,342,299,422,609,312,372
"VARS2",357,355,358,196,393,591,384,441
"TIMM10B",365,336,453,303,420,564,275,358
"MAST3",396,370,442,297,312,537,287,431
"RNF8",319,399,435,282,423,558,298,358
"TMEM204",371,461,324,305,207,449,324,631
"LYRM7",407,298,418,230,527,523,348,319
"MICAL3",488,238,469,120,497,572,392,294
"KIF3A",394,233,600,215,532,453,397,245
"PGAP1",414,254,484,181,536,459,471,268
"TMEM260",458,293,521,237,440,481,327,308
"HCG18",360,261,471,191,509,606,363,303
"ACTL6A",427,366,397,230,477,565,300,301
"PHYHD1",410,343,474,288,399,448,323,378
"MOB2",407,386,392,272,355,461,383,406
"NAA38",382,423,461,222,398,564,296,316
"MTIF3",366,294,499,243,486,485,354,334
"HPS6",352,447,379,292,296,564,311,419
"SMG1P4",349,289,401,221,434,607,385,374
"GALNT7",292,353,358,296,437,597,330,396
"CCNH",324,398,374,243,493,645,238,344
"OSGIN2",318,325,428,297,549,533,276,332
"ADAMTSL5",317,288,512,331,269,414,413,514
"ELMOD3",376,360,478,234,472,452,365,318
"NSL1",434,295,483,220,497,500,353,271
"GREM2",280,135,700,287,278,368,659,346
"SMG8",374,316,404,271,451,554,318,363
"TNRC6C",372,289,481,219,424,485,350,430
"PGAP4",249,218,312,223,409,686,388,565
"GAMT",506,308,477,204,458,438,351,306
"ZXDC",353,384,397,292,349,464,337,470
"ADPRS",396,366,396,233,417,589,335,314
"MSRB2",434,391,466,223,397,506,319,310
"BUD31",398,349,400,289,432,523,317,337
"FBXO8",370,360,427,276,441,470,293,408
"UBALD2",278,492,261,322,381,480,232,598
"TSEN15",428,288,508,232,374,508,380,326
"HINT3",404,211,490,250,508,429,453,298
"UTP23",346,358,378,308,410,528,300,415
"LYRM1",362,338,403,324,443,530,311,331
"UTP14A",349,335,377,225,532,577,294,352
"COQ5",395,296,486,282,422,448,363,347
"IFIT2",543,211,559,287,432,265,438,304
"DNAJC2",375,358,339,257,459,578,336,336
"RNF214",381,280,456,225,573,513,314,296
"ERN1",350,322,473,237,362,437,408,449
"SLC38A6",407,293,438,243,502,457,368,328
"ZNF397",414,294,503,177,462,468,364,350
"PCCB",380,240,522,261,548,543,308,229
"LRCH2",265,383,285,323,422,685,225,441
"NMRAL1",393,283,489,249,372,512,350,380
"PKNOX1",424,342,480,187,494,540,333,228
"NDUFC1",355,274,442,241,430,569,363,353
"SELENOK",364,348,379,276,429,635,271,325
"POLL",391,305,484,285,403,451,355,353
"IGIP",294,353,392,325,427,533,334,369
"ZNF518A",358,274,567,284,455,475,299,313
"NDUFAB1",329,335,494,258,417,572,294,325
"CRYL1",426,278,449,251,425,391,413,390
"CIAO2A",343,348,344,256,458,590,352,332
"PARP3",401,402,458,224,379,403,387,367
"OSTF1",433,395,432,268,380,414,319,379
"RIOX2",481,295,468,157,508,477,383,250
"COA5",427,360,421,245,420,462,349,335
"COA4",337,325,410,189,469,680,308,298
"ISOC2",416,338,416,197,454,616,298,280
"MBTD1",421,279,412,225,487,411,418,360
"RNF5",478,342,411,237,418,445,360,322
"HEMK1",446,250,499,170,457,468,397,325
"PSMG3-AS1",466,308,468,191,403,505,408,263
"FRA10AC1",303,302,469,256,440,488,395,357
"EIF2AK3",405,385,407,231,389,503,336,353
"SIAH2",372,394,370,270,398,533,315,357
"TTC31",410,321,467,229,456,535,297,293
"ARHGAP22",494,292,425,118,545,455,445,234
"CCP110",420,291,485,217,466,451,348,329
"SNX4",382,347,382,291,412,520,298,375
"MDM4",392,332,452,264,448,486,362,270
"BLTP3A",402,303,429,223,481,504,322,341
"ZSCAN26",364,234,548,184,521,441,407,305
"PRTFDC1",441,330,468,220,507,406,379,252
"GADD45B",197,540,299,308,218,807,143,491
"KIAA1614",396,327,428,241,411,461,348,390
"STXBP4",309,329,307,415,333,458,233,618
"HAUS2",357,307,413,229,471,511,371,342
"SETMAR",309,345,324,368,350,484,301,519
"JRKL",410,304,441,222,416,520,370,317
"MTMR9",348,312,453,263,424,554,281,364
"RPF1",379,324,379,259,468,581,292,316
"ARPC5L",386,347,402,230,443,519,337,333
"CHST12",320,392,390,251,396,473,308,466
"TTC9C",349,320,454,277,411,511,316,358
"BPNT1",400,361,433,276,411,417,358,339
"HRAS",355,454,407,295,329,458,304,393
"REX1BD",517,463,410,191,260,366,410,375
"FOXP4",338,305,391,243,427,538,320,430
"RFWD3",417,321,408,282,364,494,337,369
"DNAJC19",326,346,399,304,395,513,300,409
"ST3GAL5",317,292,456,268,518,418,379,343
"BCL3",403,335,570,165,552,380,346,239
"EXOSC7",341,334,437,284,454,562,258,320
"TOP3B",457,438,361,229,372,459,290,383
"PRAF2",352,254,488,240,570,484,328,272
"MTAP",386,349,379,286,379,517,322,369
"MYG1",390,341,420,229,412,512,330,352
"PABPC1L",489,496,426,181,450,421,267,255
"SYNGR2",205,199,386,378,332,720,274,489
"LZIC",456,270,439,170,496,475,369,308
"DHRS4L2",342,346,362,219,446,577,337,354
"NABP2",393,380,405,237,413,483,335,336
"COPS9",399,419,354,234,378,560,310,327
"TTI1",399,285,449,220,450,541,330,306
"CCNYL1",329,332,381,286,427,579,276,370
"KLF11",372,248,390,237,456,350,480,447
"USP21",473,324,495,205,436,351,342,353
"AARS2",576,301,535,126,498,415,319,205
"KLHL2",329,358,406,232,465,521,301,362
"LCMT1",373,336,435,269,425,501,310,324
"RPP30",409,384,377,235,411,439,342,375
"NELFA",388,313,416,227,410,500,371,347
"ING2",176,421,311,438,234,525,229,637
"PTGER4",365,202,308,82,509,881,401,220
"MOB3C",343,358,397,262,421,423,356,407
"LTO1",366,309,407,244,419,540,324,358
"PABIR1",435,335,425,195,489,393,379,314
"ERCC5",342,303,391,278,440,535,330,345
"HS3ST3B1",229,337,299,299,331,804,220,444
"OTUD6B-AS1",365,306,455,260,477,446,361,292
"TRUB1",454,287,431,239,426,442,335,347
"MLH3",337,230,533,266,391,462,387,354
"PTS",345,292,356,208,587,697,222,253
"NUDT3",327,333,379,240,311,611,315,444
"EPHB2",471,159,342,47,935,339,531,134
"SNRNP27",358,323,393,240,449,534,295,364
"ZNF800",317,320,340,295,379,579,314,411
"IGSF8",316,306,535,326,246,388,345,493
"AMPH",253,392,300,293,219,822,189,486
"RECQL5",411,326,468,228,412,470,325,313
"H1-10",419,424,343,203,362,434,353,415
"UBE2W",303,322,373,354,366,518,296,418
"SLC27A3",405,390,439,251,222,380,406,456
"PAPOLG",344,301,388,263,388,525,336,402
"RBAK",292,302,385,248,443,565,333,378
"SHQ1",345,263,499,224,504,477,359,274
"NOC3L",299,273,376,240,457,659,328,313
"CYB5D1",362,267,426,251,421,467,386,365
"NR2C2",396,240,422,191,465,512,358,359
"BST1",198,203,422,306,458,671,326,358
"PLAGL2",366,346,348,224,439,579,273,366
"FNDC1",408,162,559,215,258,259,651,428
"TXNDC9",350,362,407,300,365,544,288,322
"FBXO34",408,336,425,201,443,430,350,344
"TMEM242",352,314,408,257,440,465,341,360
"CEP95",419,314,415,250,500,399,311,329
"FBXW7",375,270,450,201,498,529,326,287
"ELP5",424,383,407,243,391,474,289,323
"XPNPEP2",390,405,479,304,114,215,462,564
"CERS6",244,311,386,363,368,496,281,483
"ZNF585B",341,247,443,225,453,491,359,373
"ILKAP",380,395,413,223,407,456,325,331
"DNAJC14",366,266,421,211,504,537,303,321
"PHKA2",321,318,387,245,356,573,322,406
"MRPL15",385,400,356,276,355,560,246,350
"TMUB1",387,377,408,216,412,457,341,330
"RSBN1",369,315,353,251,400,541,312,385
"TMEM18",376,274,463,262,440,520,323,268
"IER3IP1",360,316,315,303,428,577,273,353
"SYTL4",220,283,311,293,448,525,349,495
"DDX39A",436,475,321,206,337,490,305,354
"BCAS2",394,322,408,221,481,468,341,288
"IMP3",418,411,349,200,329,522,345,348
"ERG28",382,254,490,288,475,448,307,275
"SCRN2",501,390,358,144,384,430,367,345
"MAD1L1",411,303,446,195,445,523,295,300
"GABPB2",313,336,386,304,422,568,283,305
"LMTK2",281,226,417,236,413,612,338,394
"RAB2B",326,290,453,312,421,486,262,365
"RSRC1",345,270,370,204,579,544,321,282
"PCK2",347,263,538,225,374,460,348,359
"RIGI",389,242,483,273,451,490,262,324
"MED20",405,376,425,246,398,501,288,275
"RPS6KB2",367,338,441,243,393,473,330,329
"ARPIN",385,313,378,200,372,500,374,391
"ACACB",357,424,493,309,236,340,304,449
"PXYLP1",426,195,482,166,689,395,342,217
"SCARA5",55,430,429,618,50,69,292,967
"MRPL52",370,345,434,213,451,536,292,269
"PIK3CB",296,257,366,295,389,580,284,442
"ENGASE",402,314,478,181,443,453,333,305
"CA5B",258,227,338,227,325,585,474,474
"TET2",425,233,491,163,471,499,347,277
"CSTF3",436,263,428,230,492,488,315,253
"TOP3A",366,378,360,185,401,479,361,375
"CCDC136",235,301,452,262,329,512,376,436
"CCDC9",318,358,445,254,393,526,297,311
"KATNBL1",395,365,354,262,372,534,272,348
"RABEPK",442,430,366,248,387,422,331,275
"MRPL27",375,327,440,212,455,474,363,254
"CAP2",271,165,541,251,484,600,326,262
"NIT1",374,281,461,231,448,431,325,348
"GFM2",308,261,445,232,502,628,260,262
"AACS",399,271,427,237,399,451,384,329
"ENOSF1",433,299,561,143,398,295,485,282
"SLC43A3",535,337,405,235,368,309,410,294
"FHOD1",442,223,384,114,635,471,407,217
"TNFAIP3",275,390,360,266,366,531,242,462
"SLC49A4",332,262,342,272,441,549,286,407
"SNHG18",234,201,416,219,495,510,422,394
"BHLHE40",547,205,289,78,666,750,255,100
"RNASEL",402,345,579,326,213,279,347,399
"PEDS1",326,330,412,230,463,552,264,313
"CRYZL1",372,291,457,237,369,422,373,367
"TGS1",346,346,427,209,413,509,325,311
"FMNL1",318,253,356,136,620,489,411,303
"PARP8",348,287,333,134,579,717,260,227
"TRIP4",366,328,490,310,366,460,244,320
"ZBTB16",4,739,5,429,1,581,12,1113
"RIT1",339,297,445,270,438,472,329,291
"PBDC1",360,281,408,207,515,439,360,309
"ABHD13",332,348,360,324,338,521,309,346
"ATAD3B",378,418,356,229,338,594,276,289
"THAP9-AS1",264,262,440,269,364,475,409,393
"DHFR2",360,257,411,210,455,494,363,325
"FBXO33",349,357,409,276,351,424,298,409
"NDUFB6",415,365,366,279,344,481,311,311
"DNAJB6P1",296,342,331,226,473,553,288,362
"TRMT61A",336,363,353,220,340,563,296,399
"TPMT",374,276,452,197,438,511,396,225
"GSTM4",434,330,365,177,433,434,347,349
"MCTS1",364,330,456,212,488,471,277,271
"AGPAT4",419,316,315,168,532,513,298,306
"MRTO4",302,318,375,253,369,616,314,320
"ZCCHC17",388,355,428,243,403,427,338,284
"SYBU",391,402,587,210,304,278,350,343
"PHETA1",322,364,354,289,328,362,286,560
"SLC35A2",345,327,382,255,388,553,275,339
"ZFAND2B",414,323,472,191,456,358,358,292
"RBBP9",420,272,444,210,452,359,413,293
"LRSAM1",443,279,497,174,423,347,386,314
"FAM222B",313,395,349,265,404,553,237,347
"CDON",579,103,600,141,330,245,698,165
"ANGEL1",358,299,451,190,486,434,353,289
"NUP37",407,298,416,230,423,366,369,351
"FAM136A",335,307,373,249,373,475,323,424
"ZFYVE19",434,320,371,212,450,488,297,287
"EBPL",325,436,313,234,314,624,279,333
"EXPH5",339,274,426,335,385,491,260,347
"GPATCH4",221,357,371,252,424,723,229,280
"RPL21P11",301,331,498,239,365,543,293,287
"GEMIN8",323,347,380,216,364,444,403,379
"HAGH",315,306,401,279,324,464,336,431
"ATF3",112,280,256,626,164,663,128,626
"RIOK2",339,292,424,219,477,495,326,282
"GOT1",333,303,399,246,464,506,287,315
"TMEM135",378,301,423,261,390,439,333,328
"ZNF449",304,247,416,239,447,491,377,332
"SP2",332,290,431,226,405,515,325,325
"WNT2",562,47,1575,106,106,24,382,46
"GLRB",281,165,499,312,524,481,298,288
"ENOX2",245,381,388,305,365,577,241,346
"SP140L",331,293,399,247,476,546,321,235
"EXOC6",264,224,369,299,321,658,383,329
"ADCY1",1506,347,275,14,137,37,475,56
"QNG1",335,317,398,254,381,534,295,333
"FAN1",402,296,421,201,406,419,365,337
"SALL2",447,276,510,144,540,341,376,212
"GAS2L1",361,447,337,224,375,408,315,379
"MYLIP",373,245,522,193,514,445,321,232
"ATP5MC1",423,420,377,247,336,510,267,264
"ANKRD13D",377,386,364,199,356,506,294,362
"ZNF333",348,250,416,235,450,510,343,291
"TELO2",382,368,336,185,364,535,304,368
"CCDC144A",78,62,364,152,577,773,409,427
"EMC8",309,369,348,270,363,552,279,351
"BZW2",452,350,411,137,548,388,335,220
"STX17",279,266,397,228,425,581,319,346
"PDSS2",400,291,420,218,415,465,337,293
"TRABD",338,451,384,204,324,455,291,392
"C2orf68",434,287,446,215,387,482,279,308
"FAM118B",320,267,430,254,495,523,275,274
"NR1D1",502,254,383,241,544,331,292,290
"SNRK",311,338,327,276,380,523,271,411
"TARBP1",415,250,466,235,374,464,379,253
"SHFL",363,299,390,221,423,504,306,329
"OARD1",334,315,401,271,428,382,316,387
"IKZF5",365,269,412,275,388,403,346,374
"WDR83OS",459,366,363,278,300,422,312,332
"TRIM68",447,254,373,192,463,467,316,320
"MRE11",325,279,389,239,378,499,359,363
"SLC41A2",391,177,508,161,442,221,603,328
"HHEX",336,186,441,224,344,658,352,290
"TMEM42",385,364,392,260,323,421,325,359
"C1orf174",340,352,414,234,373,543,279,294
"ARL16",337,292,386,220,460,532,314,288
"THOC1",380,267,404,212,467,440,388,270
"INPP5E",352,360,359,218,350,497,311,381
"INPP1",408,281,408,172,463,478,343,275
"HSPA12A",349,170,310,84,547,539,543,285
"ZNF320",297,227,488,220,471,544,316,263
"NDUFB2",377,399,397,249,361,446,317,279
"LCOR",311,292,355,260,376,575,311,342
"LIN54",348,274,445,209,407,414,365,358
"POT1",358,315,418,245,406,437,302,337
"ASB7",340,272,380,258,395,442,330,401
"ATXN3",369,259,425,282,407,405,315,352
"MRPS33",361,325,440,242,443,435,291,276
"CASKIN2",370,308,306,229,399,483,342,375
"LINC01128",315,354,351,210,273,482,354,473
"ACOX3",354,297,413,203,465,536,246,297
"EXOC8",341,312,360,233,350,534,302,379
"TTC39B",379,312,325,217,420,431,402,325
"ANKMY2",439,258,455,173,465,349,419,252
"TRMU",359,423,312,199,369,499,318,328
"EPB41",468,169,597,193,401,269,493,216
"EARS2",329,279,403,174,466,601,302,250
"FLYWCH2",338,373,415,215,340,502,296,325
"MRPL14",440,312,376,184,508,387,356,241
"SLC25A4",297,322,405,405,181,387,306,499
"E2F3",291,262,390,229,430,557,305,337
"MVD",464,341,366,208,364,522,252,284
"ARHGAP31",364,174,425,147,599,489,369,232
"ENTPD5",324,295,395,258,349,507,255,415
"CBX4",346,383,376,184,427,505,274,302
"NIPA1",305,347,383,273,346,512,272,359
"ADO",374,287,407,241,384,469,321,314
"APBB3",380,336,430,262,368,428,297,294
"TAF1B",327,282,373,212,462,570,290,279
"DYNC2I2",398,260,476,213,366,389,342,351
"TIMM22",334,324,403,212,462,558,254,248
"TNFAIP6",444,136,303,36,1170,195,473,37
"SMYD2",336,329,305,244,389,595,273,323
"CSPG4P12",460,328,437,166,448,446,271,238
"LIG4",339,322,334,236,465,500,272,322
"DOK1",316,345,385,215,403,513,283,329
"TRIM65",354,405,360,186,419,442,326,297
"IPMK",318,380,236,234,371,689,209,352
"COMMD1",414,353,398,222,361,451,314,276
"NANS",304,335,393,282,325,522,270,357
"KANSL2",342,277,396,244,438,462,311,318
"DMAC1",361,384,346,195,365,461,323,352
"ASB6",306,323,389,232,381,529,282,345
"PODNL1",136,133,462,183,532,793,230,317
"SLC25A20",304,300,379,240,511,435,324,293
"MAD2L2",341,386,354,235,369,500,271,328
"CMKLR2",294,358,492,396,298,347,211,388
"DNAJB5",411,348,376,159,470,518,295,206
"ZNF580",307,355,342,231,411,492,317,327
"SERPINB8",293,342,274,247,319,595,252,459
"HIGD2A",357,317,401,241,392,492,282,298
"MRPS23",300,298,357,261,394,567,273,330
"ZNF134",323,260,476,185,451,503,290,291
"ZNF268",287,213,458,213,480,568,309,250
"KLHL28",344,306,403,222,372,471,298,360
"SPOUT1",356,327,384,217,404,508,254,326
"PWP2",324,334,376,196,379,510,307,350
"UNC93B1",260,355,277,252,356,688,215,372
"METTL5",343,381,290,267,387,522,223,362
"FAM76B",308,316,382,293,343,454,321,357
"SCG5",542,294,442,215,254,280,418,328
"BCKDHB",346,324,373,322,282,477,329,319
"KCTD5",358,313,403,226,408,469,258,336
"LINC01278",306,306,345,220,418,561,303,310
"CASP8",339,220,443,224,432,468,323,319
"SLC25A29",463,256,395,166,468,279,430,311
"USP6NL",381,281,399,204,456,436,346,260
"PCDHGA4",256,251,476,235,412,459,289,385
"RNPC3",393,336,364,229,393,402,307,338
"MOAP1",301,296,321,266,356,509,290,422
"RNF121",349,273,432,219,382,440,345,320
"MAPKAPK5",352,300,367,239,376,509,281,335
"TARBP2",349,405,392,225,344,473,240,331
"EEF1A1P4",406,345,442,209,296,378,339,342
"DNTTIP1",413,310,474,215,411,388,297,247
"STEAP3",169,74,276,123,620,1037,301,155
"CDAN1",366,264,378,191,466,437,344,309
"COMMD8",346,263,341,255,370,580,276,324
"INVS",380,321,371,180,447,478,280,297
"HMCES",330,339,363,258,356,422,327,359
"TUSC2",351,338,351,249,337,520,275,332
"PTGER3",350,288,515,214,452,363,282,288
"CDCA7L",324,241,388,167,434,502,383,313
"WDR20",344,265,342,247,429,504,296,324
"KATNB1",412,339,399,205,342,425,319,310
"MBIP",399,253,428,185,472,402,364,248
"JMJD8",380,327,374,200,401,525,278,266
"SIRT3",321,277,477,260,366,423,316,310
"TDRD7",299,377,316,279,362,479,254,384
"IDI1",457,368,364,234,368,413,256,286
"DDX20",301,326,369,254,373,598,241,283
"RHNO1",378,215,518,191,478,369,340,256
"BID",274,261,364,214,533,602,251,245
"ATP5MF",358,344,385,202,433,504,255,262
"PIBF1",315,262,382,246,396,538,284,318
"ULK3",355,448,274,213,336,469,294,350
"PPP3CC",290,339,335,295,380,405,271,423
"ZNF777",340,266,408,176,431,479,319,319
"CTTNBP2",541,211,571,157,412,286,388,171
"PEX13",338,272,394,242,412,525,255,299
"CNEP1R1",348,313,376,245,359,498,296,301
"GATB",379,266,421,208,462,403,302,294
"ABHD15",268,355,337,323,270,467,265,450
"QPCT",135,385,209,314,381,464,210,635
"NCAPH2",423,364,401,194,352,444,294,260
"GORAB",376,231,424,173,472,444,368,244
"RNF2",372,279,380,188,440,480,336,257
"WDR91",348,273,339,169,373,698,284,247
"GPCPD1",299,185,476,173,548,433,360,257
"BCL10",397,308,380,233,370,451,297,295
"THAP5",309,249,401,248,414,429,354,326
"C22orf39",397,276,307,187,383,391,390,398
"IL11RA",358,326,378,165,363,353,424,359
"POU2F1",331,269,381,222,405,387,371,360
"DAGLB",295,333,382,292,315,501,249,358
"PGM2L1",309,239,342,172,664,554,249,195
"DGUOK",313,314,366,215,350,489,344,332
"ABHD10",404,225,441,185,442,346,426,251
"TSSC4",403,366,371,208,319,489,258,306
"ORC4",352,336,379,241,397,427,297,290
"SENP7",381,189,553,186,476,311,368,255
"BCLAF3",346,271,402,248,390,461,299,302
"ZNF189",385,241,398,227,422,402,350,293
"GRPEL1",292,365,348,215,346,663,201,287
"PUDP",280,274,282,178,309,501,453,439
"NAPEPLD",325,202,469,220,399,443,360,298
"CASS4",281,210,444,210,195,746,282,347
"VPS37C",347,316,373,236,360,473,302,308
"DHRS7B",220,242,404,262,289,605,266,425
"QSOX2",314,306,366,233,373,502,292,327
"DHX35",305,354,376,232,351,534,263,297
"CNNM3",304,262,353,280,350,418,315,429
"PFKFB2",360,288,351,244,361,430,322,354
"TRIAP1",408,345,427,196,388,404,308,234
"PRSS35",330,41,907,89,720,123,439,60
"METTL2B",314,278,426,243,360,434,328,325
"BCS1L",435,411,392,213,277,380,285,313
"ARHGEF18",348,342,340,240,323,524,274,315
"CEP162",361,270,403,182,497,411,325,257
"CYTH1",371,311,431,263,374,289,341,325
"UQCC2",444,327,419,166,395,448,319,186
"SLC39A8",343,289,563,293,259,343,275,339
"DPH1",373,353,394,202,341,407,277,356
"GMDS",475,299,382,172,450,407,283,234
"TENT4B",329,294,324,244,401,439,283,388
"TMCO4",339,273,383,205,417,462,298,324
"MRPS6",339,182,473,264,361,349,413,320
"WRN",325,287,327,216,352,497,361,335
"MFSD11",367,277,456,253,369,272,373,329
"GMEB2",378,301,358,205,382,447,305,320
"EDRF1",321,269,390,205,432,458,300,321
"CDIN1",407,228,472,145,406,328,422,288
"GPKOW",342,288,373,246,409,441,286,310
"DNAJC4",379,323,425,191,414,384,296,283
"OSBPL11",343,281,380,208,429,448,257,349
"LSM10",382,339,400,181,369,407,329,287
"COL11A1",56,228,286,722,77,549,97,678
"ZNF226",345,216,481,177,496,416,311,249
"SLC16A4",316,127,776,223,342,231,430,246
"ZNF780A",355,279,423,189,334,409,355,347
"LDAH",365,277,340,152,486,489,296,283
"RPS9P2",293,313,434,234,375,396,327,316
"ZNF236",355,244,393,171,420,456,330,318
"SEH1L",257,348,291,257,263,617,271,378
"USP30",395,231,373,190,473,383,349,287
"LTV1",244,297,355,252,421,585,271,256
"DALRD3",391,326,400,171,369,412,307,305
"MSL2",347,278,374,230,381,445,295,330
"SAMD5",544,247,545,124,326,311,440,143
"CACHD1",324,183,401,232,340,345,442,412
"D2HGDH",369,333,371,176,351,449,341,288
"MRPL47",327,323,383,252,378,507,262,243
"HDAC11",358,268,385,241,366,401,327,328
"UFSP2",390,260,450,178,429,349,362,253
"FAM200B",260,246,409,336,302,425,330,363
"RSPH3",317,217,416,254,416,502,260,287
"KLC4",362,271,413,185,438,356,313,331
"FAM217B",316,265,426,239,355,401,333,334
"DUSP10",534,220,396,103,541,291,418,164
"DOK5",499,286,381,117,302,222,624,235
"MRPL44",328,281,403,242,384,450,264,314
"INO80D",293,298,395,251,359,471,302,296
"GTF2B",324,294,394,227,398,458,255,315
"CLCN5",265,288,362,250,349,467,330,354
"C6orf132",220,369,330,240,383,621,174,327
"ARMC6",379,335,402,221,334,472,278,242
"COX7A1",282,346,324,220,326,481,305,379
"POLR2J3-UPK3BL2",273,275,544,312,242,326,359,332
"SNRPA",424,305,448,215,355,321,333,261
"UNK",435,291,384,154,424,387,307,280
"RNF150",131,84,487,138,675,825,234,88
"CACTIN",320,296,395,199,358,493,272,328
"PRMT5",314,337,359,220,393,480,283,274
"TAF5L",266,319,328,243,381,597,215,310
"PNKP",437,303,391,153,386,476,291,220
"DHRS1",432,269,326,142,436,481,274,297
"GPRASP2",391,161,528,171,428,306,425,247
"CPSF4",390,275,419,202,394,426,317,234
"CEP295",312,253,353,218,422,422,318,359
"PIGC",253,293,330,264,379,472,300,365
"HLX",274,283,333,253,343,447,295,428
"UBALD1",307,426,292,229,283,516,218,385
"TRIQK",358,303,379,227,375,384,295,334
"MRM2",275,292,440,224,419,455,293,256
"SRD5A1",340,279,334,247,379,499,277,299
"MSRB1",283,332,312,280,265,540,219,422
"CRYBG1",303,327,224,249,341,472,231,503
"SUOX",368,346,464,205,383,321,306,256
"DOP1B",294,207,353,234,313,500,383,365
"SPR",305,337,381,261,315,425,278,346
"ECSIT",456,370,363,148,383,419,261,248
"FAM124A",238,392,224,227,440,647,166,314
"BEST1",364,167,463,131,402,379,459,282
"TRPV2",327,268,346,213,426,490,258,319
"METTL22",365,356,357,213,398,437,235,284
"IER5L",438,301,343,112,504,333,389,225
"ATP13A2",251,296,322,210,372,636,227,330
"ZCCHC2",345,244,257,271,466,443,272,341
"TDG",330,272,346,217,412,494,283,284
"NOL9",380,325,374,203,343,441,287,283
"IQSEC2",314,277,383,249,349,464,288,310
"CASD1",328,282,356,200,362,439,360,305
"PLCE1",230,280,410,288,222,338,334,530
"TXNRD2",283,281,381,225,373,570,231,288
"BTBD19",320,165,533,143,427,473,360,211
"B3GALNT2",316,235,484,205,379,321,368,322
"ZNF213",383,294,356,136,400,459,339,262
"EOLA2",315,294,434,252,317,418,303,293
"SUPV3L1",320,267,377,200,406,468,301,286
"MTO1",390,300,350,181,438,402,291,272
"PEX14",340,295,389,192,369,501,254,284
"INTS7",422,290,435,145,479,363,290,200
"SMAD1",421,226,525,133,408,269,408,234
"SLC15A3",273,308,307,233,378,505,296,323
"DUSP7",379,386,320,170,384,421,285,278
"MPLKIP",291,408,260,241,298,538,191,395
"ZNG1F",330,290,315,219,387,500,302,277
"G2E3",312,296,330,240,348,457,281,355
"OMG",455,177,599,107,700,155,319,107
"CAMK1D",384,165,496,191,494,327,345,217
"MITD1",310,278,343,180,433,416,328,329
"RPSAP45",291,329,424,159,447,426,278,262
"METTL17",375,337,390,207,384,352,285,283
"ZW10",337,260,393,217,385,434,292,294
"PABPC3",395,386,316,223,325,376,310,281
"PPIP5K1",399,139,537,210,433,303,379,212
"RPAIN",295,259,389,239,416,393,306,314
"CPS1",397,259,474,216,299,299,355,311
"MZF1",362,270,434,172,417,419,324,212
"TAFAZZIN",330,371,293,226,341,436,270,343
"PDLIM4",407,299,471,184,268,306,416,258
"GPT2",363,228,385,133,466,430,375,229
"SAMD1",376,360,348,205,334,349,338,298
"CCDC71",335,247,414,167,402,476,291,276
"RPAP3",347,294,237,123,513,449,345,298
"METRN",343,390,227,132,324,533,318,339
"ZNF274",289,211,479,187,505,483,247,205
"TMEM179B",314,296,330,229,430,480,254,273
"GSPT2",321,267,381,220,395,403,327,292
"RPL13AP20",461,421,328,178,281,418,262,254
"REXO1",283,294,352,242,322,521,252,336
"ACSF3",298,284,330,198,394,523,275,300
"ARL6IP6",335,337,326,257,308,409,275,354
"LSM7",398,313,398,175,348,398,299,271
"VCF1",342,237,362,195,396,504,273,291
"ZFP64",326,284,446,153,413,449,293,235
"CPEB1",524,296,454,160,350,162,400,253
"ZSCAN18",269,202,464,236,394,490,289,252
"DCUN1D5",299,304,320,218,358,501,291,305
"RNF126",299,351,286,182,339,542,265,330
"MRPL13",314,317,366,236,362,457,268,274
"UNG",325,250,390,183,442,402,311,287
"RNASEH2C",369,303,340,201,301,451,323,300
"RINT1",355,274,313,207,421,434,281,302
"CFHR1",185,228,313,235,326,588,271,440
"DCLRE1C",355,321,328,220,322,372,297,370
"RPS8P8",179,198,376,230,250,480,437,434
"HMBOX1",376,222,353,163,387,416,330,335
"DIO3OS",286,349,342,312,198,219,309,567
"SCARB1",307,169,478,139,529,533,259,167
"ESS2",330,317,366,214,374,428,263,289
"ARRDC2",257,366,248,265,289,490,216,450
"HACE1",363,264,330,221,395,404,328,275
"KLHL8",297,306,319,231,316,381,302,427
"GTPBP10",292,282,376,226,347,416,301,338
"ZC3H6",274,202,436,241,374,430,314,305
"CHEK1",294,336,375,272,332,399,259,308
"MTX3",327,216,395,174,347,392,368,356
"CHLSN",254,190,455,194,390,517,303,271
"MRPL4",312,349,339,215,330,500,242,284
"DNALI1",367,270,448,168,410,323,351,234
"MAPRE3",449,228,458,161,456,278,318,222
"COG7",311,239,410,198,425,408,311,268
"MIEN1",289,279,337,246,367,472,251,328
"RPL22L1",286,366,260,205,470,504,278,199
"NBEA",417,215,354,245,388,376,275,298
"SMIM19",330,258,345,270,313,406,298,348
"PAG1",357,175,300,114,475,762,244,140
"PIGO",309,231,423,193,400,462,293,256
"NUDT12",308,263,379,242,325,337,345,366
"IFITM1",306,220,319,216,484,464,293,263
"POLR1F",295,301,354,222,337,471,276,308
"ZBTB43",295,293,319,203,367,520,278,289
"PDGFRL",193,225,305,219,393,264,421,543
"AIRIM",297,283,352,216,342,423,308,342
"TAF3",298,235,402,186,419,452,301,268
"BTD",349,232,373,231,387,422,286,279
"AGK",303,276,344,203,420,467,268,277
"RNGTT",309,256,382,258,301,500,260,292
"ERICH1",242,253,325,186,363,582,266,340
"MTRFR",356,233,385,171,450,375,325,261
"ZNF581",361,319,417,192,383,299,280,304
"FGFR4",434,294,496,131,316,300,371,211
"CYRIA",489,196,442,144,404,282,370,226
"RIOK1",301,291,353,218,369,414,298,308
"CDK2AP2",284,370,298,240,206,609,174,371
"C8orf82",298,340,303,188,302,437,285,398
"LRRC40",370,283,316,216,378,449,272,266
"UCHL5",313,286,352,217,344,501,278,259
"PRXL2B",325,357,342,206,335,442,243,299
"NOVA1",298,210,365,148,511,335,415,264
"MEX3D",437,246,335,163,396,327,330,312
"SMIM29",367,297,326,181,351,420,312,292
"ORAI3",312,283,358,238,239,391,296,428
"DSC3",52,58,194,355,315,960,165,445
"NDUFA12",351,305,371,247,366,413,257,234
"RRP12",270,255,315,188,416,565,287,247
"ANKRD26",267,233,401,168,502,463,269,240
"GMCL1",311,365,301,258,304,451,229,323
"LANCL2",298,255,373,191,420,426,311,268
"ZNF470",285,252,314,152,420,712,227,180
"CTPS2",352,249,299,214,353,381,337,356
"LSM8",315,266,340,219,356,466,308,271
"SLC26A11",364,256,385,174,400,354,336,272
"LINC02035",257,240,286,369,364,375,309,338
"COX6A1",322,321,349,216,336,411,280,301
"HIP1R",324,209,290,156,465,349,384,359
"RBM12B",306,224,340,214,336,526,302,287
"CPTP",317,286,370,208,372,426,276,280
"PMVK",353,311,386,217,310,361,322,270
"RPP14",373,242,337,197,354,424,301,299
"GPANK1",352,288,375,208,342,388,306,268
"MAP3K1",326,224,485,201,288,328,386,288
"LINC00847",278,323,366,207,405,423,252,272
"SNAPC2",332,371,325,210,234,419,264,370
"MRRF",363,358,377,165,349,371,283,259
"THAP11",328,319,325,207,341,412,266,327
"WARS2",286,236,444,263,341,367,311,275
"SLC25A25",284,327,313,213,302,521,217,344
"EXOSC1",310,242,374,181,452,397,301,264
"TMEM161A",357,307,304,169,331,509,259,284
"CEP78",310,287,355,180,394,485,269,240
"CHST2",367,201,322,160,309,551,359,251
"ALG1",304,275,363,202,337,469,288,280
"ELL",330,340,287,211,311,425,251,363
"WRAP73",317,325,322,219,368,497,207,263
"MTARC2",232,239,329,279,291,444,286,418
"GPATCH11",293,234,402,238,422,394,245,290
"WHAMM",241,308,275,224,317,527,238,388
"CCDC8",518,292,319,95,134,192,594,374
"TMEM70",319,345,296,249,327,369,256,357
"SLC1A7",382,270,524,177,343,229,338,254
"NCAPD3",312,264,342,220,366,413,292,306
"TXNDC17",323,354,324,217,313,502,222,259
"NIFK",319,280,319,202,347,484,252,311
"PAQR3",242,267,397,252,340,468,242,306
"SOBP",381,216,431,162,459,169,449,246
"NAT14",383,341,290,189,300,420,277,311
"DTNA",403,209,361,127,577,284,346,204
"FDPS",324,263,394,195,348,405,274,308
"HPF1",348,304,311,191,440,365,295,255
"TST",189,382,195,314,210,536,185,495
"MRPL21",397,337,308,195,345,426,242,256
"SHC2",305,192,418,210,423,439,261,257
"MAGI3",339,239,376,164,414,369,325,277
"IFT43",315,282,336,208,322,520,256,262
"PTPDC1",188,324,265,309,250,621,206,337
"MSMO1",376,283,433,237,307,364,258,241
"SLC4A4",361,152,486,123,488,424,278,187
"AAK1",287,235,396,145,360,482,316,278
"TRNAU1AP",238,257,342,253,383,473,256,297
"SLC12A2-DT",259,257,372,221,354,446,320,270
"LINC02802",422,342,362,157,325,381,265,244
"DARS2",309,282,341,217,360,451,243,294
"LRFN3",287,292,303,198,323,487,288,317
"RCBTB2",298,335,325,213,304,412,291,317
"GZF1",315,310,307,196,378,482,236,270
"TRUB2",304,241,361,171,428,484,261,244
"CDC42EP5",320,288,384,191,287,408,306,309
"PIGV",244,250,401,265,309,395,264,364
"ARAP3",329,224,377,138,415,339,411,257
"FITM2",294,365,317,233,345,417,233,286
"TRADD",375,322,348,181,310,401,259,293
"PMS2",341,224,407,196,384,390,304,243
"PLA2G6",289,335,327,223,308,339,292,374
"NDUFS7",393,300,376,155,375,409,228,249
"TSTD2",353,222,399,179,411,402,295,224
"ACER3",183,303,263,306,317,601,183,328
"COL5A3",222,495,274,199,153,391,268,482
"CTBP1-DT",356,216,443,175,382,342,316,254
"TUBB2B",291,347,427,138,369,556,194,160
"TMTC2",255,220,351,194,461,425,278,298
"JARID2",277,260,284,220,308,541,227,364
"ADGRL1",411,325,359,144,299,241,388,314
"BEX4",324,233,343,176,401,404,330,270
"INO80B",343,287,402,164,324,362,290,309
"TUBAP2",583,249,451,113,337,343,273,132
"PHLPP2",240,229,296,218,342,486,268,401
"IRF2BP1",367,280,349,149,380,338,332,285
"MATCAP1",531,288,509,116,335,189,322,190
"CCHCR1",354,258,407,184,385,333,291,268
"TMEM161B",274,249,317,216,367,439,265,352
"MTFR1",264,308,267,238,324,430,283,363
"XPNPEP3",294,200,350,251,390,425,280,287
"METTL15",387,257,323,138,411,389,307,260
"SWI5",343,276,372,186,383,377,274,261
"DACT3",394,245,357,178,409,285,360,244
"TCN2",362,268,529,254,225,196,323,314
"BEND6",371,221,440,163,406,289,352,228
"GTF2F2",315,236,369,185,502,393,269,201
"LSM5",318,313,337,214,309,443,267,268
"SEPTIN5",369,212,353,109,352,402,393,278
"STOML1",324,224,437,172,356,394,315,244
"ABCB10",279,283,310,239,296,471,252,335
"PAX8-AS1",4,9,429,202,807,956,31,27
"PDPK2P",239,192,374,130,387,414,356,373
"PFDN2",298,319,306,190,417,481,215,238
"PCCA",339,309,330,198,381,379,254,274
"FAM171A2",383,179,478,125,390,205,427,276
"ACOT13",319,234,366,137,508,369,309,220
"ACOT8",311,275,391,169,368,364,296,287
"DOT1L",286,305,275,205,340,501,230,319
"CSAD",326,261,386,203,356,312,324,291
"NADK2",311,260,305,174,412,354,349,289
"PGM2",333,316,332,261,292,465,205,250
"MOSPD3",317,286,381,142,377,369,283,298
"AXIN2",173,383,236,338,204,382,216,520
"RNF25",289,281,346,196,354,460,261,264
"KCTD21",331,265,335,212,344,417,253,294
"OSGEP",329,236,368,163,400,408,298,248
"CIT",381,128,478,112,735,177,304,135
"PHAF1",306,248,345,201,391,423,262,273
"SEMA7A",175,149,364,214,325,708,266,247
"FOSL1",313,188,349,105,356,547,386,204
"CACNA1A",111,102,129,46,674,789,344,250
"ZNF480",311,245,352,175,440,476,207,239
"PYCR2",287,301,302,238,291,487,233,304
"PRDM5",280,245,393,161,292,365,386,320
"TBC1D22B",348,262,374,161,412,342,315,227
"STK11IP",326,293,370,204,301,451,245,251
"NPAS2",145,318,211,200,263,819,151,334
"NLE1",385,278,372,125,405,373,308,194
"SLC25A16",285,263,343,220,341,393,280,315
"ANKS3",319,271,393,197,319,411,270,259
"CDH2",249,118,332,225,222,195,603,494
"HHIPL1",278,235,466,214,196,268,377,404
"ITGA6",113,95,429,401,312,568,194,324
"KIAA0586",354,253,396,182,368,335,313,233
"MOB4",286,282,336,225,332,513,247,213
"IMPA1",234,259,326,268,348,472,227,300
"JMJD6",247,354,255,174,355,569,198,280
"XRCC1",386,305,381,202,339,334,231,254
"SBSN",172,76,379,211,437,418,395,344
"MAP4K3-DT",187,233,357,275,283,552,230,315
"CYP20A1",287,215,382,228,276,426,286,331
"MGMT",302,294,325,174,308,334,344,350
"IFT20",323,306,339,163,399,400,261,239
"KCTD17",306,260,308,174,363,443,267,308
"HYCC2",315,258,321,215,353,371,284,312
"MRPL57",313,272,365,169,410,408,241,251
"PSMG1",274,265,314,195,400,415,305,261
"RPL26L1",271,303,295,230,360,487,214,268
"ZBED4",319,283,311,171,353,508,227,256
"MSTO1",315,274,376,168,326,493,236,240
"SCAPER",321,250,393,228,311,350,247,326
"CDC26",270,302,316,214,329,442,264,288
"RUNDC1",249,265,343,186,358,519,231,274
"RABGGTA",338,267,379,204,356,374,250,256
"ALDOC",370,205,406,141,367,514,235,185
"NT5C",296,285,345,187,296,464,246,303
"SELENOI",323,251,318,194,356,494,232,254
"ASPA",330,416,277,249,247,259,313,330
"TMEM120B",322,320,350,173,286,449,292,229
"MYL5",330,211,338,167,358,427,306,284
"AOC3",216,226,285,172,80,192,578,671
"TARS2",356,290,369,182,299,370,272,282
"SNRNP48",292,291,279,215,372,385,273,313
"MRS2",294,250,348,197,355,443,251,281
"INTS15",351,280,338,200,331,395,265,259
"RBMX2",288,220,361,185,387,394,320,263
"WDR90",351,275,305,169,295,474,267,281
"C1orf52",261,246,352,222,383,417,267,269
"KBTBD6",319,250,337,179,367,443,271,251
"MAPK11",302,387,313,247,239,357,229,341
"TAPT1",291,246,375,241,322,328,282,328
"L3MBTL2",316,240,416,183,345,437,255,220
"ING5",267,334,302,223,298,379,279,328
"ARRDC1",284,276,300,232,287,409,260,361
"AP4M1",334,221,424,178,321,305,337,289
"SDHAP2",339,282,346,187,364,364,261,265
"CYFIP2",533,211,392,95,479,313,241,143
"TRNT1",277,258,333,198,377,528,214,222
"MPP1",290,317,303,190,412,370,271,254
"RAB8A",312,280,333,204,323,448,229,278
"ANKRD42",259,213,387,204,367,414,268,293
"MPC1",281,314,323,280,260,378,227,341
"CHI3L1",64,22,646,377,210,276,441,367
"FBXO25",320,217,341,186,370,395,276,298
"BBC3",490,267,396,126,354,240,326,203
"CHML",319,241,210,218,300,508,254,352
"ZNF510",306,200,411,181,381,348,304,270
"EIF4EBP1",362,276,356,141,380,388,268,229
"RMC1",243,275,256,257,337,456,211,364
"TTN",331,263,375,161,235,411,290,332
"MTHFSD",383,213,384,158,414,400,239,206
"NDUFAF7",287,280,357,191,386,396,251,248
"GRK6",249,299,262,173,342,526,256,289
"ZXDB",297,254,312,218,320,385,299,311
"RHBDD3",306,311,370,200,317,349,297,245
"KCNE4",242,229,278,177,457,601,162,248
"AFMID",215,225,347,227,342,529,211,298
"ERCC4",280,255,316,198,388,378,297,280
"ZNF652",318,235,340,192,360,455,251,241
"PTPN2",273,242,348,167,372,477,252,260
"AGAP6",287,307,373,210,321,407,249,237
"NFATC3",269,237,333,192,368,381,273,337
"TATDN2",312,317,257,217,279,435,279,294
"ABITRAM",280,228,330,175,424,428,265,257
"IGHMBP2",226,252,258,249,297,555,210,340
"GLA",308,260,333,165,398,399,266,257
"SNAPC4",326,252,350,146,366,373,290,282
"SEMA6D",474,138,489,148,494,134,323,181
"PANK4",327,332,280,150,329,451,242,269
"FLAD1",279,316,316,187,378,427,217,259
"TMTC4",439,284,218,109,426,343,315,244
"PWWP2A",337,271,310,179,449,396,225,211
"UPF3B",261,287,302,212,419,415,228,252
"C15orf39",333,282,280,148,402,424,244,263
"SNRPD1",289,303,325,178,297,497,244,242
"GABPB1",260,295,319,157,411,444,270,218
"R3HCC1",350,306,321,162,381,336,271,245
"NHP2",292,309,350,152,370,425,248,225
"ISOC1",415,338,289,174,280,345,266,263
"FRMD4A",260,187,326,107,476,554,247,212
"PRRT2",341,230,463,141,294,152,447,301
"SLC50A1",304,265,322,165,374,351,321,267
"USE1",328,276,381,165,331,368,273,246
"METTL2A",287,245,342,181,312,426,277,297
"DPH7",333,236,388,174,357,352,283,244
"EIF1AD",262,249,367,189,365,422,236,277
"ATP10A",108,220,313,348,170,686,148,374
"WDR18",337,331,270,139,278,529,220,261
"BIN3",295,279,280,180,333,466,244,288
"STARD4",401,233,362,144,318,387,260,260
"USPL1",273,260,330,177,341,410,290,283
"CAMTA1",291,266,308,188,333,452,274,252
"GNG2",450,235,375,99,579,309,232,85
"ZNF398",283,275,340,209,328,392,258,279
"IFT74",245,210,366,243,380,419,260,240
"NR2F6",322,266,323,193,289,412,277,280
"CYB5R4",362,272,315,167,374,417,224,230
"GPR180",291,299,271,167,362,522,229,220
"RBMXL1",254,286,282,196,306,451,210,376
"PRKAR2B",220,242,281,317,291,387,209,413
"RALGAPA2",303,237,354,169,359,371,270,297
"EIF4E3",345,303,379,237,176,239,326,354
"NUDT2",304,296,314,171,293,308,309,364
"PPP2R3C",270,255,343,252,409,462,173,194
"F10",202,290,359,305,268,421,146,365
"CENPC",251,187,406,195,380,370,294,272
"CARD19",316,329,298,160,338,401,219,293
"TCP11L2",348,222,291,186,379,391,229,308
"NAA16",296,237,309,204,331,421,266,290
"SEC31B",247,305,329,209,362,360,287,253
"HPCAL1",271,262,303,183,317,371,303,342
"ORC2",290,250,330,204,346,374,276,282
"NSUN4",277,250,323,177,336,443,275,271
"CNOT10",308,248,337,212,349,380,251,267
"NTF3",290,200,518,210,331,404,195,204
"SH3BP5",388,233,429,107,390,227,401,175
"PTPRJ",203,216,304,228,299,471,227,401
"RNF31",322,253,344,164,308,406,261,290
"PAAF1",297,230,350,214,341,366,289,260
"PDE6D",317,249,332,159,390,383,246,270
"ZFY",372,334,373,290,387,587,0,1
"EEF1B2P6",384,386,310,190,273,345,259,197
"NDUFAF2",282,258,317,144,382,469,241,250
"RPS10P26",414,455,257,191,231,373,223,198
"AMIGO1",279,195,393,222,222,223,398,409
"ABCB7",297,233,359,179,381,368,283,240
"LDLRAD3",240,352,226,195,316,392,230,389
"DHX58",295,254,303,179,294,386,304,324
"NMNAT1",332,217,342,208,348,372,276,244
"PDE4B",324,252,182,60,579,762,82,98
"KAT5",305,273,360,187,317,371,252,273
"ZBTB21",226,279,228,179,380,503,217,325
"OGG1",329,265,381,143,343,399,252,223
"GALNT12",487,234,648,123,198,121,355,169
"PLCL2",302,258,331,182,297,328,292,345
"GTPBP8",312,270,378,183,284,391,276,241
"STX3",364,280,233,180,337,386,248,304
"RFXANK",266,267,369,188,357,435,224,224
"TRIB3",416,209,427,87,316,185,474,214
"ZFAND1",313,221,365,203,341,347,285,253
"TMEM208",272,290,270,198,313,486,223,276
"ZNF512",338,257,357,169,401,330,277,198
"PTGER2",283,370,311,161,313,494,192,202
"FAM53B",367,260,397,162,307,314,266,253
"ZBTB45",301,273,365,192,266,364,257,307
"DGAT1",283,280,262,175,317,485,246,276
"CRIPT",343,264,294,205,368,388,208,253
"ZNF513",272,288,362,156,328,459,226,231
"PARG",314,241,342,208,322,390,217,285
"SLC25A30",300,214,310,157,407,452,223,255
"RAVER1",251,261,320,147,340,540,210,247
"PTBP2",301,231,379,194,394,291,294,231
"MPHOSPH6",294,349,311,163,376,438,170,214
"KGD4",226,288,283,252,258,456,232,319
"FBXL19",330,327,276,169,332,354,265,260
"PTPN4",301,183,414,179,366,314,313,241
"MGME1",267,247,370,281,272,322,243,309
"SMAD6",306,175,402,243,277,356,280,272
"BORCS7",286,291,375,227,292,354,222,263
"SERTAD3",315,292,351,154,379,374,216,229
"LMF1",250,290,294,188,360,459,223,245
"TKFC",317,280,342,167,296,366,267,274
"SCFD2",330,284,341,174,280,309,327,264
"INSIG1",649,234,488,110,231,142,249,206
"RRP1",284,267,283,168,330,494,232,250
"ZNF500",307,266,351,216,342,352,220,253
"GCNT4",58,107,168,289,158,1227,84,216
"MAK16",198,221,341,199,287,548,231,282
"ESCO1",232,260,333,182,342,426,247,284
"RAB40B",367,267,359,166,304,231,320,292
"OBSCN",512,293,148,37,488,447,227,154
"FOXN2",245,268,205,287,204,461,202,434
"QRSL1",286,232,267,136,447,424,261,252
"NIP7",226,266,268,199,339,540,204,263
"THOC3",301,207,458,250,296,322,253,216
"EIF2B3",270,264,368,192,352,357,264,235
"SEMA4F",330,227,301,177,324,437,258,248
"TMEM44",312,170,330,154,408,347,318,263
"RIPK2",309,229,311,147,399,380,294,232
"TYSND1",300,341,231,204,266,401,250,308
"SPATA2",271,212,386,171,329,409,265,258
"ZNF471",239,184,392,207,400,356,239,284
"UBIAD1",218,256,233,252,269,465,207,400
"PRUNE1",323,234,310,208,342,341,267,274
"SMIM10",189,221,280,206,273,593,212,325
"EPHA4",145,433,147,125,191,270,210,777
"SRBD1",349,221,383,131,394,370,283,166
"POU6F1",292,217,364,174,382,308,300,260
"GLUD2",309,307,285,209,247,363,223,347
"TIGAR",333,265,311,154,366,478,225,157
"TRAP1",357,249,266,113,349,401,286,268
"COQ7",336,230,371,162,354,361,252,223
"DNAJC25",229,177,308,199,366,534,225,250
"CDK8",298,231,251,227,402,410,216,253
"TLR4",190,99,370,339,239,556,159,335
"ASPSCR1",282,263,331,169,335,440,232,235
"LRRC37A3",286,205,304,139,433,460,272,188
"SLC38A9",282,226,309,220,329,452,201,268
"IPP",277,196,375,188,321,390,281,259
"ZNF343",246,264,291,225,324,425,211,300
"ITFG2",303,188,436,165,368,346,266,214
"LINC01436",223,187,463,299,341,579,83,109
"GTF2IRD1",309,221,346,170,330,276,299,331
"MALSU1",243,276,278,210,318,479,212,266
"ARHGAP45",271,288,417,236,301,355,205,209
"TIMM21",305,235,333,173,361,411,253,210
"NIPSNAP3A",245,274,293,273,253,445,210,288
"LOC100288073",271,231,359,120,299,703,176,122
"TTF1",259,210,338,187,353,399,275,259
"BICD1",272,182,338,153,377,460,276,222
"RAB28",328,281,323,186,319,358,215,270
"OMD",89,391,173,299,61,230,242,794
"DUXAP8",206,145,126,60,659,848,120,113
"SATB2",290,279,203,138,392,431,279,264
"RHOU",379,427,450,166,57,32,369,395
"CCDC51",253,341,349,267,216,300,218,331
"FAM229B",320,234,354,173,344,318,280,252
"TMEM243",296,297,248,227,237,359,269,341
"SNHG3",231,328,267,265,296,478,176,232
"NEURL4",321,265,301,151,331,399,246,258
"ZNF721",207,185,328,182,417,433,242,276
"C12orf43",319,252,372,151,314,382,239,240
"RNASEH2B",387,280,286,175,315,315,248,262
"SERF1A",236,223,237,196,408,532,205,231
"MAD2L1BP",260,297,315,214,302,351,246,282
"TBC1D25",292,273,336,167,336,359,244,259
"RNF215",269,266,317,192,299,371,260,292
"SIPA1L3",298,249,285,129,390,462,259,194
"COIL",310,246,269,189,329,414,259,250
"PIP4P2",342,248,249,210,301,339,304,273
"TMEM41A",238,248,341,243,250,397,245,304
"RTN2",240,248,256,229,294,375,256,366
"AASDH",277,210,344,176,305,391,289,271
"PLCB1",335,174,316,105,474,304,333,221
"SMIM13",221,245,247,249,279,483,216,322
"PIGM",315,208,323,168,318,418,253,258
"ANKRD13B",312,352,253,172,348,274,259,291
"RPGRIP1L",270,210,319,155,393,468,243,202
"NCAPG2",287,210,293,175,330,424,276,264
"RAPH1",243,150,480,169,221,433,236,327
"STEEP1",304,235,337,190,337,353,252,250
"FIBCD1",91,38,86,41,914,878,106,103
"TRAF6",278,256,305,172,327,396,235,288
"PRELID1",307,335,300,152,271,435,228,228
"ZNF32",283,228,323,173,412,386,236,215
"TMA7",280,302,281,234,266,431,229,233
"TTF2",336,250,265,118,337,372,327,250
"PCDH7",33,63,339,339,9,18,708,746
"NIF3L1",267,220,379,198,350,333,249,259
"CHIC2",240,221,309,218,248,404,262,352
"ZNF346",251,225,333,180,313,415,292,245
"ZNF462",266,137,352,115,373,455,295,261
"MIOS",252,290,277,168,309,441,222,294
"HOXB4",270,282,350,225,258,259,256,353
"RPUSD3",295,272,339,196,304,373,231,241
"TSPAN11",484,156,399,86,581,251,218,75
"NKAP",277,262,318,161,338,370,255,268
"TBC1D2",177,198,349,259,260,476,197,332
"METTL25B",253,281,325,173,281,350,264,319
"RIC8B",256,246,313,193,318,383,227,309
"ZDHHC12",194,281,258,274,194,470,199,374
"BMAL1",221,363,256,219,276,404,156,347
"SMYD3",335,237,350,165,311,384,277,183
"IFRD2",257,249,336,164,298,465,255,218
"POLR1B",269,218,319,161,299,396,301,278
"STAMBPL1",178,119,278,73,441,738,270,144
"HACD1",166,270,232,275,250,553,175,320
"POFUT3",217,176,335,169,315,379,319,331
"NAIP",308,244,395,199,441,332,186,136
"NCEH1",153,202,361,243,306,534,182,259
"ASB13",207,332,243,233,202,424,190,408
"PEX3",290,191,355,164,433,377,245,182
"CTF1",288,252,385,207,253,245,263,344
"HSD3B7",341,298,247,162,226,334,309,319
"GYG2",232,227,311,180,301,510,211,263
"TPST2",195,207,285,164,436,442,229,277
"ZC2HC1A",286,230,284,191,383,387,223,250
"AMMECR1",334,315,256,171,358,357,201,241
"FAR2",197,287,244,190,352,464,225,273
"SLIRP",306,297,293,178,294,405,246,213
"TRIM24",290,215,324,182,396,344,232,248
"ZNF761",271,223,307,184,359,385,268,234
"CASP1",364,222,259,97,532,332,255,169
"SVBP",317,258,376,168,355,280,271,203
"B4GALT3",264,284,269,175,375,335,238,286
"ZNF304",275,233,350,180,336,347,265,239
"AVEN",272,378,254,249,238,424,170,240
"CFAP20",332,254,299,147,360,361,246,224
"MRPS2",311,272,283,148,326,374,248,261
"ZNF710",243,239,296,118,359,505,243,220
"ESRRA",314,378,264,153,290,334,230,260
"CBR4",245,258,315,221,318,387,230,248
"SNX24",213,260,237,210,306,508,191,295
"ZMYM5",301,242,319,160,334,301,281,281
"COLGALT2",106,57,437,294,275,329,314,407
"DDX10",249,283,266,181,318,462,214,244
"TMEM254",242,208,370,213,300,374,269,240
"TTC27",245,209,285,194,324,405,297,254
"ACTR6",304,249,310,224,280,346,254,246
"ANKRD36B",297,196,367,144,357,342,299,211
"PFAS",355,268,263,121,282,472,245,206
"ARMCX4",334,253,307,143,346,350,264,215
"SCNM1",248,232,339,198,335,384,222,253
"SMO",553,226,439,114,108,71,455,244
"RARB",352,213,510,230,288,124,207,285
"ACAN",6,4,393,212,156,1105,180,153
"FBXL18",224,222,269,178,287,533,212,283
"SETD4",286,212,355,158,313,342,302,240
"BCL7C",307,258,270,172,344,372,232,252
"CDKL1",166,228,322,217,322,507,170,275
"SLC39A11",274,194,462,261,321,320,174,200
"ELP6",295,216,367,176,325,376,244,207
"ZNF776",283,193,319,188,346,389,243,244
"LOC392787",265,223,336,171,333,393,280,204
"ZNF331",228,206,300,170,361,453,238,248
"EMB",109,70,123,70,736,997,56,42
"TUBE1",279,160,405,132,402,288,329,207
"TMEM60",325,310,269,235,210,304,269,280
"KAT14",288,217,326,198,336,319,254,263
"LINC02693",278,221,246,106,432,438,274,205
"FAM220A",298,241,329,176,336,345,252,222
"SNPH",303,259,328,129,372,369,228,210
"SAYSD1",337,289,270,196,257,309,260,280
"CRY1",249,261,269,165,277,411,312,253
"UMPS",285,261,315,172,297,376,260,229
"TXNDC16",205,228,275,246,262,334,267,377
"NOL3",243,232,366,174,334,378,249,217
"PGAP2",341,224,347,171,323,299,271,217
"TOP2A",339,310,270,134,359,290,285,205
"WNT2B",171,222,324,143,376,569,163,224
"PPIL1",252,196,307,118,350,589,214,166
"HAUS1",324,278,301,179,317,292,242,257
"ALG9",189,263,264,141,243,700,197,192
"RLIG1",229,278,237,196,262,502,190,295
"RAB15",220,151,331,177,425,447,222,216
"ZNF692",372,235,358,129,341,305,248,200
"ZNF316",302,199,290,149,276,352,315,304
"RCAN3",147,226,336,353,197,370,165,392
"SMIM26",264,279,290,164,298,379,244,267
"HPRT1",247,246,303,159,308,483,217,221
"CD320",367,242,264,107,342,370,263,226
"SCN2A",499,191,576,215,232,180,192,94
"TCEANC2",262,239,355,170,291,325,279,257
"SLC25A22",251,256,241,184,244,385,303,314
"RILPL1",242,242,312,158,320,401,273,230
"CD27-AS1",271,275,369,227,258,264,247,267
"ZNF787",324,246,305,135,294,358,252,263
"NSMCE2",277,259,294,205,320,350,228,244
"RHOD",283,319,333,174,208,304,256,300
"SHISAL1",398,108,270,40,654,469,192,44
"ZNF844",234,255,377,210,324,276,239,260
"GUCY1A1",376,360,449,185,218,139,289,157
"DNMT3A",329,175,343,121,391,315,282,216
"CCDC102A",275,253,353,145,288,304,294,259
"CYP3A7",748,557,219,35,231,199,121,61
"ZNF562",244,213,307,157,393,438,205,214
"DNAH1",314,231,427,142,235,294,279,248
"B3GLCT",143,155,315,259,315,377,261,345
"H3P36",360,270,309,164,337,272,220,238
"DDT",250,283,295,171,241,461,190,278
"NT5DC3",199,214,311,459,206,346,132,302
"C1QTNF6",340,223,355,142,347,202,341,219
"ZNF45",317,181,341,137,348,357,278,208
"ZNF672",280,228,307,152,351,335,272,242
"ANKRD33B",279,210,382,116,285,373,231,288
"NSUN5",326,303,287,172,275,305,253,242
"FAM131A",269,316,264,170,243,371,237,293
"IGF2BP3",157,158,148,91,485,659,187,277
"GPATCH2",268,243,283,181,330,383,223,249
"EMG1",351,292,266,185,238,422,198,207
"PRR16",192,294,245,141,377,427,192,291
"PEX16",275,319,262,174,266,372,214,275
"PRKAA2",223,204,339,227,303,410,213,238
"ZNF33B",210,159,412,176,348,348,255,249
"SLC1A2",287,139,259,157,345,370,356,243
"NXPH3",141,152,191,347,157,285,214,668
"ASIC1",332,258,434,173,283,242,249,183
"VPS33B",284,251,356,170,288,379,212,214
"CISD2",234,251,282,186,284,447,229,239
"SPATA6",227,247,262,200,330,374,227,284
"DDX55",272,272,288,158,346,347,240,226
"EXOG",220,232,270,275,274,360,182,335
"C1D",328,283,198,199,254,398,227,261
"STN1",267,182,343,197,340,294,234,290
"ATG101",274,260,269,177,259,449,207,252
"ZNF248",310,222,374,135,359,317,284,146
"CCDC59",244,227,277,182,363,373,246,234
"PSEN2",176,171,292,178,347,430,239,313
"BAIAP2",277,265,302,175,203,177,366,381
"INTS2",293,213,266,200,289,426,224,233
"SNRPA1",350,292,335,168,233,314,234,218
"UBE2S",270,284,284,148,290,394,187,281
"SLC25A26",262,265,297,188,261,354,254,256
"ZNF143",256,238,234,177,332,408,235,257
"MRPL36",229,253,282,166,356,466,179,205
"KRABD5",222,216,301,178,309,438,215,255
"RBM41",223,188,324,160,379,372,271,216
"CHTF8",270,236,302,187,264,414,234,225
"SMOX",388,197,285,107,381,209,338,226
"IER2",314,210,284,151,332,299,310,231
"MRPL50",257,280,261,186,315,396,221,214
"ATXN7L1",291,186,318,121,383,312,253,266
"HDAC8",270,251,305,170,317,376,209,230
"FLG",659,344,370,74,79,69,331,201
"THAP6",250,199,364,169,298,371,234,242
"SMIM11",229,252,272,169,341,336,256,270
"GCFC2",214,216,282,182,318,422,238,252
"DENND6A",251,272,232,312,203,325,203,326
"ZNF780B",312,211,377,119,286,360,266,192
"TOP1MT",302,259,299,154,266,332,247,264
"ENTPD7",312,148,317,86,492,365,252,151
"TPX2",383,237,356,117,401,217,273,137
"CNTRL",268,208,330,151,356,292,275,241
"INPP4B",164,174,235,119,322,523,297,286
"NRDE2",254,190,323,169,325,365,254,237
"C17orf58",324,238,403,116,335,203,309,189
"GFOD2",306,206,277,160,324,354,262,227
"KIF7",298,292,235,120,315,377,237,242
"ASF1A",307,242,276,173,355,312,209,241
"NQO2",327,254,277,140,341,318,245,213
"HSD17B14",265,183,413,164,418,264,251,156
"LONRF1",336,189,276,163,372,280,270,228
"CCDC66",218,196,301,188,362,357,250,242
"AUH",293,182,315,200,299,256,314,254
"ATP5PO",298,220,309,167,288,383,236,212
"LRRC8C",305,254,274,131,328,406,215,199
"NDUFAF8",359,265,296,136,278,370,210,197
"PKIA",397,129,290,90,649,276,202,77
"DHFR",404,290,279,119,282,357,224,155
"ATAD2B",273,224,291,153,297,365,259,247
"RPS14P1",581,529,538,312,32,57,26,34
"POLR3B",248,252,304,168,311,404,202,219
"RPS2P7",448,375,190,86,275,441,161,132
"POLE4",253,214,292,175,286,438,221,228
"UMAD1",268,208,354,169,292,306,255,255
"FKBP11",258,235,265,178,234,504,203,227
"RPL12P6",266,223,307,151,313,422,217,204
"ADAT1",267,237,328,154,358,318,236,203
"USP49",305,193,295,156,326,296,286,244
"TMEM39B",317,234,321,148,300,333,223,222
"TMEM164",310,196,251,147,356,405,229,204
"FGF13",379,72,476,119,108,45,643,255
"FAM234B",248,247,245,219,221,390,191,335
"DBR1",269,255,304,161,264,371,251,220
"ATP1B1",70,84,345,358,119,248,366,505
"PHF5A",277,265,255,171,296,395,208,227
"RAVER2",262,185,374,208,194,202,357,312
"TMEM134",249,204,281,146,314,408,241,251
"ITGAE",264,277,258,211,215,371,247,250
"TICAM1",241,280,294,196,241,347,201,291
"CEP44",279,227,266,224,265,347,228,255
"LRRC28",275,209,317,183,290,312,247,254
"NDC1",279,227,323,191,282,364,246,174
"DDTL",235,265,279,161,235,455,178,278
"USP3",309,199,327,141,369,278,266,197
"IQCK",203,198,286,235,302,302,197,363
"RPUSD1",281,274,224,122,309,404,218,253
"MRPL55",277,235,341,148,250,339,279,216
"UVSSA",470,345,265,116,194,309,181,205
"SHROOM1",274,237,283,169,332,341,228,221
"GDF5",404,140,546,79,293,266,262,94
"VWCE",528,184,342,64,350,155,355,106
"AGAP4",274,231,342,179,282,309,256,210
"NDE1",208,260,293,186,259,369,219,288
"ZFP28",262,194,309,169,316,360,217,255
"ZBTB25",243,210,299,199,265,366,239,260
"ZNF354C",228,185,331,148,319,372,253,245
"RPS2P20",267,304,270,121,330,448,187,154
"TCTN2",217,185,350,209,254,320,266,279
"RPL24P4",266,290,291,159,292,356,221,205
"AGPAT5",234,219,246,169,227,620,140,224
"S1PR1",346,130,412,62,547,224,253,105
"ZBTB14",287,205,360,172,286,267,263,238
"CWF19L2",251,201,289,174,327,320,238,277
"THEM4",243,199,350,163,400,304,253,165
"MFSD8",246,228,326,165,270,353,220,267
"SNUPN",266,230,265,141,312,358,275,227
"P4HA3",170,161,180,104,446,618,187,207
"POGLUT2",266,219,344,178,334,295,233,202
"NOTCH1",291,140,320,101,424,332,297,165
"ZNF775",289,237,303,167,273,320,238,243
"HSF2",307,213,315,146,330,304,220,234
"BMAL2",242,186,313,164,297,349,241,275
"BICRA",219,267,250,196,247,436,193,258
"RWDD2A",243,153,301,162,329,333,299,245
"BCAS4",224,158,398,173,275,354,272,211
"MICU3",238,209,238,179,250,402,302,246
"MIER2",264,216,288,123,334,403,219,216
"NICN1",275,265,330,164,266,285,247,230
"CDK5RAP1",264,239,274,196,300,357,189,242
"AP1AR",291,250,246,178,276,314,202,302
"POGLUT1",220,237,238,202,318,320,244,280
"HINFP",271,266,282,165,323,284,223,245
"MAP3K13",224,218,287,206,285,393,220,225
"TRIM11",285,294,262,130,295,293,254,245
"ERCC6",264,181,368,169,307,311,249,209
"ZNF865",253,214,309,138,297,354,248,245
"NUP42",261,212,266,196,279,341,245,257
"GSTT2",152,120,65,51,308,540,375,445
"DCUN1D2",252,188,287,176,325,312,270,246
"MYNN",276,228,318,148,295,305,249,236
"SMAD7",243,250,247,185,254,358,225,292
"TRAPPC13",243,187,359,171,328,332,240,193
"SCN4B",475,282,181,82,151,157,410,315
"LAMB3",247,92,375,148,469,309,230,183
"SLC7A14",268,23,435,56,558,75,562,74
"ZNF329",259,167,329,179,353,318,231,214
"THAP7",276,183,296,133,322,326,268,246
"SLC19A2",172,390,145,199,201,273,205,464
"CKS2",246,287,266,170,365,356,182,177
"KCTD1",273,249,315,216,267,247,190,292
"SLC43A2",233,179,360,175,437,353,159,153
"ZNF526",287,211,266,156,289,424,182,231
"ENOX1",278,305,254,167,366,209,167,299
"ZNF133",244,220,296,156,336,352,213,227
"ENKD1",228,226,324,142,289,368,230,236
"RFTN2",333,175,364,139,393,165,284,190
"PIAS4",240,279,252,150,314,344,211,252
"ABT1",255,238,304,152,266,365,214,248
"DIRAS1",357,235,382,218,88,87,344,330
"SSTR1",308,333,290,96,242,368,248,155
"APEX2",264,204,316,171,322,342,233,188
"SMG1P1",240,207,278,149,288,400,233,245
"ABRAXAS1",278,224,330,169,284,279,236,239
"DHCR7",307,171,395,121,367,369,168,141
"STON2",570,258,489,167,156,54,221,123
"ALKBH7",298,315,278,125,218,337,227,239
"LRRC49",268,146,444,164,325,242,266,182
"CIPC",252,227,253,193,305,375,199,233
"NME3",304,266,267,147,202,349,236,265
"NGDN",259,243,277,159,281,380,230,207
"NVL",275,166,348,155,327,329,244,192
"ZNF319",264,226,258,134,301,334,233,286
"TRAF4",341,258,308,107,348,270,236,167
"IDH3A",227,225,251,154,289,400,211,277
"PYCR1",356,175,371,105,302,355,249,121
"INTS9",250,209,290,167,268,368,249,232
"MIS12",297,254,304,187,235,318,233,205
"SNX11",234,246,298,211,217,376,184,265
"HGH1",243,249,280,166,281,373,246,190
"ZBED3",314,247,366,124,265,238,292,181
"TAPBPL",305,215,272,122,359,341,223,190
"RTKN",300,238,304,124,292,311,251,206
"TNFSF10",270,119,553,183,328,153,279,141
"RPS13P2",307,293,293,157,263,280,210,223
"PRKG2",312,136,243,26,551,200,434,123
"COXFA4L2",314,191,274,93,134,169,448,402
"PLEKHG3",256,184,273,119,238,453,253,248
"IKZF4",290,160,376,135,330,246,292,194
"PLEKHG4",359,140,375,58,391,160,367,173
"GGH",206,225,323,241,252,373,158,244
"C6orf47",280,258,271,152,240,361,218,242
"NSDHL",272,244,267,165,292,386,183,212
"TRPT1",284,236,277,187,225,335,242,235
"MRPS26",239,262,295,134,272,356,206,255
"ZNF585A",255,162,316,165,303,323,277,218
"NMRK1",295,257,301,195,260,324,182,204
"NDOR1",265,229,235,164,260,408,197,259
"WDR77",236,270,227,183,251,418,173,257
"ASL",264,371,271,159,170,285,191,303
"PARP11",299,185,345,162,305,241,269,207
"ZSCAN32",240,199,298,154,303,370,227,222
"ITGA10",11,108,24,485,41,607,77,660
"ORC5",242,195,272,193,304,325,221,261
"ZBTB8OS",263,240,303,173,322,330,190,191
"SLC67A1",203,286,192,175,205,426,201,321
"FES",336,233,184,90,262,270,343,291
"EIF5AL1",196,226,346,229,253,312,225,222
"NT5C3A",244,230,263,184,242,278,271,294
"SNRNP25",268,225,347,168,282,340,207,168
"PFDN6",228,248,296,153,276,381,220,201
"FPGT",301,219,276,169,257,331,229,220
"MTPAP",259,245,275,161,281,335,207,238
"BCL7A",203,137,217,189,246,342,223,443
"NUDCD1",206,272,225,186,222,449,173,267
"CAND2",227,166,365,182,236,243,276,303
"ALG12",315,252,274,125,263,378,210,181
"SPRY2",207,258,209,201,207,330,209,376
"WHR1",249,238,308,184,275,273,217,253
"CREM",256,241,284,157,333,303,241,181
"PIGU",262,207,302,188,299,318,230,190
"PALS2",230,215,209,182,315,352,269,224
"SMUG1",268,219,361,158,295,378,156,161
"ACBD4",219,226,351,195,227,286,245,247
"RRP15",199,212,305,198,278,375,218,210
"MMP23B",275,172,236,99,347,381,255,229
"KRABD4",254,184,296,169,295,363,223,208
"KLHL15",253,222,275,183,305,296,227,229
"PMS2CL",231,218,293,146,324,340,232,206
"NME6",250,226,268,121,304,365,248,207
"SLX4",265,137,327,142,376,341,226,175
"KIAA1549",270,142,244,82,450,471,174,155
"KIAA1755",355,104,521,124,255,138,386,105
"FER1L6",312,24,193,28,501,65,789,76
"TMEM209",208,156,332,163,335,375,203,215
"C15orf40",239,212,329,196,283,280,208,240
"CAAP1",256,189,295,173,291,341,233,208
"FOXRED1",253,234,307,159,298,305,246,183
"TIMM8B",240,221,308,128,300,374,232,182
"KCNQ1OT1",204,159,276,121,317,407,249,252
"PROCR",254,238,363,150,272,243,270,194
"CFAP69",150,180,156,203,205,405,229,456
"CHRD",205,224,419,187,218,262,198,268
"HDHD2",279,207,311,156,301,335,202,190
"TRAPPC2",274,136,316,151,247,231,368,258
"USP31",208,301,234,186,232,362,187,270
"C9orf85",241,204,350,159,343,257,206,220
"HLA-DMA",187,140,340,174,398,336,220,185
"PIGB",225,159,240,163,308,414,233,237
"PIN4",208,169,324,162,331,380,211,194
"DEDD2",263,213,312,152,305,266,241,227
"ZNF7",236,193,304,167,326,313,225,213
"CETN3",230,204,308,152,294,293,268,228
"TMLHE",294,198,371,154,290,301,204,165
"SYNJ2BP",293,195,291,145,290,339,209,215
"PARP12",251,240,256,199,295,320,203,212
"WFDC1",75,225,241,389,97,565,100,283
"SDE2",253,213,280,151,307,317,250,199
"SUGCT",232,301,233,203,284,388,143,186
"TET3",333,208,245,106,338,314,245,181
"HMGCS1",285,172,339,152,309,279,237,196
"LARP1B",203,224,230,175,273,392,211,261
"NUDT22",207,269,252,134,231,435,186,255
"RFX2",249,137,383,82,322,362,275,158
"HEMK2",292,150,351,109,392,290,235,149
"ZBTB6",269,230,285,173,246,344,207,214
"CGREF1",247,387,425,270,128,278,79,153
"FGD6",178,105,331,212,315,321,210,295
"PLXNA2",238,187,495,138,251,191,246,219
"TRIT1",221,186,321,155,291,392,208,190
"ABTB2",254,245,302,216,178,226,232,311
"NDUFA6-DT",364,182,307,132,272,197,296,214
"MRPS12",270,271,244,147,220,389,196,226
"CEP112",174,194,274,190,227,317,240,345
"C8orf58",217,221,260,129,329,507,134,163
"TMEM54",336,214,332,129,274,350,170,153
"TLE2",256,428,154,134,178,431,156,220
"ZNF514",241,164,219,121,343,365,282,222
"JUP",193,169,241,195,282,260,238,379
"SLC66A1",219,252,219,155,271,373,212,255
"FANCC",283,259,223,157,288,320,199,227
"PGM5P4-AS1",222,229,567,135,279,239,200,84
"TACO1",234,204,297,160,324,312,202,221
"KIFC2",224,375,181,147,233,376,155,262
"CCDC106",241,222,322,142,260,300,256,209
"PRKX",235,199,312,143,292,334,226,211
"RRP8",265,236,261,144,276,349,222,198
"NUDT16L1",228,286,275,166,231,356,167,242
"FAM210A",236,195,250,130,300,472,210,158
"ZNF677",260,173,297,151,326,355,197,191
"USP42",211,177,273,148,322,337,241,238
"ABHD8",245,238,276,143,257,287,250,250
"TUBA4A",382,106,349,61,445,212,293,98
"SEPTIN6",203,167,245,116,308,418,254,233
"PYM1",234,241,305,157,260,322,231,194
"SLC6A9",351,65,436,44,436,124,398,90
"ACTMAP",258,182,339,147,277,292,232,216
"TRIM66",215,177,369,181,309,305,219,167
"ZDHHC24",234,190,273,152,246,390,226,230
"CARF",278,163,376,149,295,218,268,193
"SLC38A4",137,89,203,141,367,686,158,159
"SFXN5",276,223,323,133,287,283,250,165
"IFT25",201,250,253,173,255,347,203,257
"ALKBH3",193,187,294,177,278,372,189,248
"CBY1",243,189,270,194,304,270,250,217
"IFIT1",507,119,454,117,243,79,321,97
"SCYL3",260,211,263,164,245,331,233,229
"WDR54",229,206,270,152,234,432,166,247
"DNAL4",237,223,338,155,300,293,182,206
"ARRB1",318,222,422,208,123,106,264,270
"TCAF2",237,246,196,126,165,631,148,184
"GPN3",208,288,203,209,189,386,168,280
"DCTN6",205,218,263,193,247,382,182,240
"TATDN1",266,236,284,159,269,303,202,211
"ZNF766",269,120,340,143,318,248,282,210
"RALGAPA1P1",241,188,241,172,263,350,210,265
"DTNBP1",244,235,256,159,276,290,227,242
"CBLN3",295,245,238,119,208,252,339,233
"TMEM218",268,197,289,157,266,308,239,203
"CEP70",217,214,294,216,271,289,177,248
"ZNF529",244,172,308,158,277,329,235,203
"RFT1",198,171,244,134,266,407,212,292
"MED18",253,243,249,179,234,299,210,256
"AGTPBP1",193,194,282,191,260,336,201,266
"CAPN10",267,242,269,155,228,353,177,231
"SORD",256,202,233,110,400,358,181,181
"SLC35G2",176,260,196,213,219,400,154,302
"FBXL2",192,179,348,164,320,336,174,206
"METTL6",238,196,300,155,288,315,219,208
"SLC25A17",240,191,230,190,267,358,223,219
"JADE3",297,148,318,106,451,228,231,139
"SNAPC1",136,196,234,232,238,495,154,232
"TATDN3",252,219,258,213,259,293,181,242
"ZNF616",217,196,299,181,286,285,224,229
"LHPP",308,229,289,141,321,306,188,134
"TRMT13",269,217,277,125,293,268,251,216
"SNRPF",283,211,283,153,259,331,226,170
"GPD1L",181,299,221,240,159,300,184,332
"DIS3L2",247,216,234,149,264,382,207,216
"IKZF2",208,155,257,152,209,501,183,248
"ZNF41",248,174,314,141,268,317,234,217
"MAGOH",216,240,269,171,266,337,215,199
"HUS1",219,186,257,150,322,376,186,215
"TBC1D8",183,143,254,129,341,343,232,285
"TDRD3",274,202,271,163,313,283,196,206
"TMEM268",232,179,332,131,329,284,198,223
"PPP1R14A",30,219,126,357,69,844,30,232
"EIF2S3B",264,201,267,117,311,289,235,223
"LCA5",247,184,269,169,293,280,225,238
"ATG16L2",223,140,361,127,332,321,235,165
"ZNF154",228,120,282,99,419,344,249,162
"RAPGEF6",318,205,238,143,267,329,241,161
"C5",215,217,299,206,193,250,241,279
"DYRK3",241,174,266,140,319,390,187,182
"TTC5",237,159,269,138,328,344,211,212
"POC1B",225,190,254,170,270,310,202,277
"MTERF3",228,209,271,152,273,345,219,200
"PIM3",291,300,235,145,248,261,191,226
"MECR",243,226,296,117,296,360,195,162
"INCENP",283,221,243,123,316,275,194,240
"L3MBTL3",186,200,231,117,339,372,202,248
"PATJ",171,174,283,176,263,359,208,260
"CHCHD1",256,262,232,170,225,346,193,210
"CCDC22",256,226,269,159,260,322,198,203
"DDX59",203,209,249,183,261,363,180,245
"SIMC1",188,207,265,210,224,373,182,244
"ATP6V0E2",307,230,315,193,242,252,192,162
"ZNF841",255,152,307,109,339,368,207,155
"COPG2",265,207,372,179,266,242,201,159
"SLC25A42",223,216,333,150,256,240,229,244
"CIAO3",271,242,241,137,238,339,196,226
"SMYD4",205,138,298,150,308,332,239,220
"TRAM2-AS1",190,236,253,193,235,283,216,284
"SPHK2",223,206,289,203,267,330,182,189
"NPRL2",268,226,277,134,307,246,233,197
"GMEB1",247,216,288,135,285,352,192,173
"ZNF417",217,151,288,122,315,366,221,208
"ADCK2",189,212,255,199,192,285,216,339
"LRRC57",194,152,278,199,286,311,198,268
"EGLN2",296,204,217,149,341,272,180,227
"EED",266,198,262,172,234,289,247,217
"USP45",251,247,204,143,275,357,194,214
"F8",251,227,303,163,239,231,230,241
"POLA1",290,228,278,112,233,273,221,249
"TTLL4",230,185,206,134,280,406,235,208
"LZTS3",257,253,272,120,307,306,165,203
"TMEM130",143,73,339,114,276,316,405,217
"MED9",228,176,286,137,284,294,244,233
"PYROXD2",287,203,373,105,245,237,259,172
"DDX51",287,310,200,147,205,317,154,260
"C1RL-AS1",251,196,376,164,242,227,212,212
"MED6",231,178,260,170,279,353,211,197
"TLNRD1",224,303,210,143,217,302,188,292
"CISD1",264,226,250,154,325,330,175,154
"ZNF181",208,190,307,165,287,264,222,235
"EFNA5",254,228,287,151,183,284,208,282
"SLC25A51",255,246,231,176,255,314,195,204
"ANKRD36C",275,127,320,73,342,257,230,249
"DNHD1",206,149,308,162,263,333,236,216
"SOCS1",371,186,239,56,450,206,263,101
"COX18",255,192,252,164,288,310,210,200
"MST1",216,244,258,125,274,291,225,238
"GDAP2",237,191,285,134,296,323,196,209
"B3GNT2",207,230,314,200,187,290,202,240
"TGFB3",194,139,276,198,243,414,214,191
"E2F6",230,244,225,168,286,344,174,198
"UTY",330,223,355,167,411,382,0,0
"LRRC15",507,49,62,4,334,71,660,180
"POP5",294,232,276,129,267,322,177,169
"ZNF140",254,148,294,166,319,322,189,174
"PPP1R26",216,177,246,134,332,297,236,227
"RPL3P2",279,218,284,110,311,305,177,180
"NMI",288,191,286,156,314,235,225,168
"ZSWIM1",249,213,285,131,271,287,208,219
"LINC01089",271,263,256,152,257,229,209,224
"C12orf57",248,277,227,138,200,323,220,227
"ZNF697",316,203,293,88,371,265,211,112
"DRC9",207,207,284,140,266,361,200,193
"PRICKLE1",216,163,309,188,212,344,203,223
"BOLA2",270,235,249,115,234,357,200,198
"LINC01963",236,289,234,190,230,276,207,196
"STEAP4",13,247,25,889,2,199,20,462
"ADHFE1",110,261,178,310,124,299,134,441
"PRDM10",270,202,220,138,283,287,240,216
"IFT88",263,144,354,123,321,274,232,144
"ZC3HC1",213,193,287,154,264,332,212,199
"SPAG16",257,167,257,155,280,341,208,189
"SPATC1L",73,67,350,155,420,327,226,236
"ANLN",251,228,250,145,274,313,199,192
"AP5S1",260,177,278,133,256,325,239,184
"MTERF2",188,281,266,196,188,296,191,245
"MPHOSPH9",272,173,313,148,290,242,240,172
"ANKRD54",263,234,265,136,276,303,168,205
"BTN2A2",211,134,350,156,292,281,233,193
"USP44",212,223,216,190,174,346,209,280
"NAAA",114,121,241,239,163,248,250,474
"PDE7A",274,226,247,127,270,245,244,217
"YAF2",185,270,233,203,262,311,173,212
"TBP",201,178,280,144,283,373,180,210
"PIK3R3",215,72,487,102,520,171,229,53
"MRPL9",208,229,235,159,295,314,224,185
"ARL17A",235,162,206,69,386,446,191,154
"RXYLT1",254,219,229,186,254,257,214,235
"TRMT10C",211,221,236,181,251,333,213,202
"BRCA1",322,98,418,95,326,168,265,155
"ZNF75A",209,172,301,155,315,333,187,173
"MELTF",229,214,333,184,160,194,268,263
"ARV1",237,185,248,200,302,311,179,183
"NFS1",256,261,260,154,251,288,171,204
"ZBTB5",235,188,280,141,285,300,204,211
"GOLGA8N",237,176,345,137,291,266,211,181
"SEPSECS",242,155,302,177,263,250,221,233
"ZNF641",198,196,247,143,242,364,219,234
"ATG4C",247,222,263,161,288,283,200,178
"ALDH4A1",164,267,201,238,199,408,119,246
"GATC",257,252,259,173,222,301,175,203
"CCDC12",234,253,262,134,243,316,187,211
"USP54",254,230,327,102,343,218,210,156
"FDX1",234,227,241,158,229,247,240,263
"NKIRAS1",255,159,284,135,290,272,232,211
"ADAMTS3",112,178,385,221,129,254,186,371
"PAFAH2",212,178,307,138,293,293,207,207
"NFE2L3",196,156,235,121,347,408,172,198
"DGKD",224,225,222,137,248,372,176,227
"PELI3",236,198,245,133,269,290,226,234
"AGAP9",217,182,319,119,296,240,260,198
"PSG4",1247,459,75,32,11,2,4,1
"DUSP12",261,170,291,112,275,323,221,176
"LINC00863",231,210,311,151,236,282,207,201
"DNAJC24",223,220,236,161,262,349,161,215
"IQCB1",231,192,342,172,247,332,158,152
"SPHK1",150,255,64,47,202,790,168,149
"NME7",224,188,333,182,282,221,187,207
"LRRC27",240,141,310,112,315,292,238,176
"TBC1D24",233,222,257,163,247,283,215,203
"GLB1L",213,132,391,169,182,203,287,246
"NAALADL2",230,101,301,114,257,334,292,194
"EEF1A1P14",492,452,154,164,71,148,186,156
"ZNF426",242,171,270,124,286,282,233,214
"PCDHGA7",275,223,298,167,113,139,305,302
"MCM5",240,234,235,154,189,303,187,278
"PHEX",561,385,144,62,272,181,130,85
"CTC1",196,152,282,134,244,348,213,250
"SERTAD1",240,230,265,129,237,340,195,183
"STAC",244,218,245,168,116,117,305,405
"EFS",372,190,236,104,268,192,273,181
"DHX34",242,174,231,86,307,375,228,173
"PCDHGB2",293,248,413,298,99,97,173,195
"PDP2",185,232,232,173,235,320,124,314
"CCDC28A",206,229,291,185,256,243,165,239
"SLC46A3",223,156,292,174,269,284,217,199
"GPX7",139,117,309,155,411,389,153,140
"NXT2",258,229,257,143,269,276,186,194
"ST3GAL3",249,191,244,150,257,324,198,199
"SELENOH",228,221,244,137,261,368,165,188
"THUMPD3-AS1",232,162,278,137,331,276,239,156
"MRPL20-AS1",223,226,313,144,261,348,130,166
"ZNF175",205,192,267,129,317,293,207,199
"TGIF2",255,183,294,118,350,210,238,161
"PRMT3",226,171,252,147,293,327,207,185
"SOWAHC",225,175,270,145,246,309,236,202
"MRPL22",247,233,253,174,248,290,195,167
"EXOSC8",257,199,233,136,281,296,221,184
"DPCD",257,177,305,115,321,289,205,138
"PRR5",284,210,290,156,173,184,253,253
"BBIP1",191,198,274,184,292,317,186,161
"NPM3",268,247,249,104,241,244,240,208
"TRMT11",219,161,285,162,234,235,258,246
"CDKN2AIPNL",211,220,217,152,261,376,145,218
"MTFMT",162,202,237,171,262,325,187,253
"NUDT4B",172,145,169,205,202,257,189,459
"TEK",164,126,374,134,291,348,210,149
"TUFT1",126,95,523,168,240,251,194,199
"BANP",265,201,284,86,325,297,198,140
"ZC3H11B",254,221,224,150,277,305,184,181
"TRIM14",297,138,311,121,299,345,179,105
"RBM48",248,239,230,166,255,280,189,188
"CWF19L1",191,194,275,212,240,325,162,194
"TOX2",257,200,162,69,378,296,221,210
"SPDL1",231,210,352,122,203,297,215,162
"PHLPP1",185,154,317,154,240,229,250,263
"ZDHHC14",285,185,229,90,325,234,259,185
"YOD1",224,199,237,192,186,350,157,247
"PDRG1",225,203,245,158,257,292,192,219
"NEK3",184,210,293,208,240,246,184,226
"FCSK",244,219,214,139,234,341,186,214
"CACFD1",244,176,286,137,268,256,240,184
"TMEM67",223,147,290,139,253,299,234,206
"WDCP",243,210,239,152,254,302,178,212
"ZNF707",219,225,266,146,217,267,218,231
"DNAH5",142,117,304,92,267,435,233,198
"GOLGA8O",209,155,345,141,281,250,223,184
"ACD",255,217,241,138,249,260,213,214
"CNNM4",190,228,267,195,203,280,176,248
"TRIM59",208,155,308,175,244,306,204,187
"RPL21P98",255,260,241,157,193,278,215,188
"CLN8-AS1",266,178,227,101,295,268,259,191
"IL13RA2",143,113,383,225,181,141,312,285
"H2AX",221,253,251,112,216,294,212,224
"CHEK2",245,221,283,132,334,245,191,131
"ZNF587",167,143,314,167,291,360,177,160
"ZNF667-AS1",195,175,338,195,222,266,207,180
"GAS6-DT",108,181,197,159,266,573,99,195
"MAPK8IP1",326,188,277,73,291,211,237,174
"AMIGO2",178,225,190,114,178,353,261,278
"ZWILCH",210,210,279,173,204,217,227,257
"NAA10",208,226,234,150,214,355,177,212
"NAPB",198,217,246,179,239,282,201,214
"RCHY1",237,193,247,159,245,255,222,218
"COX14",201,241,219,208,196,312,178,221
"CFAP44",237,142,284,97,370,296,202,148
"STEAP1B",149,282,205,243,102,241,182,370
"NR4A3",99,464,60,122,105,534,81,309
"KRABD3",274,194,231,110,258,291,229,187
"MRPL58",230,189,250,132,286,352,142,193
"NRF1",222,195,258,122,278,311,189,198
"DPH5",260,202,273,130,277,215,233,183
"PAXIP1",241,209,271,117,276,281,179,199
"IFI44",342,149,285,106,312,176,243,159
"LIG3",229,143,242,93,347,409,182,126
"CYB5R2",205,258,237,172,187,307,172,233
"CRLF3",154,213,186,206,202,349,165,296
"ZSCAN25",237,183,236,153,263,300,211,187
"DLL1",472,313,120,54,346,230,126,107
"CYRIB",205,175,241,134,252,360,178,222
"ZNF354A",184,186,224,125,298,274,239,237
"ERI2",214,125,321,117,264,273,223,228
"OPHN1",242,212,249,147,247,262,196,209
"SEC22A",213,163,254,151,292,304,215,172
"MRPL2",238,189,234,130,265,312,198,197
"C21orf91",243,170,221,158,223,329,204,214
"HELQ",212,201,289,134,246,278,216,186
"NUBPL",219,181,299,140,229,313,207,173
"DDX11",337,210,254,81,226,205,248,199
"NPHP4",280,187,207,108,223,317,224,213
"ANKRD49",203,220,201,172,225,278,196,263
"CEP57L1",244,190,276,135,255,238,228,192
"ZNF71",227,199,224,124,249,341,195,199
"PRR3",234,148,311,110,296,270,240,149
"CLTCL1",170,198,211,197,223,398,146,214
"APIP",199,170,247,173,291,317,173,187
"ACOT1",183,292,174,153,141,421,154,239
"ANGPTL1",73,401,154,285,62,177,111,493
"MAFK",160,195,223,153,164,410,154,297
"ZNF783",219,244,199,132,217,308,210,227
"TMEM68",232,169,247,145,297,245,234,186
"GDNF",69,180,95,234,170,471,87,447
"RFFL",232,182,240,132,296,311,176,183
"HTRA2",240,197,227,138,250,280,188,232
"SRGN",197,214,335,184,276,380,69,97
"ZNF432",223,169,251,129,296,313,201,169
"FANCI",217,208,215,145,222,281,211,251
"ZNF195",200,172,295,136,320,279,197,150
"HOOK2",245,181,310,118,256,242,208,189
"FGL2",72,25,316,130,123,114,654,315
"GLI4",242,217,219,109,255,316,200,191
"PHKG2",229,203,257,158,222,308,185,186
"MOCOS",224,171,296,132,270,256,183,215
"PEX12",244,173,305,138,246,250,227,164
"LRRC20",291,186,286,124,252,182,229,197
"ZMYM1",223,154,268,159,267,285,246,145
"EIPR1",238,194,295,114,225,352,137,191
"IFTAP",227,178,323,166,264,251,183,153
"BABAM1",235,233,202,177,196,324,186,191
"KLHL23",81,143,113,186,131,725,103,262
"GSTT2B",138,108,60,45,243,453,317,379
"NAPRT",295,244,237,121,206,291,157,192
"PRMT9",200,160,255,142,290,292,220,184
"ZBTB24",214,207,227,122,242,352,175,203
"RNF216P1",211,191,249,154,244,365,150,178
"NLGN4X",61,31,77,31,438,864,128,111
"CLEC3B",90,57,546,287,175,169,236,181
"DANCR",120,320,175,216,163,324,134,289
"IRF4",143,347,107,239,74,118,305,407
"MCPH1",229,140,269,138,269,293,200,202
"TANGO2",193,150,263,141,248,313,205,226
"VKORC1",223,186,227,214,189,294,187,218
"SS18L1",218,205,287,117,273,237,209,192
"SSPN",161,112,281,177,214,325,210,256
"NUDT11",225,180,230,149,238,271,253,190
"CDK2",248,184,230,146,221,282,187,237
"FAM131B",248,173,309,147,227,180,255,196
"TP53TG1",246,214,275,134,224,242,179,221
"SIRT7",208,206,262,176,206,294,174,209
"ZNF667",249,121,255,101,337,269,255,148
"PRX",250,141,256,139,253,185,279,230
"WDFY3-AS2",261,153,275,143,186,179,280,256
"ZNF517",238,211,242,149,216,252,195,230
"SANBR",232,184,254,124,286,199,260,193
"DTYMK",269,233,184,84,265,291,209,197
"MTM1",197,184,247,157,233,297,214,203
"MSRA",151,120,270,148,307,366,183,187
"KPNA5",246,178,243,125,273,255,193,219
"POLR2D",202,185,234,146,238,342,204,180
"NDUFAF1",210,217,209,171,257,327,156,183
"GLCCI1",157,212,243,233,217,295,137,234
"H1-2",89,195,298,110,287,333,170,246
"TRAF1",182,253,279,163,171,216,203,260
"ZFYVE28",234,204,264,136,228,298,196,167
"RDH14",209,204,204,150,238,248,248,226
"RPL32P18",360,339,204,98,215,235,128,147
"MED19",221,179,263,155,272,285,168,183
"CRAMP1",203,207,227,148,248,303,197,191
"PIR",185,105,317,126,469,309,132,80
"PRDM1",118,129,163,251,175,467,88,331
"RBM45",216,171,250,157,271,342,184,130
"ITPR2",113,162,185,156,212,442,129,320
"NFKBIL1",227,171,277,105,255,276,201,207
"EPSTI1",147,207,186,186,227,282,156,327
"TTC12",244,147,233,110,233,236,291,224
"TGFB2",215,97,291,70,592,144,224,82
"RPL7P19",289,243,265,127,212,242,163,172
"DEPDC5",200,139,272,103,283,293,214,207
"TTLL1",257,145,279,125,273,278,176,178
"REEP4",230,247,183,150,199,308,168,226
"BNC1",276,305,172,126,214,183,201,233
"SLC25A40",256,151,240,150,244,263,214,191
"ZNF830",221,216,239,145,237,275,211,165
"PRMT6",245,151,285,114,261,253,256,144
"ETFRF1",176,172,281,152,291,231,229,177
"LYPLAL1",194,218,262,170,189,285,168,222
"ZMYND19",227,191,228,145,251,275,187,204
"ANGPTL7",4,50,19,543,1,10,14,1067
"EEPD1",263,147,154,148,250,301,245,199
"WDR74",193,239,205,148,252,307,153,210
"ZFP30",224,195,223,186,211,276,191,200
"ZNF584",159,167,273,150,191,351,175,240
"YARS2",212,198,278,119,239,328,164,167
"TTC13",162,150,211,210,212,292,184,284
"SLC16A5",138,129,242,147,249,369,210,221
"GTF2E1",192,184,223,137,252,347,168,200
"MRPL39",196,182,239,159,260,320,176,171
"XRRA1",191,88,439,146,188,148,276,227
"ELOVL6",213,228,220,127,186,352,179,197
"ARSI",262,94,372,56,532,213,139,33
"FAM83G",219,179,233,104,236,342,197,190
"TAP2",170,192,276,164,270,226,249,153
"NLK",207,178,255,142,284,281,173,179
"LOC103344931",215,184,254,163,235,291,144,213
"RGS11",201,236,291,203,105,190,173,299
"MZT2B",228,234,222,128,178,322,169,216
"TRMT2B",294,168,302,135,186,202,209,200
"NUTM2D",220,203,240,141,214,259,214,205
"SPATA7",233,152,249,138,283,247,218,175
"PUS7L",207,157,278,111,247,293,209,193
"GPR155",202,141,344,151,265,255,192,145
"ZFAT",247,138,248,95,306,310,191,159
"UQCR11",245,196,227,164,236,321,147,158
"LRWD1",200,205,200,116,267,337,166,203
"RAB40C",225,218,211,127,241,284,163,224
"PNMA8A",473,374,180,83,65,90,213,213
"LSM1",170,207,172,167,233,381,148,212
"KLHL17",225,248,185,75,290,314,156,197
"ZBTB26",207,128,255,128,305,286,173,206
"KNTC1",232,191,248,146,186,207,229,249
"TMA16",187,177,217,149,278,327,156,195
"NFXL1",173,189,223,140,237,381,175,167
"INKA2",212,139,189,69,351,515,119,91
"SH3D21",205,99,271,109,196,447,182,175
"FAM135A",229,125,216,145,276,270,210,212
"MRPS9",217,157,250,147,274,294,176,168
"LOXL1-AS1",268,136,248,89,288,230,262,162
"MCUB",215,197,249,177,193,204,211,236
"TARS3",231,114,251,90,434,253,186,122
"ZNF668",205,240,231,118,202,310,148,226
"CLP1",218,201,219,151,218,326,160,187
"MASTL",161,150,254,178,264,281,174,216
"KIN",220,166,233,125,275,284,203,171
"HEXD",259,194,235,142,217,254,187,189
"ZBTB48",207,187,272,132,228,277,176,198
"ZNF394",201,180,279,130,199,282,187,218
"PCTP",207,226,230,167,246,288,139,171
"EBAG9",182,154,262,158,288,237,212,180
"ZNF234",205,168,227,115,279,264,222,193
"SIRT6",252,247,218,125,230,296,126,178
"XPA",187,144,262,164,253,252,222,188
"LACTB2",183,226,230,238,146,254,158,234
"PCDHGA2",122,110,196,114,440,464,118,104
"ACVR2A",186,169,276,184,186,215,224,228
"NHERF1",202,195,192,117,261,357,162,181
"RGS2",135,200,248,78,300,449,158,99
"PARP2",248,116,336,104,296,214,209,143
"TIMM17B",224,227,225,121,224,262,186,196
"TIAM2",207,139,263,141,349,247,153,166
"SPICE1",229,146,265,93,323,255,192,162
"VPS33A",207,173,236,154,239,280,195,179
"AMT",228,221,235,128,201,195,229,226
"BLOC1S5",228,157,267,115,251,253,220,170
"RPL21P120",228,228,253,130,224,256,180,162
"DCLK2",122,178,194,151,169,413,219,214
"RIN1",291,181,264,78,236,225,222,163
"MIIP",231,291,194,131,204,286,130,192
"NUTM2A",208,183,288,133,187,222,215,223
"YBEY",218,247,204,107,255,280,164,183
"DNAL1",212,214,219,128,207,288,183,205
"PRIMPOL",232,188,260,175,221,211,198,169
"SNAPC5",203,183,244,106,268,332,147,169
"ZNF428",230,213,260,136,206,235,195,175
"KCNS2",179,174,258,130,204,225,245,235
"GALK2",196,173,203,166,225,248,208,231
"MX1",303,71,238,88,297,190,281,182
"ZDHHC13",155,206,214,184,174,298,162,257
"SMDT1",228,174,230,144,185,259,222,208
"MON1A",202,212,202,134,241,271,190,197
"GMPR",158,105,249,224,240,344,133,195
"FASTKD5",182,200,160,164,237,368,118,219
"SIRT5",202,159,229,147,241,248,185,236
"ZMYM6",213,168,249,162,221,286,173,175
"RRP9",163,304,148,175,180,341,114,221
"B3GALNT1",222,142,254,193,200,181,245,209
"POP7",214,227,238,112,229,292,179,155
"PAPLN",124,126,197,265,136,335,119,342
"LLPH",209,199,196,148,208,344,143,197
"PTRH2",191,212,201,131,230,350,163,166
"OMA1",175,159,221,131,301,257,191,208
"ARL13B",183,189,225,168,201,289,160,227
"ZNF544",186,101,292,150,262,362,170,119
"CSTF2",186,194,244,113,228,342,187,147
"GATA2",249,219,190,95,121,124,345,298
"MVB12B",223,161,228,112,272,316,163,166
"LINC00339",197,209,240,136,201,175,223,260
"C1QTNF7",136,81,224,243,183,310,174,289
"GPRASP1",209,106,262,67,420,228,225,123
"PEX10",203,132,262,110,284,302,206,139
"MRPL1",217,162,239,116,290,253,186,175
"MRPL54",187,165,240,130,220,347,170,179
"PPP2R3B",268,176,241,112,246,237,203,154
"GGCT",207,186,216,101,289,333,171,133
"MICB",156,179,202,154,214,348,149,234
"ARVCF",252,154,327,132,165,197,220,188
"ATG4A",244,201,257,142,261,227,159,144
"PLGRKT",214,228,208,149,209,238,203,185
"TXLNB",303,119,179,66,381,155,213,218
"EOLA1",193,199,216,130,230,286,173,206
"ZNF419",173,144,252,122,363,262,171,145
"OLFM1",304,341,260,186,133,182,107,119
"PORCN",204,200,236,149,209,268,189,175
"ARL4A",177,182,324,188,227,174,171,187
"DUS3L",217,192,225,103,185,297,188,223
"SLC35G1",177,121,299,152,225,275,203,178
"QTRT2",185,223,202,145,221,294,173,186
"MMAA",185,178,257,144,231,271,172,191
"RAB33B",237,176,221,108,248,273,193,173
"DOK6",206,112,341,74,301,212,292,91
"MAP3K14",272,224,274,79,287,177,199,116
"ABCG1",128,150,197,127,100,138,246,541
"ZNF211",182,138,296,98,320,253,200,137
"OTUD6B",195,197,205,141,196,326,165,199
"PLK3",254,154,234,100,224,249,221,188
"PER3",287,49,304,80,387,85,380,51
"OAS3",224,91,268,122,241,249,250,177
"FGGY",141,126,305,142,297,183,214,213
"ICAM1",176,144,321,255,148,277,143,154
"CENPX",165,230,203,150,209,359,131,171
"ABHD17B",203,196,174,174,172,318,167,212
"PIGP",176,167,230,131,287,304,156,165
"ADGRL4",176,110,168,76,436,362,180,107
"MED27",207,186,213,143,241,253,174,197
"ETV1",214,94,207,120,171,229,315,263
"ZRSR2",146,131,260,109,220,191,336,220
"VIT",50,102,228,189,138,104,330,472
"ARHGEF37",178,72,370,123,197,245,262,164
"GSTZ1",212,155,268,111,254,231,211,167
"MDM1",178,162,238,131,275,232,200,193
"SYDE2",87,247,159,159,112,327,138,379
"DCAF15",216,176,273,114,235,236,172,186
"COMMD10",194,167,242,120,218,318,165,183
"SHANK2",206,143,210,109,234,338,198,169
"GALK1",210,203,202,111,186,292,180,222
"GPR37",122,275,136,193,36,139,169,536
"COG8",234,182,225,120,202,261,205,177
"POP1",260,199,245,110,205,302,150,134
"SNRNP35",213,183,225,133,238,308,142,161
"TMEM38B",190,129,221,121,313,270,194,163
"ISG15",319,234,214,90,199,228,143,174
"NDUFA2",194,198,220,131,221,314,159,163
"GRPEL2",200,188,251,114,270,237,186,154
"CEP41",216,128,278,117,247,267,197,148
"DXO",226,219,250,124,250,246,153,129
"ARL4D",161,142,323,164,203,282,168,153
"TOX",193,126,279,73,241,260,263,161
"HMGA2-AS1",89,178,70,321,55,383,81,418
"GOLGA8R",188,134,312,134,251,223,194,158
"PREX1",165,77,269,125,265,187,294,211
"TOM1L1",116,174,187,174,261,415,86,180
"THAP3",196,179,242,124,222,253,202,174
"ST8SIA1",364,122,363,72,242,76,250,103
"PRDM15",222,150,233,94,262,302,172,157
"FICD",187,165,234,137,200,313,166,190
"CKS1B",253,186,269,123,197,202,201,160
"TMEM25",191,154,272,159,199,261,176,178
"PCGF1",191,192,246,108,269,224,188,171
"PARP16",222,148,277,127,200,217,196,200
"GOLGA6L9",204,177,267,158,200,196,197,188
"APOB",69,155,267,283,30,375,125,282
"DTX2",201,178,210,117,203,273,182,222
"NOD1",217,174,247,113,205,288,153,189
"CEP83",182,164,234,121,229,305,174,177
"PALB2",199,139,232,109,259,271,200,175
"PBLD",176,164,226,120,251,261,189,196
"PGGT1B",173,155,220,123,246,306,187,173
"SLC4A3",139,96,149,86,321,377,227,187
"GOLGA8Q",191,151,315,128,261,225,166,145
"TMEM30B",64,91,201,215,160,213,182,455
"TAF11",192,167,257,146,184,286,181,167
"CDK5",208,223,200,143,247,254,146,159
"TMEM126A",228,220,211,131,205,301,135,149
"PAK1IP1",199,172,204,92,277,316,180,139
"TRIM62",169,165,189,112,232,390,157,165
"PEMT",178,252,226,212,178,239,123,171
"HERPUD2-AS1",177,160,235,126,241,350,135,155
"PITPNC1",113,203,174,161,202,419,99,207
"KIAA1586",187,141,273,85,295,246,171,180
"PPIH",201,184,217,137,229,241,187,182
"OXLD1",218,224,207,139,202,249,155,184
"MMS22L",240,163,265,118,219,197,178,197
"MAP4K2",158,174,248,107,255,265,185,185
"RPL10AP6",184,196,220,86,303,321,128,139
"TBC1D10A",198,216,224,124,205,292,123,194
"ZKSCAN2",200,162,224,114,268,251,183,174
"LPAR6",191,184,196,155,221,276,157,195
"DUBR",146,109,247,99,304,392,163,114
"THAP8",223,183,208,100,221,293,171,174
"GPHN",289,216,199,111,253,187,173,145
"ZNF22",158,151,214,213,204,300,135,197
"NDUFA11",224,189,216,164,151,230,179,219
"DHRS4-AS1",213,174,236,125,244,223,151,206
"NEIL2",191,169,217,128,244,251,213,158
"MIR210HG",239,224,150,87,130,455,152,134
"APBA3",186,200,220,115,223,270,164,192
"ROGDI",177,174,263,161,201,207,190,197
"DCPS",227,165,232,82,262,287,177,138
"LSM2",261,192,240,131,219,204,181,142
"FAM131B-AS2",180,224,236,143,183,272,160,172
"BMF",342,140,229,111,215,135,231,166
"CEP135",203,117,182,83,329,331,171,153
"CHMP6",180,127,251,102,235,310,220,144
"SFI1",171,159,225,116,222,309,167,200
"VRK2",155,171,207,133,227,272,179,224
"FAHD2B",251,181,209,133,192,238,164,200
"ZNF689",185,173,243,124,233,221,207,182
"ZNF704",177,106,269,230,34,79,216,457
"ZNF441",221,151,268,115,224,232,207,150
"TIMM9",187,145,243,154,293,227,168,150
"SEMA4D",284,200,294,180,96,92,196,224
"ERV3-1",217,123,285,95,238,221,232,155
"SPRYD7",143,188,154,170,200,404,129,177
"CEP97",196,158,240,128,240,257,182,164
"TDP1",207,137,235,107,276,207,214,181
"THOC6",247,180,196,108,198,243,208,184
"FBXO41",233,159,192,115,188,288,213,176
"VEGFD",177,127,455,140,213,164,219,69
"DDX31",157,178,192,128,225,307,187,189
"MTRES1",197,157,209,110,231,295,181,183
"HEATR3",209,268,167,157,160,289,160,153
"PHLDB3",192,119,322,75,273,215,239,127
"AURKA",188,147,246,77,185,366,240,110
"OSER1-DT",213,131,267,185,232,184,166,181
"FGF1",58,106,247,214,119,554,111,149
"HACL1",186,194,221,149,237,247,154,170
"ALKBH8",204,170,221,126,175,282,189,191
"DNAAF2",201,167,191,148,224,282,163,182
"BLOC1S3",210,198,211,122,204,216,170,227
"MMP17",252,223,221,99,173,182,194,214
"COX19",174,134,258,121,233,210,225,203
"RAB3D",198,196,206,138,131,267,166,255
"TRMT10B",154,150,230,118,229,269,211,196
"ZNRD2",191,191,233,87,223,263,176,193
"KRT10",202,203,186,184,166,248,174,194
"NPIPB11",161,183,211,140,281,282,138,161
"UBOX5",207,182,254,121,205,238,180,169
"ZNF28",156,125,251,146,216,319,158,185
"ZNF324",210,171,232,115,221,216,201,189
"NANP",228,190,227,96,233,223,202,156
"ZNF347",165,119,261,128,240,297,182,163
"SLC67A2",182,133,258,141,193,266,168,213
"SNHG12",194,306,168,125,192,255,149,165
"DYRK4",200,157,246,110,256,266,172,146
"FAM83D",26,105,102,78,281,902,21,38
"EXD3",206,153,204,106,200,273,184,227
"ADRA1B",14,288,82,309,12,467,21,359
"GPATCH3",189,175,224,121,220,252,188,183
"TANGO6",206,187,217,136,176,291,178,159
"GAREM2",158,130,245,134,192,333,186,172
"MRPS31",190,186,253,114,244,226,167,169
"PSMA1",201,217,233,153,154,257,156,177
"GNL3L",198,174,199,102,215,324,159,177
"FAM83H",145,182,224,108,250,346,119,174
"KRT7",30,76,289,163,118,588,110,173
"C1orf54",127,91,300,157,245,259,192,175
"CCDC159",209,151,262,137,237,227,197,125
"TMBIM4",99,102,193,167,176,380,211,216
"IFIH1",274,149,258,132,282,227,121,100
"FLRT3",259,34,305,30,431,150,297,37
"VASH1",238,181,219,115,229,276,146,138
"EXOSC2",193,134,249,96,234,290,180,166
"COX10",166,150,221,130,209,356,139,170
"TRIM39",205,135,268,136,213,213,207,164
"COL4A4",59,192,156,324,67,219,82,441
"SERPINB9",137,151,185,158,171,374,121,243
"SH3BGRL2",207,130,259,124,252,201,214,153
"RAD52",201,161,256,99,268,257,160,137
"MRI1",202,196,235,113,245,357,90,100
"C2orf42",215,144,254,113,252,226,187,147
"ZNF614",203,162,227,110,244,252,178,162
"ROBO3",197,111,264,99,265,194,243,165
"IFT56",197,119,185,125,197,322,185,207
"MAPDA",168,149,279,132,219,244,209,137
"CCDC86",190,193,174,101,198,416,134,130
"MACIR",161,186,231,137,179,235,152,255
"ZNF589",211,136,266,92,262,219,216,133
"ZC4H2",205,141,234,108,290,237,180,139
"DUSP6",145,72,191,84,170,559,188,124
"ZBTB39",237,177,227,95,222,241,173,160
"ZBTB18",206,132,237,107,292,246,165,147
"NEK11",276,106,269,57,263,147,295,118
"SNX16",196,168,155,116,265,286,178,166
"CDKAL1",234,163,226,119,236,244,173,134
"MSANTD2",186,165,212,119,282,253,164,147
"UBE2F",157,164,235,139,206,263,184,180
"EIF1AY",229,171,257,178,297,393,1,1
"ZNF574",216,181,209,80,236,281,163,159
"ZNF408",196,163,237,110,219,207,220,172
"LINC00654",272,144,374,135,92,99,224,184
"LIMS3",172,136,194,59,270,379,169,144
"NRCAM",479,381,106,67,26,37,206,219
"CGRRF1",170,154,197,150,220,283,156,191
"EBF3",150,191,323,90,8,7,477,275
"RMP24",176,159,227,124,253,275,165,141
"ZNF43",206,140,267,105,254,185,218,144
"MCAT",172,162,198,120,197,276,163,230
"LRRC45",189,202,191,120,201,277,162,176
"NR4A1",130,193,101,120,101,506,114,252
"TPD52L1",97,54,516,251,147,242,116,92
"STARD8",132,81,138,74,277,148,284,381
"COA7",175,184,181,121,220,281,159,192
"PAQR8",220,162,202,88,234,256,182,168
"LCAT",176,212,220,117,189,246,159,193
"DSN1",238,128,256,115,207,159,199,209
"CCDC74A",234,159,260,116,250,193,163,135
"RAMAC",198,201,197,153,155,264,160,182
"CPNE8",201,165,242,121,208,199,181,192
"TMEM51",246,194,166,88,218,181,214,202
"MARCHF4",102,127,302,211,107,331,106,222
"TWF2",273,258,184,113,144,236,156,144
"NSMCE4A",154,170,207,147,182,241,176,230
"ZC3H11C",208,170,199,139,225,248,156,161
"TLK2P1",182,178,200,132,214,266,159,175
"STPG1",172,168,264,118,241,210,155,177
"TRMT6",161,147,199,112,229,341,151,165
"MXD1",230,165,208,139,212,200,178,171
"PSPH",201,162,250,143,181,225,174,165
"TMEM267",196,209,208,136,199,189,205,159
"FRRS1",226,116,218,68,259,163,275,176
"PLPP7",206,162,102,57,292,348,156,177
"ZNF212",211,179,222,116,203,241,163,165
"PIK3C2B",232,240,368,138,124,64,170,163
"N4BP2L1",143,118,243,207,215,174,153,246
"ZCCHC4",209,132,230,124,223,252,169,159
"TUSC1",200,189,206,122,189,245,178,169
"ZFP1",224,138,241,99,273,210,176,136
"KIF22",184,179,265,114,221,190,174,168
"GCDH",182,217,196,139,160,282,130,189
"MAP3K10",199,211,189,107,199,260,140,190
"NDRG4",135,89,210,89,339,315,170,147
"DCAF4",152,149,205,117,204,243,224,199
"BUD13",194,153,244,108,254,241,165,134
"ALDH16A1",197,210,202,96,200,264,166,158
"PRRT3",190,118,220,134,232,235,183,181
"PIGX",168,183,196,119,191,270,169,197
"RAD18",176,142,206,167,195,278,151,177
"SNAP25",144,115,84,31,417,511,152,38
"CLBA1",194,129,270,136,202,214,202,145
"CDADC1",189,183,196,142,191,197,173,219
"LRIF1",160,169,247,168,142,218,182,204
"SPTBN4",178,102,326,80,335,185,204,80
"KCNAB2",164,170,211,137,176,245,172,214
"CHRDL1",89,177,239,280,115,177,102,310
"PRPF40B",195,142,226,100,254,269,167,136
"PRDM11",183,199,194,122,157,217,141,275
"MRPL48",200,156,266,112,221,221,175,137
"CLN6",176,156,178,131,220,283,184,159
"OTUD1",207,170,175,149,176,225,155,230
"AK1",211,176,225,119,225,188,179,163
"HERC6",228,147,278,134,202,169,185,143
"TAF4",181,198,209,120,216,241,148,172
"CEP131",234,162,204,96,206,230,183,169
"CABLES2",191,159,203,93,235,250,165,188
"BAK1",180,182,193,114,205,296,158,155
"ZNF839",195,122,263,118,209,259,157,159
"TIMELESS",192,124,243,105,271,244,189,114
"BORCS5",180,93,257,120,229,236,201,166
"ING1",189,171,204,122,210,232,162,191
"NUDT15",187,199,219,110,212,270,160,123
"MNAT1",161,132,238,125,232,292,127,171
"ADAMTS13",244,199,254,145,128,167,155,186
"MYEF2",136,116,236,137,187,179,292,192
"RNF19B",197,151,250,115,265,165,160,172
"RNF157",183,389,75,80,204,224,105,214
"EID2",164,175,186,151,218,252,161,167
"ISY1",217,193,188,138,188,205,160,185
"FBXL20",199,146,239,100,224,206,173,186
"AMDHD2",273,138,200,69,222,185,240,146
"RMDN2",132,203,159,156,184,305,107,226
"TAMALIN",288,211,214,92,203,152,176,136
"TLR3",290,198,244,94,167,117,237,123
"YJU2",154,168,211,106,211,269,179,170
"CTU2",178,190,208,85,196,291,155,165
"HAUS3",184,157,237,131,208,225,163,163
"FUZ",188,178,236,132,150,191,165,227
"METTL4",219,185,211,121,187,250,142,152
"ZBTB46",212,98,287,97,215,151,246,161
"FASTKD1",175,151,196,91,271,337,123,122
"CCNA2",100,199,137,105,171,481,95,178
"ZFP41",215,176,212,116,183,189,191,184
"MORN2",177,153,207,143,200,268,150,168
"HIF3A",42,199,72,255,33,211,92,560
"SOX13",166,174,188,115,176,215,189,241
"IL32",277,120,323,97,92,100,290,164
"B9D1",215,103,260,98,226,273,187,101
"OSGIN1",246,165,145,150,263,195,129,170
"ZNF568",172,128,246,109,247,219,171,171
"BAD",206,174,184,111,194,260,156,177
"RCCD1",263,185,189,95,197,223,170,140
"AP1G2",170,155,214,118,224,250,168,163
"GSDMB",177,110,244,128,218,250,189,145
"PUS7",137,180,127,106,200,445,140,125
"SLC39A3",215,175,197,112,175,265,171,150
"SMAP1",176,108,220,93,225,255,213,169
"C10orf88",211,160,236,125,195,245,136,151
"ISCA2",188,196,206,142,157,250,136,184
"BRMS1L",198,171,165,153,205,245,134,187
"EAF1",149,137,187,116,254,286,155,173
"RPL21P105",163,149,265,100,222,260,145,153
"H2BC21",136,181,235,144,245,184,146,185
"RFX8",215,125,269,161,163,199,212,111
"ZNF227",173,138,212,104,233,234,195,165
"SEMA6C",147,202,121,136,146,232,139,331
"MARCHF9",203,223,166,101,217,238,146,159
"HOXB2",168,198,185,124,176,240,172,190
"BYSL",170,167,184,95,229,313,156,137
"CIDECP1",172,174,202,86,259,277,154,127
"ZNF254",167,135,230,111,238,234,167,169
"TTC33",195,155,216,126,209,215,173,161
"HS3ST3A1",128,186,170,84,197,331,141,213
"INTS6L",205,148,236,124,198,174,199,166
"BEND7",180,117,185,111,186,207,207,257
"ANKRD35",189,195,218,157,118,145,205,223
"ZNF132",163,102,228,116,226,300,161,153
"TIMM10",148,147,211,110,268,310,120,134
"PNO1",112,194,149,142,201,396,110,143
"XRCC3",175,178,182,154,164,249,176,169
"ZNF627",190,138,242,105,247,218,175,132
"ZNF350",163,135,248,111,222,219,185,164
"ITGB3BP",201,197,234,120,152,174,211,157
"HMBS",180,168,211,103,222,287,142,133
"PAQR5",58,79,255,105,292,405,136,115
"CTNNBIP1",191,139,173,130,185,245,182,200
"RTTN",201,114,237,82,268,186,214,142
"LRFN4",174,337,113,77,192,273,126,149
"IL1RAP",130,109,141,76,281,381,162,161
"DTD2",148,131,223,147,194,298,146,153
"PCGF6",186,207,179,146,184,206,145,187
"B3GALT4",157,165,165,145,143,253,152,259
"PCDHGB3",91,79,186,96,388,353,129,117
"ZNF276",207,202,225,111,157,237,132,167
"PACRGL",175,138,223,131,185,226,185,172
"NUDT1",171,181,173,122,185,244,186,172
"ZFAND2A",156,160,241,138,181,236,154,168
"EFCAB7",200,106,279,107,263,160,182,137
"RPSAP61",305,255,234,82,210,158,89,101
"ERVK3-1",159,115,217,122,239,240,160,181
"MEX3B",405,139,221,27,277,94,203,67
"DNASE1L1",140,110,212,146,255,289,143,137
"CPA4",83,15,581,74,415,71,148,45
"LRRCC1",219,184,179,117,181,239,170,143
"SCUBE3",40,48,133,77,299,474,191,170
"UBXN11",186,139,288,101,196,185,190,147
"BCL2",233,143,188,90,209,163,227,179
"FIGN",179,127,205,79,303,221,187,131
"PGAM5",163,174,168,134,194,284,149,165
"KBTBD7",207,128,257,88,219,208,182,139
"HILPDA",202,160,133,71,182,419,142,119
"TMEM117",217,106,259,106,228,183,198,131
"ZCWPW1",180,184,228,140,177,162,161,195
"LPIN3",141,179,168,113,94,237,164,331
"SLC18B1",249,118,210,100,235,150,233,132
"ZNF606",160,124,243,119,257,237,153,134
"GABRE",191,76,167,39,333,317,187,116
"ADAT2",181,94,285,78,282,185,245,76
"THG1L",184,142,212,125,206,201,178,177
"POLR1C",179,189,169,100,207,286,152,143
"KHDRBS3",191,190,156,128,127,227,201,204
"TSNARE1",206,163,173,101,180,234,160,207
"LRRC37B",166,132,203,136,211,227,172,176
"DSP",19,11,44,54,300,464,147,383
"CLDN15",210,220,166,107,170,185,183,181
"HSD17B6",232,69,637,56,89,40,245,53
"CLEC2B",192,116,174,108,213,286,146,186
"RPL7AP30",212,181,184,94,249,251,115,135
"OCEL1",137,168,208,136,203,285,123,160
"WWOX",185,165,212,125,195,194,187,157
"NEIL1",181,247,151,131,119,180,184,225
"SH3BP5-AS1",114,96,191,129,247,229,182,230
"ZNF853",272,156,137,69,216,163,218,187
"ZNF577",187,206,180,116,157,189,192,189
"IFI27L1",172,174,165,113,224,223,166,178
"ARMC5",189,147,207,97,169,241,186,178
"TFB2M",157,162,185,147,189,283,143,148
"PCBP3",126,404,161,241,17,38,77,350
"IFT70A",209,106,278,74,208,235,169,135
"CENPE",166,151,259,103,208,163,195,168
"ATPSCKMT",205,159,229,115,223,241,139,102
"PRPSAP2",226,156,225,68,200,196,188,153
"PMM2",125,132,174,116,216,338,147,161
"BLOC1S4",188,156,193,101,196,246,165,164
"WDR24",181,151,217,101,184,248,157,169
"ARMC7",152,147,188,102,215,266,151,186
"ETNK2",152,145,172,152,137,201,171,276
"LNX1",163,161,171,150,252,354,56,98
"PTER",158,149,167,124,168,290,178,171
"THAP1",159,161,198,117,221,254,138,156
"NBEAL2",160,202,198,97,141,267,137,202
"TRAPPC14",195,222,178,98,162,279,125,144
"ZNF354B",166,153,165,112,206,220,208,172
"ZNF286A",185,115,205,80,259,219,201,137
"PIGZ",207,247,152,109,126,222,135,202
"SGO2",165,146,237,103,277,208,122,142
"TIMP4",31,262,35,148,70,569,33,251
"ARHGEF35",136,131,368,217,115,157,145,130
"ABRACL",173,203,97,88,162,340,141,193
"SIGIRR",110,136,197,129,157,222,199,245
"CASP9",183,191,190,104,169,207,167,183
"RBM15",166,171,181,120,200,250,133,173
"SWT1",176,124,217,124,216,178,187,171
"TIMM29",184,173,179,114,200,204,182,157
"ZNG1DP",183,180,148,123,206,263,152,138
"LINC02202",44,192,162,266,103,270,79,276
"SPRTN",169,141,202,125,212,221,164,156
"INTS12",163,173,212,112,200,247,129,154
"RASSF8-AS1",124,125,161,127,174,354,154,171
"KPTN",206,206,177,111,181,237,128,142
"UTP15",161,137,167,118,200,313,138,154
"MAML3",130,85,168,170,202,360,122,150
"EXOSC3",141,148,182,107,207,293,165,142
"COMMD5",176,194,182,96,188,239,139,171
"RABIF",162,154,185,143,176,252,153,159
"C19orf44",185,119,211,92,211,205,194,166
"DCK",187,133,158,97,200,257,143,208
"KCND1",209,142,208,140,191,133,182,177
"PPARGC1A",136,104,91,45,438,434,73,61
"ZNF468",108,116,162,140,221,343,132,160
"RPL21P80",186,198,184,115,209,182,160,146
"RITA1",181,146,179,105,207,263,159,139
"NOL4L",175,145,201,102,239,170,178,169
"PLEKHF2",158,163,177,148,165,227,148,191
"GPRASP3",189,114,212,121,217,195,192,137
"RPIA",162,152,158,128,181,251,161,182
"SEMA3E",77,49,147,97,229,278,233,265
"LINC00641",166,142,174,92,280,232,174,115
"PTCD2",197,112,244,114,185,215,157,148
"TMEM97",206,204,116,109,222,283,93,139
"PPAT",201,161,181,94,199,285,145,106
"APLN",287,121,252,30,106,284,231,61
"FAM76A",153,209,153,165,147,198,140,206
"GAN",162,197,149,138,178,235,137,175
"RPP25L",190,142,222,105,202,222,131,156
"FIZ1",194,162,183,106,208,221,154,142
"CCDC43",149,135,232,131,212,223,146,142
"ZCCHC10",158,179,174,159,163,236,150,150
"TLCD2",78,139,175,162,98,326,138,252
"TSFM",169,157,202,140,178,240,132,148
"PENK",110,89,194,143,261,243,130,194
"SLC37A4",203,150,212,103,190,212,163,130
"MRFAP1L2",185,141,230,129,189,149,196,144
"RND2",214,28,445,30,247,99,245,54
"FIGNL1",221,148,223,92,192,219,149,118
"PPP1R16A",170,147,188,79,180,286,158,154
"SLC45A1",113,204,98,146,111,342,96,252
"KIF20B",181,142,196,105,234,177,198,128
"MAZ",176,161,188,80,198,224,162,171
"RAMP1",67,17,208,118,185,319,255,190
"MCM2",241,122,232,88,185,180,204,106
"ALG6",162,117,186,108,247,210,163,165
"CERS4",381,251,175,84,45,38,235,148
"OPLAH",158,150,175,112,159,305,125,173
"SCN5A",57,34,158,300,33,103,230,442
"DNPH1",191,169,194,91,169,236,169,137
"MOCS3",191,178,201,108,168,208,176,126
"DENND2D",264,157,307,104,101,74,202,147
"ZNF615",164,122,196,117,215,207,195,140
"RPS17P16",341,389,160,79,130,158,53,46
"TONSL",152,175,202,121,181,226,158,140
"DIAPH3",100,152,204,142,133,209,154,260
"TRIB1",153,113,124,74,301,337,143,109
"CXCL16",187,80,237,91,208,176,254,120
"TMEM216",157,145,200,81,237,237,162,134
"DPH2",144,160,185,107,164,287,126,179
"NEK10",239,29,286,44,373,57,268,56
"NTM",121,72,268,65,278,262,178,108
"PRADC1",232,166,170,113,215,141,155,159
"PGBD1",155,146,168,104,213,245,169,151
"GASK1B-AS1",181,228,107,56,213,303,119,144
"ZNF880",175,137,157,58,262,276,152,133
"FILIP1",244,220,215,61,218,112,157,122
"NECAB3",202,150,187,66,211,227,173,133
"RFX1",163,164,204,90,178,215,174,161
"TYW5",171,128,213,97,230,221,157,132
"CUTC",172,209,191,105,199,193,135,144
"PPP1R13L",135,112,150,87,150,377,161,175
"ZNF415",186,111,241,137,208,206,153,105
"FBXO45",150,155,200,110,201,211,153,167
"DNAJC30",161,98,237,97,228,237,159,130
"RPL23AP4",206,126,228,92,251,237,120,87
"NOC4L",176,201,172,99,186,244,128,140
"RGMB-AS1",227,88,279,34,321,177,172,48
"ZNF736",163,125,223,130,192,214,176,122
"RAB36",146,95,234,114,172,262,177,144
"OTUD3",188,155,168,105,225,217,150,136
"FANCG",259,126,234,67,223,110,196,129
"SEC14L2",129,183,153,134,126,215,173,230
"TMEM234",164,94,231,101,190,259,165,139
"JPX",141,85,229,84,208,178,224,194
"MSR1",94,53,102,28,341,238,286,200
"KCNJ8",102,220,171,150,116,233,151,199
"XKR8",158,184,178,107,175,210,146,184
"MPP3",88,188,96,170,113,361,66,259
"FAM98C",210,146,198,84,194,171,171,166
"OLFML2B",170,68,317,87,152,48,259,239
"CENATAC",177,154,186,106,205,199,175,138
"FAIM2",310,82,197,38,351,163,163,35
"CDH24",189,96,220,81,313,188,147,104
"EDNRA",199,109,144,36,306,330,153,60
"ATAT1",220,117,248,78,250,165,159,99
"HAUS5",255,144,233,71,193,167,162,111
"DMAC2L",119,157,211,145,181,270,117,134
"ZNF594",139,86,201,93,241,258,175,141
"NPHP1",151,92,221,99,228,190,201,151
"PIEZO2",454,52,344,30,305,85,54,9
"ZNF18",177,124,183,126,184,227,175,137
"FAM200A",170,128,220,102,188,217,171,137
"PSG1",71,19,268,79,76,55,518,247
"KIAA1328",170,109,247,105,178,179,169,175
"PCDH10",328,278,338,106,31,46,137,66
"CMSS1",152,154,150,115,196,271,141,151
"SHTN1",149,121,174,119,184,252,197,134
"DORIP1",182,135,195,130,156,206,149,176
"ZNF548",137,120,208,113,181,245,163,162
"RPL5P4",258,247,139,95,196,182,102,110
"CHCHD5",190,165,208,79,193,215,145,132
"DOCK2",188,143,272,91,182,199,137,115
"MED7",190,158,195,126,172,218,139,129
"ZNF765",138,140,174,90,201,264,144,176
"TMEM231",160,117,255,113,150,182,199,151
"RPL12P8",138,106,206,102,244,291,128,112
"PDLIM3",264,215,186,81,52,67,215,246
"LCORL",152,137,159,92,260,218,136,172
"PCYOX1L",179,138,240,149,151,153,139,176
"IFNAR2",180,140,190,113,153,258,145,146
"RNLS",144,135,192,95,250,286,111,112
"RPS3AP20",357,284,116,80,131,151,102,104
"NARS2",177,149,214,102,200,203,138,141
"CORIN",55,133,103,245,69,409,68,242
"CPT2",144,100,224,96,205,230,173,152
"PDE3A",54,56,207,37,274,368,215,112
"LRRC75B",167,131,245,102,221,145,159,153
"CBX8",167,166,163,98,172,309,105,141
"DUSP23",103,211,85,108,113,398,86,216
"LAGE3",211,161,175,89,171,225,149,139
"MTERF1",150,128,193,144,169,258,129,148
"CCDC112",151,147,176,121,217,195,146,166
"ZNF773",124,103,242,102,191,220,184,152
"TRMT44",158,148,183,94,176,235,158,166
"SIRPB1",153,135,235,94,149,250,137,164
"CHST10",175,149,225,112,148,193,169,146
"URB2",136,152,175,106,180,313,127,128
"NAIF1",174,124,205,97,205,206,150,155
"ZNF280C",182,123,185,55,263,247,139,121
"OBI1",158,156,181,107,176,245,145,147
"SPTLC3",200,131,284,70,231,149,158,92
"EEF1A1P16",111,75,277,79,286,231,130,125
"PPOX",191,148,172,106,165,164,177,189
"DONSON",157,156,170,121,210,160,166,172
"GSAP",93,137,191,139,164,303,118,167
"ZNF845",145,112,210,107,182,257,142,156
"TEPSIN",181,192,150,133,154,213,135,152
"GFER",177,198,162,87,146,227,151,161
"FBXO46",168,150,187,109,157,239,145,154
"ZNF846",148,137,214,88,239,186,164,133
"ZNF579",186,130,175,100,204,235,164,115
"OSBPL7",229,132,278,78,185,97,205,104
"MCEE",196,130,212,105,204,145,181,132
"SLX9",89,116,122,109,151,458,79,181
"NUTM2B",136,134,232,122,165,193,147,176
"LIF",254,36,223,16,317,113,312,33
"BRD7P2",147,122,204,98,223,258,121,131
"FJX1",125,149,175,117,105,278,134,220
"CLGN",264,166,84,43,239,130,233,142
"DZIP1L",134,150,196,85,160,298,126,152
"TMEM79",144,90,217,92,211,245,153,149
"POLA2",192,139,217,99,156,177,168,152
"ST7L",138,110,154,77,189,297,144,189
"UBXN8",173,160,184,122,159,224,142,134
"ZSCAN12",173,142,209,91,201,207,144,131
"WDR31",146,88,218,103,238,224,153,126
"PSTPIP2",123,105,193,121,211,278,111,154
"TSEN2",127,177,151,126,171,248,122,172
"DENND1B",136,107,175,103,200,237,175,161
"ZNF184",191,106,194,84,233,156,198,131
"MAPK13",69,87,114,91,278,424,100,129
"TYMS",279,149,180,37,243,172,157,75
"CBR3",160,108,215,123,160,133,184,207
"SLC1A4",140,106,215,112,121,175,255,165
"GALNT6",89,56,265,133,286,271,125,64
"SHOX2",141,125,77,36,365,343,102,99
"CRADD",201,145,206,88,153,215,152,128
"RN7SL4P",362,426,142,37,91,84,39,107
"ZNF671",128,98,236,96,231,224,136,138
"RILP",126,207,167,103,125,293,109,155
"ACP6",204,117,137,72,220,238,146,150
"PTCHD4",352,194,158,49,186,130,123,92
"ALKBH1",127,125,152,141,207,251,126,154
"NAF1",187,132,161,95,192,210,148,158
"MSX2",226,104,91,32,135,80,436,178
"EEFSEC",186,144,181,82,182,214,145,148
"RPL31P4",345,300,95,99,86,139,110,108
"SNHG11",165,211,171,108,157,169,146,154
"BBS12",135,154,137,154,146,211,156,188
"CDK20",204,143,197,66,225,124,171,150
"MELK",177,163,162,126,155,202,126,169
"NAALADL1",170,129,172,105,175,199,171,159
"TRIM16",159,116,197,81,296,194,151,86
"SRRD",159,160,203,105,185,228,131,108
"FUT4",167,160,134,142,115,235,132,194
"TSPOAP1",186,152,122,87,171,311,118,130
"KIF11",218,117,270,87,154,153,157,121
"TSLP",241,40,218,24,354,42,316,42
"HIRIP3",183,159,199,130,160,120,165,161
"ABCA10",252,118,299,66,255,73,161,52
"EXOSC6",166,134,167,67,202,187,205,148
"MID2",136,139,180,81,212,234,141,152
"MIF4GD",131,143,183,141,125,169,176,207
"DOHH",163,184,176,103,139,208,127,175
"MMP15",145,245,95,172,84,197,87,249
"TENM3",264,134,113,54,233,227,127,122
"GPATCH1",162,109,215,105,212,187,146,137
"PYROXD1",116,104,148,102,189,309,159,146
"MTF2",178,110,187,97,210,227,152,112
"SCLT1",176,170,184,96,216,175,140,116
"ADPRM",138,122,190,131,171,211,129,180
"RASA4",119,103,231,142,168,146,197,165
"POLR3F",142,128,205,117,191,225,130,133
"GSTCD",173,130,172,107,221,194,151,123
"MIEF2",200,128,169,93,159,167,197,158
"FUNDC1",141,137,193,126,179,225,122,147
"RAD51C",162,138,191,111,179,172,167,150
"ARRDC1-AS1",170,178,199,118,173,171,127,134
"MCTP1",82,152,26,98,85,295,102,429
"NECTIN1",210,118,216,59,278,152,148,87
"TPRN",164,189,157,103,139,209,140,167
"ZMAT5",159,133,210,99,186,179,153,148
"TRPV4",99,137,132,93,177,304,125,200
"PMEPA1",209,79,155,43,393,271,84,33
"AMER1",171,130,161,96,184,211,153,161
"TACC2",103,116,176,93,192,212,208,166
"HOTAIRM1",124,183,197,177,153,188,118,126
"RPL17P36",168,196,171,94,195,197,131,114
"SLC25A13",143,117,131,88,227,284,146,129
"FAM174A",112,149,179,139,168,250,103,165
"MORN4",164,93,223,115,197,155,172,145
"ZNF287",156,128,196,136,176,209,148,114
"METAP1D",164,135,209,112,182,214,117,130
"CYP2R1",168,128,160,114,188,188,176,141
"ANKRD13C-DT",122,107,189,114,231,255,123,122
"ZSWIM4",97,104,111,76,192,426,94,162
"CCDC125",162,125,235,129,128,145,181,157
"MSTN",8,17,129,132,129,741,45,59
"MMP11",234,133,153,63,248,165,150,113
"WDR25",197,159,191,88,153,207,147,117
"SHMT1",95,167,157,173,134,271,87,175
"GMIP",137,116,193,70,199,255,150,138
"ETFB",214,173,147,119,163,150,155,137
"SENP3",149,173,166,91,186,221,139,133
"ANO8",221,176,210,76,149,140,158,127
"LSM6",170,172,143,131,146,231,112,152
"ZNRF3",130,149,177,111,152,229,132,177
"BAIAP2L1",141,99,207,108,195,219,158,129
"HIRA",151,149,170,126,161,199,152,147
"IBA57",167,138,167,124,162,222,150,123
"ADSS1",230,113,168,41,148,227,224,102
"ZNF250",178,102,217,76,225,156,159,139
"RPL21P134",249,225,124,102,151,131,144,126
"PROSER3",143,143,194,89,146,203,182,151
"PUS3",168,130,204,91,229,185,132,110
"ZNF440",150,118,214,105,187,203,155,117
"NRIP3",114,116,211,170,148,175,142,173
"MCM9",169,129,172,87,179,171,187,153
"NKD2",75,213,62,75,53,230,166,373
"RELL1",116,170,101,116,131,258,97,258
"ZNF559",172,125,190,102,227,189,139,103
"RNF144B",32,155,86,148,67,270,63,425
"WDR5B",173,121,182,91,181,217,157,124
"KATNAL2",138,78,193,102,156,167,231,180
"MLF1",211,87,249,96,139,120,215,128
"GEN1",135,138,215,109,176,217,132,123
"FGF9",136,246,395,137,74,63,98,95
"ZNF135",165,70,276,56,286,165,151,75
"VILL",182,158,220,96,147,144,160,136
"TRMO",156,134,175,83,198,232,143,122
"ZXDA",156,117,181,79,198,208,168,136
"ADAMTS6",155,134,223,89,249,235,100,57
"FAM117B",175,83,199,124,190,170,150,149
"CASP6",183,132,171,103,199,167,139,145
"ZNF10",166,100,228,103,268,162,129,82
"SEC63P1",127,101,191,86,236,229,135,131
"KLHDC4",178,135,175,90,194,268,92,103
"CFAP410",171,154,177,69,142,256,117,149
"SLC45A4",134,130,151,97,165,259,131,167
"PLCXD1",195,190,127,65,185,170,159,143
"ZNF202",133,134,179,86,177,244,137,143
"PLEKHG5",136,62,170,56,273,215,206,115
"NALF1",195,174,89,45,163,138,253,176
"ATPAF2",133,117,184,114,185,239,147,113
"ALKBH4",183,121,180,79,193,228,118,129
"CCDC191",151,105,193,111,183,174,171,143
"ZC3H12A",158,172,156,81,170,225,115,152
"PNPLA4",119,140,175,86,203,221,141,143
"UPRT",171,125,161,94,166,196,145,170
"WBP1",164,193,169,93,158,156,140,154
"PIGA",107,146,165,147,88,286,97,190
"TMEM170A",170,122,172,114,152,198,130,168
"LINC02210",93,55,134,66,361,341,100,76
"SYT7",182,100,161,59,233,148,247,95
"FARS2",148,151,181,120,171,203,127,123
"HSP90AB3P",183,140,188,104,192,182,130,105
"RSPO2",429,117,180,34,79,64,233,87
"CPAP",152,155,160,120,164,183,139,150
"PEX11A",155,127,138,102,204,214,135,146
"NEMP2",168,110,130,86,213,272,101,141
"RNF152",106,102,188,155,158,299,97,115
"TXNRD3",163,133,184,85,172,214,146,123
"MRM3",137,153,173,106,150,191,157,150
"LOC728138",168,146,159,99,127,205,131,182
"LOC100288637",185,110,190,77,153,195,134,171
"ABCA7",159,92,252,65,241,174,145,86
"KCNT2",91,100,125,133,107,315,114,229
"ABHD18",147,139,166,106,190,181,141,142
"PKD1L2",214,126,376,69,183,54,147,43
"PIGH",139,144,146,100,176,206,147,153
"PRPH2",217,149,200,67,209,211,103,55
"MLYCD",98,177,108,128,138,217,134,210
"FBXL6",163,177,146,82,130,263,103,146
"RPSAP18",269,246,149,81,118,141,112,94
"C22orf23",151,193,154,72,156,214,141,128
"SLC35A1",138,119,185,103,147,174,173,170
"SMAGP",133,120,186,100,180,191,155,144
"COQ2",131,219,154,121,145,222,99,118
"ZNF566",143,113,182,94,169,155,203,150
"FAM117A",187,103,210,95,186,145,157,125
"MACROD1",137,125,135,84,212,240,144,130
"ACYP2",112,103,186,119,177,226,127,157
"UBE2D4",156,83,184,138,158,167,173,147
"FAM161B",199,94,210,72,227,184,141,79
"RBX1",158,142,157,132,139,179,144,154
"C2CD2L",130,169,150,134,179,163,123,157
"SLC29A3",176,97,199,92,216,156,143,126
"KCTD13",143,131,164,93,190,232,132,119
"NPIPB2",62,75,159,114,257,258,126,153
"PIGF",146,129,174,112,140,238,122,142
"ING3",122,119,211,92,174,206,146,132
"CNTNAP3B",87,122,137,156,6,14,252,428
"NKRF",142,141,166,107,142,218,125,161
"LIN52",115,169,148,137,133,245,89,166
"WARS2-AS1",129,114,238,126,135,211,128,121
"TIGD6",125,106,181,100,192,239,110,148
"CCDC152",221,139,184,81,149,139,150,138
"POLR1HASP",148,77,239,81,156,184,177,139
"MTRF1",162,138,147,95,184,184,127,163
"ST13P15",139,95,185,92,223,169,171,126
"METTL21A",127,129,200,87,174,190,171,121
"C1orf35",169,149,149,102,128,217,131,153
"TPRKB",189,112,168,75,196,205,143,107
"SPACA9",150,96,201,104,191,189,138,126
"ZNF407-AS1",167,128,188,84,170,198,146,114
"IRF7",165,145,150,85,174,207,127,141
"TMCC2",228,87,239,60,176,118,186,99
"COA8",165,142,159,97,157,208,124,141
"TYMP",110,280,87,82,114,309,56,154
"RP9",122,100,214,89,206,158,179,124
"TVP23C",162,115,165,104,171,199,143,133
"GFOD1",137,207,122,159,144,159,73,190
"GRIK5",184,102,198,86,131,130,214,145
"HLA-G",135,117,127,85,205,269,118,134
"AGFG2",177,143,152,106,151,117,165,177
"SOX5",107,145,138,141,163,238,82,174
"SLC22A23",255,86,200,52,283,103,145,64
"PEG3",165,124,175,59,255,230,94,86
"FER1L4",93,82,193,91,139,304,139,146
"LIG1",241,106,182,50,204,116,189,99
"CEP43",173,102,189,110,192,184,130,107
"ALG11",149,112,162,91,183,273,93,124
"ZNF174",134,114,190,107,201,169,133,138
"SLC7A7",105,112,151,143,202,225,97,151
"IER3",149,37,152,49,372,204,163,59
"PLEKHM3",132,102,177,71,151,252,119,181
"ZNF185",173,121,146,99,143,225,128,149
"RPS6KA6",231,191,141,53,148,137,155,127
"FOXM1",180,114,207,81,183,125,185,108
"WDHD1",241,168,149,84,143,159,118,121
"FOXQ1",155,132,167,59,258,182,160,69
"ZNF136",142,116,200,116,170,176,131,131
"MLLT11",147,122,182,63,244,189,162,73
"ZNF550",185,135,159,66,194,193,116,134
"PNPLA7",114,165,155,108,114,141,169,215
"ARRB2",157,128,204,80,161,169,168,114
"CMTM7",115,114,166,75,201,266,111,133
"TRAF2",162,116,196,84,156,192,153,121
"WWC1",66,127,88,63,144,491,83,115
"CMC1",132,137,125,125,169,251,103,135
"IGF2BP1",87,88,104,72,177,312,148,188
"SIX5",188,163,150,82,158,145,128,160
"COL13A1",173,54,88,39,157,398,182,83
"MZT1",157,136,139,133,132,202,128,147
"NUDT19",119,142,159,124,147,224,119,140
"SLC2A8",145,134,147,73,153,186,169,166
"KRT10-AS1",140,128,164,109,128,162,164,178
"LYAR",128,117,159,102,170,231,120,145
"BRSK1",182,119,170,62,211,189,132,107
"TMEM223",150,134,151,82,181,214,131,129
"GCSH",161,144,143,92,178,190,144,119
"EME2",138,150,186,78,170,219,112,117
"DRC4",107,100,224,89,160,217,138,134
"LRRC23",149,107,194,105,169,180,151,113
"ZNF74",215,112,156,55,235,143,159,93
"COX17",124,128,173,114,171,182,125,149
"MKS1",185,132,203,86,145,138,145,131
"ZNF688",174,132,179,81,178,157,126,138
"YAE1",163,103,199,78,185,210,122,105
"HSF4",189,143,245,82,153,91,144,117
"SDF2L1",128,149,121,43,110,407,92,114
"HAPLN3",45,171,174,184,52,295,88,155
"OSBPL10",160,116,162,55,211,250,125,84
"RNF113A",151,157,156,95,160,203,121,119
"LINC01133",219,106,322,115,125,66,131,78
"CRLF1",132,95,98,82,79,168,243,263
"LRRC51",137,100,217,93,172,165,132,144
"LAMA1",135,98,133,80,143,175,212,183
"RUNX2",102,121,131,100,206,316,77,106
"SLC2A11",129,86,203,105,209,153,141,133
"TINAGL1",5,11,207,201,186,461,30,58
"TREX1",170,158,205,102,136,121,135,132
"LRRC2",113,80,135,68,298,386,47,31
"ZNF81",157,105,155,84,187,219,139,112
"IL17D",175,166,150,80,151,127,172,136
"ZC3HAV1L",120,119,118,70,142,359,108,120
"C3orf62",148,126,117,159,136,195,112,163
"KLF5",29,88,70,213,45,286,41,383
"DET1",176,77,215,72,193,212,120,90
"SETD6",151,127,162,89,159,192,140,134
"NDUFAF4",105,131,135,116,218,248,101,100
"DOLPP1",183,120,192,98,163,157,123,118
"REPS2",94,130,228,214,127,127,88,146
"TBCCD1",144,124,172,112,147,209,123,122
"TMEM116",162,100,180,96,184,127,174,130
"ZNF473",131,119,169,101,179,193,142,118
"PSD",148,110,135,65,218,229,151,95
"MAIP1",159,140,154,95,147,195,141,120
"GALT",152,120,224,75,174,141,156,109
"JHY",140,100,203,91,133,132,154,197
"PLPP6",139,107,169,129,165,202,117,122
"EEF1AKMT3",148,126,115,75,162,239,150,134
"APOBEC3G",182,91,225,113,97,96,196,149
"AQP3",118,30,215,9,267,38,424,47
"CFAP126",144,124,175,103,176,193,111,122
"RPL23AP25",175,106,194,82,212,204,107,68
"FBXO4",151,135,178,123,127,161,143,129
"SPEF2",106,83,199,99,150,251,142,117
"ICAM3",162,205,135,89,120,199,111,125
"AIMP2",133,152,148,90,161,221,119,122
"QPCTL",101,130,131,135,123,252,110,163
"POLR3G",110,116,189,85,218,212,118,97
"DCLRE1B",113,137,151,114,164,188,105,173
"C19orf47",193,124,159,82,171,191,116,109
"PGBD5",269,37,195,20,319,96,190,19
"BDKRB1",235,87,201,21,254,115,199,32
"YPEL4",268,85,230,60,170,77,167,87
"PSMG4",144,131,171,99,136,220,120,122
"ERCC8",182,118,183,75,156,190,125,113
"SRFBP1",134,132,136,91,168,221,134,126
"ARHGAP19",136,104,138,117,153,217,132,145
"DNAJC27",120,104,180,74,172,219,143,129
"PPP1R3D",140,152,132,120,118,178,134,167
"MXRA5Y",115,56,354,74,187,89,168,98
"POPDC3",72,111,113,69,250,303,81,141
"PSMB9",222,169,202,77,116,107,154,93
"RFC5",162,134,162,86,178,170,109,138
"TRIM45",222,45,275,51,206,64,225,51
"SCUBE1",144,237,24,29,357,282,23,43
"RBIS",126,108,163,77,194,227,128,116
"TMEM205",164,136,139,87,148,225,121,118
"B3GNT5",115,214,52,61,127,246,123,199
"ZNF511",143,152,147,75,162,194,138,125
"MCRIP1",150,125,140,80,149,245,117,129
"PCDHB2",182,149,218,112,129,147,100,97
"ICA1L",111,85,167,113,184,169,144,161
"TNFRSF10C",131,51,137,22,299,275,121,98
"PNPO",115,115,180,107,178,180,140,118
"HOXA5",200,154,169,84,120,110,166,129
"TMEM144",116,151,109,54,268,246,113,75
"EIF3J-DT",125,145,145,111,163,182,124,137
"OCIAD2",124,84,160,82,242,238,118,83
"AK9",188,89,237,82,188,149,106,91
"GRK4",131,100,173,86,189,154,157,139
"FANCM",153,113,201,84,158,161,131,127
"ACYP1",157,130,172,88,272,79,140,89
"ROM1",137,149,152,96,121,149,128,195
"PTOV1-AS1",150,95,173,104,173,190,111,131
"ZSCAN20",143,86,177,73,165,206,139,137
"DPM3",137,179,124,83,126,215,116,146
"DCLRE1A",131,99,184,83,188,155,148,138
"ANKMY1",130,112,175,101,163,182,145,117
"TXNL4B",154,121,164,104,141,167,114,159
"TMEM143",171,123,195,84,177,137,111,126
"BORCS8",171,108,205,89,154,188,112,97
"PUSL1",147,138,163,71,159,218,122,105
"ALKBH2",171,152,173,86,162,167,119,93
"ZNF16",172,95,183,82,193,138,136,123
"LOC101927855",186,152,136,103,94,130,150,171
"WDFY2",144,107,156,52,186,212,163,100
"ERFE",88,154,124,79,188,217,108,162
"SRD5A3",126,156,116,107,143,209,118,144
"THUMPD2",184,132,156,75,154,163,154,101
"CYB5RL",152,99,165,73,153,181,150,146
"LINC00665",118,92,187,93,201,218,118,92
"MYH11",21,22,102,95,263,564,32,19
"PTPRQ",94,80,368,129,120,211,60,56
"KCTD15",358,279,112,19,62,62,150,76
"ZNF79",170,88,193,63,196,137,174,97
"ELP4",171,119,180,85,170,187,112,93
"ZNF182",121,104,164,98,187,185,134,123
"RELB",129,82,184,81,170,219,151,99
"EHHADH",120,121,200,127,116,178,100,153
"NDUFAF6",142,102,193,104,141,163,145,125
"MTLN",167,129,181,83,117,206,119,112
"RFC2",162,113,206,66,148,171,134,113
"RMI1",154,112,161,91,144,178,143,130
"ZNF121",153,127,145,106,132,192,132,126
"GPR162",148,125,164,89,204,160,112,111
"AADAT",171,135,142,37,215,166,155,91
"BBS5",131,127,176,82,168,156,181,91
"PRC1",143,123,194,96,145,120,160,130
"CCDC74B",120,95,161,78,170,174,165,147
"KLHL25",132,167,117,105,138,228,72,150
"ZNF555",148,133,160,76,162,178,129,123
"PSMG3",137,150,156,94,143,185,114,129
"IL15",137,135,145,84,199,245,72,91
"ZKSCAN3",160,83,202,74,178,153,143,115
"CACNB1",130,122,158,114,134,192,122,135
"GABARAP",203,163,128,85,100,167,142,119
"MPP2",202,108,197,86,157,73,165,118
"NFATC1",128,130,155,72,130,186,148,155
"DMGDH",115,76,153,76,272,244,98,69
"GABBR2",44,256,205,125,36,194,110,133
"METTL23",157,145,130,96,144,201,101,129
"SMG1P7",155,98,161,64,153,174,151,147
"HYDIN",133,119,182,84,190,191,114,89
"NAP1L5",128,87,195,81,224,166,139,82
"SLC2A9",106,104,160,119,141,253,97,121
"LINC02193",137,101,304,111,100,93,155,100
"TRIM46",134,147,182,78,131,184,120,124
"ZNF44",124,96,202,91,164,173,130,120
"PLCD4",133,103,193,79,222,168,105,94
"ARMCX5",133,99,202,77,192,156,118,120
"EPOR",176,107,159,67,154,178,136,119
"PIF1",117,149,167,82,153,210,97,119
"LCMT2",140,115,175,93,149,213,119,90
"TASP1",101,176,121,107,124,219,96,149
"RBM38",129,121,177,86,157,173,137,113
"SERINC5",150,101,153,66,168,172,143,140
"SEC61A2",147,101,158,69,204,165,145,103
"RBL1",154,146,165,101,108,94,146,178
"TBC1D31",127,128,152,81,165,170,134,135
"ZNF691",142,117,176,75,161,155,154,112
"ZNF814",102,78,188,101,231,213,97,81
"TMCO6",128,152,130,123,123,184,101,148
"TFPT",137,127,184,94,118,175,116,137
"CDCP1",193,122,240,140,78,107,122,84
"PUS1",107,196,127,81,127,258,80,109
"CSNK2B",112,135,155,112,132,190,124,125
"CFAP68",138,145,176,97,187,165,99,77
"DGKE",127,114,133,94,171,202,97,146
"ZNF674",121,94,166,88,180,175,123,135
"ZFP82",133,98,179,89,147,189,140,106
"LYN",119,101,151,110,84,290,82,143
"SMG1P6",148,117,137,71,113,217,129,148
"PPP1R13B",105,75,199,90,180,150,159,121
"TCF19",165,115,179,76,134,106,169,135
"LNX2",142,129,177,98,149,140,116,128
"DECR2",112,88,147,60,156,255,114,147
"IQCH-AS1",74,118,158,215,88,157,87,182
"GAR1",156,108,134,84,165,214,106,111
"AP4B1",134,127,161,91,137,174,128,126
"TEX30",138,147,102,104,148,198,102,139
"SLC22A15",142,124,162,112,83,133,135,186
"LINC-PINT",86,112,147,93,168,187,112,172
"ZNF225",131,96,184,93,164,170,124,115
"ERO1B",140,143,108,96,122,186,122,159
"C2",170,108,237,102,119,75,156,109
"HSD11B1L",155,147,147,74,136,186,112,119
"ZNF607",149,94,201,113,152,139,117,111
"PPP1R3E",149,118,167,80,141,138,161,122
"PLA2G4C",120,53,99,26,334,206,161,76
"SP4",150,97,164,93,125,179,114,153
"CCDC77",120,103,186,96,171,157,120,121
"SNHG17",138,151,94,71,160,281,87,92
"HSCB",146,93,166,78,165,146,156,123
"TRIM52",136,156,142,100,132,159,113,135
"TWNK",107,124,128,71,151,247,114,130
"RNF182",94,118,48,48,182,255,142,185
"KTI12",125,151,129,98,135,199,111,124
"KCTD6",120,129,151,110,145,172,119,125
"DAGLA",149,74,207,50,141,141,177,131
"PFKFB4",152,79,123,48,169,321,111,66
"POLD4",93,169,133,109,117,206,92,150
"FAM86B1",135,79,164,86,157,221,131,96
"STXBP6",132,176,109,92,23,69,173,294
"RRS1",107,141,115,65,147,252,103,137
"FAM66B",109,86,143,79,140,284,103,122
"MGST2",125,87,169,89,178,219,105,91
"ACAT2",142,177,154,84,121,174,91,119
"ASTN2",190,103,211,63,182,129,118,66
"COMMD3",184,170,134,76,135,124,117,122
"FBXO27",131,137,161,95,150,180,114,93
"ATRIP",114,143,158,81,130,157,126,152
"STX1A",136,149,120,54,175,178,141,107
"COX16",130,118,124,102,155,224,87,120
"ZUP1",124,104,125,118,140,222,123,102
"ZNF141",105,95,180,74,168,172,153,110
"NRM",162,95,233,91,143,125,125,83
"APTR",119,117,169,94,114,186,144,114
"ZNF561-AS1",178,116,166,73,154,175,117,78
"ABCC6",136,59,207,53,224,165,155,57
"HOXA3",191,116,141,47,226,123,124,88
"KLF16",161,151,147,54,154,180,97,112
"KCNIP3",183,172,127,84,135,139,103,112
"MCM8",106,110,147,96,153,173,129,141
"ZBTB8A",140,122,154,111,121,130,116,161
"CHAF1A",111,121,161,107,152,181,104,118
"ABCA3",123,72,225,141,62,76,149,207
"ZNF549",161,98,174,86,141,154,143,97
"SLC35D4",109,112,127,93,137,187,129,160
"GLMN",141,133,132,102,161,182,114,89
"TDRP",187,166,133,79,137,156,85,111
"ZSWIM7",142,112,129,84,168,158,160,100
"FAM106A",159,159,154,77,116,171,103,114
"ANKRD44",91,58,151,101,178,167,146,159
"MYO15B",173,190,148,96,77,135,106,125
"ZNF112",118,136,149,90,142,184,105,125
"IFFO2",167,125,157,96,127,116,142,119
"TMEM62",97,107,154,127,144,200,90,129
"TBC1D32",156,109,155,85,157,171,112,103
"RCE1",142,132,145,84,149,188,103,105
"NEURL1B",206,102,224,73,76,115,154,98
"MBNL3",126,122,154,68,193,131,147,106
"DPYSL4",352,268,40,17,37,55,164,114
"ZNRF2",93,82,152,118,162,208,98,133
"HAUS4",136,158,160,96,132,144,96,122
"CCSAP",132,77,186,79,176,153,130,111
"LSM11",130,135,113,100,139,158,113,155
"TFAP4",160,109,142,73,170,156,127,105
"FBXO10",96,100,144,90,175,182,126,129
"SCN2B",241,119,130,47,47,42,273,143
"SLC25A14",125,123,131,92,152,187,104,126
"ZNF414",149,139,170,57,113,171,121,120
"ZNF300",188,119,231,94,78,69,146,114
"ZNF267",123,126,128,65,165,212,106,114
"PEAR1",63,69,119,45,157,122,235,229
"ZNF611",119,91,170,76,166,194,114,109
"OPN3",128,142,74,98,85,199,112,200
"GTPBP3",139,123,151,76,117,179,131,122
"KCND3",89,145,99,104,67,450,21,63
"CXorf38",114,107,155,83,150,185,109,135
"ZKSCAN4",149,98,151,88,180,139,126,107
"CSNK2A3",119,102,158,72,171,203,117,96
"SAP30-DT",80,127,103,136,86,222,93,191
"RFX3",128,93,155,81,148,199,116,117
"TMEM201",144,105,135,76,142,182,137,116
"ZBTB9",123,116,155,68,157,179,132,107
"ZFP14",177,100,151,73,140,133,164,98
"GAS2L3",190,94,142,45,251,95,150,68
"FAM107A",12,274,35,451,1,65,4,193
"TRAPPC6A",129,145,116,115,139,175,114,101
"BRF2",121,99,193,94,141,142,122,122
"POMZP3",101,81,144,86,146,179,165,132
"GEMIN6",130,110,145,85,151,157,144,112
"GLIS1",88,176,69,22,237,291,84,67
"C20orf96",176,82,227,62,180,94,142,71
"POLG2",160,144,145,83,141,149,108,104
"RPGR",73,108,121,83,166,254,89,139
"PCDHGB1",108,76,138,67,214,244,92,94
"LINC00857",131,102,192,126,129,132,97,123
"CENPF",166,105,165,78,167,111,160,78
"FBXL14",135,115,158,79,116,172,121,134
"ZNF425",133,90,188,64,165,159,131,100
"PIGL",143,87,162,54,128,171,132,152
"LBHD1",129,133,133,112,116,171,116,119
"ZIK1",107,94,161,80,158,194,128,107
"C1orf159",111,114,137,64,151,199,130,122
"SERP2",153,139,141,87,142,157,97,112
"KLHL26",135,164,119,93,127,147,124,119
"MAFB",432,187,80,18,126,15,140,29
"PALMD",94,54,183,33,172,128,238,124
"RGN",122,82,187,111,132,156,136,99
"SLC33A2",113,99,149,60,145,224,117,118
"ALG14",122,87,176,89,178,164,120,89
"CLCF1",116,98,136,72,190,192,113,108
"TMEM107",117,107,121,88,105,164,140,183
"SPRY4",95,59,120,71,107,271,123,179
"EVA1C",52,125,104,168,94,216,67,197
"MPV17L2",104,131,128,102,146,192,79,141
"MICOS10",143,130,152,113,128,132,101,123
"FSD1L",117,121,114,82,133,175,136,143
"LINC00205",139,90,168,83,162,149,115,114
"ZNF528-AS1",103,83,172,57,221,186,133,65
"RBFA",119,127,155,76,141,175,136,90
"LINC00662",138,101,147,70,164,153,132,114
"GDAP1",172,142,184,84,89,109,126,112
"C17orf75",135,104,161,100,121,148,132,117
"PDCL3",105,142,133,89,131,204,93,121
"SLF1",139,126,135,94,110,153,103,158
"BMP6",33,34,81,152,95,143,154,326
"C6orf136",117,113,151,94,152,140,119,132
"BNIP1",123,98,183,70,146,168,132,97
"SPECC1",157,76,93,35,302,197,108,49
"MIX23",118,105,158,81,164,205,101,85
"ZNF772",101,83,203,75,173,172,139,71
"FAM50B",125,148,142,84,107,164,107,139
"PCDHGB6",159,108,137,75,129,145,130,133
"TOMM40L",144,123,150,57,161,147,117,116
"BOLA3",130,117,164,84,142,202,83,93
"PARPBP",150,85,176,91,168,78,160,107
"ADCY7",133,119,183,65,96,127,149,142
"PGP",131,121,123,85,152,205,80,117
"ZNF446",138,98,143,88,146,154,124,122
"RNF166",137,116,156,79,135,161,115,114
"ZNF391",129,95,131,70,209,164,135,79
"CDPF1",136,121,131,79,157,160,124,103
"SPSB2",163,125,159,72,156,117,128,90
"BOLA1",142,101,168,69,107,155,141,127
"TRABD2A",97,61,80,17,369,280,63,43
"PRICKLE3",124,136,127,68,140,181,103,129
"PRRT1",144,119,183,57,171,111,128,94
"ZNF626",106,79,151,72,204,184,116,94
"STAG3",118,94,154,96,150,177,100,116
"PYCR3",120,129,117,73,126,252,93,95
"TTI2",128,144,138,70,158,161,110,96
"GAREM1",104,96,104,76,189,253,74,109
"LY96",148,66,199,105,166,98,131,92
"ATL1",137,147,173,98,109,91,112,138
"CCDC32",88,73,158,86,140,187,140,132
"IRAK1BP1",129,103,168,86,135,149,121,113
"S100A3",131,67,247,68,141,116,148,86
"ABHD14A",146,117,136,78,138,172,126,91
"C14orf93",136,94,161,79,172,138,130,93
"FAIM",84,108,174,141,114,173,100,109
"HSBP1L1",86,87,94,67,164,268,110,127
"ZSCAN9",138,87,130,72,152,184,143,96
"APLF",102,84,149,70,187,170,122,118
"LOC101928188",166,84,209,38,201,195,68,40
"SLFN13",163,118,152,81,103,201,93,89
"STK32C",137,109,106,77,161,194,112,104
"RPS18P12",220,200,115,68,115,135,70,77
"PCDHGA6",113,105,148,63,174,186,107,104
"HINT2",143,93,165,107,99,113,145,134
"ZNF804A",121,116,107,55,211,211,79,99
"FAM216A",108,108,136,103,157,175,100,112
"ZNF200",128,99,139,83,153,177,122,97
"FANCE",115,122,111,80,147,185,95,143
"FUOM",114,89,137,82,168,211,108,89
"NUTM2E",112,104,174,89,135,136,117,130
"CCNJ",151,109,121,77,154,167,110,107
"LEF1",239,224,156,115,26,22,82,131
"H2BC20P",88,113,139,98,155,156,118,128
"NDUFV2P1",105,113,127,94,155,192,89,120
"LEP",20,62,44,193,31,566,7,71
"HRNR",135,89,41,8,255,305,75,85
"ASPM",95,70,228,75,184,129,123,87
"ZNF506",121,80,177,75,176,188,96,78
"YEATS4",141,94,122,61,148,171,133,121
"RPS7P10",175,177,98,63,139,157,97,85
"LINC02762",138,93,148,75,167,143,102,125
"SEMA4G",105,100,138,75,150,222,83,117
"SHB",180,73,158,43,185,120,153,78
"H2BC5",92,107,183,68,195,135,117,93
"RTKN2",158,43,218,35,178,86,237,35
"WNT9A",133,133,151,73,108,97,142,151
"MIPOL1",127,112,122,87,145,167,121,107
"SRR",142,94,134,68,152,167,111,120
"SLC10A7",148,107,129,84,119,174,103,122
"RAD51D",155,108,156,69,142,128,122,106
"GCAT",99,143,111,99,92,207,84,150
"CCDC68",43,73,51,104,63,90,144,417
"NOP16",93,102,112,107,106,247,106,111
"WHRN",147,85,135,38,187,128,163,101
"PWWP2B",135,120,98,46,144,121,173,147
"FANCL",121,76,155,81,178,185,91,96
"CADM1",386,102,209,48,59,49,93,37
"SMOC1",14,14,5,2,215,727,0,6
"PNPLA3",148,151,85,44,215,276,23,40
"TEFM",131,114,138,79,119,186,108,107
"LIAS",148,83,155,76,149,120,129,121
"PUS10",126,76,154,90,153,133,139,110
"SIPA1L2",349,38,232,16,50,18,232,45
"PPT2",155,111,138,80,136,126,110,124
"POLD1",159,112,135,45,159,172,110,87
"HSD17B1",95,89,140,81,162,188,104,120
"ZNF576",143,112,144,74,153,176,107,70
"SCNN1D",153,118,144,66,145,160,99,94
"IL6",170,39,143,57,177,247,94,51
"MYPOP",113,123,132,72,152,164,101,121
"VWA1",179,137,123,60,79,116,151,133
"TARID",78,124,92,66,160,250,97,111
"FGF10",323,102,71,19,222,110,88,42
"FSAF1",93,114,147,95,136,173,99,120
"HSPBAP1",107,124,120,96,145,154,111,120
"MOK",131,76,179,40,167,151,124,108
"EEF1AKMT1",132,100,132,80,177,139,106,110
"AFG2B",119,128,120,87,138,161,104,119
"ZNF205",139,127,161,56,135,146,115,96
"HOMER1",126,102,111,54,156,250,99,77
"SLC22A5",136,103,146,75,172,133,128,82
"MAP1LC3C",34,153,72,144,3,27,58,484
"MAP3K4-AS1",336,71,80,18,285,68,95,22
"GMNN",138,124,107,63,188,179,72,103
"NUP50-DT",80,140,103,120,138,233,61,99
"CCDC142",151,105,128,64,164,185,91,85
"TBC1D7",130,107,148,79,106,148,122,133
"TEAD4",111,152,98,70,95,239,59,149
"RPL26P32",17,18,241,43,269,211,91,83
"RASL11B",0,89,42,231,19,372,6,213
"SLC2A5",131,35,204,99,76,343,49,35
"CCDC144CP",54,43,110,39,185,253,148,140
"L3MBTL1",107,95,162,83,169,125,124,107
"TAF6L",154,156,116,74,126,119,110,116
"DGCR6",132,174,92,90,110,164,94,115
"TYW2",124,109,145,88,138,153,109,105
"MCTP2",99,52,200,77,106,169,125,142
"ZNF26",98,104,123,83,137,188,123,114
"ISYNA1",142,62,156,66,134,128,173,108
"KNSTRN",70,102,148,141,118,161,87,141
"TMEM220",91,89,149,84,134,183,124,114
"ID3",116,127,118,45,167,193,76,125
"SINHCAF",119,130,104,82,134,205,79,114
"LINS1",114,107,156,63,144,157,128,98
"SDHAF1",150,120,114,89,119,138,122,115
"CEP15",143,144,97,75,112,161,114,120
"CD274",174,70,160,50,120,133,174,85
"CLPB",127,96,138,77,193,157,98,80
"CDYL2",133,167,141,136,84,115,56,134
"GPR173",94,69,155,65,220,180,121,61
"ZNF493",119,70,137,84,158,178,112,107
"RPL21P46",130,135,147,73,165,141,98,76
"XRCC6P2",125,101,135,69,183,158,103,90
"FBXO6",114,120,135,78,113,130,141,132
"LINC00839",50,49,133,60,175,230,128,138
"TMEM170B",123,103,99,85,123,172,104,154
"GREM1-AS1",108,67,175,40,207,255,72,39
"SS18L2",111,153,85,102,109,146,114,142
"CCDC126",120,146,114,100,105,143,108,126
"WDSUB1",101,74,107,61,176,119,166,158
"SDR39U1",126,101,164,59,161,159,96,95
"KNOP1",132,102,124,96,134,145,110,118
"RNF122",202,145,135,46,129,104,125,75
"MGARP",72,49,151,133,97,290,77,92
"INAFM1",142,119,108,90,112,127,132,131
"TMEM91",137,137,129,83,115,142,74,142
"MPPE1P2",103,117,137,98,114,171,93,126
"TMSB15B",133,92,125,60,133,94,197,123
"FEN1",136,115,124,82,147,157,93,103
"TAMM41",120,110,158,74,121,157,116,100
"STRBP",126,72,151,108,122,164,111,101
"RGS19",133,119,100,70,142,176,91,124
"CHL1",114,316,72,119,79,229,10,15
"GPAT3",69,137,103,101,64,228,77,175
"CIP2A",130,103,146,74,131,147,114,109
"SHANK1",106,76,148,43,185,222,103,70
"FMO4",140,118,195,122,84,88,104,101
"PXMP4",134,96,174,69,121,122,143,93
"POLB",132,75,140,75,175,164,101,89
"CALML4",107,119,155,104,102,150,91,123
"CDK15",72,66,165,42,228,182,94,102
"CYP39A1",90,108,141,114,25,88,154,231
"NCBP2AS2",120,141,118,88,134,146,88,116
"CMC2",117,111,103,93,150,165,105,106
"USP37",119,83,140,53,147,205,117,86
"CREB3L4",122,103,142,111,133,100,116,123
"PTGIR",82,73,135,114,70,221,109,146
"LYSMD4",95,103,138,85,132,126,123,148
"RNFT1",115,103,140,71,136,126,129,130
"NUFIP1",116,98,155,78,141,187,99,74
"GCA",105,105,98,107,104,175,100,154
"SDHAF4",111,82,149,90,146,160,109,101
"ZSCAN2",163,90,151,62,176,117,121,68
"CCDC122",93,68,106,68,184,171,120,137
"C1orf50",130,90,148,61,152,137,126,103
"UPP1",171,46,101,23,203,192,153,58
"SLC18A2",74,104,108,123,130,167,108,132
"TRMT61B",126,135,121,76,125,168,97,98
"P2RY1",188,165,211,65,50,43,124,99
"DBNDD1",81,71,207,80,109,112,156,128
"DRP2",115,52,167,36,226,122,144,82
"DPF3",95,71,259,46,179,149,104,41
"SLC12A8",111,110,134,92,178,186,54,79
"MEF2C",142,103,156,45,147,98,140,112
"BAMBI",51,68,189,66,84,228,101,156
"SNX29P2",94,101,143,101,137,184,92,91
"PSMD9",118,103,131,66,142,176,97,110
"KBTBD4",123,95,151,92,112,158,110,102
"BORCS6",126,128,140,74,116,112,112,135
"BCL2L12",120,116,119,73,135,189,91,99
"SPIN2B",126,126,126,63,130,152,108,111
"THSD1",66,109,201,115,77,119,123,131
"ATP5ME",86,105,138,85,145,187,96,99
"WASH6P",133,135,170,67,118,175,59,83
"ZNF701",108,92,147,66,123,172,121,110
"BRI3BP",132,123,122,73,99,151,104,135
"MRPS18A",103,106,137,71,147,159,124,91
"CAPS",125,131,134,99,98,128,112,111
"MUTYH",111,106,137,63,137,134,123,126
"RPUSD2",125,106,130,67,136,154,100,119
"FZD8",24,121,57,138,46,335,27,189
"ZSWIM9",103,101,125,86,143,176,98,105
"CNN3-DT",64,88,155,123,99,196,88,124
"CHCHD4",105,79,144,60,180,148,113,107
"TGDS",103,96,144,69,114,189,109,111
"XRCC4",96,83,129,79,152,181,89,125
"ZNF567",93,80,124,74,172,181,120,90
"PSMB10",131,113,111,62,118,150,112,136
"TADA1",121,108,129,72,132,141,102,126
"AP5B1",109,142,68,92,114,178,87,141
"APBA2",104,80,74,33,233,317,39,50
"HDHD3",198,143,144,79,68,83,114,101
"CCDC170",56,45,147,83,124,266,89,120
"SLC7A6OS",126,85,125,76,129,174,105,109
"TOR2A",115,113,117,63,148,144,98,130
"ZNF35",106,92,127,79,144,193,98,89
"TSPAN5-DT",82,103,107,71,170,178,112,105
"TTLL11",143,119,156,56,121,102,127,103
"DGKZP1",119,116,144,51,129,169,107,91
"PTRHD1",108,107,144,91,132,159,98,87
"APOOL",94,102,120,90,90,174,80,175
"TMEM187",89,87,108,77,115,169,116,163
"NSUN3",118,100,136,68,138,158,118,88
"VCF2",132,93,125,61,121,174,116,102
"SYT15",83,41,147,92,99,144,158,160
"NAA80",121,118,151,57,116,124,116,121
"GASK1A",167,310,104,83,10,34,66,149
"ADCK5",103,118,133,67,128,138,112,124
"ADA",81,67,127,38,270,179,96,65
"CCDC85C",118,63,217,60,100,111,153,101
"MB21D2",80,111,116,73,110,202,87,143
"ZNF678",120,83,121,84,132,144,122,116
"TMEM198",104,119,110,69,133,141,108,138
"AAMDC",89,117,144,79,102,170,79,141
"ZNF365",115,47,181,55,165,136,167,55
"ATP23",178,115,95,48,132,106,137,109
"KIAA1549L",64,31,201,102,161,236,79,45
"RNF138",114,108,125,70,147,145,107,102
"ZNF486",128,104,151,79,108,129,112,107
"LYSMD1",111,101,146,77,119,164,87,112
"ARHGAP42",153,92,167,27,241,71,115,51
"MTND4P12",378,420,24,15,22,26,21,11
"PRR5L",49,142,73,99,61,280,63,149
"RFC4",155,116,133,70,135,123,94,90
"ZNF48",131,108,105,75,143,144,105,104
"TTC28-AS1",125,83,124,68,165,148,97,105
"COQ10A",133,123,137,89,131,113,95,93
"CHST11",119,113,159,123,88,64,111,136
"ZNF813",96,80,137,70,165,169,92,103
"EIF4A1P2",115,97,125,66,146,204,77,82
"ADCY4",163,57,233,24,192,95,113,34
"GATA6",111,45,218,79,107,132,137,82
"NPEPL1",117,142,118,74,83,143,98,136
"CEP152",117,72,137,64,178,165,99,78
"ZNF600",79,89,163,102,128,160,89,100
"ZNF700",102,83,133,86,142,152,112,100
"DENND6B",133,123,140,63,103,147,103,97
"BACH2",128,132,133,100,31,55,92,237
"HSPE1",140,117,106,91,83,137,125,109
"CCNB1",97,118,153,97,109,132,99,103
"SIAH1",104,92,156,75,132,143,104,102
"NHSL2",109,50,172,67,70,77,186,176
"PLA2G4A",172,30,148,26,147,26,315,42
"ZSWIM5",99,33,187,63,175,198,103,48
"C4orf36",147,111,146,69,141,80,114,97
"COA6",123,122,101,57,156,167,73,106
"FAM149A",191,88,195,57,50,17,186,120
"RGS5",68,57,177,97,178,153,101,73
"TUT1",103,94,167,81,115,140,100,104
"ZFP3",113,90,143,105,113,123,112,105
"SAAL1",125,100,135,62,165,151,94,71
"RELN",30,24,156,45,220,228,116,84
"EPM2A",118,121,117,87,134,113,100,112
"NUSAP1",104,112,124,82,134,194,80,72
"ZNF180",104,71,145,69,145,136,137,95
"NCKAP5",208,50,228,18,149,37,170,42
"IMMP2L",99,92,118,63,162,153,94,121
"FNDC10",157,185,114,71,59,111,78,127
"EML5",127,92,112,87,144,117,116,106
"LINC03051",107,85,140,61,107,149,107,145
"CROCCP3",117,73,157,61,156,140,116,80
"RAD9A",127,108,120,63,152,146,87,97
"ZNF596",132,61,191,87,139,92,106,92
"LPXN",153,81,172,70,122,113,106,82
"PECR",121,107,139,68,127,109,139,89
"PSENEN",115,104,135,72,101,172,109,91
"FNTB",122,77,156,63,116,155,124,86
"ZNF383",119,70,160,62,117,134,117,119
"ZNF789",91,95,145,93,116,165,105,88
"EPM2A-DT",119,54,140,62,146,158,129,89
"AGTR1",107,215,59,113,103,78,36,185
"SPIRE2",111,59,159,49,196,113,121,88
"NDUFAF5",104,96,149,75,113,167,96,95
"SURF2",92,120,135,55,131,155,100,105
"PLXNB3",115,116,117,56,130,259,53,47
"STARD4-AS1",133,61,160,59,137,149,110,84
"TIGD2",66,77,130,70,157,219,86,87
"ZNF264",113,89,116,62,125,166,98,122
"TRDMT1",122,98,134,70,138,154,104,71
"OSCP1",102,74,181,81,140,126,97,90
"CACNA2D3",205,95,165,51,105,59,133,78
"PTGES",159,113,143,32,173,112,107,50
"NANOS1",97,88,101,124,98,187,67,126
"TFB1M",127,87,125,75,98,166,113,96
"ZNF619",94,86,132,70,122,156,108,119
"FANCF",113,87,151,65,123,149,101,98
"ARMH4",185,66,141,61,97,95,133,108
"CHCHD6",109,74,160,71,148,134,111,79
"ADAMTS7P3",73,87,107,106,82,189,93,149
"ZNF557",120,89,142,77,116,148,91,102
"IFT70B",130,69,158,74,148,117,119,69
"AIDAP2",86,102,103,79,134,148,105,127
"ZSWIM3",135,88,170,58,125,97,122,88
"OXSM",119,113,121,52,128,146,98,105
"NPTXR",121,121,68,38,158,198,87,91
"DHRS12",85,88,139,76,125,110,133,125
"ZNF429",81,78,170,71,134,142,122,83
"ADCK1",107,102,128,64,138,126,113,102
"ZSCAN22",136,91,129,76,130,107,110,101
"GHR",158,139,127,81,53,58,114,149
"SERGEF",123,107,123,84,92,107,122,121
"CFAP70",132,91,127,86,99,89,141,114
"ATXN7L2",83,126,125,89,92,155,84,125
"RPL39L",118,108,127,61,109,142,94,119
"PI16",21,3,379,55,23,11,256,130
"KIF27",85,64,103,47,113,118,174,174
"SHF",184,114,126,62,70,74,129,118
"CSRNP1",130,119,84,61,99,185,103,96
"ATG10",94,61,124,81,183,162,69,102
"OXNAD1",100,103,116,94,108,142,97,116
"GPSM3",81,83,131,49,175,212,67,78
"LCNL1",214,130,145,40,135,60,100,52
"EOLA2-DT",116,91,169,57,130,160,75,78
"ANTKMT",112,115,103,56,74,181,124,110
"RPA3",129,97,125,86,99,133,104,101
"RGS4",103,47,270,65,97,104,146,42
"PABPC5",110,92,115,76,116,141,98,125
"PMF1",104,88,130,73,146,123,120,88
"MED30",121,114,106,83,85,141,89,133
"RRAD",157,42,250,56,118,54,145,50
"ASTE1",129,86,131,46,146,116,145,72
"SBF2-AS1",58,41,84,183,26,116,133,230
"CDKL5",98,90,128,37,142,176,106,93
"ZNF430",87,97,120,90,136,137,111,92
"KCNE3",156,77,213,51,146,64,115,48
"ANKRD46",108,83,127,63,113,147,124,105
"RAMACL",117,109,126,75,107,157,85,94
"RPL26P4",96,80,155,41,194,154,68,82
"HECW1",151,139,117,65,90,102,86,119
"CYB561D2",109,84,129,59,123,145,102,118
"SUV39H2",132,90,101,68,127,132,111,107
"KCNB1",36,41,244,153,60,77,118,138
"HMGN5",75,64,130,94,125,124,152,101
"ASB16-AS1",118,98,140,71,145,128,93,72
"MAGOHB",138,98,145,39,130,149,94,71
"ZNF524",118,89,119,52,136,119,110,121
"RGL3",112,129,99,79,115,161,76,93
"MBLAC2",109,100,138,58,140,140,102,76
"SLC9A5",109,91,130,53,164,134,103,78
"CENPO",125,83,166,62,118,128,118,62
"LINC01503",119,46,174,58,156,114,136,59
"ELOVL4",109,80,125,81,129,147,114,76
"GJA3",133,60,36,17,46,72,390,107
"PYCARD",113,138,91,54,111,173,85,95
"FBXL15",117,138,97,61,101,128,103,115
"THAP2",111,74,122,67,143,132,116,95
"SRP14-DT",75,57,136,83,156,139,112,102
"EZH2",155,81,136,53,195,92,101,46
"DCTPP1",119,115,90,68,121,163,94,89
"ZNF569",102,61,154,69,128,124,129,92
"ZNF431",107,73,139,47,137,145,120,91
"CA11",78,51,169,83,142,105,140,90
"ZRANB3",121,103,131,57,124,114,110,98
"ZNF385D",68,43,306,62,68,168,97,46
"ACSL5",99,118,118,53,105,105,145,115
"SLC19A1",111,85,89,60,135,217,72,88
"FBXL19-AS1",140,62,148,60,137,116,117,77
"ENPP4",71,51,211,156,23,38,134,172
"CCDC61",109,89,122,65,126,162,80,103
"RHPN2",95,129,120,82,74,99,108,149
"KIF23",80,110,130,80,121,154,85,96
"PROSER2",68,111,116,71,65,118,90,217
"SLC44A3",92,103,146,132,57,115,87,123
"H19",58,14,148,30,52,43,372,137
"RALGPS1",117,64,131,65,138,121,124,94
"ZNF599",109,105,116,69,127,115,111,102
"ZNF606-AS1",103,76,129,56,150,125,113,101
"SAMD12",124,23,276,47,126,52,177,28
"ZNF829",86,70,132,78,128,140,103,116
"MYOM1",63,100,55,42,130,220,104,137
"SCN1B",138,59,116,31,205,91,156,54
"NINJ2-AS1",85,65,132,63,133,117,147,107
"LINC02984",113,45,176,63,137,116,121,78
"GDF7",26,87,67,110,48,385,37,88
"TMED1",129,99,117,53,118,136,107,88
"AKAP6",62,53,108,110,87,279,77,71
"NRAV",102,69,147,48,161,160,87,73
"SPATA2L",104,124,85,74,99,143,100,117
"LRR1",90,78,111,81,122,136,115,113
"PCDHGA9",133,101,97,55,142,180,61,77
"SPMIP4",87,100,128,89,84,135,105,117
"DBF4B",121,100,148,67,99,112,108,90
"CHROMR",114,115,122,73,115,121,108,77
"BPHL",130,88,130,51,147,143,82,73
"APCDD1L",120,63,97,28,172,116,141,106
"C1orf56",119,75,123,71,151,97,94,112
"ZNF771",115,128,103,52,101,129,109,104
"ASAH2B",104,92,147,58,165,136,74,65
"IFI44L",73,130,40,96,78,262,16,145
"TRIM6",116,79,130,66,134,144,93,77
"KCNK15",61,22,270,49,216,96,90,35
"ZNF420",104,98,117,85,118,129,90,97
"FAM111A-DT",106,82,144,61,105,144,110,86
"CYP26B1",124,57,256,63,30,45,194,68
"HIC2",113,112,117,58,92,157,84,104
"MMAB",138,78,172,64,118,114,91,60
"FASTKD3",106,89,121,58,126,128,106,98
"MIR99AHG",138,51,161,46,142,64,177,53
"CD63-AS1",108,85,168,73,126,110,103,59
"MCOLN3",145,131,116,51,116,99,108,65
"ZNF70",130,70,121,53,125,141,121,70
"ZNF436-AS1",119,80,136,58,97,96,142,102
"TMEM53",105,120,108,83,69,119,75,150
"EPB41L4B",59,57,111,54,209,194,67,74
"SGF29",80,92,135,57,123,121,119,98
"ZEB1-AS1",103,114,103,78,92,126,87,122
"KCNC4",90,71,96,57,93,140,135,142
"YDJC",82,104,102,64,76,148,115,133
"TIFA",121,72,115,58,150,129,97,81
"AK2P1",106,86,114,62,123,159,93,80
"UQCRHL",95,94,127,61,135,163,82,66
"P2RX7",180,48,149,20,187,76,141,21
"RPL21P87",244,229,53,65,26,72,82,51
"LRRC1",77,92,74,75,103,200,74,126
"SYT14",73,38,153,73,117,89,180,98
"ZC3H8",109,50,136,71,160,120,102,73
"CCDC40",124,136,102,38,153,138,75,54
"EBP",103,84,126,58,123,132,102,92
"DUS2",98,96,119,59,108,149,96,95
"EYA2",63,59,202,109,69,91,105,121
"PCDHB14",81,73,106,51,191,158,88,71
"PPP4R4",74,89,67,31,207,195,67,88
"NRK",50,184,88,67,30,42,73,284
"RDH13",97,86,99,54,118,159,108,96
"ZNF696",122,99,112,43,93,156,100,92
"CFAP263",132,96,108,52,124,102,112,90
"WDPCP",108,80,137,69,109,115,103,95
"MYCBP",97,106,123,77,104,182,57,70
"TM7SF2",63,72,97,127,88,141,72,155
"MRPS18C",91,95,126,64,100,146,104,89
"ZFAND4",110,89,126,53,111,142,89,95
"CARD16",92,67,132,48,190,111,91,84
"GCHFR",51,110,77,89,59,174,60,194
"CCDC120",141,112,145,68,59,54,126,108
"C8orf34",67,51,221,127,56,136,99,56
"C12orf76",85,101,97,92,93,138,83,123
"CHRNB1",94,124,106,69,86,99,108,124
"DRC8",78,76,157,103,107,130,76,83
"ABCB1",92,44,181,76,131,107,121,57
"COL21A1",145,84,90,99,108,73,110,100
"ADORA2B",116,60,87,24,154,180,109,79
"SVIP",91,71,130,68,145,131,92,81
"EIF4A1P10",112,126,98,43,143,162,60,65
"NALCN",39,54,145,142,80,170,49,129
"CHRDL2",88,23,146,15,196,117,152,70
"AKAP7",62,105,67,93,88,177,66,149
"CAPS2",116,66,160,62,141,80,102,80
"ACVR2B",117,74,101,74,131,143,74,92
"HSD17B7",113,70,109,60,104,131,101,118
"SPAG4",65,75,122,50,92,202,76,123
"PEX7",103,74,137,67,121,132,87,84
"GPER1",114,64,179,58,127,88,104,71
"ZNF747",105,83,120,81,99,105,99,113
"RPS8P1",118,132,105,48,109,137,80,76
"WASHC2FP",85,93,129,72,80,97,124,125
"SPIN3",105,86,117,58,131,126,87,94
"SRP19",97,97,108,91,82,152,89,87
"CCDC146",95,88,97,88,105,123,96,110
"ZDHHC23",29,70,44,132,63,226,65,173
"HHAT",106,79,128,67,136,104,89,91
"TNFAIP8L1",85,91,91,73,115,165,78,102
"ZBTB12",149,75,133,49,150,92,108,44
"FAM13C",149,58,102,14,224,138,90,24
"C16orf87",95,79,91,60,137,188,84,65
"ZNF551",77,66,132,59,136,167,75,87
"ZNF285",94,52,140,74,121,121,101,96
"TESK2",107,62,138,65,120,81,123,102
"BMP2",142,105,79,46,150,46,114,113
"ZNF502",87,85,108,52,127,156,97,83
"AIF1L",101,12,353,28,104,20,147,29
"ZNF107",95,48,110,37,145,130,112,117
"RNASET2",115,66,139,53,112,121,107,80
"SEC14L5",106,96,123,111,48,34,113,162
"ATG4D",74,92,101,52,105,160,87,122
"NDUFA9",124,105,93,63,77,120,109,102
"CCDC3",33,45,30,23,35,82,238,307
"ELAPOR2",90,49,134,82,58,65,164,151
"CYS1",69,34,126,71,83,85,174,151
"CHKA",73,117,67,69,104,159,94,109
"APC2",92,98,110,54,100,142,98,98
"FBXO36",113,102,118,61,121,86,93,98
"DES",67,58,114,112,69,137,103,131
"RAB6D",65,50,112,91,120,155,95,103
"TMEM147-AS1",75,104,113,91,81,128,91,108
"PLB1",39,112,72,113,63,114,58,219
"ORMDL2",67,69,119,73,117,179,68,97
"RSPO3",116,145,118,66,62,101,94,87
"ZNF662",77,80,151,66,105,127,99,84
"CHAC1",67,20,188,52,99,261,76,25
"ZNF583",106,66,127,59,131,121,94,84
"ZNF525",98,97,132,82,107,137,61,74
"CLSTN2",10,3,24,6,178,525,10,31
"OR2A20P",73,74,158,118,81,91,96,95
"ZNF416",91,69,130,62,152,123,88,69
"SLC39A4",71,85,110,68,105,159,83,103
"ZNF610",80,54,174,54,139,123,89,71
"TSEN54",78,82,97,57,117,140,116,97
"TENT5C",174,19,204,13,186,67,103,18
"CD40",82,129,110,101,29,75,107,150
"DNAH7",57,16,120,32,100,83,258,117
"GNRH1",74,104,73,105,111,137,65,114
"SLC13A3",60,46,112,59,119,165,95,127
"SLC25A45",92,67,139,69,94,95,117,110
"ARHGAP33",131,112,134,56,91,76,111,71
"RCL1",100,97,112,63,112,137,70,91
"CENPL",118,87,106,63,111,102,120,75
"STIL",87,62,137,73,120,109,85,109
"NPIPP1",87,83,104,78,92,166,87,85
"ZNF230",109,67,124,54,115,133,91,88
"SFMBT1",119,88,140,75,93,98,80,88
"HYLS1",105,100,109,75,121,102,99,70
"HSPA5P1",81,57,129,36,128,242,69,39
"RAPGEF5",18,37,15,143,38,259,35,234
"ZNF527",86,61,113,64,141,141,97,76
"GNRHR2P1",92,81,106,56,107,161,92,84
"LOC105374971",153,49,132,17,221,109,83,15
"RASGRP2",36,99,78,125,28,223,32,157
"OSGEPL1",123,66,104,51,137,108,108,81
"WDR4",104,108,100,48,96,156,80,86
"DDX28",100,81,90,60,103,142,93,109
"ZNF587B",112,69,109,54,116,145,86,87
"ABHD6",69,99,87,65,120,175,61,101
"WDR53",89,91,110,64,131,120,87,85
"ZNF334",77,56,107,35,164,129,107,101
"PCDHGA5",76,78,141,71,71,59,115,165
"SLC35E4",74,112,80,49,89,145,97,129
"TM6SF1",75,61,108,81,109,198,69,74
"WRAP53",116,92,91,64,115,124,91,81
"CACNG8",17,25,15,12,290,304,57,53
"LINC00960",24,22,231,128,65,88,103,112
"ZFPM1",128,87,102,52,115,113,107,68
"GMDS-DT",104,73,132,64,121,85,111,81
"NTHL1",93,86,116,52,115,143,91,74
"PIWIL4",100,93,84,84,83,76,88,161
"RAB20",100,118,82,53,94,194,52,76
"ZNF439",62,82,106,75,118,161,74,91
"SUPT3H",77,82,94,61,143,153,77,81
"ANAPC10",87,85,105,61,112,126,89,102
"SHLD2P1",79,114,88,73,88,154,73,97
"ZNF554",86,61,114,84,129,113,91,88
"CEP19",95,94,102,74,113,108,90,90
"TNK1",82,56,188,131,58,96,68,87
"ARL6",91,62,122,55,118,124,104,89
"RPL26P36",57,45,124,67,121,164,93,94
"TNS2-AS1",63,54,173,86,83,95,100,111
"ZNF785",88,71,116,46,153,117,100,73
"PCDHB10",86,74,95,47,188,159,62,52
"KLF2",88,70,210,60,94,97,73,71
"DEPDC7",129,86,138,39,113,98,97,61
"SRGAP3",118,56,202,75,101,44,87,78
"AMY2B",95,136,92,77,63,62,91,145
"TTC21A",103,91,110,53,101,97,92,113
"ZNF708",84,96,100,67,109,123,99,82
"PPP1R3F",113,80,110,70,126,103,80,77
"PER2",111,20,163,69,130,79,137,50
"MED26",84,83,109,68,112,128,89,85
"BARD1",113,97,99,53,75,163,72,86
"CCL28",76,51,138,46,129,164,81,73
"SOCS2",91,76,102,46,147,141,73,80
"FRMD5",122,58,106,34,186,63,139,48
"DTNB",112,74,131,40,148,107,76,67
"MED11",86,83,127,50,118,134,85,72
"MCRIP2",97,92,113,34,105,139,96,79
"ZNF92",85,78,130,58,123,114,92,74
"METTL27",46,33,52,23,124,169,150,157
"FAM167A",57,88,90,68,71,222,46,111
"ZNF624",105,56,123,63,129,91,104,82
"MOV10L1",119,65,105,32,171,86,113,61
"P3H2",77,46,170,80,136,120,64,59
"USP18",99,97,89,67,98,153,61,88
"C1QTNF2",154,73,181,46,76,67,112,42
"FOXE1",4,1,0,0,290,437,10,9
"GPR135",92,99,85,39,110,174,65,87
"BHLHE41",107,61,77,44,117,173,103,68
"PPP1R1B",152,21,111,13,49,4,365,35
"IQCN",139,60,215,71,66,44,87,67
"FUCA1",74,72,144,74,94,110,97,84
"ZNF821",144,51,135,29,137,57,140,55
"ZC3H10",101,89,101,58,110,117,91,81
"MALL",86,29,163,43,60,57,222,88
"DNAI3",149,54,129,19,162,61,132,42
"ZNF101",82,72,110,82,108,159,59,76
"ZNF717",110,81,86,55,105,158,69,84
"RAD51-AS1",113,57,121,83,101,84,99,90
"CHDH",161,21,164,26,70,29,218,58
"LINC02381",149,144,69,43,30,21,142,149
"PINK1-AS",103,90,114,76,90,132,65,76
"APOBEC3F",113,54,124,72,122,95,94,72
"C18orf54",108,78,110,44,113,91,113,89
"EYA1",137,76,120,39,152,76,100,45
"ZNF461",89,76,125,68,99,133,76,79
"SYPL2",37,50,92,143,25,88,93,216
"SFXN4",72,69,88,61,116,132,103,103
"APLP1",93,45,122,43,150,135,95,60
"CD83",194,107,119,36,89,71,78,49
"DNAJC9",76,94,102,60,111,127,89,84
"KIAA0040",3,15,227,402,1,14,8,73
"RPL21P128",60,83,139,40,133,149,71,67
"TIRAP",96,75,88,57,105,143,103,74
"FN3K",93,63,115,91,83,101,117,78
"SEPTIN7P3",110,110,99,76,68,112,82,84
"PITX1",160,112,91,30,14,21,191,121
"THEM6",115,49,116,53,120,130,81,76
"PRR34-AS1",88,95,83,54,116,126,87,91
"FRK",140,47,114,29,136,77,130,66
"NFKBIE",109,92,67,35,105,114,114,103
"ZNF283",108,69,126,51,130,120,75,59
"SNHG15",67,94,96,46,94,155,106,80
"CELSR3",62,81,87,49,124,175,72,87
"PACC1",83,75,110,59,125,108,97,80
"ADPRH",74,86,109,90,74,116,92,96
"ZSCAN21",92,69,91,59,123,113,92,98
"FAM66C",134,67,132,51,77,123,76,77
"ANK1",59,29,170,78,98,148,84,70
"ABHD11",107,64,143,38,114,94,93,83
"RPS26P31",158,130,143,64,85,85,39,32
"PELI1",119,87,111,61,100,86,86,85
"FABP3",74,35,115,44,126,120,142,77
"THEMIS2",103,68,93,43,156,129,75,66
"PTGR2",93,75,134,55,95,86,99,96
"NCR3LG1",76,74,84,40,139,145,99,76
"PTTG1",98,105,92,43,123,95,84,92
"ZNF790",89,57,117,66,117,142,74,70
"HNRNPA3P3",100,103,101,54,105,138,59,72
"GLRX2",94,104,93,81,84,123,81,70
"WDR76",107,87,102,52,124,86,96,76
"RPS6KA5",151,24,152,14,160,24,164,41
"MVK",138,80,150,53,89,71,75,74
"COX10-DT",102,76,95,76,110,130,57,84
"ATP7B",82,66,81,39,147,169,69,76
"PMAIP1",71,81,83,54,144,94,88,114
"TAF5",114,80,93,62,103,112,72,92
"ULK4",111,127,130,90,76,85,60,49
"ZBED5-AS1",88,64,118,78,116,97,85,82
"RUNX3",123,151,97,65,3,3,113,172
"EFNB3",77,64,121,67,152,102,72,72
"PARS2",113,73,112,64,88,124,73,78
"CD34",46,46,172,89,79,26,95,172
"ZNF14",78,51,128,58,123,128,78,80
"PANK1",107,68,101,45,145,134,55,69
"TAF1A",114,66,103,32,131,117,91,69
"MROH6",72,105,84,57,79,91,99,136
"FBXO5",111,77,129,37,108,113,71,76
"ZNF69",81,70,90,50,107,155,69,100
"PDZD2",45,78,59,79,77,130,52,201
"DNAI4",73,51,121,69,122,128,85,72
"SUSD5",55,50,72,76,126,224,39,79
"SCUBE2",49,64,123,115,60,86,82,142
"NKD1",26,99,37,133,25,121,34,245
"NEK8",94,76,122,68,86,108,84,81
"ENO3",79,156,70,64,81,96,71,101
"GALE",122,97,118,37,85,146,64,49
"TMEM86A",128,110,69,46,55,56,114,140
"SDHAF3",115,100,103,47,75,128,73,77
"DNAJC17",98,72,103,57,100,99,97,90
"HSPB3",29,63,32,104,42,368,14,64
"CAMKMT",85,69,137,64,118,79,90,73
"RNF207",65,78,158,64,98,118,59,75
"ZNF816",92,59,119,46,99,111,77,112
"INAFM2",60,59,85,41,107,228,57,78
"ETFBKMT",95,51,125,71,96,113,84,79
"FXN",83,80,117,53,114,128,82,57
"UQCC6",98,79,83,70,99,164,66,55
"GRAMD1B",70,24,91,33,197,147,82,68
"SGK3",58,76,85,80,87,151,68,106
"CDHR3",99,84,62,28,149,106,97,86
"RGS20",112,49,89,61,147,126,76,51
"CES4A",65,66,120,106,37,70,84,163
"FAM86C1P",80,51,151,22,100,146,87,73
"RAP2C-AS1",81,75,108,68,94,118,75,91
"DPY19L2",99,64,55,51,110,133,121,76
"FAM89A",62,76,92,74,102,151,64,88
"ZNF546",81,49,114,59,124,109,103,70
"THTPA",101,56,125,57,115,120,81,54
"ILF3-DT",97,81,126,50,92,98,95,69
"C4orf33",86,65,138,47,126,83,94,68
"TMEM182",117,69,134,66,97,86,80,58
"EXOSC4",86,72,110,56,105,114,96,68
"RBP5",84,78,144,58,97,94,67,83
"DBF4",98,70,104,48,113,103,96,72
"LAMC3",74,44,44,22,164,248,61,47
"ACTR5",94,77,96,49,117,140,64,67
"MAP2K6",125,87,186,84,75,51,69,27
"SLC2A6",66,68,89,36,126,183,69,67
"DBP",140,43,141,30,141,46,125,37
"ZNF570",92,61,96,54,118,100,101,81
"SPA17",58,44,115,73,111,129,91,81
"NTAQ1",87,82,95,63,120,132,54,69
"ELAC1",112,65,100,61,115,105,80,63
"PLA2G2A",48,78,175,213,28,48,32,79
"ZKSCAN7",98,61,108,37,137,112,100,48
"ABHD3",65,113,96,82,67,119,50,107
"NDNF",176,90,30,15,116,83,118,71
"AQP11",141,76,96,27,102,80,126,51
"RPL23AP21",88,74,82,31,144,150,79,50
"OR7E12P",79,50,118,36,156,125,81,52
"SARM1",86,83,103,51,115,99,82,77
"EVA1A",68,52,137,47,100,144,83,65
"NUBP1",102,80,88,38,114,124,90,59
"POC5",104,72,101,57,109,89,89,74
"STX1B",102,54,116,46,123,89,101,63
"EGFL7",39,26,85,31,142,167,103,101
"CDK18",246,88,60,19,101,77,63,39
"ANKRD16",99,90,100,48,96,106,76,78
"GIHCG",92,62,113,43,110,117,85,71
"CENPQ",56,54,83,52,115,126,93,113
"IQGAP2",190,82,70,25,95,113,72,45
"SPRYD4",82,74,118,76,99,103,67,73
"VMAC",94,74,128,47,63,99,99,88
"MPND",81,66,88,49,110,147,69,81
"AVIL",69,82,107,76,96,97,63,100
"TM9SF1",89,83,92,65,96,131,70,63
"ARHGEF19",26,67,106,97,78,195,42,78
"CABYR",71,62,103,54,133,161,46,59
"DNAAF10",82,94,87,56,86,116,83,84
"TMEM161B-DT",77,58,102,47,133,125,72,73
"RECQL4",85,82,102,44,84,125,81,83
"PTPN3",49,67,37,31,128,278,36,59
"SELPLG",70,33,173,61,100,111,81,56
"HCN3",114,89,95,46,90,66,85,100
"NBR2",125,93,99,43,89,82,82,72
"TMEM17",92,55,121,66,112,97,79,62
"GRK3",76,52,85,38,142,137,73,80
"STARD10",78,35,122,47,105,96,120,80
"MGAT4EP",51,45,105,36,144,160,91,51
"AFG2A",82,80,77,60,93,148,60,82
"REL",100,61,112,37,104,99,89,80
"TIGD5",101,106,83,37,103,98,69,85
"PCDHGA3",137,115,72,49,80,71,76,81
"MCAM",19,26,34,28,119,403,20,30
"RAPGEF3",113,80,89,41,94,47,128,87
"PSRC1",53,79,84,46,98,154,90,75
"TET1",73,67,118,31,99,143,82,66
"DENND2C",96,66,105,75,76,89,95,77
"NBEAP2",109,69,79,34,122,145,62,59
"GCH1",41,83,54,82,38,160,45,174
"NUAK2",35,38,72,57,70,255,53,97
"ZNF883",43,32,115,68,132,159,73,55
"MIR4458HG",91,89,86,49,127,109,69,57
"CKMT2-AS1",88,52,83,46,155,77,104,72
"DSTNP3",55,67,72,100,46,164,51,122
"EIF3LP2",130,128,92,46,96,85,61,38
"ARHGAP39",87,65,88,44,124,114,89,64
"PRKCH",19,40,62,48,78,177,60,190
"PRR11",103,64,79,49,111,111,86,71
"ARHGAP27",109,73,109,45,81,77,100,80
"FRZB",36,45,66,160,35,137,37,158
"ZNF680",95,80,103,60,95,91,66,84
"EWSR1P1",64,62,106,49,105,153,59,76
"DLL4",2,5,33,65,6,537,4,21
"PTPRE",35,26,50,58,44,224,62,174
"SPIN2A",89,90,109,47,100,106,62,69
"NAT1",68,88,103,68,84,119,75,67
"FAM241A",84,100,73,79,77,94,71,94
"CCDC18",73,91,52,65,81,119,92,98
"TOE1",84,62,110,48,105,109,81,72
"FAM161A",69,59,106,58,117,102,85,75
"KCNS3",53,87,107,71,46,177,35,95
"STOX2",81,26,191,47,62,65,139,59
"MIR635",74,94,43,48,91,176,51,93
"TMEM178A",40,58,139,81,84,128,72,67
"GNA14",88,56,172,69,59,77,63,85
"NUP35",79,72,73,43,103,159,65,75
"NMB",62,64,76,45,173,140,54,55
"SPESP1",54,76,127,92,80,94,48,98
"RGS17",139,72,58,26,115,84,107,67
"CDO1",56,47,84,187,20,28,74,172
"RMI2",101,45,99,76,84,63,111,89
"RUBCNL",130,51,122,46,34,28,160,96
"RPL7AP70",105,109,78,39,99,118,57,61
"ZNF718",94,53,108,70,66,76,94,105
"FAM86DP",85,57,67,23,100,179,88,66
"PRPF18",79,72,95,50,99,125,72,72
"LINC02432",16,17,16,7,233,363,8,4
"CHTF18",123,71,114,41,79,76,87,72
"SEC11C",111,83,84,39,95,130,67,54
"C2orf76",86,68,89,59,98,115,73,75
"METTL25",88,53,85,57,120,108,77,74
"ANKRD6",83,66,122,72,41,30,114,134
"HAUS7",91,70,101,37,109,105,95,54
"DPH5-DT",91,49,116,54,133,110,69,40
"SAC3D1",119,91,97,40,87,73,85,69
"ZNF764",74,76,111,43,111,86,75,85
"OPN1SW",51,66,110,78,75,135,66,79
"SLC68A1",86,83,95,54,95,91,71,85
"ZP3",32,26,124,85,100,127,87,79
"ZNF649",84,76,102,48,92,99,81,78
"CTSS",80,32,94,42,194,97,82,38
"PAK3",197,65,125,28,42,29,119,53
"LOC101927468",69,50,99,38,124,147,81,50
"WNT5A-AS1",69,21,119,16,161,155,70,47
"FANK1",72,42,151,48,116,79,84,65
"RPLP0P12",43,128,63,99,39,107,47,131
"PSD4",93,77,133,51,78,87,67,70
"PPCDC",77,71,89,46,111,130,61,71
"ZNF628",89,64,89,44,114,107,83,66
"NEU3",80,38,143,55,104,110,63,62
"ZNF404",105,70,89,46,122,113,64,46
"SLC26A1",79,45,104,34,96,117,84,95
"NAP1L3",94,37,159,46,111,53,90,64
"KLF8",62,63,133,88,61,64,74,108
"DFFB",90,79,95,44,88,110,69,77
"ZNF341",85,82,100,44,84,116,62,78
"DSCC1",119,103,58,32,77,87,81,94
"SDHAF2",84,87,61,56,72,139,62,90
"ZNF784",83,68,138,48,93,83,76,62
"GPR157",79,70,85,48,83,106,93,87
"TMEM186",90,83,109,64,76,90,63,76
"INCA1",78,52,100,84,79,104,77,77
"FAM200C",98,74,88,61,65,98,83,84
"HAGHL",79,109,73,35,69,155,59,71
"CRACD",147,49,133,32,39,24,163,62
"EEF2KMT",86,73,87,36,99,148,62,58
"EFCAB11",113,62,115,56,91,68,80,64
"BST2",87,69,155,59,89,107,34,48
"CNIH3",121,38,105,24,135,57,129,39
"ACE",50,38,63,27,149,176,67,78
"KCTD16",120,37,104,18,96,120,105,48
"MAGEE1",105,44,100,55,96,98,91,59
"RPP38",87,82,94,45,92,108,76,63
"DISC1",106,58,101,55,104,107,42,74
"CIMAP3",153,41,106,25,94,65,110,53
"EBF4",104,101,58,39,121,124,55,44
"SMPD2",76,71,93,54,102,113,76,60
"COL24A1",104,49,61,28,208,82,70,43
"PHLDA2",58,83,69,43,96,187,46,63
"VRK1",77,91,83,51,100,111,57,74
"CEP85",78,55,103,61,119,76,81,71
"ACTR3B",75,63,109,55,79,107,79,76
"SFR1",92,74,93,67,69,91,77,80
"KLHDC1",73,57,106,56,94,83,98,76
"MMACHC",99,56,104,35,100,110,75,63
"IL18BP",56,57,115,56,96,102,91,68
"MKI67",105,88,103,45,59,86,105,50
"ZC3H12B",81,58,101,51,94,101,87,67
"OAS2",99,46,140,50,127,80,47,50
"MERTK",156,50,105,29,55,23,146,75
"ZNF396",88,50,107,56,88,88,78,83
"CCDC167",108,63,87,44,97,134,66,39
"UBA6-DT",78,55,92,43,95,116,84,75
"RASD1",42,277,62,148,17,13,20,58
"FAAP24",83,64,102,55,77,94,77,85
"DPH6",75,77,82,59,81,139,58,66
"FMO5",68,76,95,70,71,98,69,89
"EEF1AKMT2",103,86,86,65,66,90,75,65
"ZNF213-AS1",83,46,106,52,114,103,75,57
"GIN1",95,69,88,40,91,126,71,55
"NPR1",33,47,104,99,26,64,101,161
"COSMOC",64,72,82,41,107,104,82,81
"ZSCAN16-AS1",75,95,73,66,59,115,66,84
"CASP10",98,59,133,72,58,49,96,67
"EDA",62,162,36,69,45,92,36,130
"IL7R",50,74,103,60,89,196,28,32
"ZNF786",88,68,81,35,100,111,92,57
"CAMKK1",95,55,59,35,87,79,154,67
"SLC25A35",83,91,85,58,79,78,80,77
"TBX19",73,74,98,69,78,86,70,83
"HDX",83,85,75,62,87,108,73,58
"NUDT14",97,56,121,47,69,89,93,59
"ASAH2",89,78,102,56,107,102,61,36
"SLC29A4",141,76,99,25,73,59,105,52
"SYNM",46,27,144,91,44,81,102,95
"CENPP",118,38,99,31,105,53,139,47
"C9orf40",80,70,72,36,100,104,105,62
"ZNF501",115,75,73,42,101,92,66,65
"FKBPL",99,77,96,48,84,83,78,64
"TIMM8A",70,66,82,41,102,138,64,65
"CIART",98,62,87,26,113,146,59,37
"KTN1-AS1",76,49,78,75,67,58,85,140
"ZNF808",80,55,106,63,77,93,73,81
"HELLS",88,58,102,61,91,68,82,77
"PPM1L",102,92,73,45,120,58,70,67
"GPRIN1",97,56,94,38,117,94,71,60
"LINC00910",66,62,76,56,86,114,94,73
"TMOD1",134,71,87,59,45,28,104,98
"KIF21A",87,68,85,29,111,135,61,50
"GDPD3",113,79,87,45,65,88,62,86
"CCDC171",105,66,92,42,99,56,102,63
"TMEM141",102,78,78,49,83,95,70,70
"DNAJA4",73,76,116,79,35,43,84,118
"MYBL1",63,57,149,27,117,98,84,29
"ICAM5",70,44,66,36,95,214,47,51
"CDCA4",98,73,74,48,82,106,82,60
"TLR1",76,66,122,80,81,114,44,40
"VPS37D",101,62,87,26,107,89,91,60
"KIAA0825",69,84,67,49,86,106,63,99
"ZNF836",91,54,107,53,99,89,59,71
"KBTBD3",87,74,94,76,64,91,62,74
"ZNF324B",93,75,101,35,81,89,77,71
"ZNF345",64,68,87,55,89,102,67,90
"MOCS2-DT",89,46,123,43,85,78,108,49
"ZMAT1",84,41,133,64,32,42,115,109
"FAM174B",74,64,77,91,23,81,65,145
"RGS14",81,55,115,52,96,77,86,56
"ZBTB20",112,38,98,18,93,132,63,64
"TMEM59L",102,77,63,50,67,102,71,85
"TFEB",101,62,74,30,115,66,114,55
"CCDC102B",114,64,73,26,155,64,87,33
"TRAF3IP2-AS1",92,76,82,62,66,82,70,86
"ZNF487",67,62,74,60,113,93,71,76
"FAM185A",75,63,120,42,95,69,83,68
"MRPL46",90,79,87,56,100,100,44,59
"DHODH",72,66,106,47,83,112,71,57
"LHX4",81,47,105,26,127,118,76,34
"CDKN2D",82,110,74,64,58,59,51,116
"ANXA9",80,64,87,58,82,73,82,88
"LYRM9",85,61,102,52,89,77,84,64
"SLC25A15",75,74,99,30,114,131,52,38
"KLHL3",85,61,112,46,106,84,60,59
"ZNF737",80,43,119,51,125,68,62,64
"MTND6P4",78,80,64,64,84,138,40,64
"SETBP1-DT",71,50,155,64,60,70,90,52
"ZNF484",66,51,105,49,101,124,68,47
"ZNF214",76,54,103,51,100,85,85,57
"CEP76",75,79,59,53,91,97,69,87
"ANKEF1",49,54,109,50,108,136,50,54
"ACTRT3",43,75,105,42,78,95,88,84
"IFITM10",81,59,89,44,97,73,76,90
"TIPIN",81,44,137,70,74,85,63,54
"SUSD2",7,11,66,70,140,208,35,71
"RNASEH2A",99,72,93,38,84,90,70,62
"FRS3",79,84,102,52,75,82,60,74
"ZSCAN31",106,36,77,14,206,43,89,37
"MNS1",87,49,127,45,102,90,68,39
"IMMP1L",59,66,88,66,96,88,65,79
"FBXL8",98,85,81,49,75,82,65,71
"PCDHB13",56,33,84,28,165,152,56,32
"GEMIN2",91,67,93,65,70,84,61,74
"CARD10",68,35,126,39,91,97,75,74
"RFC3",69,57,98,52,81,96,74,78
"TRAM1L1",84,59,113,41,96,115,54,43
"HERC5",175,67,94,38,36,20,112,62
"VCPKMT",92,67,62,50,82,116,77,57
"FAM110A",96,116,76,42,47,84,76,66
"BLOC1S1",105,90,87,46,67,93,64,51
"GUCY1A2",97,52,255,67,27,16,62,27
"IL17RB",103,46,108,30,83,49,122,61
"CHAF1B",74,45,88,46,92,95,81,81
"GON7",78,74,93,55,81,78,57,86
"HOXB7",78,74,129,90,15,23,79,114
"ATP8B3",79,76,66,25,104,141,54,56
"CFAP300",62,57,96,47,63,91,88,96
"MYOCD",38,70,55,70,97,64,67,139
"TMSB4XP4",119,61,88,53,56,116,55,52
"ITGB3",74,133,77,44,69,107,41,55
"REXO5",82,62,88,58,92,53,93,71
"RIPOR2",113,34,61,26,68,58,140,99
"SHROOM2",31,46,52,35,51,319,26,39
"STK32B",34,34,119,35,116,213,18,30
"RNF227",56,56,79,71,53,117,77,90
"PSG3",25,4,306,112,57,43,35,17
"BRIP1",65,69,92,53,67,129,67,56
"CBARP",79,71,61,43,87,139,47,69
"C9orf72",43,84,44,63,102,94,53,113
"COMTD1",54,106,59,58,40,118,56,105
"BCYRN1",61,56,153,58,152,67,25,24
"RPL22P2",103,103,80,43,80,94,49,44
"EGLN3",206,40,96,22,23,54,107,47
"TMEM132B",38,22,112,50,84,89,121,79
"FAM86B2",83,47,103,44,92,123,57,46
"MAB21L1",65,74,112,67,70,78,62,67
"YRDC",73,67,73,49,82,124,54,73
"BMPR1AP1",78,71,94,33,113,89,46,70
"ASPHD1",48,57,71,47,98,160,51,61
"JAK3",78,78,107,72,37,64,69,87
"ZWINT",84,72,105,67,69,76,57,62
"RPL5P1",86,98,61,48,99,93,48,59
"MLKL",62,57,70,67,83,106,67,79
"RPL23AP65",86,89,74,52,93,96,51,50
"LINC02119",54,61,60,49,82,79,95,111
"SCG2",26,44,107,88,83,97,49,96
"SHANK3",74,51,66,15,100,100,105,79
"SLC1A3",105,120,62,12,109,112,40,29
"AFG1L",72,78,79,56,82,99,63,60
"PHF7",68,56,80,60,85,70,81,88
"MIS18A",97,52,77,43,95,75,84,65
"SLC2A14",74,51,67,35,92,165,52,52
"MIR381HG",97,86,102,32,87,63,72,49
"NR3C2",88,30,120,51,86,59,103,50
"RAC3",43,86,34,71,48,140,41,124
"GPAT2",33,19,85,40,140,204,26,40
"ZNF253",58,46,105,43,115,100,67,53
"PTGS2",67,12,88,51,157,48,117,46
"C16orf74",106,43,116,28,90,66,89,48
"CCDC107",46,84,49,49,58,168,53,79
"LETM2",71,87,81,37,74,105,59,72
"TTC32",79,96,66,72,54,78,57,84
"SULT1A1",61,70,99,41,100,85,65,65
"ZNF613",49,53,109,26,108,97,79,64
"SATL1",49,84,74,89,51,90,46,101
"MIAT",50,13,59,10,171,52,179,50
"PICK1",86,60,137,53,70,66,47,63
"KIAA1958",83,67,73,30,94,95,62,78
"RPS2P4",92,76,91,30,78,100,59,56
"ARSL",73,60,44,26,173,137,28,40
"ZBTB49",82,64,93,33,103,94,56,56
"TMEM26",89,25,98,12,153,43,135,26
"CENPW",74,100,69,65,66,50,63,94
"RPS15AP19",124,121,55,51,50,80,45,55
"CD58",73,52,79,55,65,101,80,75
"XYLB",85,42,101,21,94,86,107,43
"RDH5",113,86,118,25,71,61,76,29
"PPP3CA-DT",76,57,108,40,71,76,70,81
"SYTL3",80,40,117,47,62,83,74,75
"FAM86GP",67,38,110,38,109,130,56,30
"ANXA2R-AS1",79,31,84,31,99,126,60,68
"CENPV",69,48,87,36,109,114,60,54
"ZNF17",76,45,91,38,94,105,65,63
"AKAP19",73,73,70,31,119,104,64,43
"GSN-AS1",115,45,60,10,97,85,85,80
"LINC01589",72,58,102,46,108,78,68,45
"PENK-AS1",26,56,43,50,63,177,28,134
"ALDH1A3-AS1",76,29,134,30,85,51,111,61
"SAMD14",73,50,97,39,56,55,107,99
"MX2",95,59,114,67,41,54,56,90
"ZNF138",82,54,99,29,103,65,83,61
"CAMK4",96,39,108,27,115,52,103,35
"UQCC4",59,80,97,43,78,109,46,63
"PINLYP",71,68,65,47,91,103,78,52
"NME1",80,70,78,40,81,112,70,44
"LAMC2",52,93,66,61,63,115,35,89
"ZNF232",67,49,97,55,78,96,63,69
"MLPH",63,26,102,42,188,116,27,9
"PCBD2",61,54,89,57,85,89,84,54
"MEMO1",83,59,77,37,82,94,79,62
"COL9A2",73,37,103,34,112,83,83,47
"KICS2",66,42,94,39,69,101,81,80
"RPL10P3",145,127,0,1,78,90,68,63
"TACC3",75,88,98,45,58,87,57,63
"CDH10",107,42,108,15,35,6,207,51
"THNSL1",88,40,94,34,97,92,93,33
"RPS3AP49",131,138,55,40,37,86,40,44
"CCDC34",87,34,118,20,120,67,90,34
"PRXL2A",119,86,54,70,68,68,50,55
"ZBTB3",78,72,111,52,67,68,65,57
"RAB24",78,64,76,37,88,85,59,82
"PNMA6A",100,59,80,34,72,84,93,47
"ZNF669",79,65,65,30,104,99,71,55
"POLR2I",61,53,84,37,74,103,73,82
"SDCBP2-AS1",71,45,114,33,109,99,54,42
"LRP4",95,54,55,19,141,98,55,49
"GEMIN7",65,77,75,62,79,86,62,60
"CLHC1",91,56,84,73,91,86,43,42
"SNHG19",85,95,51,43,61,78,75,78
"THAP10",79,51,98,59,66,57,87,68
"TFAP2A",23,18,74,11,178,104,111,46
"MCOLN2",60,115,50,35,112,139,16,38
"KYAT1",100,63,99,30,104,62,66,41
"EMC9",49,47,90,40,79,140,68,51
"ANKRD9",67,65,98,41,86,105,44,58
"TENT5B",18,99,35,75,29,170,19,119
"DIRAS3",69,35,47,12,234,130,30,7
"ZNF418",84,39,86,39,97,105,75,39
"GJC2",100,62,121,34,45,50,100,52
"RPS11P5",120,104,57,30,63,81,62,47
"KMT5C",86,60,95,39,83,69,78,53
"SLC51A",56,50,107,45,85,98,59,63
"DRC3",82,47,89,41,79,87,79,59
"LZTS1",93,30,125,31,92,74,76,41
"SYNCRIPP1",66,53,77,51,81,126,57,51
"RDH10-AS1",51,26,135,34,57,157,55,47
"MRPS28",80,78,55,57,70,105,42,74
"DUSP18",70,44,85,40,76,110,59,77
"DENND5B-AS1",68,48,83,22,81,169,43,47
"GRIK1",3,6,67,75,34,294,14,67
"HSD17B8",86,61,78,35,58,69,100,72
"HSPA1L",65,56,98,40,62,85,72,80
"USP6",47,48,71,53,68,114,75,81
"SH3BGR",85,41,86,53,98,77,69,48
"SLC9A3-OT1",70,64,74,33,84,94,76,62
"RAB27B",37,14,17,5,357,91,24,11
"SPC24",43,49,81,82,51,62,93,95
"SPATA33",77,68,93,39,59,89,64,67
"ZNF675",57,51,114,40,108,71,71,44
"PNP",69,109,60,56,45,76,55,86
"FBXW9",76,53,87,33,80,102,61,63
"TAF4B",72,64,47,55,48,97,64,108
"SLC17A9",92,73,70,36,53,71,89,70
"GABRB3",140,118,45,25,14,6,108,98
"LINC00174",53,46,100,42,97,92,68,55
"RPL7AP11",102,105,64,32,82,74,46,48
"LOC642361",62,60,88,54,67,83,67,72
"COQ6",75,60,94,32,86,83,54,68
"STRIP2",55,45,66,25,149,74,86,52
"GINS4",82,33,96,67,82,60,88,44
"TK1",74,72,89,40,68,86,71,52
"ARMC2",33,56,68,49,87,131,45,82
"SNAI1",83,56,72,18,110,77,74,61
"OPRL1",68,58,80,41,105,69,73,57
"PRELID3A",52,45,101,39,95,91,67,61
"HOXB5",78,62,128,73,29,18,73,89
"PARP4P2",81,61,79,53,53,78,67,78
"EXOSC5",74,78,65,38,75,100,58,61
"TOP6BL",61,44,86,62,93,153,30,20
"ACBD6",74,40,122,40,83,85,57,48
"TMEM38A",64,47,93,61,81,63,62,77
"FSTL5",87,25,209,47,3,1,142,34
"ANXA3",28,32,161,80,56,93,40,57
"DTWD2",81,38,84,47,69,100,69,59
"ATP2A3",88,61,52,39,22,36,112,136
"WDR17",78,50,88,44,17,33,117,119
"KLHL11",72,49,71,28,84,87,75,80
"H2BC12L",65,52,76,37,79,98,60,79
"SLC4A11",59,94,54,40,103,89,42,64
"CCDC24",71,46,80,37,85,113,45,68
"RPL7AP31",73,65,64,46,89,85,58,65
"NECAB1",62,72,63,58,52,86,75,76
"RPP40",63,52,68,39,95,111,71,45
"IDNK",47,34,97,48,85,95,85,53
"FADD",68,63,67,40,58,93,81,74
"TPGS1",72,87,55,32,55,79,84,79
"LOC124900372",49,47,82,38,114,107,52,54
"CACNA1G",113,45,40,5,157,77,80,25
"HSPA12B",180,25,98,17,84,23,98,17
"SLC60A2",62,66,76,35,83,95,64,61
"ZNF22-AS1",47,45,83,56,102,113,51,44
"PLIN4",45,40,39,17,132,95,111,62
"ARID3B",64,56,79,34,76,107,53,71
"GUSBP9",75,53,91,22,105,93,68,33
"NR2F2-AS1",72,45,64,49,83,112,55,60
"SDSL",97,48,103,31,99,75,57,29
"APOO",89,75,84,43,68,68,55,57
"ZFP69",54,53,77,44,78,90,75,68
"PNMA8B",107,77,102,48,17,31,69,88
"FTX",65,38,77,32,99,104,72,52
"TRIM52-AS1",59,57,56,44,74,86,76,87
"N4BP3",108,53,129,22,71,30,92,33
"ANKAR",60,61,84,35,75,94,67,62
"ZNF256",70,63,85,32,75,88,63,62
"SLC25A33",77,71,53,44,71,101,52,69
"ZNF100",83,48,80,45,80,102,55,45
"ERCC6L2-AS1",71,65,108,39,85,97,39,33
"PTPRO",60,30,62,41,98,84,95,66
"SPIN4",73,62,87,34,83,96,60,41
"NPM1P39",56,58,78,46,92,83,61,62
"TBXA2R",90,47,112,43,75,49,67,52
"SLC4A8",46,29,92,55,115,105,55,38
"LENG1",70,67,83,48,77,87,50,53
"ZGRF1",94,43,96,21,93,58,82,48
"APOLD1",89,31,85,28,131,106,49,16
"P2RX6",137,88,96,21,76,42,40,34
"BDH1",37,97,47,44,42,162,23,82
"SLC27A5",69,72,86,26,77,73,68,62
"RFXAP",87,67,87,34,57,52,89,60
"PPFIA2",52,62,31,64,74,159,30,61
"SLC49A3",50,66,80,39,65,98,60,75
"ZNF34",74,61,89,46,62,69,57,75
"E2F5",85,68,70,36,83,84,59,47
"UQCC5",66,60,89,43,77,88,60,49
"ZNF284",66,66,70,55,75,86,66,48
"MTARC1",86,65,88,33,79,66,58,56
"NOL7",59,70,75,37,83,109,53,45
"KCNK1",38,62,14,10,97,126,73,110
"PRTG",61,24,105,18,143,112,40,27
"PCDHB9",52,37,96,47,114,109,37,38
"NTNG2",57,54,80,52,64,73,65,85
"KDM7A-DT",81,79,65,39,52,42,92,80
"TNFSF13B",104,32,129,23,84,26,100,31
"MMP3",29,18,70,44,171,117,40,40
"PABIR3",50,57,94,40,77,73,77,61
"FLVCR1",50,61,78,39,73,101,57,70
"PAPPA2",158,159,68,20,22,18,48,35
"METTL18",88,40,81,48,77,70,63,61
"NUTM2B-AS1",40,49,80,50,92,131,37,49
"NICOL1",74,92,54,39,46,97,60,66
"RIMS3",123,117,88,46,25,39,37,52
"NXT1",88,52,86,40,69,83,63,46
"PDIK1L",87,58,81,41,61,66,73,60
"LBX2-AS1",84,45,76,35,78,70,88,51
"PANX2",103,68,55,17,76,71,80,56
"THAP9",65,46,83,37,85,78,68,64
"MAMDC4",82,65,74,24,76,132,42,31
"EFNA4",107,51,70,29,89,56,84,40
"QTGAL",70,60,75,38,74,97,61,50
"TMEM232",92,32,102,47,44,20,139,49
"SAMD11",136,68,98,6,101,44,54,18
"RAB42",74,55,75,27,101,81,69,43
"CSTA",93,79,177,63,19,20,43,30
"ZNF337",70,54,75,32,86,97,55,55
"RTL3",4,86,36,78,2,116,22,180
"DIABLO",64,45,87,36,82,87,57,66
"LPP-AS2",57,57,80,53,55,107,62,53
"PAXIP1-DT",79,53,61,55,70,61,63,82
"RASIP1",28,35,45,26,140,181,26,42
"LIMD2",64,57,71,34,86,84,69,58
"PDGFA",72,82,63,41,53,105,35,72
"CLCN2",66,63,79,29,68,86,65,66
"PHOSPHO2",35,39,44,63,39,185,27,90
"CPNE7",24,17,72,33,104,158,57,57
"SH2D5",40,25,54,22,66,168,82,65
"LMO3",22,58,29,48,61,219,30,54
"WDR83",54,74,67,45,61,97,49,74
"ANKRD53",59,58,54,37,80,97,63,73
"TRMT10A",65,49,90,45,88,84,59,41
"SPRN",70,89,52,35,67,83,59,66
"CELSR2",47,27,101,65,60,98,67,55
"NRG1",83,25,51,12,218,92,33,6
"RTN1",12,10,203,115,68,91,6,14
"FRAT1",83,76,71,41,78,64,52,54
"KHDC1-AS1",73,56,78,31,95,72,70,44
"VMA12",83,65,72,33,54,95,50,67
"CYP19A1",35,103,39,47,79,121,21,73
"TMEM177",77,49,92,31,92,75,73,29
"DUSP19",77,46,98,53,60,61,55,68
"ALG10B",70,53,76,39,74,85,61,60
"ZBTB42",80,65,85,37,62,80,53,56
"PRKN",52,57,83,58,75,45,76,72
"DUS4L",71,50,79,38,74,75,75,55
"STBD1",60,74,77,40,38,95,70,63
"CNNM1",76,91,56,25,49,115,44,61
"CDH4",46,64,18,28,50,230,25,56
"PKN3",42,48,67,47,51,99,66,95
"RAD51B",94,37,68,42,90,53,70,61
"ARHGAP23P1",70,49,46,41,61,97,62,89
"PDK3",64,47,81,47,50,99,45,81
"CPLANE2",50,60,76,55,53,80,62,78
"PASK",55,75,79,39,67,86,59,53
"STK26",50,59,34,41,92,140,44,53
"C5orf63",79,66,68,35,52,96,55,62
"ZNF879",61,47,93,47,81,80,60,44
"CENPN",67,77,64,49,60,92,46,57
"CGNL1",55,83,116,58,24,16,62,97
"CFAP251",63,34,84,30,105,121,42,32
"GAB3",51,64,49,42,64,104,50,87
"RHBDF2",62,42,67,15,109,152,35,28
"ALOX15B",0,81,0,87,0,129,0,213
"SORCS2",28,50,39,61,27,59,70,176
"NSUN6",82,34,71,28,101,82,65,47
"EPHA2",39,27,90,47,65,71,84,86
"PAOX",68,55,59,42,77,78,66,64
"PGBD2",83,52,83,25,66,84,65,51
"RPS10P15",54,50,85,28,75,120,47,50
"CD4",31,23,95,49,133,136,24,17
"PSTK",53,56,92,39,85,92,51,40
"LNP1",46,39,71,37,82,96,66,71
"SLC6A15",79,36,12,12,199,110,35,24
"ENTPD3",65,75,30,21,54,84,82,96
"LRRN3",108,26,78,33,123,50,48,40
"TMC2",26,58,51,52,75,152,21,70
"CGAS",71,62,63,38,59,87,55,70
"SPDYE2",55,30,110,40,39,68,93,70
"SPDYE3",49,50,65,49,81,103,51,57
"RPS15AP1",83,104,51,45,50,72,51,49
"NIM1K",98,50,76,6,90,85,80,18
"TSPAN10",41,35,56,18,169,142,21,21
"ZNF665",68,33,87,28,76,83,77,51
"SPINT2",4,18,43,86,25,186,31,109
"SPDYE2B",54,30,109,41,35,71,99,63
"TOMM40P4",69,45,67,18,80,157,34,32
"METTL1",50,45,75,33,80,111,69,38
"JMJD4",66,43,74,29,72,79,75,63
"GALNT18",84,46,71,41,68,79,70,42
"TRIM47",63,62,76,39,85,68,62,46
"WDR89",68,59,63,31,70,90,66,54
"NLGN1",52,42,49,23,11,48,122,154
"ZGPAT",67,64,70,29,73,83,55,60
"PCDHGA1",48,28,80,38,119,95,55,38
"CHCHD10",84,60,61,33,72,82,54,55
"RTN4IP1",83,53,98,38,62,61,62,43
"LYSMD2",84,68,52,44,57,78,61,56
"ZNF215",40,51,61,44,71,146,39,48
"BAALC",38,11,78,17,155,87,85,29
"RAB4B",47,71,65,56,44,94,55,68
"GNG7",65,73,63,48,70,111,27,43
"RGS22",51,49,78,43,72,62,78,66
"CTXN1",62,30,78,28,68,83,91,59
"CFI",56,29,138,69,27,14,90,76
"CPXM1",53,18,69,33,87,49,114,75
"SLC16A14",59,34,64,30,92,45,75,98
"H2AC25",81,64,74,29,63,38,87,61
"RNASEH1-DT",46,45,72,38,74,99,63,60
"ZNF221",62,38,70,20,84,74,79,69
"ROBO2",90,50,156,35,28,38,49,50
"PTH1R",77,66,79,44,64,85,34,46
"PPP3CB-AS1",54,35,88,46,59,113,55,45
"CEP128",59,50,72,51,79,66,47,70
"CCNF",79,52,65,46,77,76,45,54
"ZNF503-AS2",69,41,91,19,82,69,84,39
"MMP24",36,34,74,66,83,120,30,50
"ZFP37",70,36,64,33,77,74,78,61
"FRAT2",74,68,56,45,67,83,46,54
"ANG",43,77,49,58,38,100,37,91
"CLEC2D",43,37,66,71,67,81,64,63
"PCDHB7",104,69,76,33,53,33,76,48
"ADM2",128,14,165,18,53,16,88,10
"RASA4B",53,49,74,51,65,51,85,64
"OLR1",19,26,138,51,43,133,40,41
"MST1L",57,71,71,39,70,90,50,43
"ALPK3",9,169,21,98,17,36,17,123
"ZNF738",79,63,62,27,72,78,56,53
"TCEANC",45,39,83,38,64,67,68,86
"ZSCAN23",81,31,89,20,70,86,70,43
"RWDD3",61,49,68,39,61,104,53,54
"LRP8",48,52,63,29,71,94,74,58
"MAD2L1",59,66,69,40,64,74,60,57
"GNB1L",67,84,44,31,69,111,46,37
"HOXB-AS3",82,75,85,62,25,30,66,64
"PARD6G",130,49,58,27,83,51,73,17
"RPS2P17",87,79,62,23,75,90,39,33
"PAFAH1B3",84,38,92,25,90,55,71,32
"BRCA2",67,54,79,30,66,55,96,40
"RAB9B",46,31,108,45,73,67,64,52
"FOS",53,38,58,29,51,103,51,103
"ZNF684",61,45,69,42,75,76,59,58
"ZNF155",62,51,67,25,104,62,66,48
"PVT1",62,60,56,27,85,109,37,47
"QRICH2",63,56,41,15,98,81,68,60
"ANKRD18EP",66,47,56,42,59,75,73,64
"ZNF793",41,17,94,18,116,89,65,41
"HOXA2",78,42,68,22,102,66,63,39
"TEKTIP1",56,72,58,17,48,106,46,77
"RPL21P51",52,73,77,32,71,75,56,44
"MSX1",25,27,95,52,67,83,76,54
"NIFK-AS1",54,39,86,40,73,64,60,63
"SLC13A4",57,63,58,26,80,104,46,44
"KCNJ5-AS1",80,41,87,37,62,52,81,38
"DNM3",96,43,98,28,69,36,66,42
"MPDU1-AS1",85,74,75,27,48,53,55,61
"ZNF582",52,58,71,43,79,77,56,41
"CDC14A",59,39,71,29,96,69,57,57
"TM4SF20",1,2,78,52,75,255,2,12
"CCDC121",67,44,91,36,67,52,60,60
"GPR63",36,71,38,80,53,153,13,32
"MBOAT1",47,34,93,52,72,67,65,46
"RNF212",23,18,89,42,154,127,12,11
"NAP1L2",23,42,41,32,13,22,93,210
"MED31",69,64,63,40,61,71,42,65
"REEP6",49,64,61,39,49,70,53,90
"C21orf58",84,48,69,39,65,67,56,47
"PLGLB1",35,49,78,49,60,88,58,58
"RPS3AP25",108,90,42,41,47,45,51,51
"B3GNT8",52,67,66,48,60,74,32,75
"NR2C2AP",50,65,44,39,62,104,46,64
"RPS27AP5",70,67,53,46,55,82,46,55
"ACAP1",61,52,99,31,57,66,57,50
"RAPGEFL1",58,33,86,23,95,82,58,38
"HYI",59,55,67,27,77,94,49,45
"LTB4R",49,50,75,28,68,73,58,72
"MEIS3P2",59,51,76,32,45,117,45,47
"ZNF547",55,44,74,44,75,53,68,58
"ADGRG1",36,20,63,41,126,100,46,39
"IL11",35,31,34,28,101,130,57,54
"FSD1",71,57,56,37,95,109,21,24
"ABCB9",88,41,85,36,74,48,63,35
"RAET1G",78,41,93,26,100,38,59,35
"DNA2",75,75,56,43,78,48,55,39
"NR4A2",55,48,60,38,69,73,43,83
"ZFPL1",63,70,70,30,60,83,45,48
"NUDT6",82,46,75,32,53,48,70,63
"MXD3",65,39,83,36,67,85,40,54
"MACC1-OT1",101,38,74,34,94,68,35,25
"POLR1H",67,71,58,24,56,61,78,53
"PIK3AP1",23,31,44,24,155,143,27,21
"KCNJ2-AS1",56,37,65,28,73,75,73,61
"FIRRM",60,55,40,35,78,63,76,60
"SIK1",27,28,42,17,89,219,26,19
"TLCD4",26,21,72,46,102,104,55,41
"ID4",44,52,92,39,62,95,40,43
"PIGBOS1",66,53,75,43,66,59,51,54
"LOC388248",57,53,54,43,49,56,71,84
"SMIM8",63,62,77,41,52,64,58,49
"PSPN",62,78,56,35,52,72,46,65
"SMTNL2",163,26,135,5,37,2,88,10
"TMEM106A",50,23,92,35,120,78,45,22
"AQP1",33,24,54,32,130,120,45,27
"ECHDC3",65,94,28,15,31,55,83,93
"LNCTAM34A",66,35,61,33,102,81,48,38
"CYP51A1",59,54,66,23,84,87,31,59
"DNMT3B",62,20,63,25,97,90,68,38
"ASB2",36,74,31,9,34,213,41,25
"GGACT",60,60,68,45,57,65,45,63
"ZNF699",54,40,54,36,75,74,64,66
"EEF1A1P8",55,49,86,35,46,73,61,58
"ZNF543",64,51,68,29,64,85,48,53
"ZFAND2A-DT",67,31,91,34,66,59,62,52
"RPSAP3",33,38,91,23,97,82,51,47
"OLFM2",35,9,52,9,128,83,107,38
"MOB3B",15,72,14,62,14,79,21,184
"CDK1",84,57,63,32,62,71,59,33
"KCND2",24,9,31,9,269,61,39,19
"SLC16A6",17,26,38,12,69,278,5,15
"ARHGEF26",45,45,43,48,66,69,57,87
"HVCN1",49,39,53,36,93,99,49,42
"FAM72A",69,45,80,45,55,71,45,50
"FBXO48",70,34,75,45,58,46,64,68
"NPL",42,70,44,44,73,104,32,50
"ZNF571",67,31,68,32,80,74,59,48
"MROH8",72,33,73,35,89,67,42,47
"DOK3",42,79,46,17,69,137,20,48
"SPRY3",52,49,54,53,47,82,61,60
"HARBI1",50,54,69,35,68,90,47,45
"BCHE",46,39,74,22,14,27,141,94
"LINC00467",42,41,75,39,86,76,52,46
"CFAP298",65,54,71,44,59,66,49,49
"RPSAP17",65,61,64,34,65,74,57,37
"LINC02511",71,24,91,18,26,8,162,57
"IPPK",59,51,55,25,82,83,48,53
"PEX39",81,63,61,27,56,59,59,50
"YPEL1",55,40,49,55,69,56,49,82
"ANO3",27,48,55,59,11,71,107,77
"NETO2",115,88,48,30,7,15,71,81
"CDKN3",53,53,57,44,53,87,54,53
"SLC23A3",66,82,44,42,62,50,41,67
"SCAMP1-AS1",53,48,82,51,46,58,60,56
"RUNDC3B",48,41,113,60,39,33,82,37
"GRIN3B",41,39,80,31,59,62,71,70
"GPR68",128,6,81,8,62,23,130,15
"KIAA1217",41,10,98,26,117,94,47,20
"SETD9",49,38,55,23,74,69,78,67
"TMEM240",48,55,67,29,62,76,55,61
"CYP2S1",57,41,77,39,53,41,74,69
"NTRK2",24,30,78,58,35,78,58,89
"ZNHIT2",47,50,56,39,64,73,59,62
"LOC124900217",28,24,58,25,102,162,24,27
"L2HGDH",62,42,68,37,54,65,57,64
"SH3BP1",64,35,84,21,82,52,76,35
"BFSP1",32,35,93,58,58,82,49,42
"BORA",54,52,59,47,60,81,38,58
"RAB6C",52,32,73,41,55,84,44,68
"MARCHF3",52,44,71,26,91,96,31,37
"DNAH14",66,48,74,23,86,78,47,26
"ZNF239",52,41,67,16,94,92,45,41
"PCSK4",64,67,80,24,74,56,35,47
"MATN3",30,38,74,58,48,104,36,59
"TTYH2",99,65,79,22,60,39,46,37
"ZNF586",74,39,56,34,63,73,54,53
"RPL13AP22",36,57,57,34,53,83,59,67
"USP51",82,34,69,24,76,48,78,35
"CD200",21,20,151,50,54,47,47,55
"NDRG2",59,66,43,41,45,54,62,75
"TMEM217",71,28,75,9,156,49,46,11
"BIRC3",62,77,46,32,44,46,39,98
"TCF7",56,37,57,29,57,40,103,65
"CCNE1",42,31,81,26,106,63,55,40
"IL3RA",41,47,64,56,55,78,55,48
"FAM228B",68,40,73,37,55,68,45,58
"HNRNPKP4",73,64,43,28,58,91,42,45
"LOC105369147",20,26,54,49,56,130,30,79
"TRIM9",120,107,45,22,28,22,62,37
"RRM2",72,90,28,21,80,79,43,30
"SNHG26",26,22,104,49,71,92,42,37
"MAPKAPK5-AS1",48,48,61,35,73,74,56,48
"ADAMTS4",40,67,57,30,72,49,54,73
"ATP6V1E2",49,42,82,42,49,67,56,55
"IL34",76,6,106,22,104,35,80,12
"C16orf86",59,78,65,36,57,48,41,57
"EFHB",43,15,87,51,50,46,96,53
"ELANE",62,113,49,26,63,67,23,38
"PJVK",63,53,75,43,53,47,58,49
"GSTO2",18,26,106,49,73,75,43,50
"FERMT1",83,45,63,19,78,73,36,43
"GRHL1",31,14,91,35,77,93,63,36
"PCSK6",13,25,186,47,7,23,61,78
"ZNF575",68,51,92,49,45,50,42,43
"NRSN2-AS1",62,57,70,30,66,60,49,46
"KMT5AP2",66,53,78,30,77,57,48,31
"MRPS17",55,47,66,31,55,88,50,48
"WNT3",51,47,77,41,69,55,60,39
"USP46-DT",30,41,67,48,62,98,45,48
"LINC01111",24,30,84,36,38,58,73,96
"CDC7",66,51,88,37,73,64,30,29
"LINC01239",112,101,53,44,18,11,48,51
"SLC14A1",65,0,142,10,24,12,180,4
"AZIN2",51,45,61,23,92,100,33,32
"CFAP418",42,50,108,48,41,59,38,51
"CCDC28B",57,43,87,25,69,64,56,36
"BOLA3-DT",67,59,56,30,63,61,43,58
"SLC51B",135,43,62,16,89,25,51,15
"LINC02709",41,41,80,28,54,113,46,33
"ANKRD24",62,64,58,28,53,49,57,64
"ZNF235",43,54,61,47,55,82,41,52
"LINC02256",64,35,83,36,72,62,38,45
"LMNB1",79,57,66,11,83,56,61,21
"CITED4",29,117,43,41,24,78,30,72
"RGS7",31,7,16,6,148,107,47,72
"RPL26P30",42,52,53,46,63,93,38,46
"GATD1-DT",68,42,61,32,60,62,57,51
"APOL4",166,106,72,25,25,16,16,6
"RTP4",86,45,94,44,35,24,55,49
"ZNF778",55,61,64,36,64,62,43,47
"HLF",13,50,28,46,27,50,70,146
"ZFHX2",62,30,88,31,60,49,65,45
"SFMBT2",67,65,55,55,16,41,68,63
"TRIP13",49,52,58,25,64,82,57,42
"HOMER2",82,44,87,38,49,46,39,44
"MAMSTR",74,31,58,20,74,40,95,37
"ZNF565",53,39,67,42,62,79,43,44
"ZNF805",50,47,73,30,58,80,55,36
"LINC02980",51,53,79,47,47,54,41,57
"OVGP1",37,66,51,40,60,86,42,46
"POLR3K",45,42,54,47,57,81,45,57
"GBP4",51,20,89,25,98,63,42,40
"SULT1A4",60,47,60,23,72,72,47,47
"ENPP5",65,33,56,22,19,22,133,77
"CYTL1",2,3,40,18,122,227,5,10
"ZNF573",51,36,77,30,69,60,69,35
"ISG20",41,42,71,36,47,117,35,36
"ZNF823",49,46,72,39,49,73,50,47
"TPK1",54,34,102,25,75,32,67,35
"ARMH1",37,28,60,32,63,81,64,59
"PPP1R35",63,66,47,18,45,82,56,46
"GARNL3",63,45,66,29,53,60,67,39
"FANCA",62,21,66,37,63,55,71,47
"NUDT13",85,52,72,36,56,39,43,38
"FAM227A",51,30,74,31,81,57,69,28
"PRCD",74,34,72,28,55,39,64,55
"MC1R",38,43,59,46,45,50,52,88
"OTUB2",54,32,85,36,72,50,53,38
"PGM5-AS1",40,65,80,32,23,43,84,53
"HNRNPA3P5",54,60,47,26,70,86,42,35
"ID1",32,79,51,21,52,74,33,77
"ANO4",57,43,34,39,29,93,55,68
"ZNF222",49,21,70,32,92,56,51,47
"IRX2",42,45,55,37,10,17,102,110
"SPAG5",64,53,75,21,69,49,43,43
"GNG12-AS1",42,31,68,22,86,82,59,27
"LOC101928819",1,114,2,79,0,91,3,127
"SASS6",59,35,65,27,80,49,64,37
"NDUFB8",66,60,47,34,49,68,47,45
"BMS1P10",53,50,85,48,40,51,57,32
"IRF6",12,11,106,74,14,27,81,90
"CACNG7",27,23,13,12,77,92,83,87
"PRDM16",85,58,67,24,41,49,47,43
"ZNF382",46,40,82,32,55,52,61,46
"FRMPD4",24,14,80,60,19,71,46,100
"EFCAB6",58,28,68,33,73,71,47,36
"INKA1",55,53,45,26,49,77,61,47
"MEX3A",87,23,65,4,122,36,60,16
"PIM2",60,50,60,57,45,57,33,50
"SFRP2",61,20,55,14,8,1,183,70
"ZNF782",43,41,57,40,48,67,58,58
"WASL-DT",30,40,52,43,41,72,54,80
"MYLK4",52,66,42,42,34,49,56,70
"SLC37A1",56,61,56,48,16,15,61,98
"DNAJC6",7,41,37,67,28,129,12,89
"SLC25A19",49,48,64,46,37,65,43,58
"CRACR2A",50,36,52,26,44,52,70,80
"NAGS",60,42,60,19,59,63,54,53
"ANKRD33BP1",44,17,64,18,73,112,45,37
"SCML2",58,31,73,25,75,50,52,45
"MARK1",54,129,24,27,7,16,69,83
"ZNF670-ZNF695",55,43,46,48,51,66,49,51
"TSSK6",45,41,68,35,45,70,47,58
"SCART1",58,32,61,28,78,73,47,32
"STRADA",37,51,64,36,64,75,46,35
"ZNF224",54,47,62,31,44,60,55,55
"ZNF660",49,40,49,26,88,65,35,55
"KDM8",56,45,62,16,72,74,46,36
"B4GALNT4",71,34,104,29,58,36,43,32
"GDI2P2",54,49,53,38,52,70,51,40
"C8orf88",46,53,57,26,69,59,51,46
"NCAPG",78,53,60,25,66,56,42,26
"NOPCHAP1",77,52,51,22,54,55,51,44
"SHROOM4",73,40,46,18,53,67,54,55
"PPP1R9A",37,25,96,40,9,23,92,84
"C8orf48",63,54,79,25,52,57,42,34
"LIAT1",59,53,38,13,111,91,28,13
"FAM72B",60,41,73,38,48,64,42,40
"LINC03014",26,71,48,52,29,81,29,70
"RBPMS-AS1",27,45,48,33,45,114,21,73
"CACNB4",32,18,105,38,62,53,61,36
"INSYN2B",76,37,94,22,28,40,69,39
"LINC01352",46,31,87,44,29,36,65,67
"CFB",55,25,87,44,58,43,54,39
"TUBD1",52,43,54,36,53,74,54,38
"RBM4",51,37,65,24,78,79,38,32
"RNF208",48,33,58,31,69,52,52,61
"CLDN23",50,58,61,35,44,36,60,60
"TSNAXIP1",49,51,59,18,62,59,58,47
"NEIL3",70,21,94,29,88,42,48,11
"IRAK2",56,20,69,15,101,64,49,29
"CAVIN4",41,41,70,62,49,40,37,63
"CDNF",45,24,92,29,60,49,67,37
"ADGRL1-AS1",48,23,67,36,66,76,50,37
"SLC35F2",51,40,22,18,68,101,44,58
"ESPNL",145,92,81,18,5,7,39,15
"LRRTM2",124,4,112,1,74,13,71,3
"YJEFN3",48,57,64,33,69,82,19,30
"MTA1-DT",58,23,74,24,69,58,55,41
"ARAP2",48,36,145,55,8,11,59,39
"FZD5",23,67,19,86,19,64,10,113
"LYRM4-AS1",44,59,62,24,68,58,48,38
"RIMS4",32,28,129,33,81,29,42,26
"SHCBP1",60,47,69,38,33,38,66,49
"INSYN2A",21,62,19,38,17,27,12,204
"PSMA2",73,43,49,32,49,52,60,41
"CENPH",68,52,61,43,45,40,60,30
"SYN2",8,127,9,30,12,111,5,97
"IL31RA",161,50,68,22,46,25,20,7
"C3orf33",31,25,68,60,58,58,47,52
"ZNF552",57,45,47,44,45,66,44,51
"CTBP2P4",47,38,58,29,58,71,46,51
"CAPN10-DT",59,36,64,37,59,48,48,47
"CISH",62,43,51,33,59,71,34,44
"SLC19A3",36,90,34,32,26,56,23,100
"PHYHIP",66,39,73,34,45,40,64,36
"KRT8P12",42,46,50,39,54,63,49,54
"AP4S1",40,41,75,32,47,67,41,53
"PSMC3IP",47,65,44,41,62,63,32,42
"OCLN",30,20,87,37,70,53,48,51
"DNAAF11",44,49,63,26,62,48,49,54
"ANKRD37",72,81,34,23,37,62,38,48
"MT1M",18,117,30,58,11,64,9,88
"GAS1RR",35,39,97,31,40,61,56,36
"HAUS6P1",70,42,52,27,54,73,39,38
"CENPBD2P",39,32,64,23,72,80,51,34
"B4GALT6",68,56,58,37,20,21,57,77
"KHDC1",59,59,56,25,46,45,59,45
"GRTP1",61,64,62,43,38,64,25,37
"TAX1BP3",40,47,50,34,47,68,65,43
"MTND5P11",21,23,49,27,51,93,61,69
"SYT9-AS1",19,33,79,47,61,75,32,48
"INO80C",60,41,65,24,64,55,44,40
"FBF1",57,31,67,32,50,55,54,47
"BBOF1",32,43,63,35,64,55,59,41
"GOLGA8T",47,44,88,32,51,46,39,45
"CTH",47,72,41,43,34,52,24,78
"FBLN7",41,42,62,33,35,53,54,71
"DLG2",42,49,43,45,44,50,39,79
"EGR3",96,14,56,13,45,36,111,20
"OR7E38P",26,27,68,20,90,96,39,25
"UBE2T",60,51,64,30,58,45,45,37
"PRODH",4,146,7,88,3,41,1,100
"NETO1",22,10,1,1,181,151,15,9
"ZNF30",67,41,75,26,69,45,48,19
"LINC01003",68,52,35,33,44,48,53,57
"LIPT2-AS1",53,26,67,41,48,53,52,49
"EPHA3",43,23,35,46,39,35,79,88
"SRRM3",54,44,52,29,29,33,80,67
"RPL7P47",40,30,92,31,59,67,29,40
"EEF1E1",54,48,47,37,51,80,31,39
"CIB2",55,49,62,22,51,44,62,42
"CD72",38,29,62,48,65,56,50,39
"CCDC30",45,24,69,33,52,45,66,53
"RINL",45,78,30,25,55,67,40,47
"ATP6V1G2",52,43,72,37,56,48,41,38
"P2RY11",40,58,42,22,53,104,27,41
"TICRR",31,26,58,18,58,102,54,39
"SNX32",48,25,56,28,72,65,58,34
"GTF3C2-AS2",52,43,66,31,54,54,48,38
"CAMK1",55,43,63,37,34,74,45,34
"RCOR2",70,26,68,11,81,40,67,22
"CENPS",44,51,61,30,49,59,45,46
"EFCAB13",42,39,43,33,59,65,45,59
"SRPK3",24,14,51,20,118,135,11,12
"SNCA",81,70,25,12,22,21,61,92
"SLITRK6",61,9,41,1,184,32,53,3
"FAM86B3P",46,30,80,21,44,64,57,41
"PCDHB8",38,33,69,25,97,75,26,19
"IFI27",53,30,81,32,31,15,76,64
"EOLA1-DT",53,43,66,35,56,64,32,33
"NOX5",21,9,81,29,110,81,38,13
"ZNF778-DT",44,27,65,47,48,33,45,73
"RPS2P29",73,86,52,23,43,57,24,23
"TOX-DT",49,39,56,21,40,71,70,34
"CACNA1H",180,99,2,1,40,32,18,8
"ZSCAN5A",39,47,53,34,72,72,36,26
"ESPL1",60,39,59,32,38,71,39,41
"ZNF714",41,27,81,25,52,59,54,40
"H3-5",47,42,75,36,63,43,36,37
"NGF",38,16,132,17,48,24,64,39
"SERPINI1",24,27,81,55,47,46,48,50
"KRT8",18,12,40,11,118,128,30,21
"PPIL6",48,53,43,20,59,56,37,62
"FRRS1L",65,20,73,21,89,48,37,25
"MARCHF1",48,30,81,36,39,57,48,38
"KLHL38",30,43,39,48,36,103,27,51
"CXCL1",10,15,12,8,74,249,4,4
"BUB1",61,54,62,32,41,61,30,35
"ABHD16B",34,24,67,22,50,63,52,64
"FAM66E",57,28,52,24,49,83,40,43
"MYO15A",48,48,69,20,43,54,58,35
"ISM1",37,79,55,58,14,19,44,69
"RADIL",30,53,56,30,40,51,45,70
"TDRD6",42,73,71,79,17,12,35,46
"C15orf61",43,52,50,46,40,53,37,54
"TNFRSF10A",33,31,35,34,54,83,46,58
"ADORA1",50,9,99,24,37,32,104,19
"UCP2",40,18,73,39,44,99,35,26
"ASIC3",46,58,33,41,58,59,32,47
"PSG2",5,5,187,74,39,33,18,13
"SAMD10",51,36,53,27,53,53,57,43
"HPSE",25,38,51,73,12,48,31,95
"MARCHF10",7,68,6,81,10,149,3,49
"DNAH10OS",46,30,69,22,64,50,51,41
"PARAIL",45,47,49,33,59,64,37,39
"B9D2",59,50,52,22,48,53,51,37
"CCDC158",53,32,79,38,39,42,59,30
"TMEM256",68,51,46,36,34,59,37,41
"HAAO",69,39,43,12,84,53,43,28
"F2RL1",45,39,73,43,45,50,46,30
"IL20RB",45,30,75,28,66,37,56,34
"ZNF530",43,54,57,16,51,52,50,48
"IRF9",42,37,72,26,55,48,45,46
"MCM3AP-AS1",40,37,55,36,62,64,43,34
"BDNF-AS",49,37,55,27,55,61,44,43
"ABCA13",19,10,55,22,79,115,39,31
"G0S2",35,11,126,5,93,27,67,5
"RAP1GAP2",25,38,13,6,89,160,16,22
"GRIK4",143,30,27,4,58,18,77,12
"RTN4RL2",115,47,62,14,43,27,40,21
"RPS3P4",80,79,42,21,38,62,26,21
"SPTLC1P1",37,28,60,27,68,62,42,45
"FAM227B",64,34,55,32,55,41,56,31
"MACROD2",51,36,50,44,45,37,60,45
"TLR6",59,47,63,16,71,68,28,16
"ZNF792",49,46,51,27,58,48,54,35
"RPL35P1",80,65,39,22,54,57,27,24
"ANAPC15",41,48,61,30,41,57,45,44
"PRRG3",180,30,49,7,0,2,84,15
"LINC01106",27,26,39,24,74,119,28,30
"CNTN1",49,49,35,40,41,61,43,48
"POLN",63,60,44,22,54,30,57,36
"MINAR1",29,25,50,23,81,70,47,41
"CELF2-AS1",45,44,29,31,38,88,22,69
"LIN9",53,18,52,25,64,46,62,46
"SLC38A11",18,5,115,98,22,42,38,27
"KCNK2",48,18,45,16,64,69,62,42
"RAB6B",42,32,68,28,61,50,56,27
"KRTCAP2",62,50,38,31,54,58,35,36
"CFAP20DC",45,30,53,29,73,59,40,35
"KCNA3",31,9,71,9,71,79,72,22
"FLJ32255",49,47,48,34,39,59,48,40
"SCAMP5",61,40,47,38,55,68,32,23
"HLA-K",5,4,62,39,47,41,95,71
"APOBEC3D",48,66,55,40,28,36,43,48
"ADGRA3P1",66,32,48,11,58,44,78,27
"BMS1P15",35,43,37,34,75,62,46,32
"ZNF582-DT",45,28,78,23,59,61,35,35
"CASC2",45,39,63,33,34,43,58,48
"UGDH-AS1",33,16,49,27,64,94,37,43
"PINX1",49,39,48,35,35,79,37,41
"GGT1",41,41,79,33,36,58,42,32
"TRIM73",34,42,45,26,65,90,27,33
"SARNP",45,28,57,34,57,50,55,36
"CSKMT",50,39,68,24,53,60,38,30
"RNF217-AS1",19,30,35,23,59,138,17,41
"CEND1",46,46,48,22,60,71,42,26
"RPL35P5",43,50,46,27,44,71,40,40
"RTEL1-TNFRSF6B",62,41,75,16,33,64,38,31
"LGALSL",60,49,35,18,37,53,61,47
"CEP55",47,61,46,33,46,54,42,31
"KIF5A",56,30,43,29,60,63,50,29
"BTC",17,27,35,72,14,49,50,96
"PTHLH",19,19,46,38,49,63,35,90
"CENPI",42,37,69,33,43,59,39,37
"PLPP2",92,54,67,32,17,15,52,30
"BANK1",34,33,52,44,47,69,23,57
"ZNF19",54,34,75,25,55,46,42,28
"MAP6",29,40,52,33,49,65,47,43
"FAM167B",44,31,83,41,43,50,32,34
"DUSP28",36,32,43,35,58,71,45,38
"GOLGA8K",48,46,81,22,53,36,35,37
"PHACTR1",81,30,64,23,43,21,63,32
"GRB14",29,19,62,54,25,61,38,69
"CIMAP1B",43,52,30,16,48,85,26,57
"BMPR1B",23,54,39,45,42,76,30,47
"ZNF77",44,33,72,26,58,55,24,44
"ZNF169",45,34,42,36,52,62,45,40
"ETV4",34,26,40,19,44,106,48,39
"RPL24P8",64,71,36,23,43,63,24,32
"TSPAN18",69,60,62,23,27,36,50,28
"KALRN",93,22,46,9,88,27,47,23
"NUDT17",57,24,81,24,42,31,58,38
"OLMALINC",54,31,72,21,55,47,48,27
"RPSAP4",76,64,50,22,44,47,25,27
"APOC1",30,23,47,10,123,82,25,14
"COL4A3",6,38,27,56,31,87,12,97
"MIR130AHG",32,22,56,32,57,85,26,44
"ALOX12",47,34,52,24,66,49,53,28
"COQ3",44,49,45,33,47,81,25,29
"HPD",23,45,44,44,49,78,33,37
"CD74",23,15,100,34,32,23,75,50
"FLVCR2",27,26,56,38,43,107,15,40
"CNTNAP3",25,30,43,50,1,7,67,128
"GLYATL2",28,25,55,72,30,43,44,54
"GOLGA8S",60,53,50,29,29,50,43,37
"LINC02987",64,48,45,16,52,40,43,43
"SPAG1",50,45,30,25,51,49,50,50
"CADM4",27,18,51,19,60,71,65,39
"CPZ",59,11,68,10,69,35,78,20
"MREG",58,23,44,21,45,59,52,48
"NPIPB13",35,44,56,30,55,68,40,22
"FAM89B",54,53,35,26,42,54,39,46
"POMK",56,22,46,24,46,66,42,47
"FAM151B-DT",62,23,62,26,49,55,41,31
"LASP1NB",29,28,78,42,36,49,38,49
"SALL1",23,23,3,5,107,130,17,40
"PLPPR4",57,9,68,7,110,49,45,3
"LIPT1",35,36,70,36,47,42,37,45
"SCN1A",22,18,39,29,30,170,13,27
"TRIM58",69,53,28,19,70,62,27,20
"NRG4",49,29,57,28,75,45,38,27
"HNRNPKP2",58,39,32,27,45,65,35,47
"SYNGR3",24,51,17,12,31,114,36,62
"IP6K3",35,37,33,15,77,134,7,9
"PTCH2",24,27,54,29,88,53,37,34
"PIERCE1",45,34,63,25,42,49,44,44
"POC1A",49,40,57,28,59,49,28,36
"GYPE",45,40,41,29,48,58,34,51
"SNHG20",34,39,40,29,49,71,47,37
"LOC101929141",17,11,44,14,69,100,39,52
"BEND3",37,41,42,26,58,62,48,31
"TIGD1",34,30,58,31,47,49,64,32
"AP3B2",69,88,46,14,30,32,33,32
"MTBP",51,19,52,23,69,53,43,34
"DLEU1",53,41,63,30,36,61,42,18
"GOLGA8M",37,33,60,29,51,54,40,40
"UQCC3",47,43,47,24,63,61,26,33
"SORBS1",28,93,14,42,18,69,19,60
"GCNT2",17,30,16,41,67,127,17,28
"EXTL1",51,18,70,36,22,26,63,57
"LOC122539214",31,43,66,22,55,55,42,29
"MAP7",39,27,71,30,25,44,60,46
"B3GALT2",5,17,26,71,9,131,6,77
"KCNJ12",36,62,42,47,27,57,24,46
"RPL7AP62",64,54,36,15,54,56,37,25
"SPATA31H1",51,20,71,18,69,60,31,21
"MARS2",43,40,46,32,32,78,30,40
"LINC02615",38,37,54,20,88,52,31,21
"SNCAIP",98,45,77,14,29,6,51,20
"SEMA6A",48,36,80,16,35,77,21,27
"CPEB3",37,28,54,37,38,36,50,60
"TEX9",41,23,77,22,61,60,40,16
"FGF18",33,33,72,51,9,8,43,91
"RAB40A",18,30,38,18,42,105,42,47
"HYAL3",23,35,55,48,36,40,38,65
"CHSY3",28,75,15,26,37,101,16,42
"ZNF85",44,30,59,20,68,33,58,27
"GNB3",45,40,53,21,47,41,54,38
"PROCA1",43,42,72,29,39,42,30,42
"B3GALT1",23,23,31,37,9,14,44,158
"LOC401957",57,33,44,25,39,56,53,32
"SUV39H1",40,37,55,31,39,56,37,43
"CUBN",51,12,61,16,61,27,84,26
"DMTN",46,40,63,22,38,37,58,34
"E2F7",62,30,50,9,85,34,57,11
"RPL7AP76",45,26,49,23,88,47,39,21
"ADRA2A",45,11,78,5,23,15,137,23
"ZNF749",42,27,45,24,53,66,43,37
"LINC03013",24,27,78,60,12,52,44,40
"TXNRD1-AS1",20,29,43,65,30,44,32,74
"RASSF7",23,35,42,50,19,67,26,74
"BATF3",16,29,22,76,30,115,9,39
"TMEM171",21,24,54,29,28,65,54,61
"ZNF233",40,15,76,21,68,42,39,35
"PPP1R2B",51,17,51,30,54,65,34,34
"SLC7A2",47,56,12,3,51,102,18,46
"FBXO2",24,37,57,30,43,53,38,53
"ULBP3",45,15,68,21,38,51,59,38
"CCDC78",47,66,26,27,27,63,28,51
"MATCAP2",53,28,63,19,34,31,64,43
"ZNF682",47,29,60,28,55,39,57,20
"LINC01123",27,23,37,21,71,104,23,29
"LINC01409",41,35,53,30,58,51,50,17
"ORC6",44,25,55,23,53,59,43,32
"CENPK",47,44,48,25,46,44,52,28
"SLC16A12",1,25,14,90,3,73,5,123
"LYSET",47,37,37,35,39,49,45,45
"APOM",53,44,55,26,46,41,44,25
"RAB3IP",32,42,31,26,41,66,31,64
"ZNF433",37,31,62,31,50,40,43,39
"FAM66D",34,20,56,19,52,108,25,19
"NPIPB8",39,34,38,19,55,56,50,42
"VESTAR",41,26,63,18,55,54,33,43
"ZNNT1",42,29,41,43,53,35,50,40
"A1BG-AS1",38,48,45,44,22,37,44,55
"NOCT",35,15,67,31,57,81,25,21
"FAM88B",38,30,68,24,45,43,54,30
"ZNF852",57,29,46,13,57,53,35,42
"C11orf96",15,49,39,52,32,54,31,60
"PPP1R3G",60,38,41,18,39,47,44,45
"HLA-DPB1",8,4,93,35,52,50,50,40
"LINC02015",18,24,41,42,19,90,31,67
"PAX8",2,2,50,19,125,126,6,1
"IL27RA",20,10,59,35,70,70,38,28
"CH25H",54,13,69,7,79,47,46,15
"MSS51",32,24,40,37,55,73,35,34
"PLK1",50,44,49,25,41,49,46,26
"LINC01547",28,20,58,25,49,79,38,33
"HDDC3",45,37,58,23,50,46,37,34
"H2BC11",46,42,39,31,41,44,43,43
"CD36",15,15,65,39,45,70,34,46
"SORBS2",2,4,7,2,85,190,10,29
"RABGEF1",30,50,47,28,52,70,28,24
"MSANTD2-AS1",43,18,57,26,36,46,58,45
"UBAP1L",42,47,55,30,53,31,41,30
"LPAR2",30,28,47,19,61,67,37,39
"SLC9A3",52,59,73,21,35,31,26,31
"NOX4",28,9,50,19,63,104,33,22
"ZNF273",49,38,45,22,43,36,53,42
"PIK3CD-AS2",42,26,56,16,61,69,27,31
"MKLN1-AS",42,35,50,37,38,41,35,50
"UBE3D",68,48,59,18,46,30,38,20
"PLGLB2",27,29,51,25,41,68,47,39
"H4C8",36,28,49,19,61,48,49,37
"TMEM154",53,56,52,37,13,23,30,63
"FRMD3",54,15,67,57,13,19,47,55
"ADCY5",42,23,64,43,31,33,35,56
"IHO1",19,12,38,11,106,77,47,17
"ZNF563",50,31,56,25,53,51,38,23
"CCZ1P1",48,26,47,33,57,61,34,21
"MIDEAS-AS1",35,13,29,25,29,29,69,98
"CORO7",38,46,33,27,19,87,37,40
"RIMS1",13,13,77,71,18,92,10,32
"ZNF367",22,46,30,51,22,45,34,76
"SPACA6",46,28,42,25,65,62,39,19
"PDXDC2P-NPIPB14P",37,53,17,15,44,58,41,61
"DGCR11",56,42,55,32,31,51,31,28
"CCDC134",38,26,46,25,61,51,48,30
"NEFM",17,30,57,27,55,113,13,13
"HOXB6",56,47,47,46,8,11,50,60
"ACOT11",37,27,66,22,40,57,45,31
"CLIC3",28,20,62,33,12,80,42,48
"H2BC4",19,23,60,16,61,57,50,39
"PGBD4",40,32,46,32,42,54,50,29
"HLA-DPA1",4,3,100,48,34,57,42,37
"C10orf95-AS1",34,31,57,29,47,43,58,26
"RAD51",15,37,37,41,26,58,44,66
"KIF17",12,13,42,29,80,104,13,31
"HECW2",16,13,36,15,50,73,66,55
"TLCD1",43,38,56,21,36,56,43,31
"BASP1-AS1",51,28,58,9,57,52,44,25
"EHBP1-AS1",28,37,59,39,60,41,31,29
"RPL23AP88",45,21,47,18,71,63,38,21
"KIF20A",38,53,46,32,43,38,51,22
"LPAR4",30,33,47,33,35,47,41,57
"LCDR",45,44,53,30,48,30,42,31
"MASP2",38,28,66,24,42,41,47,36
"TNFSF4",41,49,39,28,40,27,39,59
"ZNF653",44,40,41,23,47,52,31,44
"NHLRC1",61,28,44,41,31,34,46,37
"CCDC157",41,34,52,17,55,52,32,39
"PDE8B",26,34,44,28,51,59,37,42
"TNFSF13",46,29,41,33,35,69,31,37
"NLGN3",49,26,43,29,55,34,45,40
"NPIPB9",33,29,43,25,56,55,49,31
"CRYGS",33,29,51,31,51,46,36,44
"ZNF8-DT",33,25,63,12,59,64,39,26
"MORN1",40,43,44,20,45,50,43,35
"KNDC1",31,25,72,31,44,48,40,29
"RPL23AP45",45,21,44,18,69,63,39,21
"TRIDDENT",23,24,47,30,42,93,31,30
"ULBP1",24,17,74,32,50,56,37,29
"ZNF93",54,39,49,18,51,48,35,25
"NGF-AS1",24,18,99,24,48,51,36,19
"ACAA2P1",30,26,51,32,55,60,38,27
"LITATS1",54,39,42,28,30,39,45,42
"PROX2",56,31,58,20,49,35,52,17
"KIF9",27,36,48,32,35,73,37,29
"DISP2",17,5,76,30,31,50,65,43
"SFXN2",41,31,52,46,27,73,14,33
"MTHFD2L",37,35,40,28,43,66,29,39
"PRELID2",22,26,25,35,20,97,33,59
"CPA6",33,11,70,25,55,49,43,30
"NDC80",43,52,39,29,28,46,44,34
"DNAH17",41,41,48,29,41,50,26,39
"ABCA4",13,36,41,38,16,89,30,52
"ZMIZ1-AS1",45,19,50,33,56,53,29,30
"ZNF674-AS1",48,32,49,21,42,53,36,34
"LOC100421402",29,34,44,21,62,67,30,28
"LOC100287290",50,52,49,22,37,27,43,35
"PEX11G",35,23,40,22,48,68,43,35
"AURKC",12,14,146,88,12,26,9,7
"PTPMT1",27,27,33,30,52,66,42,37
"PURG",52,35,35,45,35,22,42,48
"MAPT",58,41,36,12,73,39,41,14
"RPL23AP60",43,21,44,19,67,62,37,21
"MIR4453HG",43,31,38,10,57,61,43,31
"EPHX2",64,45,60,23,30,27,37,27
"CNGA3",2,1,200,104,0,1,3,2
"ZNF572",45,26,61,15,45,41,53,27
"ZNF891",38,28,61,26,46,53,31,30
"LINC00607",27,27,61,29,30,54,54,31
"CSRNP3",53,26,79,16,42,21,55,20
"LRRC75A",37,18,64,12,32,26,83,40
"C15orf62",38,32,39,22,36,50,44,51
"PRH1",33,20,53,29,48,57,39,32
"IL12A",70,18,50,10,100,28,32,3
"MAP10",36,29,44,21,43,56,40,42
"SP2-AS1",37,19,39,22,54,62,48,30
"TLDC2",6,55,4,77,5,56,4,103
"PTGER4P2-CDK2AP2P2",18,15,30,19,98,76,27,27
"PSMC1P5",37,29,50,31,33,51,35,44
"CALCRL",64,37,49,15,55,48,24,17
"FLI1",24,22,67,32,25,51,43,45
"MUC20",31,36,59,41,53,43,23,23
"CABCOCO1",28,8,72,31,32,44,67,27
"CDCA2",46,28,49,38,41,40,40,27
"ZNF337-AS1",33,27,58,16,66,58,29,22
"E2F1",35,52,47,24,36,30,35,49
"CDCA7",50,51,46,8,42,72,23,16
"CDCA5",50,35,54,39,37,35,35,23
"LRMDA",25,30,37,15,76,51,46,28
"IQCC",20,28,64,18,43,55,49,31
"SENP8",38,26,49,25,46,52,45,27
"NFKBID",37,40,49,22,40,47,30,43
"LOC102723566",31,41,33,46,38,56,10,53
"MIR137HG",23,26,62,32,52,52,21,40
"FAM229A",48,41,40,22,37,37,42,41
"CPAMD8",60,29,45,15,46,40,39,33
"EXO5",40,33,36,22,50,46,36,44
"PPIAP39",11,26,22,80,9,64,14,81
"REC8",51,36,60,12,45,34,35,33
"ACP5",23,6,77,16,97,49,28,10
"RHBDL1",50,37,47,34,35,35,30,38
"AGBL3",25,22,52,29,44,34,54,46
"HCN2",25,40,41,28,46,50,26,49
"THBS4",33,29,64,28,43,40,40,28
"HLA-F",48,39,32,15,64,73,21,13
"CRIM1-DT",42,24,44,46,27,57,33,32
"ZNF423",50,24,42,14,75,37,47,15
"SDCBP2",28,35,22,21,53,55,38,52
"IQGAP3",69,31,41,27,30,27,39,40
"SULT1A3",49,49,38,26,35,43,36,28
"RAPGEF4",58,27,43,9,65,31,47,23
"SMPD3",40,52,53,31,32,20,43,32
"RBM24",33,8,51,28,84,41,31,27
"PLBD1",45,28,42,26,38,34,47,43
"HUNK",93,40,61,13,11,1,60,24
"CCNB2",27,28,40,29,42,67,34,36
"BCDIN3D",39,29,44,20,48,50,41,32
"LMO7-AS1",48,35,7,5,42,73,46,47
"GOLGA8H",39,30,69,38,31,33,29,34
"LOC101927788",37,33,55,27,52,37,36,26
"ZNF23",34,42,43,18,34,57,39,35
"ZNF529-AS1",30,25,48,19,44,64,33,39
"POU2F2",70,14,34,3,104,33,34,9
"TG",13,13,51,21,57,74,22,50
"TMEM160",45,44,28,26,24,46,45,43
"PRSS27",29,34,33,31,45,48,25,56
"GINS3",46,44,40,22,45,41,28,35
"RPL23AP47",41,17,41,18,65,60,37,22
"MAP3K2-DT",13,9,114,43,19,20,51,32
"HERC2P5",27,18,23,19,92,102,12,8
"IZUMO4",25,67,30,28,28,54,23,45
"HAUS8",47,39,25,20,37,52,37,43
"IQUB",39,40,60,29,13,18,44,57
"RASD2",48,25,86,6,39,16,70,9
"DDIT4L",71,27,52,18,32,30,44,25
"LY6S-AS1",31,12,56,25,52,50,44,29
"ALS2CL",37,14,55,10,71,43,43,26
"UNC13D",33,54,45,38,42,27,19,40
"NME5",20,17,62,32,52,60,33,22
"TSSK4",36,31,59,19,52,50,28,23
"STK32A",88,18,75,20,12,5,58,22
"ZNF443",35,27,55,28,48,40,35,30
"ZNF311",52,30,51,20,36,32,40,37
"COLQ",41,16,53,17,59,38,54,20
"MFF-DT",37,41,49,21,45,49,24,32
"LOC100420981",42,63,26,23,39,35,30,40
"FLT1",16,12,57,27,42,116,10,17
"RAB3A",48,26,42,18,40,47,50,26
"LRP2BP",43,27,31,16,56,58,43,23
"VXN",42,62,17,15,37,50,35,39
"PCMTD1-DT",36,13,62,22,54,38,49,23
"NRIP2",29,28,50,25,43,44,44,33
"SAXO4",37,35,56,25,41,42,29,31
"LOC101928893",29,23,68,17,55,68,16,20
"CDCA3",37,44,45,17,49,42,36,25
"CLYBL",17,19,42,37,41,63,28,48
"RADX",46,28,29,19,50,38,51,34
"KIF15",23,30,40,21,75,53,29,24
"RASEF",58,20,32,5,112,36,29,3
"PRIM1",69,29,44,20,31,28,44,30
"ITPRIPL1",36,37,26,21,65,56,26,28
"OXCT2P1",24,38,29,16,35,59,38,56
"MCPH1-DT",42,42,47,17,32,39,42,34
"LNCOG",29,27,38,18,31,121,17,14
"NAALAD2",49,23,80,21,24,7,52,38
"CCT6B",15,33,35,29,36,61,43,42
"PDSS1",42,38,29,23,51,56,29,26
"EIF4A1",37,30,49,23,41,63,26,25
"OSCAR",28,23,29,13,60,81,23,37
"RPL23AP24",41,16,38,17,65,60,36,21
"PCGF3-AS1",35,31,59,18,44,61,19,27
"SUPT16HP1",42,37,31,16,37,60,38,33
"EWSR1P2",5,10,56,35,57,61,31,39
"TECTA",35,19,39,31,32,51,39,47
"PSG8",8,3,141,51,25,16,30,19
"HENMT1",47,32,42,25,40,49,36,22
"RXFP1",90,14,72,8,21,21,53,14
"DIO3",29,33,41,45,12,15,45,73
"RASGEF1A",38,9,48,20,36,35,59,48
"MFAP3L",40,70,21,21,45,49,15,32
"FAM225B",46,44,60,40,17,13,37,36
"RPL34P18",55,47,30,29,24,36,32,40
"CTU1",30,47,32,17,30,53,30,53
"TRIM17",47,30,50,13,44,45,42,21
"ZNF57",28,23,61,27,42,39,36,36
"ATAD5",38,36,33,27,37,46,40,35
"CCDC89",44,36,59,24,33,33,38,25
"RNF139-DT",41,37,46,24,44,37,31,32
"MRPL12",45,44,30,16,31,69,22,35
"JPH2",10,39,46,30,26,91,20,29
"MKX",33,35,62,30,44,69,7,11
"LRRC56",39,26,50,14,50,37,48,27
"AGBL2",33,31,50,18,37,41,36,45
"CBX2",55,48,54,21,30,35,26,22
"H2AC11",43,27,35,22,49,32,36,47
"RORB",54,55,11,28,4,7,71,61
"MRPS30-DT",28,23,52,22,56,47,34,29
"SNAI3-AS1",50,19,59,14,41,48,40,20
"PSMA6",39,35,43,24,34,39,48,28
"FANCD2",47,37,41,32,42,35,26,30
"TMEM100",34,64,22,48,25,32,11,54
"BSCL2",41,41,41,28,34,35,31,39
"RBM33-DT",24,31,42,27,46,67,19,34
"MYH3",31,32,39,22,28,78,31,28
"KNL1",29,45,50,30,35,35,36,29
"TDRKH",38,33,62,31,30,28,39,28
"RUSC1-AS1",36,36,57,29,39,39,31,22
"LOC124901355",37,23,47,15,40,60,31,36
"NPM2",49,22,37,10,83,26,35,26
"GOLGA8J",34,27,68,29,27,38,30,35
"C17orf67",28,29,37,19,44,59,38,34
"FAM72D",42,26,51,28,38,47,25,31
"FAM225A",47,39,62,40,16,11,37,36
"ARHGAP44",37,26,27,18,38,38,48,55
"NNAT",40,42,32,20,21,24,70,38
"CFAP210",16,30,20,14,27,115,24,41
"RPP25",35,60,38,21,27,58,23,25
"SLC2A1-DT",28,14,67,23,50,53,31,21
"GPRC5D-AS1",23,12,47,20,68,81,22,14
"ADAM11",52,20,41,17,54,46,32,24
"TSGA10",31,25,38,22,48,35,43,44
"GNAL",38,38,34,20,56,48,25,27
"MIR1915HG",52,40,39,23,27,37,41,27
"LINC00595",46,18,56,8,66,34,49,9
"HERC2P8",23,16,27,19,83,100,11,7
"ATP2B1-AS1",28,35,43,26,33,55,36,30
"HMMR",21,57,27,43,16,59,16,46
"PILRA",10,22,52,37,36,45,38,45
"DZANK1",38,33,46,23,40,44,28,32
"ESR1",43,18,76,13,27,19,60,28
"MT1X",6,71,11,46,8,62,7,73
"LIME1",37,48,31,19,36,55,35,23
"MIATNB",28,15,68,25,38,49,30,31
"HELB",25,34,52,20,40,58,35,19
"WDFY4",14,55,59,37,15,58,18,27
"RAB38",27,24,67,33,42,59,14,16
"SMCO4",53,31,36,13,39,54,31,25
"ZNF799",27,30,46,25,50,43,33,28
"BMS1P16",29,32,35,16,60,49,38,23
"PITX1-AS1",33,37,38,16,36,46,35,40
"LOC105371401",26,15,59,10,58,73,31,9
"NEFH",57,68,26,18,2,4,48,57
"TWSG1-DT",47,33,36,14,56,42,31,21
"SEMA4A",35,22,61,17,43,34,37,30
"MINCR",34,33,33,27,34,52,28,38
"EID3",11,33,76,40,25,37,27,30
"LIN7B",51,28,46,12,43,37,31,30
"TSHZ2",92,63,11,8,5,1,52,46
"LY6G5C",35,25,30,21,40,40,42,45
"YY2",21,16,45,23,47,61,43,22
"FOXD2-AS1",25,24,34,26,29,50,41,49
"SUCLG2-DT",47,30,37,25,23,40,40,36
"RRAGC-DT",36,22,41,25,51,45,35,22
"PROB1",23,26,29,20,45,54,34,46
"CTAGE9",19,17,58,65,16,31,39,32
"CATSPERE",32,43,37,26,27,35,30,46
"TMEM220-AS1",36,24,39,21,38,58,32,28
"SARDH",40,19,68,43,18,17,44,26
"PRR7",24,25,33,12,45,72,44,20
"CENPU",31,35,27,24,32,49,30,47
"ZNF837",42,27,48,16,35,48,37,22
"LINC00106",42,32,35,13,60,57,28,8
"MYH7B",26,38,35,28,27,31,28,61
"ADAMTS9",39,40,20,18,25,58,27,47
"GPR85",48,30,35,15,60,24,33,29
"ACER2",50,20,45,22,41,30,33,33
"TMEM229B",35,36,45,26,22,18,48,44
"NPIPB6",32,23,28,25,48,39,48,31
"ANKRD39",40,29,49,21,27,50,29,29
"KIF18A",49,25,46,4,74,28,36,11
"RPL7AP49",41,19,40,17,67,41,29,19
"SLC24A3",49,140,6,18,13,32,5,10
"SRP14P2",37,33,34,23,61,41,23,21
"MILIP",27,20,55,15,43,57,33,23
"ABCB4",64,18,60,17,21,18,52,22
"PREX2",78,28,104,29,5,7,16,5
"F11R",28,36,52,72,7,9,28,40
"ZNF540",35,20,55,13,41,25,63,20
"ZNF681",32,25,42,25,43,40,31,34
"LINC01291",2,0,49,25,46,73,36,41
"DMC1",15,44,20,53,8,45,21,65
"GRIK2",4,7,21,17,81,76,36,29
"SPEN-AS1",34,46,30,26,28,32,40,35
"KCNQ5",33,20,62,14,11,12,85,34
"ZNF433-AS1",29,35,37,21,45,41,34,29
"TMEM150C",36,45,37,45,3,12,28,65
"UBQLN1-AS1",41,20,57,30,41,30,30,22
"ELOVL3",25,42,32,16,54,68,10,23
"JMJD7-PLA2G4B",35,27,48,15,32,37,47,29
"PPFIA3",44,28,46,16,40,44,39,13
"STAP2",32,23,62,20,42,32,29,30
"LRRC66",31,50,18,28,49,38,23,33
"ST13P19",66,39,25,21,23,36,33,27
"RPS3P3",62,56,32,15,34,40,11,20
"AJM1",46,48,39,15,34,24,24,40
"NRXN3",8,20,42,63,12,40,7,77
"GBGT1",46,44,51,30,23,17,24,34
"PAQR4",26,38,30,18,23,47,35,52
"MIR31HG",24,31,32,19,36,40,49,38
"CLEC14A",46,30,22,3,0,2,99,67
"LINC00649",28,14,55,17,12,11,66,66
"GMPSP1",34,27,42,19,42,49,30,26
"FAM53A",23,44,35,23,23,43,30,47
"TMEM121",39,45,27,14,27,38,45,33
"FHIT",37,18,38,17,43,38,51,26
"SYCP2",26,22,57,29,36,37,29,32
"GCNA",37,38,39,19,35,37,21,41
"FAM88C",38,19,54,18,36,26,48,28
"INSYN1",27,23,48,20,42,13,55,39
"DICER1-AS1",36,32,48,29,33,33,30,26
"NEXN-AS1",15,33,30,34,20,66,23,46
"RAB11FIP4",56,10,69,12,54,13,44,8
"KCNAB1",43,41,33,22,44,37,19,27
"GARIN1A",26,31,36,31,35,55,19,33
"RPL36A",35,36,28,20,36,57,33,21
"RAB30-DT",29,26,40,25,45,43,33,25
"ST3GAL6",30,11,50,19,42,44,39,30
"IQCH",28,32,50,18,40,39,33,25
"ALG10",31,30,44,16,36,48,31,29
"AMN1",37,20,48,18,49,30,42,21
"LRRC18",34,56,46,42,12,41,12,22
"BATF2",82,21,33,5,40,41,34,9
"SLC16A13",36,15,44,18,41,40,46,25
"UTS2B",23,19,46,22,55,58,21,21
"ADAMTS7P4",40,27,37,26,36,31,24,44
"LINC01266",37,20,73,34,10,4,50,37
"IL17RE",38,28,35,28,31,36,30,38
"DOCK3",31,19,58,22,52,35,21,25
"SBNO1-AS1",14,24,38,20,48,31,51,37
"TRABD2B",28,63,20,12,14,19,49,58
"PITPNM3",35,16,38,16,59,32,41,25
"RNF112",15,23,43,30,39,44,27,41
"ZNF491",44,22,55,18,27,34,40,22
"ALDH7A1P1",36,28,37,38,19,42,17,45
"USP34-DT",20,19,41,10,50,45,46,31
"IL18R1",55,39,23,8,47,58,14,17
"GLYCTK",35,37,39,19,39,41,21,30
"ZDHHC11",31,30,40,19,30,45,28,38
"LAMC1-AS1",20,40,28,30,29,62,12,40
"RBM26-AS1",25,17,30,16,51,72,39,11
"SLC46A1",38,21,37,23,42,49,27,23
"PTCD1",30,37,19,25,36,40,35,38
"RAC2",33,19,23,12,52,61,40,20
"RNF128",23,22,31,22,32,25,62,43
"LRRC43",25,23,45,24,26,55,23,39
"PSMD6-AS2",32,24,34,15,44,43,27,41
"BRINP1",33,11,54,9,36,48,52,16
"ADH6",15,33,22,29,37,61,18,44
"DAB1",6,2,56,19,9,14,118,35
"TSSK5P",25,29,39,22,31,49,27,37
"C1QL1",23,14,26,12,76,70,20,17
"LOC100130691",26,19,45,19,33,50,38,28
"TUBB2BP1",26,38,47,15,40,64,11,17
"TTN-AS1",40,33,40,19,25,34,36,31
"LINC03052",26,30,45,19,46,40,26,26
"ELAPOR1",46,22,32,12,66,28,37,14
"LGI4",15,16,30,14,67,63,31,21
"TRPV3",22,23,42,25,38,46,30,31
"C5orf34",30,27,43,21,20,50,38,28
"RPL17",33,38,25,24,30,57,20,30
"PAX6",32,35,27,22,22,38,41,39
"LIPE",19,34,36,30,27,56,9,45
"STK33",14,20,28,21,63,72,22,16
"TCEAL6",20,20,35,32,28,76,11,34
"POLR2J2",44,26,42,22,27,22,44,29
"CDC20",41,43,35,17,29,35,30,25
"HEXIM2",22,22,48,17,32,44,37,33
"LENG8-AS1",26,27,48,30,38,35,33,18
"LIPC",27,15,46,15,58,39,34,20
"PTP4A3",44,24,47,26,34,46,24,9
"ID2-AS1",32,19,32,17,39,40,39,36
"LY6G5B",24,37,29,20,39,35,26,44
"DEPTOR",27,12,58,18,63,22,29,24
"ZNF597",30,16,34,23,44,55,29,22
"ZNF497",40,30,27,26,22,45,25,38
"RPL10AP9",55,55,16,13,38,43,16,17
"LOC105370941",35,15,59,16,43,37,25,23
"PLA1A",9,4,61,32,32,18,60,36
"NPNT",55,29,55,60,17,15,15,6
"SERHL2",37,36,34,23,35,38,30,19
"CAP1P1",27,34,26,26,22,73,11,33
"DNAJC22",42,18,46,15,47,39,26,18
"GLULP4",7,73,5,43,4,30,6,83
"GPR137C",26,15,41,17,36,26,50,40
"ABCG2",37,15,33,30,45,31,38,21
"JCHAIN",11,7,73,51,20,33,34,21
"SPDYE12",16,13,48,21,43,53,26,29
"ARHGAP27P1-BPTFP1-KPNA2P3",25,42,31,27,25,32,25,42
"TNFRSF25",27,14,32,8,48,42,46,31
"PODXL2",43,34,39,11,33,23,37,27
"PPAN",25,29,28,17,20,83,19,26
"FRMPD3",59,22,38,5,5,7,77,34
"PRKCZ-AS1",24,17,48,16,41,53,24,24
"ENTPD1-AS1",32,16,30,22,30,31,53,33
"FPGT-TNNI3K",33,18,35,21,37,35,46,22
"FAM151B",34,24,37,14,39,55,30,13
"PLAAT5",46,66,46,42,3,1,12,30
"SPDYE5",27,19,52,16,29,47,28,28
"SULT4A1",44,56,46,22,31,28,6,12
"RBKS",38,26,43,12,38,37,29,22
"WNK3",40,43,21,15,20,34,32,40
"RNASEK",22,29,45,12,48,39,24,26
"C2orf92",22,20,40,19,38,34,32,40
"LOC128966744",18,13,30,15,58,85,9,17
"PTPRH",29,10,88,17,15,5,40,40
"PCDHB5",59,24,68,27,20,16,20,10
"NLRC3",34,19,53,35,37,30,19,17
"EID2B",30,24,35,26,33,40,25,31
"SHC4",40,19,30,9,58,38,32,18
"ZNF124",23,18,36,36,38,54,22,17
"STX18-AS1",34,27,36,14,31,34,37,31
"ASXL3",73,33,44,5,20,9,44,15
"RBPMS2",42,22,25,16,48,47,27,16
"C8orf76",33,35,30,25,25,35,21,39
"HOXC6",11,15,14,9,39,36,54,65
"LINC02614",22,29,39,29,21,32,37,34
"FMO1",14,20,80,61,0,21,23,23
"ADGRE2",19,19,42,37,17,35,37,36
"KBTBD11",56,71,13,21,8,27,12,34
"ST20",28,28,36,21,37,44,32,16
"H2BC18",21,20,46,20,40,41,24,30
"CDC6",36,49,33,15,30,43,21,14
"CYP3A5",39,31,50,30,17,19,34,21
"ZC2HC1C",40,17,51,16,55,23,29,10
"PCDH9",12,29,35,20,28,71,26,20
"JAG2",27,12,61,20,43,29,41,8
"LOC105376070",35,26,53,15,31,25,27,29
"PURPL",31,16,36,18,60,51,22,7
"PDE4C",43,26,30,14,54,34,22,17
"FAAH",21,34,23,21,30,30,43,38
"CXCL6",10,9,5,6,90,111,2,7
"RAG1",29,18,45,25,33,39,26,25
"EFHC2",25,35,34,31,30,59,13,13
"PCDHGC5",39,13,34,8,41,20,60,25
"KIF23-AS1",5,45,26,25,13,79,17,30
"ZNF850",31,21,27,26,31,40,34,30
"MMP16",78,38,32,13,27,23,21,7
"LRRC34",27,20,37,29,23,35,30,38
"CFAP54",36,18,62,11,40,35,28,9
"VLDLR-AS1",18,17,71,17,36,31,33,16
"LINC02454",20,32,27,24,55,52,15,14
"TMEM178B",13,10,75,49,24,37,8,23
"SCARF1",19,49,15,20,21,66,16,32
"ASPHD2",21,25,26,21,60,48,20,17
"C1orf74",31,17,38,18,42,49,31,12
"GKAP1",22,26,34,12,43,37,41,23
"SPDYE17",25,17,40,17,36,52,24,27
"NPIPB15",12,12,17,9,19,17,61,91
"OXCT2",18,37,25,7,29,52,26,44
"RPS10P13",51,56,17,18,34,26,21,15
"MRGPRF-AS1",28,21,34,9,40,52,29,25
"BAZ1A-AS1",29,27,36,23,33,29,29,32
"TC2N",23,34,35,62,19,34,7,23
"GRAMD1C",21,21,33,26,47,45,22,22
"COL11A2",35,19,28,17,49,47,29,13
"RPL24P2",55,54,13,20,8,27,28,32
"ITGA9-AS1",28,14,38,8,53,52,31,13
"SNHG10",32,35,25,19,26,37,32,31
"GCK",42,33,39,12,33,26,22,29
"MORN3",15,19,59,19,37,43,19,25
"CACNA2D4",37,21,40,15,17,22,37,47
"ADPRHL1",32,17,28,6,43,35,47,28
"GPR160",20,20,23,13,43,86,12,19
"PLCXD3",1,20,3,7,4,157,11,33
"BTBD8",40,23,35,9,20,54,26,29
"LINC00511",36,29,23,27,26,33,25,37
"MYCBPAP",34,27,31,20,16,24,42,41
"CYP11A1",16,14,29,39,30,38,22,47
"TRAIP",37,23,40,15,35,27,41,17
"ZFP2",25,20,45,16,44,30,35,20
"FOXN3-AS1",32,21,30,23,32,54,25,18
"MICA-AS1",31,28,42,31,27,31,18,27
"KIF4A",40,24,36,26,31,26,35,16
"ENDOG",29,35,19,19,21,39,38,34
"ART5",10,2,50,15,73,39,34,11
"RPL7AP28",22,7,19,10,65,68,24,19
"RPL3P7",46,55,15,16,26,33,18,25
"RAB33B-AS1",32,19,42,9,43,35,30,24
"KCNS1",46,7,24,1,110,22,22,1
"GLS2",24,19,48,20,29,41,31,21
"CALB2",33,9,39,18,65,38,23,8
"RPL17P34",22,24,40,20,39,36,22,30
"ZKSCAN8P1",35,23,40,12,41,25,31,26
"LINC00865",26,21,33,10,49,53,24,17
"SLC6A16",30,16,35,16,43,30,47,15
"NUDT10",37,36,21,15,35,43,23,22
"DRC10",20,13,40,14,35,41,31,38
"BMS1P11",34,35,38,22,20,32,29,22
"LOC100506235",23,25,44,16,44,27,29,24
"MUSK",24,46,31,15,24,29,39,23
"RGL4",35,22,38,13,36,34,27,26
"HLA-F-AS1",37,13,21,6,44,29,51,30
"CTAGE6",20,21,49,44,20,32,23,22
"U2AF1L4",21,20,52,10,33,28,37,29
"GVQW3",39,15,38,19,41,34,30,14
"BRICD5",24,34,23,33,24,29,17,46
"UBE2V1",30,30,31,18,34,30,25,32
"LINC00906",10,0,72,4,95,2,45,2
"FGFR2",74,9,42,7,8,5,71,13
"NUDT7",36,15,31,11,27,37,35,37
"TDO2",33,40,41,27,48,15,19,6
"TRIM74",24,21,33,12,38,63,17,21
"GALNT14",31,42,40,18,19,36,23,20
"LRRC3",13,22,61,29,13,27,32,32
"SEMA6B",16,16,67,22,37,25,38,8
"PLD5",2,9,2,4,8,22,31,151
"PTPRD-AS1",24,17,46,32,20,12,35,43
"TSNAX-DT",25,21,38,14,41,41,27,22
"CCL13",10,5,37,18,49,90,12,7
"CYP4X1",15,6,74,19,1,1,66,46
"TLR2",51,16,19,10,27,31,36,37
"HRCT1",32,47,17,22,12,59,6,32
"DSG2",17,6,69,31,0,1,63,39
"CCDC150",28,46,18,21,38,29,21,25
"SKIDA1",43,34,34,19,24,23,22,27
"TNFSF15",32,1,56,6,42,17,65,7
"HYKK",25,29,35,19,28,25,32,33
"LOC100419928",36,29,36,18,20,28,27,32
"HK2-DT",30,37,25,10,42,29,25,28
"CLSPN",55,20,31,9,37,21,36,16
"TIMM23B-AGAP6",24,29,43,12,32,36,26,23
"SHPK",31,32,31,11,23,18,43,36
"C10orf143",27,25,31,13,39,33,35,22
"MYOM2",27,23,14,4,69,48,18,21
"ADCY2",10,7,7,4,106,83,4,3
"ADAM32",25,40,38,23,27,34,11,26
"ANKRD65",29,47,36,14,17,17,25,39
"SAP30L-AS1",27,15,25,16,29,66,20,26
"GINS1",26,24,33,26,20,31,46,17
"RPS10P5",43,60,19,21,10,28,18,24
"CCDC88B",28,23,33,9,29,41,37,23
"SHISA3",18,8,48,9,34,42,42,22
"NT5M",42,23,35,11,29,32,23,28
"RPS9P4",50,44,21,13,18,29,20,28
"LOC124900193",28,24,39,22,24,20,33,33
"TSPAN12",27,35,28,18,50,25,24,15
"CDCA8",30,49,32,17,21,23,29,21
"DUOX1",33,29,35,12,20,40,29,24
"EPHA5",24,10,69,13,35,23,40,8
"PHKG1",40,17,38,11,39,39,24,14
"ZNF519",28,17,39,10,34,23,39,32
"LINC00926",22,31,31,28,24,35,22,29
"PCDH12",16,18,27,16,34,42,41,27
"PSPC1P1",42,19,24,18,15,38,41,24
"ZNF790-AS1",29,17,33,18,31,53,26,14
"NAA60",33,22,32,17,25,37,31,22
"PKDREJ",30,27,49,15,29,21,26,22
"MISP3",27,28,36,29,20,20,29,30
"MTG1",24,20,32,15,42,43,26,17
"TRPV6",13,40,26,45,8,20,12,55
"NKX3-1",23,24,34,15,28,40,27,28
"MFSD2B",22,24,35,24,25,41,22,26
"PARD6A",39,23,22,16,24,26,37,31
"RAB43",29,18,30,21,23,44,19,34
"IL1RL2",32,19,27,13,35,51,24,16
"ISL2",25,30,17,6,21,36,34,48
"SPATA24",24,21,38,20,30,36,28,20
"LINC02593",30,15,49,2,36,16,55,14
"RPL13P5",22,23,35,15,34,30,35,23
"LOC283387",28,21,39,23,25,20,32,29
"RNU7-111P",22,30,22,28,26,36,41,12
"UCHL3",19,28,40,6,37,41,19,26
"THAP7-AS1",20,20,41,10,32,41,22,30
"SP140",26,15,29,18,29,41,34,23
"GSG1",12,6,49,26,41,46,8,27
"PCDHB3",40,29,53,15,16,20,19,23
"ZNF490",19,21,32,19,28,33,25,38
"CA9",20,5,27,10,45,64,24,19
"PRG4",1,32,15,16,23,82,12,33
"PELATON",10,20,28,21,31,35,26,43
"SPAG8",33,18,44,16,36,22,25,19
"PIH1D2",14,13,32,24,39,41,29,21
"CCDC148",13,7,51,21,37,35,23,26
"TMEM255B",21,27,33,28,26,34,19,25
"LHFPL3-AS2",31,34,34,19,18,29,20,28
"LINC00324",14,22,26,17,43,15,33,42
"H2BC19P",23,23,27,14,33,34,20,38
"CCT8P1",24,31,30,16,29,36,21,25
"SCLY",21,32,27,12,34,38,17,30
"SH3TC2",12,10,51,35,14,57,7,25
"BMS1P9",32,32,37,21,13,29,27,20
"TFIP11-DT",28,28,38,14,28,27,27,21
"ARHGDIB",10,19,25,16,13,66,24,37
"MHENCR",22,21,36,22,27,22,34,26
"RARA-AS1",30,16,37,26,21,24,21,35
"HOXA1",20,24,27,18,27,46,27,20
"C3orf52",25,16,17,11,39,55,27,19
"PAM16",10,34,29,17,26,40,31,22
"LINC00327",23,12,41,13,32,49,23,16
"LRRC32-AS1",46,24,21,11,30,32,25,20
"SRD5A3-AS1",39,34,23,17,23,33,19,21
"TMCC1-DT",22,13,34,14,34,48,18,26
"IPCEF1",30,22,29,23,20,49,26,9
"CCR7",28,18,28,13,36,51,13,21
"FCMR",4,2,9,23,27,125,5,13
"RELL2",30,32,27,10,30,40,21,18
"TMPRSS9",34,29,35,15,25,28,25,17
"SRRM1P1",14,23,25,15,39,34,26,32
"LINC03143",41,30,36,10,27,20,21,23
"LINC01354",25,20,38,16,20,23,43,23
"OSBPL6",26,18,42,10,38,20,28,25
"DRC11",21,5,62,14,36,13,39,17
"KIF2C",33,34,26,17,19,31,26,21
"HES6",16,33,30,22,16,38,25,27
"PBK",35,30,38,22,17,16,26,23
"CLDN7",13,17,34,33,20,20,21,49
"LINC02154",6,3,116,35,3,12,22,10
"MTMR7",17,25,25,29,20,51,12,27
"HROB",28,25,25,15,17,26,36,34
"ARHGEF4",25,26,38,19,25,25,33,15
"TMEM102",28,14,32,21,20,49,22,20
"PTGDR2",34,60,42,25,3,5,12,25
"FAM221A",17,30,17,28,36,34,13,31
"ZCWPW2",30,16,38,23,34,14,26,25
"LOC644456",20,20,34,14,33,31,19,35
"CAP1P2",30,24,18,19,27,45,13,30
"CDH12P2",18,10,38,16,46,39,22,17
"CDH12P3",19,10,38,16,45,39,22,17
"CDH12P1",19,10,37,16,46,39,22,17
"SH2D3A",31,25,20,12,39,50,17,11
"FTCD",61,81,14,6,10,17,4,12
"RNF180",28,31,32,42,12,20,16,24
"AKR1E2",19,24,37,12,33,44,24,12
"CFAP184",29,27,32,18,22,28,28,21
"PLD6",26,17,37,22,23,32,20,28
"SSPOP",60,42,39,15,9,18,18,4
"C6",2,16,12,21,34,95,4,20
"RNF32",21,18,29,16,27,30,34,29
"RGS9",40,33,17,12,21,35,16,30
"SHBG",19,25,27,15,29,44,30,15
"DRC2",19,21,28,18,22,44,26,26
"OTOGL",12,22,12,47,7,30,18,56
"ODAD4",26,27,32,11,43,23,17,25
"AP2B1P1",21,16,26,18,41,46,18,18
"NCALD",15,13,68,19,16,27,25,20
"SPATA25",34,18,30,17,30,27,18,29
"NOXA1",29,14,27,17,25,37,29,25
"DDO",23,10,20,5,60,50,19,16
"LOH12CR2",26,18,28,21,34,27,31,18
"LINC00472",21,28,25,12,25,55,11,26
"LINC01252",19,10,35,19,20,15,48,37
"LOC107985216",50,21,27,6,53,21,12,13
"ST6GAL1",20,12,38,23,34,29,27,19
"ASB16",30,23,33,14,33,26,29,14
"CAMK2A",38,8,38,7,60,14,33,3
"CD37",21,13,36,7,50,22,36,16
"LOC105370792",13,33,27,17,12,35,26,38
"VSIG10L",26,23,24,24,37,18,23,26
"LINC01772",24,18,39,22,32,26,27,13
"MPP7",6,21,22,33,20,22,25,51
"ZNF843",32,23,33,9,24,27,31,21
"ZFP69B",20,10,44,8,43,33,29,13
"ATP6AP1-DT",24,24,30,19,32,24,25,22
"LOC100422300",21,15,24,16,28,50,20,26
"A2M-AS1",49,34,26,12,20,22,22,15
"CMTM1",26,18,33,12,36,31,22,21
"TEC",18,19,38,28,27,16,34,19
"MED12L",34,20,32,18,19,30,29,17
"KCNMB3",19,17,20,18,38,42,22,23
"ACOT12",22,11,42,4,69,14,23,14
"DNAH10",25,21,33,13,42,20,27,18
"HOXC8",7,7,12,4,29,31,58,50
"ABCB6",33,38,23,17,25,29,16,17
"PAIP2B",17,27,16,30,20,32,11,45
"ADRA1D",22,6,22,8,47,75,11,7
"KIF24",28,19,29,23,30,31,22,16
"LINC02449",25,20,43,13,23,20,39,15
"MELTF-AS1",25,15,36,14,44,19,27,18
"EGFL8",16,33,36,10,42,25,15,21
"ADAMTS9-AS2",25,17,27,7,30,49,20,23
"MAP6D1",41,24,30,16,17,33,21,15
"CCK",8,38,26,11,7,26,19,62
"AGER",25,23,36,14,32,33,16,18
"RPL7AP50",49,38,8,15,23,36,12,16
"ZNF630",38,15,36,11,37,27,24,9
"RPL4P3",40,26,29,12,15,31,18,26
"PYGM",33,10,62,12,13,19,27,20
"STXBP2",12,17,59,39,11,20,21,17
"HJURP",28,32,28,16,26,24,26,16
"PAQR6",7,30,24,21,31,51,11,21
"EXOC5P1",22,29,23,12,32,36,24,18
"TACSTD2",9,30,24,8,27,37,28,33
"C1orf53",21,22,33,17,40,34,18,11
"B3GALT9",24,22,33,13,25,41,19,19
"PABPC4L",54,23,29,17,17,17,26,13
"LOC124903398",20,11,44,13,25,33,29,21
"FKBP6",28,22,22,10,29,44,17,23
"RAD51AP1",32,21,37,12,35,22,21,15
"POLR1G",17,17,21,11,29,59,14,27
"PLPPR3",18,17,24,21,27,52,22,14
"TMEFF2",11,6,52,13,52,28,20,13
"SCRG1",11,34,29,43,10,23,9,36
"CARD9",18,18,39,15,26,41,17,21
"CNPY2",22,26,31,24,18,32,23,19
"AOC2",16,26,27,19,30,31,12,33
"ADCY8",49,0,12,2,34,2,88,7
"STKLD1",21,17,31,15,34,23,29,24
"CCDC183-AS1",24,14,49,20,31,21,20,15
"WEE2-AS1",30,14,50,18,22,18,24,18
"PET100",19,24,24,25,18,39,18,27
"INTS6-AS1",18,17,39,16,41,22,25,16
"NAIPP3",28,20,35,12,44,29,15,11
"COPB2-DT",26,9,40,16,35,25,30,13
"PSMC1P9",25,16,28,11,35,36,20,23
"ARHGAP4",18,15,31,14,36,35,28,16
"ATP8A1",34,16,37,24,17,10,32,23
"ILK",24,20,32,16,18,48,20,15
"HSFX1",23,14,34,23,23,28,24,24
"CCR10",21,22,49,10,20,25,27,19
"FSCN2",5,7,30,12,16,69,29,25
"SMIM10L2B",21,16,42,17,21,27,23,26
"LRRC8B",30,27,20,15,23,35,26,17
"RASSF9",13,15,31,12,28,44,25,25
"DDX47",25,16,29,13,29,31,27,23
"OR2A7",16,7,57,23,11,14,31,34
"NAIPP1",27,21,35,12,45,28,14,11
"JTB-DT",27,25,26,21,29,22,22,21
"PLK4",29,16,43,11,27,18,25,23
"FGD5",23,25,46,11,4,3,47,33
"LURAP1",29,16,29,11,36,30,19,22
"PDZK1",20,14,26,10,40,30,38,14
"GGN",16,14,30,7,22,49,35,19
"DIRC3",10,7,78,24,25,15,23,10
"AKAP3",35,18,46,13,27,31,13,8
"SPATA9",9,17,31,24,18,59,10,23
"KCNE1",7,17,38,24,19,40,21,25
"ATAD3C",24,19,22,12,25,47,21,21
"LOC105375517",26,14,34,11,43,29,20,14
"GALNT3",22,23,26,17,22,22,18,40
"SLC25A34",24,29,17,26,22,27,21,24
"GPR4",23,14,28,19,27,20,32,27
"CICP27",28,15,31,24,29,30,15,18
"VSTM2L",23,17,31,22,11,11,33,41
"XDH",11,20,26,31,12,60,8,21
"CEL",34,28,31,4,22,22,21,27
"GDPGP1",20,13,40,17,29,29,15,26
"PSG9",13,3,77,46,33,15,2,0
"C21orf140",17,11,37,14,32,27,25,26
"KCTD21-AS1",36,14,36,13,36,29,16,9
"KRT18",5,1,3,3,48,120,5,3
"TSPAN8",5,44,2,32,0,10,3,92
"ACKR2",9,23,8,24,9,10,12,93
"TMEM252",9,7,34,25,16,17,29,51
"KANSL1-AS1",14,24,11,7,33,57,21,21
"RPS4XP16",16,17,31,15,36,21,30,22
"KLLN",45,5,36,9,33,19,29,12
"KLHL41",22,7,36,14,25,27,36,21
"CDKN2B-AS1",27,11,35,11,43,25,28,8
"EMSY-DT",42,20,21,11,17,21,30,26
"RAB5IF",22,29,17,10,13,44,31,21
"MDH1B",40,12,36,15,27,17,26,14
"CCDC184",24,44,16,10,15,32,12,34
"GALNT17",8,25,48,70,1,4,13,18
"SAXO2",25,8,39,26,27,27,20,15
"RPL9P18",11,9,31,17,24,41,16,38
"EIF2AK3-DT",28,7,39,17,32,21,30,13
"KIFC1",30,27,25,9,31,29,17,19
"TMEM92-AS1",24,20,20,17,31,24,23,28
"DNAH11",19,18,17,7,20,41,14,50
"BAIAP2L2",28,15,21,29,20,31,18,24
"KHK",13,36,23,31,19,31,15,18
"TMEM266",19,16,32,23,20,35,15,26
"GPRC5C",72,31,9,1,7,3,34,29
"C12orf60",22,17,28,21,22,16,33,27
"COX20",24,24,41,9,19,37,19,13
"ZNF236-DT",30,22,32,12,19,36,25,10
"LOC100996660",29,33,23,17,20,16,27,21
"EFCAB10-AS1",21,25,28,18,25,31,24,14
"EVI2A",28,13,41,8,31,15,40,9
"GPT",29,22,26,5,22,44,18,19
"KCNAB3",24,11,33,13,20,24,27,33
"KRT19",14,10,26,15,8,15,40,57
"ZNF483",23,8,37,11,19,31,37,19
"CLDN4",18,14,17,11,29,35,34,27
"CFAP299",20,13,34,15,39,30,23,11
"PSORS1C1",13,18,35,16,19,32,28,24
"TM6SF2",14,21,26,21,23,41,17,22
"RPL17P18",24,20,20,15,34,30,23,19
"IRF2-DT",18,11,35,14,21,38,15,33
"PDE6B",13,19,29,18,39,41,16,9
"PRSS53",26,28,23,11,25,34,23,14
"ESM1",22,11,49,19,17,13,33,20
"ACTA2-AS1",14,21,11,30,15,72,9,12
"MRPL53",24,14,27,10,29,31,19,30
"SERPINE3",20,25,27,20,25,30,21,16
"CYP46A1",29,16,23,11,20,22,39,23
"SIRT4",26,12,26,19,26,19,36,19
"PDCD2L",15,17,29,26,29,31,19,17
"SLX4IP",30,8,23,12,34,35,27,14
"AP1S3",12,16,41,19,29,26,26,14
"MYORG",24,17,20,15,22,29,29,27
"TREX2",26,23,23,10,27,25,30,19
"ENPEP",8,19,3,4,30,49,28,41
"CD14",19,8,23,40,13,43,12,24
"CAPN1-AS1",15,8,20,15,35,45,16,28
"SLC47A1",34,20,58,16,21,11,10,11
"FABP5",21,37,20,11,19,30,23,20
"ZCCHC18",29,18,23,23,20,26,18,24
"DHRS13",27,26,18,9,20,40,20,21
"TRBC2",35,29,32,29,2,16,18,20
"LINC01376",24,16,25,16,29,23,27,21
"RPSAP5",39,22,24,10,24,21,19,22
"VAMP8",23,21,43,12,12,16,39,14
"KCNIP2",19,20,31,11,29,33,24,13
"FCGR2A",16,8,47,10,35,15,33,16
"FOXC2",15,18,27,15,14,48,16,27
"CCDC180",20,19,43,18,24,25,14,17
"TSTD1",18,13,51,39,5,5,20,29
"SLC39A13-AS1",14,18,19,14,12,51,16,36
"LOC105371414",28,18,27,10,26,22,37,12
"CHADL",32,13,44,12,24,16,18,20
"TNNC2",25,13,49,10,19,15,26,22
"ECE2",18,25,10,11,18,58,15,24
"NYAP1",18,13,29,13,14,8,45,39
"CDT1",27,23,25,15,20,18,32,19
"FANCB",15,17,32,12,20,52,11,20
"POT1-AS1",12,7,33,23,22,42,12,28
"PAXBP1-AS1",21,20,28,6,29,31,19,25
"NHLRC4",25,21,25,15,18,22,26,27
"CDK11A",32,23,24,10,14,17,30,28
"MPP4",9,17,19,26,21,41,9,36
"CATSPERT",28,27,15,12,27,28,21,20
"KIF6",41,37,28,17,22,21,5,7
"NIPSNAP3B",25,9,25,16,24,20,34,25
"MANEAL",18,13,31,10,26,54,13,13
"ZNF485",29,26,27,17,22,29,15,13
"SPDYE18",25,14,39,14,18,20,24,24
"HOXB-AS1",18,33,19,11,14,42,17,24
"CFAP157",15,19,23,18,28,30,16,28
"FSIP2",11,22,29,19,21,27,27,21
"AKAP1-DT",27,9,32,17,25,22,31,14
"CCDC85A",21,9,44,4,7,5,59,27
"IGF2-AS",13,19,25,19,27,53,4,16
"POLE2",26,19,38,6,32,20,15,20
"VWF",18,9,30,4,40,43,19,13
"CYP2E1",16,14,45,14,30,38,15,4
"TIGD7",22,19,21,19,23,24,21,27
"ADAM8",31,17,21,9,27,29,22,20
"FAT3",24,16,27,5,36,23,25,20
"ADGRF3",34,12,32,7,15,25,33,18
"TBC1D10C",19,14,36,15,27,26,23,16
"MBLAC1",17,17,28,8,18,35,31,22
"BLNK",75,11,39,1,13,3,25,8
"TRPC4",12,9,8,4,64,55,12,11
"MYO1F",28,13,31,11,27,35,17,13
"THBS3-AS1",25,27,31,7,23,23,21,18
"RTL9",27,21,26,19,23,25,16,18
"ZNF578",10,16,43,11,32,24,21,18
"ANKHD1",24,20,22,13,24,27,25,19
"TTTY14",33,20,35,19,36,31,0,0
"THBD",10,30,16,10,28,20,24,36
"B4GALT1-AS1",24,23,28,18,32,25,12,12
"VPS9D1-AS1",26,32,10,10,12,44,20,20
"TAPT1-AS1",25,10,38,11,27,33,14,16
"CYP2J2",45,34,36,10,22,15,9,2
"GPR150",4,13,8,43,10,43,6,46
"DPH6-DT",14,9,39,18,39,13,24,17
"DRAM1-AS1",13,19,19,17,19,23,33,30
"POLQ",23,13,25,14,24,13,33,27
"LGI1",37,7,61,18,13,0,27,9
"RPL7P6",38,23,22,12,20,27,17,13
"PPP2R5CP",30,17,21,14,23,23,18,26
"PDE10A",17,21,2,1,50,60,12,8
"PCDHB15",34,18,25,10,33,25,13,13
"ARHGEF39",15,13,26,18,32,33,12,22
"LINC01315",44,26,39,16,13,3,13,17
"LSR",22,18,30,12,27,29,13,19
"GINS2",33,18,21,9,23,27,25,14
"CKMT2",25,11,34,7,35,22,27,9
"RETREG1",23,19,9,7,28,50,13,21
"ATP6V0E2-AS1",33,11,23,19,23,19,30,12
"SLC38A4-AS1",17,10,20,19,26,44,8,26
"MILR1",8,8,38,15,35,33,25,8
"ACVR1C",35,12,33,6,27,10,32,14
"ERICH5",21,9,39,12,22,27,26,13
"NXPH4",30,14,41,6,21,18,29,10
"ALKBH6",32,22,23,12,18,31,14,17
"PCDHGA8",11,16,33,23,14,17,32,23
"LYPD3",17,10,47,8,34,14,28,10
"MYRF",21,19,18,10,23,30,18,29
"CCDC15",26,8,33,11,27,17,31,15
"P2RY14",15,35,11,24,8,42,11,22
"ABHD16A",26,23,21,14,20,27,19,18
"PPM1N",15,36,19,23,7,17,22,29
"GORAB-AS1",17,13,21,15,22,48,17,15
"ERBB3",5,3,45,26,14,29,16,29
"PCED1B",17,25,20,15,19,34,25,12
"LINC00173",29,8,53,17,16,6,28,10
"ZNF460",22,23,30,9,22,33,14,14
"TAFA2",13,26,20,17,15,19,27,30
"RPL21P3",23,29,27,21,7,33,18,9
"RBMS3-AS3",23,20,28,12,26,29,10,19
"HYPK",18,27,31,11,21,27,13,19
"HYAL1",20,25,36,11,18,33,8,15
"RIPK3",10,21,26,14,17,31,28,19
"FRAS1",8,33,50,17,6,14,15,23
"CCDC138",31,14,25,12,27,25,19,13
"TEDC1",20,22,28,14,13,35,20,14
"PLCG2",13,54,19,21,7,27,6,19
"ARIH2OS",21,10,29,15,23,15,26,27
"ILRUN-AS1",20,16,23,9,32,29,18,19
"EEF1A2",23,17,41,16,6,5,25,32
"CDA",8,10,43,20,22,36,17,9
"SPTBN2",24,9,25,12,30,28,28,9
"NKAPL",13,18,40,20,6,5,30,33
"ERICH2",52,21,35,10,2,1,32,12
"EPCIP-AS1",22,14,32,11,26,27,17,16
"DNAJC3-DT",31,23,20,10,13,27,25,16
"RENBP",8,9,33,29,15,26,22,22
"RBP1",42,21,33,1,14,8,33,12
"HIVEP3",17,20,20,13,21,45,9,19
"TMEM81",17,14,23,17,31,27,23,12
"ZNF763",4,11,28,17,40,29,19,16
"RPS2P8",30,31,14,21,28,25,8,7
"LINC01426",17,23,26,15,17,33,18,15
"WNK4",26,3,13,3,34,21,37,26
"PZP",28,34,17,25,4,5,31,19
"LSP1",35,9,42,3,8,8,48,10
"DNAJC28",25,10,21,21,26,27,24,9
"ANXA2R",18,21,22,11,22,18,27,24
"GRID1",78,48,17,8,3,8,1,0
"CIDEC",4,41,3,29,4,18,2,62
"SOX15",25,28,14,7,14,11,32,31
"VASH2",39,2,27,2,56,3,31,2
"ELMO1",15,40,19,31,1,5,17,34
"TMC4",13,7,43,12,28,30,13,16
"SHLD1",20,16,34,11,27,27,12,15
"TOMM5",8,19,22,11,32,38,18,14
"GOT1-DT",22,12,26,12,22,23,26,19
"FOSL2-AS1",3,8,13,14,35,44,14,31
"LINC02777",19,12,22,10,28,32,21,18
"RBBP4P2",26,16,20,17,26,23,20,14
"NDUFV2-AS1",23,21,26,14,22,28,15,13
"ANO7",7,11,24,7,31,48,22,11
"EFCAB5",9,24,30,19,17,24,10,28
"ZNF774",16,9,33,11,26,20,27,19
"SLC16A1-AS1",14,11,26,12,26,31,18,23
"ANAPC1P3",21,18,21,17,17,29,19,19
"POLRMTP1",32,24,19,11,23,34,12,6
"KDSR-DT",10,10,25,14,23,31,26,22
"LIN37",13,20,21,9,26,37,17,18
"KCNIP4",18,13,31,9,22,31,16,20
"TMPPE",24,14,20,12,20,31,15,24
"ATP1A1-AS1",18,12,25,16,24,33,17,15
"PATL2",20,9,35,6,29,16,29,16
"GGTLC4P",4,6,12,8,13,94,7,16
"HOGA1",16,16,21,24,19,31,11,22
"PTPN23-DT",23,13,31,10,31,19,15,18
"FKBP1B",9,9,33,13,16,36,12,31
"SLC29A2",22,6,33,7,20,16,31,24
"ANKRD45",19,2,26,1,44,29,29,9
"DUSP8",30,16,25,8,58,11,10,1
"SNHG28",23,12,33,18,19,14,19,21
"ZSCAN16",17,13,21,13,31,27,15,22
"CDC14C",20,20,16,21,17,28,10,27
"LOC100129203",14,18,16,19,13,29,22,28
"LINC01569",17,7,31,10,25,21,36,12
"PARD6G-AS1",19,13,29,9,37,18,15,19
"PGLS-DT",18,16,37,10,30,17,17,14
"PCDHB4",27,34,21,20,20,8,12,16
"CEP72",23,13,27,5,25,15,27,23
"BCL2A1",12,7,15,6,47,23,26,22
"ABTB3",20,52,8,7,15,32,19,5
"AK8",15,17,25,17,16,19,23,26
"DLK2",15,27,19,9,17,26,18,27
"LPL",2,4,0,0,58,84,1,9
"PMEL",26,31,23,9,8,18,24,19
"MIR186",19,22,20,14,17,24,23,19
"SEPTIN7-DT",24,21,16,11,25,23,12,26
"NAP1L1P1",23,21,15,11,30,23,17,18
"LOC124902904",21,11,34,7,24,35,12,14
"NPC1L1",21,4,24,1,70,17,19,1
"FOLR3",21,7,47,9,21,8,30,14
"NOSTRIN",14,19,19,21,9,39,13,23
"COLEC10",19,4,39,10,34,25,16,10
"OSBP2",34,11,21,11,12,21,30,17
"CYSRT1",16,14,24,18,32,31,13,9
"RNF39",11,13,18,21,33,29,22,10
"ACTN4P1",13,17,14,15,17,46,9,26
"TMLHE-AS1",31,19,21,20,20,17,17,12
"USP27X-DT",24,15,20,12,22,33,18,13
"ZBTB11-AS1",19,21,22,11,23,30,16,15
"LOC732229",15,4,27,14,23,29,15,30
"STX11",4,12,12,44,6,30,6,42
"TEX29",15,17,25,17,25,36,13,8
"BSN",18,11,27,13,24,18,34,11
"LINC01615",32,39,17,6,16,16,16,14
"WAPL-DT",16,27,19,15,24,18,24,13
"SOCS2-AS1",11,13,27,10,20,40,18,17
"MANEA-DT",29,10,14,9,20,23,29,22
"SEC24AP1",11,29,14,28,13,11,15,35
"HMGN3-AS1",25,21,30,10,18,24,16,12
"SNRPN",18,8,16,8,37,27,28,13
"FLACC1",11,19,14,16,18,39,11,27
"GP1BA",21,25,18,8,26,24,19,14
"THEM5",15,9,51,16,14,8,25,17
"RYR3",11,15,20,17,23,36,18,15
"DAAM2-AS1",18,28,12,18,15,34,13,17
"ARHGAP25",26,14,25,10,22,31,12,14
"CDC25A",18,14,26,11,22,23,21,19
"C22orf15",20,12,38,17,12,21,22,12
"DNAJC12",43,26,20,6,21,11,20,6
"SEPTIN4",15,37,9,19,6,45,4,18
"INHA",12,18,16,11,20,32,13,31
"LRRC4",36,8,28,8,16,8,41,8
"GSTM1",26,20,26,10,15,14,24,18
"SNCG",4,3,29,12,28,23,32,22
"PDZD7",13,18,23,18,19,15,14,33
"RPL23AP49",10,3,43,23,11,17,19,27
"ADNP-AS1",25,9,22,13,24,24,25,11
"CD160",14,15,17,9,32,36,13,16
"FOSB",17,20,17,18,16,19,19,26
"RAD9B",22,10,33,10,24,18,20,15
"SKA1",30,16,23,5,17,9,36,16
"BUB1B",29,27,21,17,11,11,19,17
"SLC9B1",33,20,22,10,20,15,12,20
"NUDT8",18,18,24,11,13,21,21,26
"LVRN",9,7,33,12,54,23,7,7
"ANGPTL5",5,4,8,29,26,32,8,40
"FAM169A",14,19,25,17,16,18,21,22
"MSH5",20,18,25,10,29,16,20,14
"HSP90AB2P",18,21,31,19,25,24,9,5
"NOC2LP1",11,12,4,3,46,59,6,11
"FAM86B2-DT",49,16,22,9,9,23,14,10
"STXBP5-AS1",27,20,21,13,10,23,21,17
"ARHGEF17-AS1",6,17,26,16,15,38,19,15
"ABCB5",23,3,70,11,8,9,22,5
"ASB5",2,15,12,14,3,31,16,58
"CHRNA7",32,30,43,32,0,2,9,3
"PCDHB12",21,15,24,7,30,28,14,11
"FAM78A",27,15,28,7,30,15,20,8
"MARVELD2",10,7,28,10,35,39,11,10
"LCA5L",21,10,33,10,26,13,27,10
"LGI3",0,11,2,42,3,25,1,66
"EIF3EP1",29,9,27,5,20,28,16,16
"MIR155HG",26,9,16,7,21,23,34,14
"LOC101929756",19,7,43,23,16,16,13,13
"INTS6P1",26,19,21,13,21,28,11,11
"THPO",21,21,39,20,15,6,14,13
"ATRNL1",16,7,23,11,45,27,13,7
"NXNL2",13,10,34,8,16,23,17,28
"CUZD1",26,16,32,12,12,14,14,23
"FGF11",29,16,13,9,13,37,19,13
"NTNG1",15,7,13,2,10,6,71,25
"HESX1",15,22,17,20,21,21,20,13
"CFAP53",21,15,31,9,16,18,18,21
"ASPRV1",22,21,17,13,19,25,14,18
"PIERCE2",18,15,25,11,37,18,15,10
"SYP",20,32,14,13,15,14,23,17
"CFAP58",13,10,15,7,18,46,17,22
"NACA3P",25,15,7,7,30,31,17,16
"MT1G",0,94,21,4,4,7,1,17
"FERMT3",20,22,24,8,4,15,33,22
"NRGN",4,2,9,8,61,41,14,9
"VWA7",12,4,29,11,23,16,37,16
"STIMATE",17,19,28,7,19,29,15,14
"ROR1-AS1",17,5,30,4,45,10,26,11
"DRC12",20,11,26,10,23,36,8,14
"ZNF566-AS1",18,11,20,18,20,24,20,17
"TMCC3",16,31,15,25,9,12,16,23
"MYO3B",26,31,28,3,8,18,22,11
"HDAC10",16,20,14,14,18,21,19,25
"PPM1H",39,6,29,10,18,11,22,12
"HAVCR2",17,22,21,11,23,26,18,9
"TDRD9",11,10,3,2,0,3,55,63
"HSF2BP",10,17,22,12,25,20,25,16
"SPDYE16",15,17,35,13,12,15,19,21
"MRPL38",28,20,27,8,13,23,12,16
"LOC105374235",8,10,28,30,16,21,12,22
"DARS1-AS1",19,4,15,7,22,56,13,11
"LINC00957",6,15,15,23,14,34,15,25
"OR13E1P",11,11,19,13,20,22,25,26
"CDH12P4",12,7,22,13,30,34,16,13
"AGAP2-AS1",14,22,24,15,21,20,20,11
"DGAT2",13,15,10,5,43,31,18,11
"EDN1",10,14,28,12,15,36,20,11
"LHCGR",2,8,14,12,20,70,6,14
"OTULINL",8,52,11,33,6,10,3,23
"ZNF711",37,20,13,10,26,8,17,15
"MPZ",15,10,22,11,33,18,21,16
"LYPD5",8,5,7,10,58,38,10,10
"OR2A4",12,5,41,19,6,9,25,29
"S100A2",23,22,16,8,28,23,17,9
"H4C16",12,13,21,16,7,27,17,33
"SMIM1",28,10,24,10,15,15,28,16
"EDIL3-DT",12,13,12,9,18,47,16,19
"TMEM263-DT",14,13,21,18,18,20,24,18
"SYN1",8,24,25,15,15,24,13,21
"ADAM22",17,14,23,14,21,17,23,16
"KIF14",23,20,16,10,18,13,24,21
"ICOSLG",19,8,19,3,54,19,18,5
"S100A1",23,27,28,7,11,13,17,19
"EPB42",13,18,24,14,12,29,7,28
"ZNF223",11,9,30,6,27,25,21,16
"CD177",17,11,22,5,26,27,26,11
"CDC20P1",7,10,27,12,24,21,25,19
"HNRNPLP1",15,20,15,11,26,26,18,14
"HHIP-AS1",6,7,13,9,40,39,17,14
"RBFADN",33,28,14,9,20,21,14,6
"TSPAN13",17,9,17,7,15,20,33,26
"RHBDL2",17,13,28,14,22,17,16,17
"SIM2",16,10,14,17,21,28,10,28
"CLN3",21,19,11,15,9,33,17,19
"RPL12P12",30,27,10,11,14,26,17,9
"IL23A",12,14,21,20,23,23,10,20
"TTK",27,24,27,6,16,16,18,9
"EGR2",35,4,30,3,31,5,33,2
"GDPD1",23,11,15,6,27,19,20,22
"PSCA",10,1,8,0,84,35,3,2
"PARM1",25,12,7,4,21,40,19,15
"SLC22A4",18,13,21,6,28,24,28,5
"CCDC7",20,17,24,14,20,20,11,17
"PDZRN3-AS1",21,17,31,16,17,13,19,9
"CIBAR1-DT",10,13,25,12,19,30,21,13
"VPS13B-DT",14,16,21,17,17,24,19,15
"SGCG",17,7,16,10,6,6,34,46
"ULBP2",12,15,28,11,26,20,18,12
"SPX",21,19,25,11,19,14,21,12
"INHBE",27,7,36,7,33,9,18,5
"NEB",14,9,19,10,30,32,14,14
"LINC02875",24,17,23,8,15,15,24,16
"LOC105377203",17,16,19,13,24,17,20,16
"RPS3P5",10,11,28,12,17,25,18,21
"COPS8-DT",26,17,20,12,16,19,19,13
"LOC100129434",16,4,25,8,8,5,38,38
"LINC01914",4,17,30,21,16,27,7,20
"NCK1-DT",15,13,21,11,17,30,13,22
"TMEM225B",17,14,16,13,25,22,19,16
"PALD1",19,11,7,14,7,4,27,52
"ATP6V1B1",14,21,22,10,8,22,14,30
"GIPC2",7,15,19,43,6,17,9,25
"KDM4D",24,12,22,12,18,21,20,12
"SERPINA3",8,54,17,8,8,20,6,20
"LOC121627959",14,5,23,11,20,21,26,21
"MIR600HG",25,13,19,31,18,10,12,13
"SHLD3",25,18,21,10,10,20,19,18
"LOC124905134",26,7,22,11,19,20,22,14
"TSPAN32",37,12,20,5,28,8,23,7
"SEPTIN3",39,25,28,3,17,14,12,2
"PCDHB6",20,23,15,10,14,24,18,16
"SLC5A9",15,23,18,9,18,22,17,18
"TMT1B",15,3,40,13,21,18,25,5
"DIP2C-AS1",8,9,19,16,7,66,5,10
"ENO4",21,11,17,17,20,13,26,15
"LOC400499",29,12,18,11,24,14,18,14
"ZNF560",6,9,14,7,52,44,2,6
"ZNF536",24,22,15,5,17,15,19,23
"IPO8P1",20,15,23,15,20,21,10,16
"LOC100996437",26,27,19,11,10,32,6,9
"UBE2Q2P7",23,10,20,6,16,23,14,28
"LFNG",23,3,14,2,44,11,39,3
"HPX",20,7,20,8,30,13,19,22
"KCNA5",11,9,53,22,2,3,29,10
"TRIM7",14,20,11,8,13,28,12,33
"RHEBL1",12,11,16,19,10,36,12,23
"INPP5D",31,9,41,4,30,9,13,2
"CALML6",20,21,19,11,9,15,24,20
"HSD11B2",36,19,33,1,16,2,29,3
"HCP5",10,5,41,6,39,27,5,6
"CFAP45",18,24,15,9,27,18,16,12
"INE1",14,15,12,8,15,29,24,22
"LINC00601",21,8,23,5,44,30,6,2
"PRANCR",14,9,28,14,17,20,21,16
"NFATC2IP-AS1",20,20,18,7,14,30,18,12
"GAPLINC",15,7,18,16,41,26,11,5
"DDX43",45,25,16,7,17,7,14,7
"CCL8",21,0,48,1,55,9,4,0
"DLGAP5",22,15,15,15,20,17,17,17
"TRPC3",9,6,8,7,36,45,12,15
"CDK5R1",24,9,29,8,21,23,14,10
"ST6GALNAC3",20,13,9,11,13,14,18,40
"PRDX6-AS1",16,20,20,16,10,17,21,18
"LOC100288123",14,23,17,14,15,24,15,16
"ZNF470-DT",17,7,20,13,21,33,10,17
"MAPK8IP2",13,21,18,13,18,14,14,26
"ERP27",2,3,8,25,10,36,9,44
"PTPRN2",27,20,11,7,9,8,24,31
"PIP5KL1",18,12,27,4,22,17,19,18
"DMRTA1",32,13,25,6,8,5,30,18
"EYS",10,24,10,6,22,25,17,23
"C6orf163",19,11,21,8,19,28,9,22
"PARLP2",22,10,28,8,26,15,17,11
"RPL7L1P8",9,8,19,11,32,34,14,10
"BMS1P13",21,19,25,11,12,20,15,14
"LINC03011",15,10,32,14,18,12,21,15
"LOC124902694",19,13,22,12,19,21,15,16
"ZNF710-AS1",10,11,20,11,14,47,11,13
"RDM1P2",25,15,8,1,31,32,14,11
"RAB11B-AS1",15,15,12,9,18,28,16,24
"PDCD6IP-DT",14,9,24,8,17,32,15,18
"CACNA2D2",18,13,12,20,15,10,17,31
"SYT1",5,1,9,7,53,56,1,4
"WDR62",22,15,16,11,20,19,15,18
"OAS1",40,7,40,14,17,6,7,5
"OTX1",6,8,83,28,2,1,4,4
"TFAP2E",20,8,15,6,28,23,19,17
"PILRB",12,20,13,8,18,36,9,20
"PSTPIP1",7,5,27,11,21,50,5,10
"LRRC46",23,21,10,8,24,31,8,11
"RBM47",8,7,18,5,28,43,13,14
"NMNAT3",32,17,34,12,9,9,9,14
"MYOZ2",3,12,21,44,1,22,5,28
"KCNG2",17,32,9,5,5,36,10,22
"BCO2",15,10,23,9,29,18,19,13
"LINC01011",23,15,23,6,22,14,17,16
"PDZD4",16,13,15,6,30,28,16,11
"PTPRB",24,12,22,9,6,14,32,16
"CARNS1",11,13,19,8,25,24,21,14
"RNF32-DT",10,7,23,19,21,24,18,13
"CA13",21,25,17,12,15,20,9,16
"FOXD2",9,13,24,14,13,20,19,23
"RN7SK",47,2,13,2,43,17,2,9
"RABGEF1P2",14,13,19,8,20,33,15,13
"NPIPB7",19,6,19,14,22,22,24,9
"MRNIP-DT",11,14,25,16,14,21,8,26
"GALNT4",25,17,15,7,10,31,17,13
"HIKESHIP2",26,22,11,18,7,19,16,16
"LRAT",9,4,11,6,3,2,54,45
"TMC7",4,12,16,6,43,32,16,5
"SLFNL1",13,23,16,11,15,25,6,25
"MCMDC2",18,20,32,15,20,13,7,9
"APOBEC3B",13,16,23,15,11,15,24,17
"ADAP2",12,8,24,11,17,24,28,10
"CRPPA",19,12,21,11,18,20,10,23
"FAM138B",23,12,21,5,15,16,29,13
"EIF4BP2",18,19,18,17,21,22,10,9
"AMACR",14,21,17,8,17,28,10,19
"HAS3",11,10,18,9,19,40,15,11
"VTN",9,8,24,10,27,31,15,9
"TBC1D30",33,3,37,11,17,14,15,3
"LRRC4B",23,7,19,9,14,18,23,20
"CYP7B1",23,24,4,9,8,34,9,22
"WSCD1",21,16,5,2,9,20,10,50
"KCNQ3",8,27,6,7,4,36,3,42
"RPS6KL1",6,7,19,21,14,12,14,40
"PLPP4",30,7,23,6,11,8,35,13
"GPC2",36,11,26,6,25,11,14,4
"ZNF90",18,11,24,6,19,22,25,8
"RPL13AP11",7,9,14,8,11,45,13,26
"RPL4P2",23,16,22,12,16,20,13,11
"NALT1",20,11,31,5,23,17,24,2
"VPS35P1",27,18,16,4,18,18,17,15
"LINC02893",22,29,11,8,11,11,20,21
"DTL",27,13,23,10,23,10,13,13
"USP41P",20,20,13,13,12,25,15,14
"EXOC3L1",25,16,25,4,17,13,24,8
"RPSAP8",36,41,12,9,11,11,8,4
"KCNG1",24,18,10,2,23,23,23,8
"PTPRN",32,28,17,5,14,4,21,10
"IL7",20,18,15,11,23,22,13,9
"DDIAS",18,17,16,3,20,25,13,19
"VAT1L",26,8,41,4,4,1,27,20
"ALKAL1",15,8,17,14,27,33,9,8
"VSTM5",13,10,14,10,20,36,19,9
"RPL7P22",7,7,17,16,26,39,5,14
"SLC67A1-AS",28,11,18,9,21,13,16,15
"TBC1D22A-DT",21,15,17,10,19,29,13,7
"ACP3",16,11,21,7,15,26,28,6
"DEPDC1",26,21,16,8,16,12,17,14
"ZMYND12",17,10,36,9,18,21,9,10
"SPDYE1",9,10,31,11,13,21,17,18
"PCDH1",19,6,8,2,46,25,23,1
"HHIP",3,1,9,9,19,66,6,17
"RSPH9",19,12,16,7,22,21,17,16
"LSMEM1",14,12,22,11,18,21,19,13
"UNC5C",10,9,13,3,13,6,45,31
"NLRP10",6,5,12,3,9,70,4,21
"ANKRD42-DT",16,9,17,8,33,27,9,11
"UBL7-DT",26,11,21,9,17,19,15,12
"CLDN18",15,19,18,7,17,28,19,6
"DOCK8",9,9,19,11,28,32,12,9
"FHDC1",21,20,17,5,22,13,10,21
"C5AR1",21,13,21,12,21,18,14,9
"PCDHB11",14,9,14,11,31,21,14,15
"ADAT3",25,28,12,5,12,19,7,21
"NACA4P",24,24,12,5,16,25,11,12
"PGA3",6,2,55,15,29,10,9,3
"RPS15AP12",14,15,9,15,30,21,11,14
"LRIG2-DT",9,4,27,14,22,25,18,10
"RN7SL417P",25,10,19,8,23,15,17,12
"SEC24B-AS1",17,12,20,14,16,12,21,17
"XNDC1N",18,16,21,7,23,16,16,12
"KLHL30",3,2,15,22,12,53,8,13
"ZNF713",23,13,27,7,15,15,16,12
"RPH3AL",18,18,15,7,11,24,15,20
"SPRED3",8,10,23,9,12,27,22,17
"XPOTP1",17,19,15,14,17,14,22,10
"TOX4P1",14,12,18,12,23,29,14,6
"CPNE5",12,8,17,9,8,46,9,18
"CLMN",24,25,22,11,6,16,8,15
"SPNS1",13,18,33,9,18,11,11,14
"EVI2B",10,12,10,7,46,25,13,4
"XRCC2",16,13,16,10,19,19,18,16
"RN7SKP16",9,12,16,14,13,38,9,16
"BCDIN3D-AS1",7,18,20,8,27,14,20,13
"WDR5B-DT",19,10,17,10,23,19,17,12
"CCL7",17,0,20,2,38,24,25,0
"GLI1",25,26,18,1,25,8,18,5
"DMRTA2",2,5,38,18,3,4,24,32
"PKNOX2",20,2,31,7,21,6,34,5
"CHRFAM7A",29,20,32,26,1,1,10,7
"PARP15",15,18,24,10,18,13,14,14
"RPL23P6",25,19,17,12,10,15,11,17
"TRIM61",22,21,15,19,8,18,13,10
"EBF2",0,0,1,0,60,65,0,0
"LINC02983",22,9,15,7,19,25,13,16
"TXNDC5",23,6,8,9,14,27,25,14
"DHX40P1",29,20,13,11,10,16,10,17
"SAMD15",15,13,26,10,15,23,13,10
"TSPAN2",15,6,21,7,3,11,45,17
"SNX22",18,16,11,8,19,30,15,8
"PCSK1",18,21,5,6,18,28,15,14
"PITRM1-AS1",15,18,21,7,20,27,6,11
"LOC105369187",17,6,17,12,17,30,13,13
"KCNH2",54,17,22,1,2,1,11,16
"TNNT1",6,4,29,15,17,13,25,15
"EPHA1",14,21,18,13,11,11,19,17
"FNDC5",26,5,27,4,21,13,22,6
"NPTX1",9,6,22,6,35,23,18,5
"IRAG1-AS1",7,10,18,14,19,36,6,14
"ZNF454",18,7,26,11,17,15,17,13
"RAD54B",12,12,19,14,14,23,11,19
"SEC14L1P1",10,6,31,13,22,21,11,10
"NFE2L1-DT",21,16,20,13,11,12,17,14
"TRABD-AS1",21,11,24,6,18,16,19,9
"CYP2D6",19,8,19,11,24,17,18,7
"PNPLA5",8,6,5,3,64,37,0,0
"ELMO3",23,12,20,8,17,29,6,8
"RNF144A",11,10,9,5,18,3,18,49
"ARMC12",14,16,20,10,9,26,11,17
"TEX22",22,8,17,7,15,21,18,15
"ANKHD1-EIF4EBP3",7,11,26,11,14,18,20,16
"FDXACB1",17,10,18,13,21,13,22,9
"FBN1-DT",13,5,18,11,13,24,20,19
"LINC02550",25,11,53,12,2,0,8,12
"PRSS3",5,5,10,5,17,35,26,19
"SPTBN5",8,14,14,9,16,18,17,26
"CATSPER2",21,7,36,6,10,4,30,8
"SWSAP1",16,22,20,10,16,11,14,13
"LMO7DN",27,10,37,3,17,8,14,6
"LDLRAD2",14,10,24,14,15,12,16,17
"SORL1",31,4,21,6,11,13,30,5
"SLC60A1",22,9,29,7,12,12,17,13
"TAF1A-AS1",15,8,29,5,26,22,7,9
"SNX25P1",9,10,18,9,24,18,10,23
"LOC644169",12,9,20,11,17,27,16,9
"GIPR",11,5,29,6,23,12,22,12
"PLEKHB1",18,6,18,11,22,19,13,13
"LGALS2",13,14,24,9,18,23,7,12
"PARD6B",6,8,24,18,11,15,11,27
"UNC79",8,15,16,9,26,15,20,11
"ADAM21",21,8,19,15,13,17,17,10
"RGS16",12,24,9,9,13,33,9,11
"TMEM92",18,15,23,2,24,16,14,8
"C19orf38",22,8,16,8,32,10,20,4
"PSME2P2",21,19,23,7,16,19,8,7
"ETV7",28,13,20,8,15,10,17,8
"TRPM3",6,15,19,10,39,18,8,4
"BIRC5",12,19,12,8,24,14,10,20
"GPR75",6,17,22,8,25,19,12,10
"KLHL35",20,21,13,8,4,7,18,28
"TMEM37",48,10,25,4,10,1,17,4
"RFESD",14,9,22,6,19,28,7,14
"IFNE",15,13,18,8,24,21,16,4
"RPL10AP2",26,12,10,6,11,23,12,19
"RPS3AP38",7,12,20,5,22,32,12,9
"ZNF232-AS1",17,16,17,9,10,18,11,21
"LINC02175",15,9,13,9,22,27,10,14
"ABCC2",18,21,9,9,14,11,14,22
"RNF175",21,12,16,11,6,5,30,17
"MTFR2",14,16,13,13,9,13,17,23
"LINC00304",18,24,8,8,9,20,9,22
"GREB1",23,9,16,7,30,16,10,7
"SOWAHA",11,4,31,6,34,8,15,9
"ARHGEF33",18,10,21,10,15,11,20,13
"RPL23AP18",5,12,14,12,22,24,15,14
"XXYLT1-AS2",17,20,17,8,8,11,14,23
"LOC124904863",13,8,19,11,19,7,18,23
"RPL31P46",19,14,6,8,19,25,13,14
"LOC100505915",10,9,16,10,27,25,8,13
"ETV2",11,14,19,10,15,21,13,14
"ITGB7",13,7,27,11,19,9,11,20
"GPR17",22,27,14,11,5,23,3,12
"FSIP1",13,9,15,7,45,17,7,4
"TPPP3",20,7,17,4,26,9,26,8
"NIBAN3",14,16,17,9,25,17,12,7
"CCNE2",14,15,11,14,17,20,14,12
"AKR1B10",23,9,18,8,35,10,12,2
"ZYG11A",22,14,21,11,6,9,24,10
"RPL17P50",13,8,12,9,22,28,15,10
"LINC00517",11,13,8,3,20,49,6,7
"STAM-DT",15,7,25,10,21,14,18,7
"CYP24A1",70,3,9,0,12,2,20,0
"HSD17B2",23,33,14,0,18,14,10,4
"CAPN3",9,19,21,6,11,18,14,18
"NFE2",15,2,42,3,23,5,23,3
"MMRN2",11,6,19,8,20,11,26,15
"RIMBP3C",25,16,19,9,6,16,14,11
"CSPG4BP",12,6,12,6,29,33,13,5
"RPS2P48",12,17,21,5,14,26,10,11
"RPEL1",17,11,22,10,15,19,13,9
"PRECSIT",18,12,22,7,19,7,18,13
"TUBB3",18,12,25,6,17,15,15,8
"TBXAS1",11,20,12,5,28,16,13,10
"FAT2",15,13,24,13,12,16,6,16
"ACADL",12,17,21,20,10,8,8,19
"EFHD1",0,0,0,5,19,87,0,4
"FAM90A1",15,3,25,9,17,19,16,11
"KCNJ14",14,10,11,9,16,28,15,12
"MIR621",16,12,15,11,23,19,8,11
"LOC101929532",12,8,13,8,35,20,7,12
"CCDC13",7,23,15,8,9,20,10,23
"PKP2",12,57,9,11,1,14,3,7
"LBP",2,9,13,14,22,47,4,3
"KBTBD8",10,7,25,5,29,20,11,7
"CCIN",15,6,17,3,29,13,23,8
"H4C11",15,14,18,6,25,24,7,5
"COL4A6",43,17,17,4,8,7,14,4
"DTWD1P1",15,18,12,8,14,20,12,15
"TEX26-AS1",4,22,25,7,11,23,12,10
"PEBP4",5,11,14,13,11,25,13,21
"CHAD",13,16,18,5,14,13,19,15
"MYPN",5,5,24,7,33,25,8,6
"SCHIP1",12,8,21,11,13,29,10,9
"LINC01116",18,18,9,7,14,25,10,12
"EXO1",22,7,18,12,12,12,9,21
"GLIPR1L2",7,5,25,9,20,16,19,12
"STAC3",14,9,20,13,23,16,14,4
"SEPTIN7P7",10,12,22,10,11,18,19,11
"LINC01852",11,8,26,4,27,18,10,9
"IFNWP19",14,6,17,10,15,14,24,13
"RPS6P9",22,13,11,14,2,14,13,24
"TRIM60P14",11,17,15,7,10,28,13,12
"RPL13AP26",17,18,17,13,11,19,8,10
"CYKILR",11,8,38,22,10,6,7,11
"ZNF571-AS1",5,6,13,11,26,29,9,14
"ARHGEF2-AS2",17,12,20,7,16,10,17,14
"TGM1",17,14,22,8,9,21,13,8
"PLA2G5",4,6,22,15,2,4,36,23
"GADL1",28,1,31,5,3,5,30,9
"ZNF474",10,24,11,15,3,21,12,16
"ATF7IP2",20,19,13,4,11,7,15,23
"DLGAP1",9,31,12,6,13,9,9,23
"HSPA6",20,3,25,3,22,5,31,3
"UFSP1",13,17,11,8,10,24,10,19
"LINC01535",4,2,17,11,26,45,2,5
"PP12613",5,12,9,7,13,51,6,9
"SNAP25-AS1",12,5,5,3,36,39,9,3
"LCIIAR",22,4,19,3,26,19,10,9
"ST6GALNAC2",20,11,10,11,9,7,13,30
"MLC1",38,29,9,4,5,8,9,9
"CRYM",9,6,11,4,39,12,24,6
"VAX2",8,18,11,10,16,23,11,14
"SBSPON",9,9,14,11,20,13,21,14
"XKR6",27,13,12,9,11,10,16,13
"PIPOX",10,3,27,12,12,24,10,13
"TAS2R14",12,11,18,18,10,21,17,4
"LOC105376805",11,21,15,9,6,12,19,18
"TNFSF9",19,3,24,4,20,5,24,11
"FCHO1",7,9,30,13,13,17,12,9
"IL22RA1",11,9,12,14,5,15,8,36
"MATN1-AS1",16,8,28,5,16,13,12,12
"MIR570",26,10,14,9,13,24,7,7
"H2BC15",6,9,17,8,18,16,17,19
"C1orf226",20,13,22,16,5,13,5,16
"GSK3B-DT",19,14,14,9,12,21,11,10
"SLC28A2-AS1",2,0,31,10,15,14,24,14
"RN7SL689P",11,8,12,8,25,17,19,10
"CHAC2",8,18,10,12,14,28,6,13
"DCST2",14,12,14,11,15,9,15,19
"ZNF620",14,8,16,9,9,28,11,14
"CCDC154",21,12,13,10,11,19,8,15
"AKR1C4",6,20,19,5,15,12,8,24
"TP53TG3",7,4,0,0,61,34,2,1
"MYLKP1",20,9,21,6,15,11,14,13
"DBNDD2",16,21,13,11,9,13,8,18
"LOXL2-AS1",13,5,19,4,21,28,12,7
"MIRLET7IHG",9,7,11,12,20,34,9,7
"LOC105370921",23,14,21,7,16,13,11,4
"MINDY4",11,9,20,13,10,28,12,5
"MGAT3",0,3,14,4,25,38,14,10
"ITGA9",19,8,29,8,16,9,12,7
"CXCL8",3,5,29,15,28,22,3,3
"CRACR2B",9,11,26,8,10,6,25,13
"PCOTH",13,11,20,3,18,10,22,11
"RPL23P8",19,16,11,7,8,19,12,16
"KLHL2P1",16,10,16,9,14,23,12,8
"SIPA1L1-AS1",17,5,20,2,20,16,17,11
"FGF14-AS2",17,11,17,13,17,15,5,13
"CDX1",16,8,23,7,14,19,11,9
"PRRG4",9,14,3,18,5,9,15,34
"MYO5B",10,8,21,5,16,19,20,8
"JAKMIP3",16,7,22,3,36,17,4,2
"LINC01270",9,14,17,16,12,15,7,17
"ZNF888",13,12,22,2,17,22,12,7
"EML6",8,12,6,4,15,31,15,16
"CKLF",15,14,11,8,16,20,16,7
"LOC102723834",8,22,7,6,14,31,7,12
"GK3",5,7,7,3,21,52,5,7
"BNC2-AS1",18,17,16,8,16,10,12,10
"CBLL1-AS1",15,17,18,11,9,13,15,9
"TTC4",15,13,12,8,16,19,15,9
"ZMYND10",12,11,22,8,12,18,17,6
"PBX4",10,7,16,9,19,16,15,14
"SOX6",15,8,10,8,23,23,6,13
"HCST",8,12,16,12,12,14,14,18
"PCLAF",16,18,12,7,15,14,14,10
"PLEKHN1",19,9,13,6,17,19,9,14
"ANKDD1B",12,25,14,13,11,7,10,14
"C1QTNF9B",9,7,16,4,21,13,19,17
"PTPRCAP",7,21,9,20,6,11,8,24
"OR7E154P",34,39,2,3,6,14,4,4
"LOC105370777",5,11,9,15,16,29,11,10
"ATP8B1-AS1",19,12,15,10,10,22,8,10
"ADAM28",3,4,12,3,13,44,9,17
"ALX4",9,0,4,0,0,6,64,22
"MRPS24",20,9,10,5,22,20,8,11
"RPS6KA1",5,8,14,8,27,20,14,9
"COL10A1",4,5,7,7,32,40,6,4
"RPS10",11,10,17,10,19,14,14,10
"NMNAT2",1,3,5,6,34,48,6,2
"KLHDC9",10,12,22,5,3,4,18,31
"MGAT2",18,16,11,7,9,16,14,14
"WWC2-AS2",9,10,23,7,10,11,25,10
"CHMP4A",11,10,15,7,20,17,13,12
"MIR193BHG",9,17,8,9,26,21,12,3
"RNFT1-DT",15,9,11,11,10,22,17,10
"PROM2",14,8,11,6,17,20,14,14
"FBXL13",12,5,15,2,24,7,25,14
"SAMD3",22,10,18,4,18,9,19,4
"RAB26",17,10,17,4,14,12,16,14
"CKAP2L",17,19,14,12,7,12,15,8
"CMTM8",12,11,15,8,9,17,16,16
"PFN4",14,7,13,4,24,21,9,12
"CFAP96",15,11,15,5,16,25,9,8
"TTC41P",22,16,8,6,8,24,8,12
"CBR3-AS1",20,13,11,10,11,11,16,12
"RALBP1P1",15,22,13,9,5,13,9,18
"FAR2-AS1",12,7,22,18,12,15,11,7
"GATA6-AS1",15,11,26,4,19,7,11,11
"DEPDC1B",27,13,12,2,18,15,10,6
"RAD54L",21,11,15,9,15,13,11,8
"AMH",9,24,9,6,16,13,6,20
"ST6GALNAC5",15,7,22,16,11,8,14,10
"SLPI",27,25,14,6,6,6,10,9
"ALOX5AP",4,33,12,6,6,26,4,12
"KRT80",5,12,20,6,4,47,6,3
"UBE2C",20,23,11,8,10,9,7,15
"C19orf18",2,14,14,11,16,17,12,17
"MEIOC",11,12,27,5,13,12,14,9
"RANBP17",19,18,5,7,1,8,23,22
"DLEU2",8,5,14,7,17,20,16,16
"CYP1B1-AS1",11,15,15,9,24,18,5,6
"RAD23BP1",5,3,15,10,14,28,10,18
"EBLN2",14,14,12,7,17,17,9,13
"PCHILR",8,6,19,6,24,25,10,5
"MTHFS",12,9,24,6,12,25,6,8
"PPP1R1C",9,10,26,29,6,11,5,6
"DKK2",14,5,30,3,13,9,21,7
"RIBC1",21,5,23,6,18,9,11,9
"MYL3",12,8,19,14,6,21,12,10
"LEAP2",9,7,14,4,21,19,9,19
"ADGRG2",4,16,10,7,15,14,19,17
"RBM44",13,14,11,9,9,25,13,8
"PSMC1P3",13,10,18,10,14,16,12,9
"GALNT7-DT",8,11,13,6,15,12,15,22
"HAS2-AS1",15,12,9,6,17,19,15,9
"CYP2A6",10,9,19,3,26,17,12,6
"GRIN2D",13,8,21,13,6,9,16,15
"POPDC2",11,10,20,9,8,10,23,10
"RHOF",12,20,7,7,11,13,12,19
"KCNJ6",2,1,3,8,6,68,11,2
"MYOZ3",10,4,21,4,16,14,18,14
"PPP1R36",8,6,18,5,14,32,11,7
"LGALS9",20,11,19,7,18,9,16,1
"C1QTNF12",9,9,19,8,7,17,15,17
"CDRT15P3",12,14,11,7,14,16,12,15
"SLC34A3",25,20,4,4,12,10,11,15
"RPL7AP46",11,8,15,6,25,18,10,8
"LINC01605",9,0,26,8,8,11,24,15
"CSPG4P13",28,13,14,3,11,3,15,14
"EPN3",20,11,16,3,13,13,16,8
"ASF1B",18,12,16,8,8,13,12,13
"ITGB4",13,11,15,5,24,18,8,6
"SPATA17",15,13,11,7,15,15,18,6
"ANKRD2",3,6,18,19,8,3,19,24
"LRRN1",7,1,30,3,31,9,15,4
"PSG7",9,8,10,6,5,6,39,17
"CTAGE7P",16,10,10,9,12,18,16,9
"CSGALNACT2-DT",18,14,16,10,10,9,14,9
"GTSE1",6,21,9,9,12,11,20,11
"NEURL2",16,6,18,9,7,16,16,11
"GADD45G",28,10,11,4,10,1,30,5
"RAB33A",15,6,17,2,15,17,19,8
"TNFRSF11A",14,17,26,3,4,3,18,14
"SYTL5",6,4,15,0,37,15,19,3
"MYO7B",0,4,1,6,33,48,1,6
"CFAP46",9,9,11,6,22,19,15,8
"SLC16A11",3,7,16,9,13,29,8,14
"BBS1",12,9,19,9,17,15,10,8
"LRRC69",10,10,16,7,11,17,10,18
"DNAJC27-AS1",12,6,28,5,22,13,9,4
"COA6-AS1",15,14,14,11,16,8,16,5
"ZNF892",18,7,15,6,15,18,11,9
"AMY2A",10,18,12,7,7,9,10,26
"NUMA1-AS1",22,6,16,9,8,12,9,17
"GVINP1",12,6,3,7,15,31,8,17
"HLX-AS1",13,4,18,13,12,7,19,13
"MTCO2P2",10,7,13,13,18,24,8,6
"HTR2A",21,1,5,1,37,13,13,7
"RUNDC3A",5,11,12,14,16,16,11,13
"BRME1",15,14,15,6,14,13,15,6
"CIRBP-AS1",9,13,17,3,15,21,11,9
"TAGAP-AS1",8,15,19,7,14,11,13,11
"TRAF3IP3",18,11,15,7,12,14,10,10
"NDUFB4P12",16,7,18,6,15,16,11,8
"PIMREG",11,22,14,4,11,16,10,9
"HNF1A",16,11,15,3,10,16,9,17
"KCNMB4",14,15,11,9,7,14,13,14
"AFF3",13,1,9,3,41,22,7,1
"S100B",13,12,43,20,1,1,5,2
"UCN",16,17,15,7,10,9,11,12
"OR7E125P",30,35,3,4,6,12,4,3
"DYNLT2B",9,16,11,9,7,15,16,14
"LOC101929270",14,11,25,7,6,18,9,7
"SNHG31",17,12,9,7,12,15,12,13
"HSPA8P1",6,4,8,4,26,20,18,11
"TSPEAR-AS1",13,6,29,8,11,21,3,6
"CDKL3",17,6,13,7,17,13,15,8
"CP",7,10,16,16,6,12,13,16
"DIRAS2",25,2,21,9,17,7,10,5
"NOXRED1",11,2,16,6,18,14,16,13
"C11orf65",6,4,22,7,29,10,12,6
"GLTPD2",15,6,16,8,13,10,19,9
"CCDC183",12,9,15,12,8,16,13,11
"PPP1R26-AS1",15,5,7,12,15,19,13,10
"ST7-AS1",10,11,13,7,16,8,12,19
"LINC01798",11,10,20,7,14,21,9,4
"RELT",16,7,7,6,13,20,17,9
"SDK2",13,10,17,5,9,6,20,15
"TLE6",9,17,11,10,4,13,7,24
"SNX15",8,11,15,9,14,12,13,13
"UCN2",8,19,10,5,11,21,5,16
"TBX6",12,10,19,4,7,10,19,14
"SH2B2",18,13,10,4,12,16,14,8
"DYNLT4",10,3,14,5,18,16,19,10
"MUC19",13,24,13,8,23,8,6,0
"SPDYE21",11,6,20,6,11,18,9,14
"CD109-AS1",9,9,15,9,18,16,7,12
"LINC01637",7,14,9,9,8,12,14,22
"DPF1",11,8,18,9,12,24,5,7
"LY75",6,5,8,14,4,16,15,26
"SERTAD4",13,5,7,2,27,20,13,7
"UPK1A",7,11,25,8,11,16,9,7
"NUF2",14,11,13,8,10,16,11,11
"EFNA1",22,19,8,1,18,15,4,7
"C6orf58",13,14,10,8,16,10,11,12
"MUC12",6,17,17,6,6,19,12,11
"RPS15P7",21,9,6,7,20,8,12,11
"PRKAR2A-AS1",9,6,20,5,18,12,17,7
"ACVR2B-AS1",11,4,11,10,13,11,16,18
"SPMAP2L",5,5,26,6,20,20,6,6
"TIRAP-AS1",9,13,15,6,18,10,14,9
"HERC2P6",11,14,20,12,8,8,9,12
"CARD8-AS1",8,11,15,6,13,13,15,13
"ARFGEF1-DT",8,8,17,5,15,12,19,10
"USP2",9,9,10,14,18,21,3,9
"FBXL16",6,10,8,11,15,26,8,9
"EPS8L1",4,14,4,11,15,29,5,11
"ITPKA",15,8,14,4,22,11,10,9
"ADRB2",9,3,17,3,19,25,11,6
"CNTD1",6,10,15,7,17,15,13,10
"RBM34",9,10,17,10,9,14,10,14
"ODAD3",6,6,25,4,15,11,19,7
"UBAC2-AS1",13,8,18,4,13,16,15,6
"LINC03021",11,3,15,6,16,12,21,9
"SPACA6-AS1",25,2,18,2,17,7,12,10
"ANO2",7,7,15,15,14,20,6,8
"SH3GL3",36,6,10,0,14,2,21,3
"ACOXL",12,3,15,7,15,6,17,17
"NINJ2",11,13,21,5,9,13,8,12
"PXMP2",10,19,11,7,9,14,5,17
"FBLL1",21,11,33,7,3,0,11,6
"HBA1",17,2,30,4,10,3,23,3
"SLC25A5-AS1",12,14,10,9,10,11,15,11
"OR7E7P",11,5,11,10,15,27,9,4
"OR2W3",19,10,5,4,25,14,8,7
"ASB14",12,8,7,8,13,19,13,12
"SLC25A21-AS1",10,9,17,8,13,9,17,9
"TBC1D8-AS1",16,9,16,4,14,11,7,15
"SPATA6L",15,9,20,9,12,10,12,4
"RANGRF",7,11,9,12,15,12,18,7
"IMPG1",13,9,10,10,9,18,10,12
"HBEGF",15,7,16,6,14,16,11,6
"NCAPH",13,13,13,13,9,9,9,12
"CARD14",20,10,12,4,11,5,15,14
"PNMA3",18,10,16,4,15,11,14,3
"POPDC1-AS1",8,9,8,10,11,25,4,16
"TTC23L",10,5,11,10,16,20,8,11
"MIR770",27,5,10,2,16,8,17,6
"RPL21P1",35,31,1,1,9,9,3,2
"NAP1L4P3",11,10,7,17,8,25,5,8
"ASH1L-AS1",14,11,22,9,13,12,5,5
"ACY1",15,7,14,5,12,15,13,10
"LOC101927863",12,8,14,8,19,18,8,4
"PLEKHH1",19,12,9,1,14,18,11,6
"ARR3",1,3,17,10,25,17,10,7
"KLRG1",23,3,14,5,8,15,14,8
"SH3RF2",7,9,8,6,16,19,7,18
"CXCL5",2,7,7,13,25,28,3,5
"C1QL3",17,15,11,13,14,10,7,3
"DEPDC4",18,8,15,9,6,9,12,13
"MFSD2A",2,9,9,4,13,43,5,5
"SLC25A10",16,12,11,4,10,22,8,7
"SOWAHD",3,17,13,5,16,30,2,4
"OVCH1",5,6,14,15,12,24,5,9
"HES4",16,29,8,4,4,15,3,11
"SAMD13",23,7,16,4,14,9,14,3
"PSMB8-AS1",10,6,17,7,15,10,13,12
"LINC01121",14,10,10,2,13,10,17,14
"BAZ2B-AS1",13,10,14,7,16,12,12,6
"PSPHP1",0,0,47,42,0,0,1,0
"RPS6P1",22,15,6,5,5,10,14,13
"DENND3-AS1",12,3,17,2,18,16,13,9
"ALDH5A1",8,8,17,7,12,14,14,9
"SLC45A3",9,11,9,6,22,10,16,6
"SKA3",16,12,10,10,8,8,10,15
"DNAAF8",10,9,13,3,13,16,12,13
"CD163",0,13,2,10,1,52,1,10
"ADH4",2,2,10,21,8,35,7,4
"MTCP1",8,12,16,6,7,15,11,14
"FAM88E",11,16,12,7,14,6,12,11
"ALG1L2",11,7,15,7,12,18,9,10
"LINC02361",20,5,13,4,25,15,3,4
"TAF7L",13,22,13,4,11,5,13,7
"OGFOD2",7,10,11,2,22,14,10,12
"WFDC3",18,13,27,6,3,5,3,13
"LMTK3",7,6,9,8,18,17,12,11
"CCR1",15,3,31,4,8,7,16,4
"RET",17,9,10,2,13,10,17,10
"MYO1H",6,11,11,3,12,29,11,5
"NAP1L1P3",6,13,11,5,14,21,6,12
"RPS27AP11",11,8,18,5,10,19,7,10
"PRDM6-AS1",10,7,15,9,13,13,8,13
"LOC124904039",7,8,14,3,16,23,8,9
"VIM-AS1",9,12,17,6,5,22,9,8
"LINC01265",10,14,11,5,13,11,8,16
"RHOQ-AS1",15,9,12,6,16,13,11,6
"METTL24",23,8,23,6,2,3,12,10
"LDB3",6,8,9,8,14,17,9,16
"NPAS1",12,4,17,5,7,16,13,13
"FAM241B",25,8,18,12,8,6,5,5
"FGFBP3",17,7,15,6,10,6,19,7
"UCP3",11,14,9,10,13,12,7,11
"NDUFA13",6,11,17,5,9,20,6,13
"RPL26P6",10,6,11,5,14,18,11,12
"CYLD-AS1",7,7,15,13,12,16,4,13
"LOC124904535",12,8,10,2,20,17,12,6
"MAP2K5-DT",10,5,22,4,14,12,14,6
"THSD7A",9,7,6,8,9,20,12,15
"LAMP3",36,23,13,1,2,5,4,2
"EFR3B",20,3,14,0,15,3,26,5
"SPATA1",9,9,8,11,10,16,13,10
"LRRC39",8,17,10,8,13,12,7,11
"BHMT",8,13,10,2,21,19,6,7
"ANKRD61",10,7,13,4,21,16,10,5
"AKR7A3",15,10,11,2,12,17,9,10
"AKNAD1",8,17,10,5,8,16,7,15
"CDS1",4,3,25,7,12,13,9,13
"UBQLNL",12,10,11,9,14,16,6,8
"HASPIN",11,7,6,12,7,13,11,19
"AURKB",8,12,12,10,9,7,15,13
"ZNF467",22,8,10,8,15,4,11,8
"ZNF724",13,6,19,3,13,8,14,10
"ZNF165",6,5,21,7,16,13,11,7
"NOTCH4",10,12,12,3,15,13,10,11
"CCDC169",12,9,12,2,10,15,15,11
"VSIG8",20,11,11,1,17,17,6,3
"CFAP57",0,1,11,8,14,36,7,9
"FAM218A",21,8,21,8,4,2,14,8
"LINC01140",21,16,10,5,3,5,10,16
"PNCK",9,10,8,1,19,17,12,9
"ZMYND15",14,10,7,6,5,20,15,8
"HHIPL2",7,5,11,2,30,9,16,5
"RASGRP3",2,5,11,10,4,29,10,14
"MST1R",25,14,17,5,2,4,7,11
"TMEM71",7,7,15,3,16,25,6,6
"SLC25A18",9,12,7,10,12,14,8,13
"H3C14",5,6,15,9,17,15,10,8
"H3C15",5,6,15,9,17,15,10,8
"RPL26L1-AS1",8,3,17,14,12,17,7,7
"SEPTIN2P1",15,10,11,5,14,19,7,4
"OGFR-AS1",10,9,10,6,7,23,8,12
"LINC01554",1,12,9,9,13,22,5,14
"ERICH6-AS1",6,7,12,5,15,13,13,14
"RPL5P12",8,12,12,6,12,15,9,11
"LIMS4",1,7,2,1,25,48,0,1
"RLIMP3",10,9,10,8,16,14,8,10
"AARSD1",12,14,14,4,13,12,10,6
"LINC03111",4,9,7,12,12,18,7,16
"SPMIP1",5,12,7,11,11,16,11,12
"FGFR3",17,22,8,4,3,7,10,13
"PPP2R2C",7,8,9,24,8,5,9,14
"TULP2",12,16,8,5,10,17,7,9
"CHN2",16,4,20,5,7,14,8,10
"RAMP3",50,2,15,2,1,0,14,0
"HTR2B",8,4,21,11,8,15,12,5
"LBX2",12,8,12,3,9,9,20,11
"HOATZ",4,8,16,18,4,17,3,14
"MTCL3",15,8,14,5,13,17,5,7
"BCRP3",2,6,6,18,3,37,2,10
"FTCDNL1",14,7,20,7,6,5,14,11
"C2-AS1",18,5,22,5,17,8,4,5
"UBE2FP3",8,7,14,6,10,19,11,9
"CCDC188",10,8,10,7,4,20,7,18
"CCDC200",10,6,14,4,14,13,15,8
"LNCOC1",8,6,11,2,24,8,19,6
"OTULIN-DT",11,5,22,9,11,11,9,6
"TF",6,1,13,3,19,10,10,21
"CRYGN",3,3,15,11,3,30,11,7
"SLC7A10",15,10,6,7,6,17,10,12
"HTR7",10,24,1,1,9,17,2,19
"C16orf89",14,3,6,4,30,15,6,5
"NTN3",17,5,12,4,7,11,17,10
"FCRLB",18,11,15,3,7,9,10,10
"HID1",12,6,13,13,13,11,6,9
"AFAP1L2",33,4,9,3,12,2,14,6
"IQANK1",6,7,17,10,10,17,8,8
"HCG27",12,6,11,8,15,7,15,9
"TNRC18P2",7,12,9,10,16,16,8,5
"PGA4",4,2,34,15,17,4,4,3
"LINC00242",11,16,12,3,12,7,13,9
"KANTR",9,10,9,6,12,15,15,7
"HNRNPA1P49",10,5,11,8,13,13,13,10
"MYH13",4,35,0,1,5,17,0,20
"CSF3R",2,1,4,3,1,0,19,52
"EMC6",13,4,8,7,14,13,11,12
"GNAZ",11,13,8,7,4,18,13,8
"PODXL",4,1,15,6,16,12,15,13
"STAT4",3,3,9,3,16,24,15,9
"AMDHD1",11,12,11,7,13,4,15,9
"C9orf43",16,9,9,10,19,11,1,7
"C9orf50",7,3,14,5,16,17,12,8
"WDR97",5,8,11,5,12,26,8,7
"AIFM3",10,12,8,7,9,8,11,17
"KANK3",14,15,14,3,2,11,7,16
"CDHR4",5,6,18,9,6,10,11,17
"SLC28A3",9,6,7,6,20,21,11,2
"SULT1C2",15,5,21,4,12,7,14,4
"AKR7L",10,15,5,7,7,20,9,9
"RPS18P2",28,16,5,3,10,11,4,5
"ELFN1",9,4,6,0,38,18,7,0
"SDCBPP3",14,9,8,8,13,6,14,10
"FAM138A",18,6,19,4,8,6,14,7
"GET4",12,8,13,3,10,17,10,9
"EIF4EBP3",10,12,12,8,5,16,11,8
"IL20RA",17,10,12,3,5,1,22,11
"MYO16",7,11,5,9,4,20,4,21
"C1QTNF3",8,10,13,8,13,9,6,14
"CDC45",20,11,4,3,13,21,6,3
"ASB3",15,9,15,8,10,10,5,9
"DNAI7",12,7,20,5,8,9,16,4
"EFNA3",12,12,14,4,11,14,8,6
"ATP6V1C2",7,8,11,10,8,20,9,8
"TENM2",2,10,3,8,3,13,18,24
"BMP3",4,5,10,13,11,13,15,10
"SPDYA",12,9,14,7,10,7,14,8
"H2AC20",6,14,10,4,10,18,7,12
"PSMD2P1",10,13,10,8,11,8,13,8
"RPL31P49",14,21,5,2,12,17,5,5
"TMEFF1",11,10,7,6,6,7,9,25
"PCDHGC4",8,7,15,7,17,8,10,9
"DHCR7-DT",13,12,11,5,6,5,12,17
"PXN-AS1",12,3,15,3,19,10,13,6
"LINC00924",0,0,0,11,16,49,0,5
"LOC107984262",17,5,16,3,9,4,21,6
"NOX1",10,11,8,9,12,17,4,9
"ARG2",8,18,8,6,8,21,6,5
"SLC27A6",6,15,3,1,9,22,12,12
"LYG1",8,8,11,7,14,13,9,10
"EME1",16,11,15,5,15,7,6,5
"TEDC2",18,9,14,7,9,7,6,10
"CCDC110",18,7,8,2,16,8,17,4
"FABP4",0,3,0,8,4,50,2,13
"LRRC25",6,0,26,2,27,1,15,3
"AKAP5",5,6,7,8,18,26,4,6
"HSP90AA6P",7,4,12,4,17,17,9,10
"SLX1B",14,10,5,7,15,8,12,9
"FAM111B",17,8,6,3,20,14,9,3
"PRR22",8,13,9,5,10,11,8,16
"SNORD17",13,18,11,5,3,12,9,9
"LOC100130357",10,8,10,4,11,13,16,8
"SATB2-AS1",6,11,4,4,13,13,12,17
"APCDD1L-DT",12,2,9,1,12,7,27,10
"LINC01134",9,8,8,7,16,14,10,8
"ZNF594-DT",11,9,16,3,10,9,16,6
"NDUFA7",5,14,13,8,10,16,8,6
"MADCAM1",9,9,11,7,6,11,11,15
"MEOX2",4,4,4,6,13,21,7,20
"PEX5L",7,4,10,7,11,8,19,13
"WDR88",10,4,22,9,8,9,11,6
"NR0B1",52,5,7,1,8,1,5,0
"EPHX4",7,3,7,5,26,22,7,2
"ACOXL-AS1",14,8,7,11,12,9,7,11
"DCDC2B",7,10,15,8,11,11,9,8
"SMIM27",15,5,13,6,11,9,7,13
"RUFY1-AS1",8,11,8,4,20,15,8,5
"AGA-DT",26,19,10,4,5,10,2,3
"TLL1",12,5,37,9,7,8,0,0
"IQSEC3",8,3,7,5,12,8,20,15
"ENAM",7,3,18,8,12,13,8,9
"RERG",4,8,3,2,16,16,12,17
"EPHB1",8,3,16,7,9,12,13,10
"PPM1J",7,9,12,7,9,21,6,7
"ENPP6",11,10,22,7,5,4,12,7
"OTUD7A",14,11,8,3,6,10,11,15
"NME9",9,13,9,8,7,17,4,11
"ATP2A1",5,10,10,5,14,11,8,15
"LOC100421093",8,7,10,7,16,21,5,4
"CACTIN-AS1",3,7,12,6,10,9,12,19
"LINC01204",4,11,19,7,11,10,14,2
"CEACAMP10",5,1,40,9,12,7,4,0
"TNFRSF10A-DT",6,7,10,5,10,17,12,11
"GLTC1",4,13,13,3,15,23,3,4
"AP1G2-AS1",16,9,15,6,8,13,7,4
"EEF1A1P22",14,9,9,6,13,11,9,7
"CEROX1",11,1,19,2,10,8,21,6
"RAET1E-AS1",12,14,12,4,6,13,10,7
"CX3CL1",5,6,2,3,3,15,12,31
"CD27",5,6,18,8,14,9,8,9
"HAND2",1,16,1,2,11,20,8,18
"C16orf46",7,5,18,2,11,14,18,2
"TAC3",11,7,9,5,22,13,7,3
"CD7",6,15,8,7,7,10,5,19
"RPL23P2",8,7,14,6,13,13,9,7
"GPR35",6,5,13,6,14,12,10,11
"KIAA1671",8,4,12,4,16,17,10,6
"SCGB2B2",9,5,14,12,12,11,5,9
"RPS12P29",15,28,6,4,5,11,5,3
"SEC14L6",3,5,1,1,7,8,24,28
"LINC01465",9,5,9,8,14,13,9,10
"RPS6KA2-IT1",5,8,6,5,12,29,5,7
"RPS6P25",17,30,5,5,4,11,3,2
"ERVW-1",6,8,22,2,10,10,10,9
"CRNDE",16,13,7,4,16,5,7,9
"LINC02223",8,5,21,6,11,9,10,7
"LOC728488",9,7,13,6,21,10,3,8
"PGA5",8,3,31,10,15,3,5,2
"TTC39C-AS1",8,18,5,7,5,13,4,17
"TTC39A",4,8,16,6,19,12,8,3
"MIA2",9,13,11,4,5,9,8,17
"SERPINF2",4,16,8,11,4,7,7,19
"TSGA10IP",15,5,11,7,18,3,11,6
"SMCO3",3,4,17,10,13,9,10,10
"RHCE",12,3,19,5,6,10,13,8
"PLN",2,0,2,1,8,56,4,3
"FAM138C",15,5,16,5,8,5,13,9
"RPS2P14",7,8,9,10,8,11,5,18
"HNRNPA3P10",6,5,14,7,16,18,7,3
"FAM184A",15,10,11,3,8,6,15,7
"FOXA1",5,9,12,1,11,7,23,7
"NRL",9,7,15,8,9,13,5,9
"LRATD2",22,8,6,0,18,5,9,7
"ZNF442",10,12,20,4,9,4,8,8
"HNRNPA3P12",16,19,4,5,7,12,5,7
"RPS10P6",14,16,14,2,10,12,4,3
"RASAL2-AS1",2,5,11,16,10,16,7,8
"GPS2P1",10,10,10,8,14,10,8,5
"FER1L5",10,5,16,4,12,7,9,12
"NTAN1P2",14,9,8,5,14,4,9,12
"B4GAT1-DT",12,10,14,6,5,13,9,6
"LOC119746555",12,8,8,10,10,9,4,14
"LOC730183",7,12,17,5,9,9,15,1
"NRN1",5,1,26,12,5,5,11,9
"TMEM169",12,3,15,4,18,7,9,6
"DIPK1B",9,4,9,4,7,14,12,15
"SLC23A1",8,5,12,5,10,17,10,7
"NOL11P1",12,7,7,7,12,13,3,13
"KEL",6,2,22,12,10,8,11,3
"PKMP3",12,2,12,3,16,6,16,7
"LINC00240",2,6,10,8,9,15,13,11
"LOC101927745",5,6,4,2,22,13,12,10
"PHB1P9",11,7,9,4,17,14,7,5
"LINC01273",9,7,5,7,7,11,16,12
"PSMC2P1",16,4,8,2,14,15,8,7
"RPL5P30",4,4,11,9,8,11,20,7
"FLNB-AS1",11,7,8,7,9,18,7,7
"TMEM183AP2",7,7,12,2,15,19,3,9
"SUGT1P4-STRA6LP",6,13,14,2,11,14,6,8
"LINC01915",11,3,19,7,2,0,18,14
"MPPED2",14,11,12,2,0,0,26,8
"CHD5",9,10,16,9,5,10,6,8
"RAB39B",14,10,19,4,3,1,17,5
"LRRIQ3",6,7,1,2,19,23,5,10
"KRABD2",14,3,9,6,13,14,5,9
"RHD",14,10,20,3,12,12,2,0
"PRR19",16,8,14,2,16,5,7,5
"OR7E36P",5,8,9,4,12,19,7,9
"CAPN14",14,8,10,2,9,9,10,11
"INHBA-AS1",3,5,16,7,12,17,9,4
"ARHGAP29-AS1",5,5,9,7,2,7,12,26
"HDAC2-AS2",17,8,10,8,6,8,8,8
"LINC03033",5,5,15,4,13,17,9,5
"LOC127814295",9,5,12,5,11,17,8,6
"RPL23AP42",9,11,15,4,7,14,8,5
"PPATP1",13,6,3,3,16,16,9,7
"KIAA1191P2",1,2,12,12,6,27,2,11
"LINC02352",5,11,6,14,3,14,3,17
"LOC105371240",16,10,11,3,10,9,8,6
"MGC12916",8,7,10,8,7,17,9,7
"BMS1P4",9,5,9,5,9,13,15,8
"IMPG2",9,7,11,5,10,6,15,9
"SGK2",11,5,13,8,18,6,8,3
"BMP8B",8,10,12,8,4,5,10,15
"DGKB",0,0,21,1,25,1,20,4
"INA",5,11,10,9,11,17,6,3
"SLAMF8",10,4,4,9,14,12,9,10
"EGFLAM",5,7,11,5,6,4,17,17
"RAET1E",9,2,24,12,8,3,11,3
"LDHD",7,7,8,8,5,18,3,16
"AMY1B",10,12,7,11,2,11,4,15
"CIITA",14,5,15,6,17,7,6,2
"C3orf70",7,6,17,12,6,10,9,5
"HBA2",15,2,25,4,7,3,14,2
"FLVCR1-DT",7,3,29,11,3,7,6,6
"SRRM2-AS1",7,5,18,7,9,8,12,6
"MIR27B",4,2,4,8,13,26,7,8
"MIR221",8,4,6,3,10,15,10,16
"SSU72-AS1",7,8,12,6,8,13,11,7
"LINC02897",9,8,12,5,11,10,10,7
"RPL31P63",24,19,6,2,1,14,3,3
"OSGEPL1-AS1",8,5,3,7,5,20,8,16
"HSP90B2P",14,9,6,3,11,15,7,7
"RNF213-AS1",9,9,11,3,9,16,9,6
"LOC100996361",10,9,10,3,14,9,8,9
"RAP1GAP",5,7,14,3,9,14,5,14
"CATSPERG",9,4,7,9,4,23,6,9
"PLS1",6,2,20,4,16,8,8,7
"LRFN1",10,8,13,4,14,11,6,5
"GNAT2",13,10,7,0,17,12,5,7
"C1orf162",9,11,9,5,8,12,9,8
"CXADR",17,4,5,6,16,14,8,1
"GPR146",7,3,9,2,6,29,5,10
"TAS1R3",11,5,9,4,12,10,8,12
"FAM177B",7,11,4,12,9,14,7,7
"PVRIG",9,6,11,2,10,14,9,10
"LAMTOR5-AS1",6,6,17,7,10,7,8,10
"LINC02941",6,13,7,11,2,6,6,20
"DUX4L26",3,2,20,9,4,10,9,14
"PRKG1-AS1",7,4,14,8,15,9,10,4
"NME2",8,14,10,3,10,10,6,10
"PRDM8-AS1",3,6,16,4,15,20,2,5
"ZBED3-AS1",15,7,18,7,8,6,7,3
"LINC02739",4,10,13,10,5,12,10,7
"ITGB8-AS1",7,15,13,11,7,8,2,8
"SPTB",8,4,13,3,7,13,8,14
"SALL4",14,13,16,3,8,9,7,0
"ADAP1",2,2,9,20,4,15,3,15
"SGCA",4,5,19,13,8,6,7,8
"MAK",6,8,15,3,13,9,10,6
"AGMAT",4,12,6,5,16,14,6,7
"NAPSA",13,13,9,4,8,8,7,8
"ASGR1",14,7,14,3,10,13,7,2
"GLIPR1L1",7,7,9,5,12,11,14,5
"C18orf32",16,9,10,6,2,11,9,7
"SNORC",13,10,5,6,10,10,10,6
"VMO1",8,15,11,4,2,8,14,8
"WBP2NL",4,8,18,4,13,9,8,6
"NUTM2G",10,5,10,6,14,11,7,7
"PPP1R14C",15,15,12,3,5,12,6,2
"STUM",1,6,3,7,2,36,2,13
"RPL23AP3",9,7,12,8,10,14,6,4
"OR1H1P",16,9,2,0,13,14,11,5
"ATMINP1",7,12,19,3,8,7,6,8
"SETSIP",6,10,3,3,9,12,15,12
"RPL21P125",6,9,10,5,12,7,15,6
"ACSM3",4,6,12,10,9,10,12,6
"CELSR1",4,0,12,2,21,16,11,3
"SLC7A4",9,6,21,6,3,10,8,6
"CORO1A",13,3,16,3,9,8,13,4
"CORO2A",4,8,17,9,6,9,8,8
"MLANA",5,8,10,4,13,11,8,10
"KCNH5",5,5,35,2,1,2,16,3
"NTN5",10,2,14,2,16,12,7,6
"ACSL6",10,11,9,4,3,9,11,12
"HOXC9",0,2,4,9,16,17,11,10
"WDR86",4,9,10,9,8,16,9,4
"DNER",0,18,9,8,6,19,2,7
"TOGARAM2",2,5,16,34,3,0,6,3
"BLM",12,4,15,3,8,4,10,13
"SEMA3F-AS1",12,8,13,5,10,11,5,5
"AMY1A",10,10,7,11,2,10,4,15
"RPL5P23",13,16,8,0,9,14,7,2
"LINC01260",9,5,12,7,15,11,6,4
"YPEL3-DT",3,10,8,18,8,7,7,8
"STAU2-AS1",16,4,15,5,12,4,9,4
"LINC02104",8,8,8,4,13,15,6,7
"ADGRF5",0,0,1,0,21,44,0,2
"CRISPLD1",17,9,12,9,0,0,6,15
"ADAMTSL3",6,4,6,9,7,3,16,17
"CABP1",15,2,5,2,7,10,10,17
"FUT2",8,7,12,4,18,8,8,3
"GIPC3",8,11,7,9,4,6,13,10
"SCOC-AS1",12,11,9,10,9,5,7,5
"SULT1A2",11,8,12,4,12,7,9,5
"TMEM191C",9,11,9,4,5,8,7,15
"TMEM253",17,16,10,1,7,5,7,5
"RPP21",8,10,14,1,11,11,5,8
"PSG11",5,3,33,12,3,2,6,4
"MISFA",6,8,12,11,6,11,5,9
"RTEL1",14,6,10,6,14,5,5,8
"ITGA2B",5,11,12,3,7,5,14,10
"BAIAP3",5,8,7,5,12,12,7,11
"ORC1",7,9,7,4,11,12,12,5
"LAT2",9,6,10,9,9,15,6,3
"NLRC4",3,4,13,9,8,11,11,8
"ARFGEF3",14,10,10,3,5,14,5,6
"CCDC181",15,5,6,5,14,13,4,5
"CHRNA10",7,11,6,4,13,17,4,5
"GPS2",6,13,10,4,5,12,12,5
"SLC22A3",5,32,1,1,12,11,1,4
"ANKLE1",10,9,4,3,11,15,7,8
"PDE9A",20,14,16,5,5,4,2,1
"IL24",0,3,1,4,12,41,1,5
"ABCG4",6,6,11,4,14,12,6,8
"ACOT4",5,26,7,4,3,4,4,14
"C11orf87",13,18,9,2,2,8,12,3
"CATSPERH",10,6,12,12,8,7,5,7
"AMY1C",10,9,7,11,2,9,4,15
"LEKR1",5,10,12,5,8,18,8,1
"ZGLP1",4,5,13,10,11,10,5,9
"LINC00452",0,4,0,8,18,35,0,2
"RPL23AP5",9,7,13,3,7,11,11,6
"PTPRG-AS1",6,6,11,5,16,10,7,6
"RN7SL737P",7,11,6,10,11,9,11,2
"LOC101928053",10,5,13,6,8,5,11,9
"TGFBR3L",6,7,4,6,11,19,6,8
"PLEKHG6",7,12,4,3,11,19,5,5
"PRKCZ",6,9,11,8,11,9,6,6
"SLC12A1",2,4,14,1,21,16,5,3
"TFAP2C",9,18,12,13,3,4,5,2
"SLCO4A1",8,5,9,4,15,7,13,5
"DRC5",7,8,20,6,5,2,8,10
"FGF17",10,7,12,8,10,7,6,6
"CEP295NL",11,5,15,1,8,12,6,8
"LINC00652",14,10,9,4,5,5,13,6
"TPRG1",6,7,15,16,4,1,8,9
"HOXA4",8,6,15,5,11,8,6,7
"LOC124901526",2,10,6,7,15,15,1,10
"C1GALT1C1L",8,7,6,10,7,16,7,5
"SFTA1P",3,7,1,8,8,16,3,20
"LRRC8C-DT",8,13,12,10,8,8,3,4
"RPS2P32",11,10,7,4,8,14,7,5
"MYLK-AS1",11,7,11,7,7,11,5,7
"HSPA2-AS1",13,3,7,6,10,12,6,9
"BOLA2-SMG1P6",4,9,12,4,10,12,5,10
"DPY19L3-DT",8,5,5,12,11,9,12,4
"MCTS2",10,9,9,4,11,14,7,1
"NKX3-2",4,8,18,8,10,2,6,9
"RBP4",8,13,5,3,3,5,11,17
"CDKL2",9,4,10,3,11,5,10,13
"TMED6",6,7,7,1,14,18,10,2
"ZNF66",7,5,8,4,12,16,7,6
"ZNF208",12,6,4,3,12,20,6,2
"HIPK4",6,7,8,0,14,13,8,9
"PTGER1",14,2,16,3,4,3,15,8
"PITX2",8,13,4,5,2,2,15,16
"LRFN5",7,7,3,0,1,1,26,20
"MMP10",12,0,4,1,25,6,16,1
"TMEM86B",5,2,10,4,12,13,10,9
"TMEM121B",10,6,5,4,10,10,9,11
"GPR132",13,2,4,3,13,5,16,9
"FZD9",4,2,10,1,12,16,9,11
"MIR17HG",4,11,9,4,8,18,4,7
"ELOA-AS1",8,6,8,1,9,13,13,7
"LINC01275",21,2,13,4,5,5,9,6
"NEPRO-AS1",4,7,11,10,9,11,4,9
"ALG1L10P",9,3,16,4,8,12,7,6
"TOLLIP-DT",8,5,12,6,12,9,9,4
"SLC17A7",5,4,9,10,8,11,7,10
"ALDH3A1",3,0,14,2,24,4,14,3
"ASIC2",15,0,16,0,12,4,11,6
"CENPA",6,11,10,6,5,10,6,10
"NEK2",15,15,7,4,7,5,6,5
"KLRD1",2,3,23,7,8,5,11,5
"HSD17B13",4,5,9,6,11,6,9,14
"GPR156",9,3,6,1,14,24,4,3
"CFAP91",13,14,7,3,5,3,9,10
"LCTL",7,3,16,0,18,3,16,1
"RPL31P10",10,8,4,2,19,13,5,3
"PEA15-AS1",9,6,17,1,8,7,8,8
"DCAF8-DT",6,14,3,5,8,16,4,8
"LOC107984948",12,4,9,4,15,7,11,2
"RPS10P4",10,15,6,2,12,9,4,6
"RDM1P1",14,6,5,1,14,11,8,5
"PLP1",13,6,3,3,7,4,12,15
"SFTPD",4,7,11,12,14,11,4,0
"SLC26A7",9,8,9,7,6,8,5,11
"ITIH3",1,5,0,14,9,24,0,10
"NRTN",4,3,8,8,2,12,12,14
"VWA3A",5,3,12,4,10,15,10,4
"C8G",10,8,8,1,11,10,6,9
"RPL15P18",15,7,13,2,8,13,2,3
"EEF1DP1",12,9,4,3,10,10,8,7
"PSME2P1",22,16,8,3,3,2,6,3
"LIFR-AS1",7,3,16,8,3,9,8,9
"MGC16275",7,6,8,3,14,9,8,8
"LINC02482",8,3,8,7,7,14,7,9
"LOC100419574",4,10,8,5,7,16,9,4
"TSPOAP1-AS1",11,1,16,4,11,6,10,4
"VSIG2",1,0,4,7,16,27,4,3
"LAMB4",1,12,6,11,9,8,4,11
"TUBB1",2,4,3,2,21,28,1,1
"ZDHHC15",16,9,11,2,2,5,9,8
"KYNU",14,12,3,2,13,7,4,7
"FBXO15",8,4,12,7,8,5,10,8
"TSSK3",13,2,9,2,15,9,7,5
"LDHC",1,0,1,0,18,20,9,13
"DYNLRB2",4,15,9,2,4,5,14,9
"LOC102723701",1,8,2,12,4,10,9,16
"SLC4A5",8,4,8,13,7,3,10,9
"SNORA33",6,11,8,4,10,11,7,5
"FOXO6",20,10,16,4,4,0,5,3
"MAGOH-DT",5,12,8,3,12,12,7,3
"SRRM5",11,11,6,6,9,7,8,4
"LOC100505774",8,10,16,4,4,6,8,6
"SMG7-AS1",4,3,14,5,16,7,5,8
"RPL8P5",12,3,2,3,9,18,4,11
"CDRT4",10,2,13,1,16,10,3,7
"LACTB2-AS1",9,7,14,8,5,6,10,3
"LOC100289230",9,6,13,3,6,8,7,10
"IL4I1",9,0,15,1,14,5,13,4
"ACTR3C",8,4,17,2,6,8,7,9
"EREG",0,0,2,2,35,22,0,0
"CCDC62",5,4,11,5,4,10,8,14
"ANKRD31",9,10,15,1,4,6,13,3
"RHPN1",6,5,12,5,8,18,5,2
"LIPT2",6,3,10,6,10,8,7,11
"GPR39",4,7,14,5,7,13,1,10
"DYNLT2",9,6,11,2,11,8,3,11
"TTC34",11,3,14,3,15,9,5,1
"RBISP5",10,6,10,3,11,7,6,8
"TBX18-AS1",4,8,4,10,7,16,7,5
"ITPR1-DT",10,6,10,3,9,11,9,3
"RPS6P10",7,19,9,5,7,7,5,2
"TATDN1P1",10,9,7,6,10,8,6,5
"LINC02997",0,21,0,16,0,6,2,16
"LINC02021",9,2,10,4,8,12,9,7
"PPM1AP1",13,8,10,2,5,8,9,6
"LINC01152",14,8,7,3,11,10,7,1
"LINC02473",18,0,22,1,8,4,7,1
"CETP",10,8,7,4,13,6,7,5
"CHRNE",2,4,18,20,4,6,5,1
"FOLR1",8,5,14,9,9,6,5,4
"CA14",3,4,11,9,7,10,6,10
"A1BG",8,10,12,3,7,5,9,6
"KLHDC7B",20,2,23,1,2,4,8,0
"OLAH",2,10,0,11,1,24,1,11
"GDF6",14,4,16,4,10,6,6,0
"MYRIP",5,3,3,8,8,14,1,18
"FAM162B",2,5,1,1,11,24,6,10
"ANKS1B",5,5,13,9,5,3,9,11
"HEATR4",6,2,7,10,14,7,9,5
"TMC3",12,2,11,2,10,11,9,3
"ZFP92",10,6,1,1,5,21,4,12
"ZDHHC11B",9,11,10,2,5,9,4,10
"RWDD3-DT",5,8,5,4,8,15,5,10
"LMCD1-AS1",6,3,17,6,8,8,10,2
"LINC01483",8,2,14,2,14,5,9,6
"LINC00278",7,7,8,8,9,21,0,0
"SCAND3",6,0,8,6,10,13,9,8
"RPS25P3",8,5,7,4,10,14,6,6
"CD81-AS1",12,2,14,1,8,5,11,7
"RAD21-AS1",10,7,4,3,10,10,10,6
"ZNF252P-AS1",16,5,11,6,5,2,10,5
"CCND2-AS1",8,7,10,8,6,9,8,4
"MIR3179-2",9,12,9,5,4,9,8,4
"ZNF276-AS1",0,16,2,15,4,10,1,12
"ATP6V0D1-DT",11,4,12,6,10,5,9,3
"CLUL1",12,0,18,0,16,1,7,5
"MTMR8",10,4,11,2,6,13,8,5
"GIMAP2",17,14,6,5,1,3,3,10
"NEURL1",5,9,16,6,6,4,7,6
"ZNF410",8,7,12,3,10,8,6,5
"TAS2R5",5,5,13,5,12,7,10,2
"NR6A1",9,6,4,0,18,13,8,1
"OXER1",9,6,10,0,14,9,11,0
"SLC15A2",15,3,10,6,11,5,8,1
"CHD7",10,21,2,6,2,11,1,6
"LPAR3",4,4,3,1,17,18,7,5
"CLCNKB",3,3,10,9,7,9,7,11
"LYPD6",4,4,11,4,16,10,3,7
"FAM47E",7,4,11,2,6,5,14,10
"RPSAP53",16,11,15,8,0,2,4,3
"RPS4XP3",17,23,1,3,2,4,5,4
"TMEM30A-DT",15,7,10,2,5,9,6,5
"ZRANB2-DT",13,4,9,5,8,5,10,5
"LOC100419436",10,6,5,8,5,15,6,4
"KIZ-AS1",6,5,6,4,18,12,2,6
"MIR3936HG",9,3,7,8,9,8,7,8
"REPIN1-AS1",4,5,9,9,9,14,2,7
"RPL7AP63",10,7,11,5,6,5,6,9
"LOC124902629",8,3,19,3,9,8,8,1
"RNA5SP315",6,3,14,5,5,13,9,4
"SLC26A4",11,8,6,7,10,11,4,1
"CENPM",14,6,5,2,11,13,4,3
"SPOCK2",5,10,8,6,6,7,13,3
"GUCA1B",5,2,9,4,17,15,4,2
"PROX1",7,4,7,7,10,11,8,4
"HOXB8",11,10,11,7,0,0,13,6
"TEKT3",16,11,12,2,4,1,10,2
"FNDC11",6,5,14,4,9,3,9,8
"TSKS",8,2,9,4,10,7,7,11
"GNG5B",7,8,6,5,15,7,4,6
"LYVE1",3,5,8,9,5,6,7,15
"SPTA1",19,6,14,1,3,1,10,4
"FHIP1A",1,4,5,8,4,23,1,12
"CES3",10,4,15,3,16,2,6,2
"PRDM16-DT",10,11,11,2,7,4,5,8
"SMIM10L2A",16,6,7,3,5,3,12,6
"SNAI3",5,0,15,2,11,13,6,6
"COL25A1",4,5,3,3,7,8,13,15
"POU2AF3",17,8,12,1,4,6,5,5
"LINC02982",3,8,6,2,5,25,3,6
"CERS1",5,2,11,2,15,4,16,3
"MYO1B-AS1",12,3,9,3,9,13,4,5
"LOC124904411",5,4,12,3,17,6,10,1
"TMPO-AS1",8,2,9,5,9,12,10,3
"LOC101928988",3,1,5,9,1,11,8,20
"HEXIM2-AS2",4,9,10,9,8,7,7,4
"VN1R83P",7,7,8,2,7,15,8,4
"TMEM14B-DT",12,6,10,1,11,11,5,2
"PCSK1N",31,21,1,0,0,2,2,0
"OIP5",5,3,8,6,10,13,7,5
"ADTRP",10,2,8,7,8,13,8,1
"ABCC11",5,4,3,4,17,1,7,16
"CRB1",5,2,17,0,12,6,12,3
"RAB41",5,9,4,1,12,14,6,6
"USP43",6,10,2,7,6,17,2,7
"KRTCAP3",11,6,11,4,9,6,4,6
"OBSCN-AS1",8,12,7,2,12,3,9,4
"CCDC178",16,8,6,1,1,0,22,3
"TTLL6",10,6,7,13,2,12,2,5
"GAP43",9,2,13,3,6,4,8,12
"TCAP",8,8,5,5,8,7,5,11
"STPG3",6,11,8,2,4,8,12,6
"LRRC73",6,11,5,3,8,10,6,8
"NPY4R",4,0,9,1,8,14,17,4
"PCOLCE-AS1",7,5,12,5,11,9,5,3
"LINC00937",7,6,8,6,6,8,9,7
"LINC00954",14,4,17,5,2,1,13,1
"LRRC37A15P",1,2,12,2,12,2,19,7
"ING2-DT",3,6,8,4,6,7,7,16
"HCG25",7,4,7,3,14,9,6,7
"ADAMTSL4-AS2",4,12,6,3,7,7,7,11
"ZFHX4-AS1",6,2,7,6,6,8,14,8
"EFCAB6-DT",7,7,6,8,13,6,4,6
"PGDP1",7,9,7,6,13,7,3,5
"LINC02958",5,9,6,1,14,9,7,6
"LOC107986163",8,2,17,3,12,5,7,3
"CDC37L1-DT",7,6,5,3,9,10,8,9
"NEBL",2,34,3,2,0,1,1,13
"CHKB",3,8,5,6,15,9,7,3
"TP53TG5",11,8,4,3,11,10,4,5
"LRRC61",7,3,12,2,5,7,10,10
"AUNIP",7,2,12,6,9,8,7,5
"MCHR1",16,0,13,0,11,1,15,0
"B4GALNT1",4,8,3,4,12,18,3,4
"SSC4D",5,7,11,4,14,7,4,4
"KCTD14",2,3,10,5,10,15,5,6
"MEI1",5,0,12,9,10,9,6,5
"ZNF257",10,7,12,6,2,4,10,5
"CDKL4",2,12,7,7,7,6,6,9
"RNA5SP317",10,5,6,1,9,9,12,4
"RPS8P10",12,8,8,3,6,6,5,8
"FAM41C",8,3,13,3,3,12,10,4
"CCDC192",3,8,5,4,9,10,9,8
"ELN-AS1",9,11,5,7,4,2,5,13
"RNF224",11,8,4,4,6,11,7,5
"HMGB1P31",6,6,11,5,14,7,6,1
"DOCK7-DT",9,3,8,5,7,10,5,9
"IFITM4P",1,5,6,2,15,5,11,11
"PITPNA-AS1",9,3,9,3,4,15,6,7
"LNCSRLR",8,4,8,3,10,17,3,3
"UPK3B",8,7,7,6,6,9,7,6
"C8orf34-AS1",4,2,14,11,3,9,8,5
"KRT8P46",10,6,10,2,7,8,3,10
"SMIM14-DT",8,2,14,3,9,10,7,3
"MIR4733HG",8,5,6,3,9,8,9,8
"INSIG1-DT",21,3,16,2,7,3,3,1
"RRAGD",4,15,6,3,7,8,5,7
"CLXN",9,6,6,5,12,12,4,1
"MCM10",7,5,6,4,12,8,8,5
"MGAT4A",12,11,2,2,3,6,12,7
"RSPH4A",8,1,15,4,9,7,7,4
"ACTL8",2,2,0,0,42,6,3,0
"SPART-AS1",0,9,14,7,6,6,4,9
"RIBC2",6,0,6,2,14,10,6,11
"RAMP2",8,6,5,5,6,9,3,13
"C6orf52",10,5,4,2,6,6,13,9
"RAB4A-AS1",5,4,12,3,8,11,5,7
"IGSF22",12,12,5,5,1,3,5,12
"NOG",3,9,7,6,2,19,1,8
"MIR647",5,10,8,1,11,11,7,2
"LOC107985876",2,6,4,5,3,20,5,10
"AHI1-DT",10,2,15,4,5,5,11,3
"LINC02613",17,7,14,3,3,0,4,7
"LINC02102",6,3,9,2,12,14,6,3
"USP38-DT",7,3,14,2,9,6,8,6
"BACC1",12,7,10,2,5,6,8,5
"HIF1A-AS3",2,7,7,2,6,29,2,0
"TTC23-AS1",7,3,8,2,10,7,10,8
"MAFG-AS1",7,9,7,2,5,11,8,6
"CEACAM16-AS1",10,5,18,1,4,6,6,5
"FAM193B-DT",5,4,9,5,6,13,7,6
"MYBL2",3,9,12,7,10,4,6,3
"BPI",5,3,16,5,6,3,12,4
"FBXO24",5,5,19,3,7,4,9,2
"ABHD12B",9,6,9,2,8,11,4,5
"TROAP",9,9,7,7,7,9,2,4
"KIAA0319",9,5,7,0,21,6,3,3
"SYCP3",6,3,13,2,4,9,9,8
"AK7",6,9,11,3,4,8,5,8
"ANKRD1",0,2,0,2,2,45,1,2
"TMSB15A",15,6,9,5,3,3,7,6
"DYNC1I1",4,4,14,15,5,2,6,4
"TTYH1",6,16,6,6,5,7,5,3
"RAB37",3,9,7,3,11,8,6,7
"RPS16P1",4,9,5,3,7,6,12,8
"KCNB2",22,5,17,1,4,0,4,1
"MACC1",3,4,17,3,11,7,4,5
"NKAIN2",0,2,5,4,10,27,0,6
"KIAA0408",1,2,7,8,12,5,4,15
"GMNC",0,2,5,1,8,26,4,8
"LINC01697",1,0,31,18,0,0,1,3
"ECI2-DT",5,2,12,4,9,8,9,5
"RPS3AP34",9,3,11,6,7,10,3,5
"NSMCE1-DT",5,4,10,1,18,9,5,2
"FZD4-DT",5,5,11,7,3,12,4,7
"LCMT1-AS1",9,5,11,8,6,7,5,3
"BCAP31P1",8,4,8,1,20,8,2,3
"TEN1-CDK3",8,13,5,3,7,8,7,3
"RPL10P15",12,7,6,5,7,9,4,4
"WNT16",4,6,22,10,2,1,5,3
"ACRBP",7,4,11,2,11,7,5,6
"DNAH6",13,6,7,4,12,9,2,0
"TMEM255A",8,9,11,6,8,2,3,6
"KL",5,5,18,12,5,4,4,0
"HTR1B",0,4,0,0,5,36,1,7
"C7orf25",3,5,10,6,10,6,6,7
"CDH18",9,0,3,1,8,5,12,15
"CLTRN",2,4,9,5,9,8,11,5
"STAR",12,12,9,0,5,7,5,3
"GAS2",7,3,13,4,4,9,7,6
"SRSF12",8,11,6,3,1,7,11,6
"FREM1",7,9,3,13,1,1,10,9
"HTRA4",0,2,4,8,0,5,9,25
"PSG6",3,1,31,7,2,3,3,3
"NRROS",10,4,8,4,5,7,8,7
"FOXG1",4,12,2,2,6,24,0,3
"TMEM221",3,4,10,4,10,9,11,2
"RPL7P57",2,8,7,5,8,11,3,9
"NCBP2-AS1",8,5,6,6,10,7,2,9
"MCFD2-AS1",8,4,11,3,14,7,3,3
"ITGB1-DT",4,5,5,4,5,16,6,8
"TTLL1-AS1",10,9,7,4,3,9,6,5
"SNORA59B",8,4,3,6,7,10,1,14
"LINC03140",0,7,1,20,2,9,2,12
"SNHG21",4,11,8,3,10,9,6,2
"LOC101927702",7,11,9,4,4,9,3,6
"STX16-NPEPL1",8,7,5,7,4,13,4,5
"CD44-DT",9,1,6,5,13,7,7,5
"C16orf95",4,2,6,8,6,18,2,7
"LRRC7",6,3,12,3,6,7,7,8
"TACR2",10,5,5,2,9,11,5,5
"ITM2A",2,3,0,1,1,2,19,24
"SCNN1A",5,3,10,4,7,8,6,9
"SOHLH2",10,5,6,9,2,4,10,6
"PKMYT1",9,9,4,2,2,7,8,11
"KANK4",8,2,30,1,2,1,8,0
"SLC25A52",7,8,6,6,8,7,6,4
"LY6K",2,3,5,2,15,11,9,5
"UBXN10",2,2,21,6,0,2,14,5
"CIMAP1C",7,4,15,0,9,3,7,7
"SDR42E1",0,2,8,5,6,9,16,6
"RPL10AP7",5,9,2,4,11,13,5,3
"DMTF1-AS1",4,8,8,7,7,9,7,2
"ZNF277-AS1",4,6,5,4,12,12,3,6
"ERVMER34-1",2,5,5,9,1,20,0,10
"ANKRD18B",1,1,3,0,24,10,6,7
"RPL7L1P9",8,2,7,3,10,15,5,2
"ZNF747-DT",3,5,7,4,11,9,9,4
"BTBD3-AS1",2,6,7,7,7,8,7,8
"DDX10P1",3,4,3,2,17,21,1,1
"NFIA-AS2",0,5,4,19,2,11,1,10
"RN7SL81P",9,5,9,2,9,7,10,1
"NADK2-AS1",6,2,5,3,10,11,10,5
"LETR1",0,3,1,3,21,17,3,4
"FAM138E",9,3,11,2,7,5,11,4
"HNRNPKP1",2,7,7,2,6,18,4,6
"LOC100289518",6,6,7,0,10,9,7,7
"LOC107984761",4,1,8,0,23,12,3,1
"LINC01960",7,11,10,9,0,7,6,2
"ECI1-AS1",3,2,9,9,14,5,5,5
"ZNF460-AS1",10,3,5,4,9,7,8,6
"TUBA3D",10,5,2,4,11,3,9,7
"GGTLC2",4,6,12,6,3,13,4,3
"F12",3,5,5,3,12,16,5,2
"SLC10A6",9,2,18,7,2,3,5,5
"CCDC81",6,2,8,3,8,16,4,4
"AMZ1",7,2,8,2,9,2,11,10
"NANOS3",11,4,7,5,10,4,4,6
"C10orf105",6,1,17,3,3,12,5,4
"GTF2IP14",8,2,13,2,10,9,4,3
"BCL2L2-PABPN1",5,10,3,5,8,7,6,7
"MAPK8IP1P1",9,3,3,0,17,12,5,2
"PLCE1-AS1",0,1,2,16,0,22,1,9
"ACHE",5,3,10,2,9,4,7,10
"AMBP",1,6,9,3,10,12,4,5
"CFHR3",2,1,6,4,5,20,5,7
"RHBDL3",14,7,6,1,2,4,12,4
"SH2D6",3,5,7,5,8,3,8,11
"CADPS",24,19,0,1,2,3,1,0
"AQP7",2,1,7,0,12,7,20,1
"RSKR",6,4,8,3,10,10,3,6
"FBXL22",5,6,11,2,4,12,3,7
"H3C4",4,2,10,2,12,12,4,4
"SYCE1L",7,14,6,2,5,4,6,6
"VN1R103P",5,1,12,5,7,7,7,6
"RPS19P1",13,12,4,2,6,7,3,3
"COL28A1",2,12,4,10,1,4,2,15
"XKR9",1,2,5,2,8,14,7,11
"DBH-AS1",8,2,11,6,7,5,6,5
"EPHA1-AS1",6,5,6,3,3,16,4,7
"RPL7AP16",4,3,9,3,9,14,2,6
"PRADX",10,4,7,4,4,5,10,6
"PPT2-EGFL8",4,11,4,5,10,6,6,4
"MIF4GD-DT",12,4,5,3,4,8,7,7
"ZNF793-AS1",5,2,9,3,11,7,5,8
"MAN1B1-DT",11,3,6,4,5,8,8,5
"LINC02018",3,7,8,4,6,7,7,8
"CFTR",10,2,9,2,10,6,5,5
"FAM184B",9,1,7,10,3,11,4,4
"MCF2",2,1,4,8,3,23,3,5
"CLEC4A",6,2,10,1,10,9,6,5
"A4GNT",3,6,12,5,0,1,15,7
"PHF24",2,3,7,8,8,3,11,7
"GNMT",5,3,8,5,9,9,4,6
"TNFSF14",7,8,15,5,4,3,3,4
"FAM186B",7,3,5,5,6,9,5,9
"LCP1",18,10,8,1,0,0,8,4
"ANK3",0,1,3,4,18,18,3,2
"ABLIM2",1,1,0,0,4,40,1,2
"BRSK2",6,4,11,2,10,10,4,2
"ANKRD30B",4,2,24,6,5,5,1,2
"SLC25A21",1,6,7,3,7,9,8,8
"AADACL4",3,9,8,7,0,3,5,14
"LINC00571",9,0,9,1,6,9,9,6
"RPS15AP11",4,2,4,2,15,16,4,2
"LINC00987",18,10,15,3,0,0,2,1
"ENPP7P4",3,11,5,3,5,8,8,6
"MINDY2-DT",5,2,8,9,3,9,4,9
"SNX5P1",5,8,9,1,5,6,9,6
"SLC7A11-AS1",6,2,6,0,17,7,9,2
"CDK3",6,2,5,8,8,6,7,7
"LOC728506",15,6,8,2,3,5,0,10
"USP3-AS1",4,4,13,7,8,6,6,1
"LOC100420707",3,1,8,5,11,11,8,2
"ANP32AP1",10,5,6,4,8,4,3,9
"ZFHX3-AS1",5,5,8,3,9,8,6,5
"SERTM2",0,7,0,5,0,2,1,34
"LINC01229",1,2,12,3,4,16,4,7
"LOC115308161",8,0,9,3,8,10,8,3
"CAMK1G",3,3,9,2,9,4,6,12
"DLEC1",9,4,5,2,6,3,5,14
"ENTREP2",4,4,5,2,5,21,4,3
"FZD3",7,8,4,2,5,8,7,7
"SYT5",12,8,6,1,2,5,8,6
"CCNJL",4,5,8,3,19,4,3,2
"PCDH19",3,5,13,4,7,3,8,5
"EFCAB10",7,1,6,2,9,10,7,6
"KIF18B",4,11,7,5,5,7,8,1
"PKP4-AS1",4,5,4,3,6,19,4,3
"HNRNPA1P33",2,3,6,5,3,11,9,9
"ZNF726",9,9,4,3,7,3,9,4
"UBE2D3P3",7,5,7,7,5,3,6,8
"TMEM72-AS1",2,1,4,2,14,9,7,9
"LOC105377134",4,4,6,7,5,10,7,5
"SPTLC1P5",1,3,15,4,9,3,8,5
"SPAAR",2,8,9,3,6,13,3,4
"LOC124907878",10,5,13,5,1,3,7,4
"MIF",4,7,11,8,4,11,2,1
"FLNC-AS1",5,11,8,2,4,9,6,3
"EIF4BP8",7,10,6,6,6,9,2,2
"ARHGAP11B-DT",6,4,11,4,5,5,7,6
"LINC01091",8,8,4,1,6,11,4,6
"SNORA31B",9,8,5,2,3,10,3,8
"ETV3L",9,2,6,5,9,9,6,2
"RPL10P8",11,12,3,2,3,7,5,5
"P2RX5-TAX1BP3",3,6,3,5,6,11,7,7
"PDF",10,6,1,3,6,7,9,6
"DOCK11P1",1,7,13,9,3,8,6,1
"PKD1-AS1",8,4,8,4,11,6,3,4
"SOCS3-DT",4,2,3,1,12,17,7,2
"ATXN7L3-AS1",6,6,4,4,6,11,4,7
"MKNK1-AS1",12,3,5,5,9,6,4,4
"SLC8A3",0,1,0,0,12,34,0,0
"ANKRD7",8,3,5,7,6,11,5,2
"TRPM6",14,5,1,1,9,6,2,9
"TRIM67",8,5,12,3,4,10,3,2
"GCNT7",7,3,9,0,8,12,5,3
"PRRG2",9,6,7,3,6,8,5,3
"REM2",1,1,6,2,6,10,9,12
"IGSF6",9,1,13,3,6,10,3,2
"SYT2",3,2,7,4,12,8,5,6
"ANKFN1",4,3,17,2,4,11,3,3
"CCDC17",5,5,9,2,7,8,5,6
"CLDND2",6,9,3,1,3,6,8,11
"LRATD1",3,4,8,3,3,20,3,3
"TMEM184A",5,3,6,2,6,13,4,8
"IL6-AS1",1,2,4,3,7,17,9,4
"GRIN2A",14,1,4,0,9,0,18,1
"CLCNKA",4,3,12,9,7,5,4,3
"PALM3",5,5,16,4,5,2,4,6
"SKOR1",4,6,4,7,4,8,5,9
"C20orf204",6,8,6,2,4,7,7,7
"ELOVL2",7,6,13,3,9,7,1,1
"MIR210",3,9,3,2,5,17,4,4
"PCDHA4",13,10,5,3,5,4,2,5
"C17orf107",7,3,7,7,4,10,7,2
"RNF212B",6,5,9,2,6,12,4,3
"TOB1-AS1",6,7,6,6,9,7,3,3
"PREP-AS1",2,4,2,2,15,13,5,4
"LINC00513",3,1,14,6,7,10,2,4
"LINC01695",3,4,5,6,8,7,5,9
"FAM138D",9,3,8,1,7,5,11,3
"KRT8P33",6,1,14,0,8,3,9,6
"TSKU-AS1",4,9,2,4,5,11,4,8
"PCDHA3",10,11,2,5,7,5,4,3
"PRMT5-DT",8,6,9,5,6,2,4,7
"PLA2G10FP",0,0,2,0,2,18,12,13
"MIR4737",4,1,9,0,8,14,6,5
"ZNF230-DT",4,5,9,5,6,6,6,6
"DEF6",4,2,6,3,14,8,3,6
"DRD4",8,8,3,5,6,6,4,6
"FGF22",1,9,3,8,1,12,1,11
"PLEK2",6,5,6,3,3,12,4,7
"PTK6",3,4,12,2,5,10,7,3
"TAS2R4",5,10,10,1,7,9,3,1
"MYH15",11,3,10,4,4,2,5,7
"LANCL3",1,1,1,0,15,16,5,7
"CLEC18A",7,6,5,2,5,12,3,6
"CD1D",8,10,2,1,6,13,1,5
"ANKRD23",7,3,6,0,6,10,8,6
"LRRC8E",4,9,10,1,4,9,5,4
"GDPD4",6,10,6,9,0,3,1,11
"ADORA2A-AS1",6,9,5,5,6,5,9,1
"SPNS2",3,4,9,1,11,8,9,1
"ZNF860",3,8,8,3,5,9,5,5
"L1CAM",7,3,9,2,13,6,2,4
"MAMDC2-AS1",8,7,6,3,7,8,4,3
"FLRT2-AS1",6,0,13,3,9,12,2,1
"RPL7AP43",4,4,5,4,2,9,6,12
"NT5DC1P2",6,0,9,4,13,3,5,6
"IGSF23",5,1,19,4,5,3,4,5
"RNU6ATAC18P",5,5,10,7,2,3,2,12
"HSPA7",11,1,7,1,5,3,16,2
"FBXW11P1",5,2,4,3,8,12,9,3
"DGUOK-AS1",8,11,3,2,7,6,7,2
"RPS27AP1",6,1,12,2,3,10,4,8
"LOC124906712",6,7,5,4,9,7,5,3
"RPSAP70",14,7,10,1,3,3,5,3
"GUSBP5",4,4,8,6,9,6,3,6
"TAS2R20",2,5,8,6,7,6,8,4
"SRXN1",9,4,6,3,4,7,9,4
"F7",3,6,11,7,1,9,4,4
"PGR",5,6,11,3,1,2,11,6
"P2RX5",3,5,7,7,6,6,4,7
"RNF125",5,1,10,5,3,3,10,8
"TFR2",3,5,6,2,8,12,4,5
"ARTN",4,5,3,2,10,8,9,4
"SH3TC1",7,2,14,1,9,9,3,0
"NUTM2F",4,4,9,2,7,9,4,6
"RSAD2",27,0,9,2,1,1,5,0
"SPATA22",2,1,0,0,14,27,0,1
"ABHD1",1,7,14,4,4,8,3,4
"CPO",3,4,12,3,8,7,5,3
"CDC25C",5,5,10,3,3,4,6,9
"VWA5B1",0,1,9,13,1,4,1,16
"ITGB2",1,3,7,4,10,14,6,0
"VANGL2",18,5,5,1,4,0,6,6
"TSACC",4,2,7,4,11,6,9,2
"CDC42BPG",8,4,6,4,4,13,1,5
"RND1",3,9,5,9,2,11,0,6
"RGS6",10,0,11,1,11,3,7,2
"H3C13",4,2,3,5,6,11,7,7
"MESP2",5,8,8,3,4,5,6,6
"NOS1AP",8,0,10,2,3,10,3,9
"SNORD104",5,14,1,4,5,6,4,6
"OR2A1",7,3,10,6,7,6,4,2
"CHMP3-AS1",3,3,10,1,6,9,6,7
"FAM90A20",6,6,4,2,6,17,4,0
"LINC02609",7,9,8,5,2,5,5,4
"RPL13AP6",4,7,3,5,4,7,6,9
"GNAS-AS1",4,5,6,6,9,4,5,6
"RPL8P3",6,7,4,4,7,9,2,6
"LINC03015",5,5,6,4,7,7,5,6
"MTMR9-AS1",8,4,6,4,15,3,4,1
"RNU6-1016P",3,2,11,3,10,5,4,7
"MIR4482",2,2,5,4,7,16,5,4
"AFAP1-AS1",6,4,9,0,9,6,8,3
"CCDC88C",5,9,4,7,5,8,5,1
"SLC11A1",8,3,7,3,3,7,5,8
"GAL",5,2,7,2,12,9,5,2
"CDHR2",7,5,4,3,14,6,3,2
"CDH23",7,3,8,6,6,5,4,5
"CASZ1",0,1,6,3,13,14,4,3
"PTPN22",1,5,3,9,4,17,1,4
"C20orf144",2,4,11,4,7,5,7,4
"CACNA1D",5,6,8,3,6,1,10,5
"PRODHLP",6,3,3,6,6,4,4,12
"ANKRD55",7,2,8,2,8,9,5,3
"DNASE1L2",8,3,8,4,7,5,3,6
"CELP",3,10,8,2,6,6,5,4
"HOPX",4,4,16,3,1,2,8,6
"CXCR6",11,3,4,2,3,7,10,4
"TCIM",2,4,2,6,7,9,4,10
"NDUFV2",6,5,6,5,9,7,4,2
"SYNE4",5,5,7,4,6,9,1,7
"KIAA2012",5,3,11,0,9,5,10,1
"PKP3",2,2,6,2,9,11,7,5
"LMNTD2",5,6,7,2,3,9,6,6
"ERCC6L",9,3,6,4,7,5,5,5
"MALRD1",6,2,4,2,3,6,14,7
"LOC100420864",1,4,7,15,4,6,2,5
"RNU6-1039P",2,7,5,4,3,15,3,5
"GCC2-AS1",8,0,14,3,9,4,5,1
"HDAC4-AS1",8,5,5,6,7,5,4,4
"CFLAR-AS1",3,4,3,5,5,11,3,10
"LINC02910",9,6,4,1,2,1,11,10
"GPAA1P2",4,0,2,1,14,21,2,0
"LINC01750",9,6,3,6,1,13,3,3
"TERF1P7",3,6,6,5,9,4,5,6
"SPTLC1P4",1,1,10,1,11,5,7,8
"LINC01237",6,6,4,5,2,7,6,8
"EIF4A1P7",5,12,5,1,8,10,1,2
"PPIAL4G",9,9,5,2,5,9,3,2
"MEF2C-AS1",7,4,4,3,5,10,11,0
"FOXD1",4,5,6,5,7,6,7,4
"LOC101929268",5,2,6,2,16,2,6,5
"LOC102724135",9,5,5,2,9,6,6,2
"LOC124903667",6,4,10,6,5,3,6,4
"NARF-AS2",5,5,2,7,10,6,8,1
"MAP3K9",5,4,7,5,12,7,1,2
"GUCA1A",2,2,17,4,10,4,4,0
"ACTN2",6,14,7,6,1,0,2,7
"DCT",5,4,5,3,9,5,10,2
"CDHR5",8,6,5,1,5,6,7,5
"RAB40AL",2,7,7,3,4,12,3,5
"SARS2",5,6,10,6,2,5,5,4
"MAST1",4,2,4,2,7,10,5,9
"COMP",2,11,2,8,2,11,3,4
"SLC26A8",1,6,3,0,2,9,6,16
"PMFBP1",3,7,7,8,3,6,5,4
"SLC12A5",7,6,9,5,4,5,4,3
"RNFT2",9,5,9,3,7,6,1,3
"FAM222A",4,5,14,4,2,6,7,1
"IGSF3",15,4,6,4,4,4,4,2
"OAZ3",4,4,10,2,9,3,5,6
"CILP2",0,3,2,0,8,13,8,9
"CLDN20",6,7,11,1,8,4,2,4
"COL6A5",27,6,4,0,0,0,3,3
"EMID1",10,1,12,2,9,3,5,1
"SERPINB2",4,2,2,10,13,9,2,1
"LINC01359",3,11,11,2,3,4,4,5
"ZNF691-DT",4,2,11,3,6,7,8,2
"LINC02884",1,9,1,13,1,10,1,7
"HS1BP3-IT1",10,7,5,3,4,8,4,2
"RPL18AP7",4,5,6,4,6,7,5,6
"ERI3-IT1",1,5,8,1,10,12,5,1
"LINC01497",1,2,5,0,16,10,7,2
"RPS3AP43",11,4,7,3,4,6,3,5
"ALKBH3-AS1",7,4,10,2,7,8,1,4
"CLMAT3",7,7,2,4,6,8,7,2
"PANK3P1",5,3,4,6,8,10,4,3
"EIF4A1P4",10,13,2,0,3,9,2,4
"LINC01775",6,9,7,2,6,9,2,2
"SPEF1",7,8,11,4,2,6,2,2
"TJP3",5,4,8,4,9,3,5,4
"ENDOU",2,15,5,4,4,6,2,4
"SLC30A3",6,8,6,4,4,8,3,3
"RAB17",1,4,3,3,7,14,1,9
"SLC31A2",5,4,8,3,3,6,3,10
"MMP7",0,3,1,2,0,13,0,23
"ABCA12",10,3,11,3,7,4,4,0
"PPARGC1B",14,3,2,0,6,9,5,3
"BEND5",17,0,2,2,5,0,10,6
"OR1Q1",10,1,0,0,9,10,8,4
"LDHAL6A",2,4,10,1,10,6,3,6
"FOXD4",5,3,8,3,2,5,11,5
"ESCO2",6,7,7,2,6,5,4,5
"FBXW10",2,1,7,2,18,4,6,2
"TDRD12",6,3,9,1,10,6,2,5
"NT5C1B",2,3,8,3,2,8,8,8
"ZNF225-AS1",7,6,6,0,4,9,6,4
"ARHGAP30",2,2,7,2,8,9,8,4
"SP5",14,1,12,2,2,0,9,2
"CASP12",4,2,1,3,8,8,4,12
"ASPDH",7,5,9,4,2,2,4,9
"SNORA66",8,6,5,5,7,6,2,3
"LAT",6,7,12,3,4,2,5,3
"LINC01504",22,15,0,2,0,3,0,0
"RPL19P21",5,1,6,4,12,10,1,3
"LINC01844",5,4,7,1,5,11,4,5
"UNC5B-AS1",5,4,3,2,4,5,8,11
"LLPH-DT",0,0,8,2,16,7,5,4
"SMKR1",11,3,14,4,5,1,4,0
"RPL18P8",2,2,0,0,17,20,1,0
"RPL13P8",4,5,5,7,8,9,4,0
"RN7SL832P",5,3,11,2,3,5,9,4
"MAX-AS1",6,1,6,3,6,5,6,9
"LOC102724587",7,1,6,1,7,4,11,5
"LCMT1-AS2",6,1,7,2,5,9,9,3
"C17orf114",4,6,6,0,6,12,6,2
"MIR4664",6,5,7,5,6,9,2,2
"UBE2CP2",7,1,4,6,6,9,4,5
"LOC102723944",6,7,11,5,2,4,2,5
"WAS",6,5,10,1,10,4,4,1
"MCF2L2",4,10,1,1,7,7,5,6
"CDH26",5,7,7,4,1,6,8,3
"ACSBG2",4,0,9,0,11,4,10,3
"C3orf20",3,2,10,0,4,5,12,5
"GUCY2D",0,15,0,7,0,6,0,13
"SLC28A2",0,0,8,6,9,5,6,7
"LRRC4C",7,6,5,1,0,1,12,9
"ROBO4",4,1,11,2,5,2,13,3
"B3GNT7",3,6,5,5,8,2,7,5
"KLKB1",5,10,17,0,6,1,1,1
"PLEKHA7",2,5,5,2,8,6,6,7
"ELFN2",2,0,2,1,21,9,6,0
"TMEM88",4,2,5,2,11,9,7,1
"EFCAB12",6,3,8,2,4,7,9,2
"STARD6",5,4,10,2,4,7,6,3
"VN1R1",3,2,8,2,11,7,5,3
"KCNH8",3,4,1,1,19,10,2,1
"TCEAL2",9,5,11,6,2,1,3,4
"SELL",17,7,5,0,1,2,7,2
"SIGLEC15",7,1,14,1,4,1,11,2
"IBA57-DT",6,2,10,5,5,1,9,3
"SMTNL1",6,4,2,2,3,4,11,9
"LINC01599",4,3,6,5,6,11,2,4
"KCNU1",5,2,9,2,11,6,3,3
"HBD",0,0,14,6,8,10,3,0
"EGFR-AS1",5,0,5,2,9,9,4,7
"ITGA6-AS1",0,7,5,4,4,12,3,6
"LOC339260",3,3,4,4,9,11,6,1
"RPL5P9",9,9,4,2,6,2,3,6
"PLCXD2",6,4,6,3,4,10,6,2
"CNTF",6,4,5,4,2,11,5,4
"RPL21P116",8,5,4,2,8,4,4,6
"RPS4XP6",3,8,11,3,7,4,4,1
"DDX11-AS1",7,3,7,3,7,5,5,4
"EEF1A1P35",4,6,6,4,11,4,3,3
"HEATR5A-DT",5,4,4,4,3,12,6,3
"CCT5P1",1,3,3,2,9,14,4,5
"FSBP",5,2,3,2,3,10,11,5
"LOC124900922",3,3,9,0,9,3,10,4
"TTC23L-AS1",1,3,2,7,11,5,10,2
"LAG3",3,4,8,4,5,6,7,3
"SH2D3C",3,1,2,2,12,17,0,3
"TSPAN1",1,0,11,1,16,9,1,1
"CDH15",5,7,2,1,3,15,2,5
"BEX1",1,8,0,1,6,22,1,1
"DCDC2",1,1,5,2,2,3,20,6
"LGI2",4,0,28,6,0,1,0,1
"PWWP3B",2,21,3,11,0,1,0,2
"TAS1R1",4,7,9,4,8,3,2,3
"HOXD8",13,12,1,1,1,0,8,4
"CCDC87",7,2,2,1,7,6,7,8
"CSMD1",21,12,0,0,2,1,3,1
"GRIN3A",5,6,6,4,8,2,4,5
"OR2A42",7,2,10,5,6,5,4,1
"SCYL2P1",4,3,4,4,3,10,7,5
"KRTAP1-5",0,1,1,2,5,8,3,20
"LINC02936",3,4,4,2,8,11,5,3
"LINC01013",4,1,9,1,12,7,6,0
"EMC1-AS1",10,5,4,1,4,5,8,3
"LINC00852",3,0,2,7,9,9,6,4
"RPL37A-DT",4,2,7,4,5,7,6,5
"PET117",6,12,3,3,1,4,5,6
"PTGES2-DT",5,4,4,4,5,6,6,6
"LOC101926907",8,3,11,2,3,4,4,5
"TFAP2E-AS1",9,5,1,2,6,6,5,6
"RPL14P3",4,3,11,4,4,7,3,4
"RPL9P32",8,5,7,3,1,8,4,4
"VCAN-AS1",7,4,7,1,10,3,3,5
"PDXDC2P",4,6,5,0,9,9,5,2
"FRMD4B",3,1,3,2,0,0,22,8
"GAL3ST1",1,8,3,1,2,12,6,6
"ANGPTL6",2,4,9,3,6,7,5,3
"KCP",9,2,3,1,12,6,5,1
"TTPA",8,7,3,5,0,7,2,7
"NTRK3",11,2,1,2,8,11,2,2
"C1orf87",2,5,3,6,4,11,0,8
"KCNF1",8,3,5,0,12,4,6,1
"FABP7",11,3,3,1,3,1,13,4
"VWA2",8,2,12,0,2,4,8,3
"SCN11A",3,1,9,5,7,4,2,8
"ZNF296",3,4,5,6,2,12,2,5
"KCNK3",0,0,0,0,7,31,0,1
"RASGRP1",2,2,3,4,5,16,2,5
"WFIKKN2",8,1,7,2,1,9,4,7
"TLR5",2,3,17,2,2,2,3,8
"CCDC162P",9,10,5,1,2,5,4,3
"CHKB-DT",2,0,7,6,8,9,4,3
"RNU1-1",11,2,2,1,11,7,3,2
"PGK1P2",5,2,3,3,5,10,4,7
"SNORD19C",3,5,5,5,6,9,2,4
"LOC100131785",7,5,7,3,3,5,3,6
"LOC124904542",6,3,3,4,8,7,6,2
"LOC285453",5,7,2,6,4,5,3,7
"RPS7P4",3,4,4,2,8,8,2,8
"SOX9-AS1",8,3,5,3,7,0,8,5
"TMEM11-DT",4,2,3,4,8,6,5,7
"KRABD1",9,9,5,4,0,0,2,10
"PICART1",2,5,5,1,4,8,6,8
"TENM4-AS1",4,3,4,5,1,3,8,11
"ACTN1-DT",3,5,13,5,3,4,3,3
"LOC100287243",3,6,7,3,7,7,4,2
"LINC02166",6,5,3,3,7,9,4,2
"STX17-DT",2,5,2,2,2,3,5,18
"C2orf74-DT",5,3,11,4,1,3,5,7
"OR6L2P",2,1,4,8,15,6,2,1
"C9",1,7,4,4,8,5,5,4
"ZNF541",8,4,12,2,1,6,5,0
"WFIKKN1",1,3,5,1,8,16,0,4
"ZNF835",3,2,9,7,12,2,1,2
"SEC14L4",1,0,2,3,2,9,10,11
"CCDC54",1,6,1,8,0,14,1,7
"ADAMTS17",4,16,4,3,4,5,0,2
"BEST4",3,3,10,2,9,7,2,2
"FAXC",4,7,6,0,9,8,3,1
"GRIP1",3,3,3,2,6,6,5,10
"SST",5,2,22,0,4,2,0,3
"SERPINB7",6,4,7,3,3,11,3,1
"GLYATL1",7,1,5,0,10,7,6,2
"TPPP",2,6,2,5,1,13,3,6
"NMUR1",3,4,5,11,1,3,2,9
"SLC22A1",7,7,3,3,3,5,4,6
"SLITRK4",16,5,0,3,2,9,2,1
"BEGAIN",11,1,10,1,3,0,11,1
"CCDC190",0,2,1,6,4,20,1,4
"RNVU1-18",10,2,2,1,11,6,5,1
"RFPL4A",0,34,1,0,2,1,0,0
"LINC00629",7,1,10,3,6,3,7,1
"MCF2L2P1",8,9,5,1,2,3,7,3
"EDRF1-AS1",5,3,8,2,8,5,5,2
"UNC93B8",7,5,4,4,7,7,2,2
"FXYD1",4,4,6,5,2,6,7,4
"LOC105372266",4,5,8,4,2,4,6,5
"SOX8",10,2,5,0,5,3,5,7
"RPGRIP1",4,5,4,2,7,8,3,4
"TLL2",5,6,6,0,7,9,3,1
"CD79A",8,4,6,5,8,3,1,2
"ATP1A3",2,1,18,2,6,4,3,1
"FLRT1",9,3,8,2,3,5,2,5
"PKIB",6,3,10,3,5,1,5,4
"CCNB3",6,4,3,3,9,5,5,2
"SLC5A12",3,8,8,7,2,4,4,1
"ITIH2",4,4,8,2,5,5,3,6
"GBP5",7,2,6,1,2,3,12,4
"AXDND1",1,2,0,1,2,1,10,20
"FMC1",4,6,5,1,4,9,3,5
"SLC7A3",1,1,9,17,3,2,2,2
"ARL6IP4",6,6,3,2,8,4,4,4
"MUC6",2,1,10,5,9,8,0,2
"HPDL",7,9,1,0,5,5,4,6
"SERPINA5",7,8,1,1,4,4,4,8
"ALKAL2",1,5,5,15,2,4,2,3
"MEIG1",5,2,8,5,9,3,4,1
"SULT1C4",7,4,9,1,7,3,4,2
"RBM20",2,2,1,0,10,18,1,3
"RNU1-28P",10,2,1,2,11,7,3,1
"RNU1-2",11,2,2,1,11,6,3,1
"RNU1-4",11,2,1,1,11,7,3,1
"RNU1-3",11,2,1,1,11,7,3,1
"EEF1B2P2",4,6,4,9,1,5,4,4
"LOC100420839",4,1,5,7,5,1,8,6
"HNRNPH1P1",3,5,4,3,3,11,6,2
"EDRF1-DT",3,2,7,2,10,2,8,3
"RPS28P5",8,10,1,3,5,2,7,1
"LOC102723305",3,6,1,2,0,1,13,11
"LINC01703",5,1,8,4,7,6,2,4
"PROSER2-AS1",2,0,12,3,4,8,4,4
"PLCG1-AS1",3,6,2,0,6,9,4,7
"RPL23AP43",5,6,8,3,6,4,3,2
"LOC100130548",7,5,4,2,3,10,3,3
"RPL31P17",7,6,3,1,6,7,4,3
"RPL37P12",2,2,8,3,6,6,6,4
"RPS15AP24",4,4,5,2,7,13,2,0
"RPS3AP16",8,4,6,2,4,5,3,5
"ARAP1-AS2",7,6,4,3,4,5,2,6
"DYNC1LI2-DT",3,7,3,3,6,3,3,9
"LINC02995",2,7,6,2,3,6,6,5
"LOC101927513",4,5,5,5,7,9,1,1
"TMEM123-DT",3,7,8,5,3,2,2,7
"SLC1A2-AS2",7,2,5,3,8,5,2,5
"MIR762HG",2,6,7,1,11,3,3,4
"MTND6P22",1,3,4,5,7,14,0,3
"MPO",4,10,9,1,0,3,6,3
"CCL26",3,4,7,1,7,10,2,2
"GLP2R",2,8,3,0,11,12,0,0
"PCDHA6",4,10,3,2,6,1,5,5
"GCKR",5,8,5,1,3,5,6,3
"CPA1",3,2,16,4,5,3,1,2
"CALB1",3,4,8,5,7,4,2,3
"ODAD1",5,2,5,0,10,7,6,1
"KCNQ4",1,4,2,6,6,11,1,5
"SEC16B",9,5,9,2,1,2,6,2
"MYLK3",4,3,8,3,7,5,5,1
"NR1I3",2,7,1,2,7,6,3,8
"CASQ1",0,1,12,4,5,6,4,4
"FCGR1A",4,2,4,1,13,5,3,4
"SPC25",5,5,5,3,6,5,5,2
"SUSD3",2,1,11,0,0,0,18,4
"CLEC18C",5,7,3,1,4,10,1,5
"ERG",2,4,7,4,2,4,6,7
"SYCE2",3,3,6,4,3,7,5,5
"RANBP3L",0,5,3,5,12,3,2,6
"SYNPO2L",3,5,4,5,5,4,2,8
"OR7E102P",4,2,5,5,8,4,7,1
"FAM87B",2,5,8,1,7,6,3,4
"NBPF17P",2,2,4,3,5,6,9,5
"GPBAR1",5,5,4,5,4,9,3,1
"CSF1R",4,6,2,2,4,7,6,5
"DNAH2",6,3,6,2,2,6,4,7
"PP2D1",4,1,6,1,4,7,6,7
"MAP7D2",6,2,9,10,0,1,7,1
"SYN3",8,1,7,1,11,3,4,1
"POTEG",1,0,6,4,7,8,2,8
"NEK5",2,6,8,7,4,3,0,6
"CYP2A7",2,5,1,4,11,11,2,0
"LINC00632",5,5,5,1,7,7,3,3
"LINC02872",1,6,10,3,5,3,6,2
"RNU1-27P",10,2,1,1,11,7,3,1
"MIR25",5,8,5,1,0,3,9,5
"SNORA26",1,6,7,7,6,5,0,4
"LINC02649",4,7,6,2,6,7,2,2
"RPS12P12",4,2,4,2,4,12,3,5
"PDGFA-DT",4,7,1,1,10,2,5,6
"FALEC",3,6,8,1,5,8,4,1
"ERICH2-DT",13,7,6,2,2,2,3,1
"HAND2-AS1",0,2,1,2,5,6,5,15
"RPS4XP22",1,4,2,3,5,9,3,9
"LOC105374088",2,9,1,7,0,7,1,9
"SLC10A5",2,1,6,6,4,2,11,4
"MARCHF6-DT",4,4,7,2,4,7,5,3
"PPIAP46",2,2,5,3,3,10,5,6
"LOC105371083",3,5,7,3,6,3,6,3
"MIR5581",5,11,3,3,1,5,3,5
"SRP68P1",1,1,8,1,5,9,8,3
"TENM1",20,7,2,2,2,0,1,1
"BCAS1",3,1,14,1,1,0,12,3
"PDE6C",3,6,2,5,3,5,5,6
"DHRS2",3,23,3,0,0,4,1,1
"KCNN4",4,3,15,2,2,2,5,2
"GRPR",9,3,8,2,5,4,3,1
"SLC14A2",2,3,8,5,1,5,4,7
"CNKSR2",3,8,6,0,5,5,3,5
"LRRC36",6,2,9,0,6,2,7,3
"MATN1",6,3,9,1,5,3,5,3
"GDF9",1,3,9,9,4,3,2,4
"MGAT5B",5,4,4,5,5,3,6,3
"KIF5C",1,10,3,3,3,5,6,4
"KCTD19",9,3,5,2,8,1,7,0
"MYEOV",4,2,5,2,7,7,5,3
"CD163L1",2,6,1,1,8,14,1,2
"GJD3",5,2,7,1,2,6,6,6
"SPATA41",6,7,1,5,2,1,3,10
"SNORA65",6,2,7,3,4,6,5,2
"RNU6-312P",3,4,5,4,6,4,7,2
"GGTA1",5,5,3,6,3,4,4,5
"PTPN20",2,0,16,1,4,2,8,2
"SPATA31F1",5,1,6,3,5,5,5,5
"RNU6-1189P",12,4,0,0,11,8,0,0
"C1orf220",3,3,7,2,6,3,6,5
"RPL5P18",4,6,6,2,6,4,4,3
"ZNF32-AS1",3,4,8,4,7,3,2,4
"CROCC2",5,3,10,0,5,3,7,2
"IL6R-AS1",4,2,4,3,10,5,6,1
"RPL17P5",10,7,1,1,6,4,3,3
"CLCN3P1",4,2,9,2,7,3,6,2
"FAM90A11",2,1,3,5,7,8,5,4
"CASTOR1",3,3,3,3,6,9,2,6
"RPL7AP10",1,1,10,3,8,9,3,0
"RPL5P17",9,1,2,2,5,6,5,5
"TUBA4B",7,5,2,2,5,2,9,3
"FRG1-DT",2,4,5,0,9,9,3,3
"EXTL3-AS1",4,3,7,2,7,3,8,1
"LOC105371824",5,2,6,1,10,3,6,2
"PPP1R12A-AS1",4,2,2,3,5,6,10,3
"LINC02823",1,1,8,0,9,7,7,2
"MAP1LC3B2",4,2,13,8,1,0,6,1
"SYNE3-AS1",3,1,5,5,7,8,3,3
"GLIS2-AS1",8,3,2,3,6,4,5,4
"MIR4292",3,6,5,1,3,8,7,2
"EDDM13",4,2,5,0,4,9,9,2
"MIRLET7A1HG",1,1,4,3,5,9,5,7
"LOC339966",3,2,6,1,8,5,6,4
"AFP",1,2,4,1,11,8,5,2
"IL2RB",5,1,12,3,4,3,3,3
"DKKL1",2,3,8,1,6,1,7,6
"CYP27B1",3,10,3,2,4,4,2,6
"PADI2",0,1,13,3,6,10,0,1
"LRRIQ1",4,0,6,1,14,5,1,3
"TTC9",2,1,6,2,6,7,4,6
"PRH2",5,2,6,2,4,5,8,2
"STAB2",2,3,4,5,4,7,4,5
"MYO7A",4,8,4,2,2,3,2,9
"KLHL10",6,3,3,6,2,3,6,5
"CXCL3",1,2,3,5,10,11,0,2
"CFAP52",2,3,4,5,2,10,6,2
"SULT1B1",7,4,7,7,0,1,5,3
"TBX1",7,3,1,0,1,5,9,8
"KLHL33",2,4,8,4,2,5,6,3
"LINC00158",5,3,6,5,1,7,5,2
"NHEJ1",4,6,5,4,2,3,3,7
"LINC02716",4,4,9,2,3,7,1,4
"RNVU1-7",8,2,1,1,11,6,3,2
"MIR616",9,0,3,2,7,9,3,1
"RPL8P4",4,5,1,5,5,8,1,5
"AATBC",3,1,12,2,5,3,7,1
"GPC1-AS1",4,3,1,2,8,5,3,8
"CEP164P1",0,3,6,3,3,9,2,8
"ACTR3-AS1",4,2,6,3,7,5,4,3
"PRRT3-AS1",4,4,8,1,8,7,0,2
"MANCR",1,3,1,5,2,9,3,10
"PHB1P5",2,4,6,4,7,7,2,2
"SEMA6A-AS1",4,5,3,0,5,12,4,1
"NUDT16-DT",3,5,5,2,6,6,3,4
"RN7SKP70",3,6,4,2,5,6,5,3
"SCARNA9",4,5,8,2,5,8,0,2
"LINC02421",2,1,3,2,8,5,5,8
"MIR4767",4,2,3,0,3,8,7,7
"ZNF516-AS1",5,8,3,2,1,6,3,6
"PLS3-AS1",1,9,5,8,1,5,1,4
"FYB1",0,2,10,1,7,2,7,4
"WNT11",1,2,9,2,6,7,4,2
"COL9A3",3,3,8,1,6,4,4,4
"TUBB4A",4,6,8,1,5,5,1,3
"LYL1",1,9,3,5,1,3,4,7
"TREH",1,10,4,2,1,6,3,6
"TEX14",5,4,6,1,4,8,2,3
"ALDH1A2",3,4,5,2,4,6,6,3
"DSC2",1,0,11,0,8,8,3,2
"OASL",9,3,4,2,7,6,1,1
"LGR5",0,9,2,13,0,6,2,1
"CLEC18B",4,10,6,1,3,3,2,4
"DPYS",4,2,6,4,6,3,6,2
"MPV17L",3,1,5,3,5,6,3,7
"PKD1L1",5,3,5,1,6,10,2,1
"SCN3B",7,2,6,1,7,3,4,3
"PLIN1",4,3,1,2,10,3,2,8
"P2RY6",0,3,7,2,1,12,2,6
"PRSS36",5,6,5,2,2,5,3,5
"SLITRK1",0,1,8,7,2,9,2,4
"CAPN12",3,4,7,4,5,4,3,3
"ARL9",5,5,5,1,7,1,9,0
"RNA5SP283",1,2,5,2,8,8,3,4
"RNU6-1",3,4,6,4,7,4,4,1
"NFIB-AS1",1,5,7,3,2,1,8,6
"LRRC37A6P",5,4,4,0,9,4,6,1
"LINC01198",4,2,8,1,4,5,9,0
"HCCS-DT",4,3,5,4,6,4,4,3
"LINC02535",7,1,7,3,6,3,2,4
"LINC00445",0,0,18,11,1,3,0,0
"LINC03099",5,4,9,2,1,7,1,4
"PARP4P1",2,6,11,1,3,4,6,0
"STIM2-AS1",4,3,8,0,1,1,9,7
"RPL17P47",4,2,6,2,7,7,3,2
"RPSAP29",7,7,2,1,4,4,4,4
"LINC03020",13,6,9,5,0,0,0,0
"TAS2R31",1,1,5,4,10,5,5,2
"LOC105371129",4,4,3,5,2,5,4,6
"ZNF8-ERVK3-1",7,3,5,0,10,4,3,1
"LETM1P1",2,3,5,1,5,8,5,4
"MSH4",5,2,2,1,5,2,9,6
"CDH17",4,2,8,5,4,6,1,2
"NFATC2",8,2,5,2,4,1,6,4
"CCNP",7,6,7,1,4,3,1,3
"VIPR2",1,4,2,7,1,7,3,7
"MND1",2,4,7,4,2,3,5,5
"ADAMDEC1",7,4,3,2,1,2,8,5
"GARIN5A",6,3,7,0,5,4,3,4
"ENPP3",7,4,4,2,4,4,3,4
"NDST2",3,2,9,2,3,7,3,3
"AGAP5",3,6,2,3,4,2,10,2
"ACBD7",1,1,9,4,0,5,5,7
"PDE6G",3,3,6,0,7,11,1,1
"COLCA1",5,6,6,2,2,0,7,4
"MIRLET7D",1,7,2,4,2,8,4,4
"GPR20",6,1,8,0,8,3,6,0
"SLFN12L",5,3,6,4,1,4,5,4
"RNU6-36P",3,0,5,5,8,5,5,1
"MIR503",4,5,5,1,6,7,3,1
"RPS7P14",4,2,4,2,4,9,1,6
"VPS33B-DT",6,1,7,2,5,9,2,0
"LOC152845",5,7,2,2,3,10,2,1
"CT62",4,4,8,3,3,4,4,2
"LINC02519",3,1,7,3,1,5,5,7
"MMADHC-DT",3,4,6,3,7,5,2,2
"PAIP1P1",1,2,7,2,8,5,4,3
"FREY1",4,7,1,3,3,3,3,8
"LINC02569",4,2,5,3,0,4,12,2
"LOC124900469",5,1,6,3,5,6,4,2
"SNORD108",4,2,4,0,11,5,1,5
"HLA-DMB",0,2,6,4,10,6,3,1
"RPL6P13",9,7,2,3,1,1,6,3
"PRDM4-AS1",4,1,5,1,9,7,4,1
"RANBP3-DT",5,0,6,1,6,6,2,6
"DNAAF3-AS1",5,5,3,3,3,5,5,3
"SMIM17",1,7,3,4,6,3,7,1
"C16orf95-DT",7,2,8,2,3,3,3,4
"GSE1-AS1",4,2,6,1,3,0,9,7
"LOC124903031",4,2,6,2,5,3,2,8
"SOX30",4,3,4,3,4,8,2,3
"USH2A",4,0,3,2,6,7,6,3
"SULT2B1",8,3,6,5,6,3,0,0
"UPB1",4,0,1,13,2,3,0,8
"DLX5",3,4,11,4,0,1,3,5
"HGFAC",4,3,4,3,9,6,0,2
"VNN2",2,2,3,0,7,15,0,2
"TAS2R10",2,1,8,5,4,2,6,3
"MYBPH",1,1,4,4,3,9,7,2
"KCNH3",2,2,4,0,5,12,6,0
"IKBKE-AS1",6,5,3,2,3,5,3,4
"CAMK2N2",2,5,4,0,10,4,3,3
"MAGEC3",6,5,3,1,5,6,2,3
"PCSK9",8,2,9,2,3,1,2,4
"SIX2",0,2,4,1,14,5,0,5
"CCDC13-AS1",1,5,0,6,6,4,1,8
"B3GNT4",2,4,2,4,4,7,2,6
"INPP5J",5,3,5,0,6,6,4,2
"CALHM6",4,5,5,2,2,5,6,2
"CFAP119",3,4,5,2,6,4,3,4
"HCAR1",2,1,12,2,1,3,7,3
"SSBP3-AS1",2,3,4,2,3,7,3,7
"PCDHA7",11,7,2,2,1,3,2,3
"MIR23B",2,2,2,5,2,8,0,10
"TAS2R15P",4,2,3,1,5,8,2,6
"MKRN2OS",4,6,3,4,2,4,3,5
"CYP2D8P",2,5,5,4,2,5,4,4
"ADAM1B",5,4,4,3,2,7,3,3
"RPS4XP2",9,3,0,0,5,8,3,3
"CENPCP1",3,0,12,4,2,5,2,3
"LINC02798",9,2,11,0,2,5,1,1
"LINC01940",2,3,3,2,5,10,1,5
"IL6ST-DT",3,3,7,3,5,2,5,3
"TNKS2-DT",3,2,5,4,2,3,6,6
"MEIS1-AS2",3,3,5,0,4,6,7,3
"LINC02257",5,2,8,7,1,2,3,3
"GTF2I-AS1",4,3,7,1,7,4,2,3
"LIX1L-AS1",5,4,4,1,4,5,4,4
"MAP3K20-AS1",5,3,3,0,7,8,4,1
"LINC00870",2,3,10,2,4,4,4,2
"RN7SL834P",3,3,7,2,5,4,6,1
"METTL5P2",2,4,3,3,5,5,5,4
"ENPP7P6",6,1,9,1,6,2,5,1
"MAFTRR",2,3,12,3,5,2,1,3
"TBILA",3,5,1,0,3,10,6,3
"MIR5587",8,2,5,2,5,3,3,3
"PTGES3L",1,7,3,2,2,14,1,1
"LOC105372321",0,2,6,7,3,7,4,2
"ASB9",7,5,8,3,2,1,3,1
"GNRHR",3,1,8,2,4,5,7,0
"SLC6A12",9,4,2,4,7,0,3,1
"GABRR2",8,8,5,2,1,3,0,3
"UNC5CL",2,4,5,3,3,2,5,6
"ATP13A4",1,4,4,2,4,3,5,7
"KDR",1,3,1,1,4,18,0,2
"TTLL9",3,3,5,0,6,7,2,4
"PYY",2,2,6,0,5,5,4,6
"C1orf94",6,8,1,2,5,3,3,2
"ADCY10",5,4,4,2,6,5,0,4
"FAM81A",4,5,8,5,0,2,3,3
"ZSWIM2",2,3,5,5,6,2,2,5
"ODAD2",3,7,3,0,1,7,6,3
"OR1L8",4,1,6,3,4,3,3,6
"KCNE5",5,2,2,0,10,4,6,1
"AATK",4,3,5,1,2,2,11,2
"LINC00471",4,2,7,0,3,0,9,5
"BMP8A",4,4,4,1,7,4,3,3
"PERM1",1,3,4,0,11,4,5,2
"H2AC13",4,5,5,3,3,2,5,3
"SLC6A17",1,1,11,4,3,5,1,4
"RPS2P40",5,3,0,2,7,9,4,0
"ZNF833P",2,5,6,3,6,2,1,5
"CFAP43",4,2,5,4,3,6,5,1
"MYL4",1,1,7,1,10,7,3,0
"RBM39P1",5,2,3,0,5,4,7,4
"FAM90A24",2,1,1,1,4,9,3,9
"LINC03007",3,5,7,3,1,0,5,6
"PRR29",5,0,6,0,4,7,3,5
"EIF4A2P4",7,5,4,1,3,3,4,3
"FGF13-AS1",3,3,3,5,0,0,1,15
"IFNA20P",3,2,5,1,3,6,4,6
"WDR35-DT",1,2,9,0,6,3,2,7
"MIR5689HG",4,2,4,0,9,5,4,2
"LINC02817",3,2,3,3,4,3,4,8
"UBE2L5",3,6,1,5,7,6,1,1
"RPL28P2",4,3,5,1,6,6,3,2
"RNA5SP311",5,0,5,1,4,8,5,2
"RPS10P11",4,9,8,1,1,3,2,2
"FBXO38-DT",2,3,6,3,4,5,5,2
"LRP4-AS1",3,8,2,0,2,2,5,8
"ALG1L11P",3,2,6,1,8,5,1,4
"RNU1-143P",1,3,6,2,6,6,2,4
"SLC38A2-AS1",1,1,3,5,3,9,3,5
"MIR4322",2,4,3,2,4,6,9,0
"GACAT2",3,3,5,7,2,5,3,2
"ATF7-NPFF",8,8,2,1,3,4,3,1
"PLA2G10",2,3,4,2,4,6,3,5
"SIDT1",4,2,7,0,5,5,3,3
"SMC1B",3,0,3,4,7,4,4,4
"TP73",6,2,7,3,2,2,3,4
"TNNT2",0,1,1,18,0,4,2,3
"PRAM1",0,2,6,4,5,6,5,1
"ESR2",2,1,5,3,6,9,1,2
"GRIP2",7,0,11,3,5,0,2,1
"ESYT3",5,3,4,2,5,3,2,5
"CCDC116",6,2,4,3,6,5,2,1
"HFM1",5,5,8,0,4,2,0,5
"GPD1",1,1,7,3,1,7,6,3
"MRAP",3,1,2,1,8,12,1,1
"HSPB2",1,3,6,3,8,6,2,0
"PLAC1",1,0,18,1,4,2,2,1
"CNIH2",4,0,3,2,6,8,4,2
"TSPEAR",0,3,4,5,12,2,2,1
"OVCH2",1,2,0,2,3,12,6,3
"SH2D7",4,1,12,1,3,4,2,2
"SNORA60",5,3,4,2,4,4,4,3
"SNORD113-3",5,6,5,0,7,3,3,0
"RNY4P10",4,2,6,1,6,5,3,2
"ADD3-AS1",2,5,7,2,6,3,2,2
"C2orf72",2,2,3,2,10,6,1,3
"POU5F1",3,6,7,1,3,0,6,3
"LILRB3",1,4,4,0,3,13,2,2
"ARID3C",5,6,2,1,5,4,1,5
"RNU6-26P",3,3,3,1,5,6,2,6
"LINC02076",2,1,1,1,7,8,8,1
"LINC01118",3,1,9,2,5,4,5,0
"LINC01449",3,3,1,3,5,10,1,3
"LOC100128601",3,0,6,1,8,9,1,1
"MRPL23-AS1",1,1,2,2,5,5,12,1
"AMYP1",4,3,2,1,2,5,2,10
"LOC442041",4,0,3,1,5,12,2,2
"KAT7P1",4,5,7,3,4,2,3,1
"LINC00163",0,3,2,5,1,6,0,12
"LOC100130881",2,4,6,2,3,5,4,3
"RPS4XP13",7,5,2,2,3,2,5,3
"DACT3-AS1",5,2,3,1,5,3,7,3
"STIMATE-MUSTN1",2,3,5,3,1,8,5,2
"TRGV7",3,0,12,1,5,6,2,0
"SCARNA13",5,7,1,5,2,3,3,3
"VIRMA-DT",2,2,8,2,7,3,2,3
"LINC03018",2,2,8,0,8,3,5,1
"LINC03034",3,3,5,10,1,2,2,3
"EIF5AP2",2,4,6,3,6,6,1,1
"HNRNPA3P9",1,4,5,4,7,4,2,2
"PFKP-DT",4,4,4,0,3,5,5,4
"C2orf15",2,6,6,2,0,0,5,8
"ANGPT2",2,0,0,1,14,7,1,3
"TMC5",0,2,3,1,7,4,7,4
"ALDH8A1",4,2,4,1,4,3,6,4
"CFP",3,2,1,2,5,9,5,1
"SGO1",4,3,8,3,3,1,4,2
"USHBP1",2,0,5,5,5,6,2,3
"TRIM29",2,4,5,5,3,6,0,3
"STRA6",0,0,4,0,2,1,9,12
"GRB7",3,1,8,1,1,1,5,8
"MAP3K21",6,4,2,1,2,5,5,3
"EAF2",8,2,4,0,6,3,4,1
"ROPN1L",2,1,8,2,6,3,6,0
"TRIM55",2,1,15,2,1,0,5,2
"LAPTM5",4,3,3,5,2,8,0,3
"TMC1",0,1,8,4,4,7,1,3
"SLC16A9",5,7,3,0,2,1,4,6
"CYSLTR1",0,2,4,6,1,3,3,9
"HEPHL1",1,0,7,4,4,5,4,3
"EMILIN3",1,2,6,2,3,4,5,5
"ANO9",2,2,3,0,8,8,2,3
"DRICH1",10,2,4,4,1,1,4,2
"S100A5",0,6,5,2,6,4,2,3
"APRG1",2,3,6,0,6,4,4,3
"MT1A",4,10,2,2,3,3,3,1
"RNU6-5P",3,0,3,4,6,7,4,1
"SNORD12",5,3,4,0,5,7,3,1
"EWSAT1",3,1,4,4,8,2,1,5
"FAM24B",2,1,5,1,8,4,6,1
"RPSAP46",9,4,5,0,0,2,5,3
"RPL11P3",3,6,6,0,4,2,6,1
"LINC02347",0,2,8,3,6,3,3,3
"MIR1249",6,3,4,1,2,7,2,3
"LINC01778",7,3,6,2,5,2,3,0
"RPL36AP46",4,5,1,2,6,7,3,0
"LINC01393",1,5,3,4,6,4,1,4
"RPL27P4",6,5,2,0,5,9,0,1
"AP4B1-AS1",3,3,1,3,2,7,5,4
"LINC01876",0,0,17,4,0,1,3,3
"RPS4XP11",5,1,0,2,6,5,3,6
"RPL7AP20",6,4,5,5,0,4,2,2
"CDK6-AS1",4,3,1,1,6,7,4,2
"MTATP8P1",4,3,1,1,5,5,7,2
"RPL9P28",1,1,1,5,4,8,5,3
"STRC",1,4,5,3,5,3,5,2
"RN7SL659P",0,4,5,1,9,5,3,1
"PSMC1P4",6,2,3,4,4,4,3,2
"LINC00640",5,2,5,1,11,1,2,1
"LINC01686",6,2,4,2,4,3,3,4
"LINC00922",3,2,7,4,4,1,4,3
"MTCO1P28",4,2,4,1,6,5,2,4
"DYM-AS1",2,4,2,2,4,4,4,6
"NKAIN1",4,2,6,1,2,7,1,4
"FLT3LG",4,4,2,4,4,3,4,2
"SLC16A8",5,6,4,1,2,0,3,6
"TULP1",0,2,8,5,1,6,2,3
"MYCL",2,4,9,1,6,4,1,0
"CMPK2",11,6,2,1,2,3,1,1
"NMBR",2,1,6,4,3,2,8,1
"SLC44A5",4,0,4,2,3,2,6,6
"CHRNA1",6,1,7,0,4,8,0,1
"CNKSR1",3,7,2,2,2,2,2,7
"MUC4",1,2,4,1,3,2,9,5
"ADAMTS19",11,2,2,0,4,1,6,1
"ESAM",1,2,2,2,5,5,6,4
"SPATA4",6,3,7,0,2,4,3,2
"CIBAR2",1,1,1,4,10,8,1,1
"TEKT4",12,7,1,1,1,0,2,3
"LIPH",0,0,7,4,2,6,4,4
"PLD4",4,3,6,2,3,2,5,2
"TVP23A",9,4,5,1,3,1,2,2
"COXFA4L3",0,0,8,0,7,8,3,1
"P2RY12",4,1,7,1,4,2,4,4
"DNAH12",1,1,4,2,5,3,6,5
"FAM216B",8,1,7,0,7,1,3,0
"ADRA2C",1,5,1,2,3,15,0,0
"ZNF732",4,2,5,3,3,5,2,3
"FAM78B",6,8,0,1,2,4,3,3
"C9orf163",1,4,8,3,2,4,2,3
"ZNF473CR",6,3,5,0,7,1,5,0
"RNU6-33P",2,0,5,4,3,7,4,2
"MIR590",6,1,1,2,9,4,3,1
"LIPE-AS1",5,2,3,0,7,4,4,2
"VAC14-AS1",0,3,8,1,2,3,6,4
"LOC100131465",6,3,6,2,1,3,4,2
"EEF1A1P24",5,4,3,2,4,5,0,4
"STK4-DT",4,0,4,3,4,5,2,5
"RFPL4AL1",0,25,1,0,1,0,0,0
"UBE2Q1-AS1",4,4,3,3,1,4,4,4
"EMX2OS",0,0,0,0,14,13,0,0
"STEAP3-AS1",6,3,4,3,2,4,4,1
"AK3P3",1,1,5,1,6,6,3,4
"NPM1P48",2,2,6,0,5,5,5,2
"RPL34-DT",5,0,8,2,3,5,3,1
"BHLHE40-AS1",3,2,8,0,1,5,8,0
"LINC01797",7,1,4,1,8,1,3,2
"RDXP3",0,2,3,2,9,7,4,0
"TWF2-DT",0,4,5,3,7,4,2,2
"EEF1A1P10",6,4,2,1,4,3,4,3
"USP2-AS1",1,0,6,2,3,7,5,3
"EGFLAM-AS5",3,3,5,1,1,5,3,6
"DNAAF4",5,1,5,1,3,3,7,2
"LOC124902923",2,1,3,1,4,8,3,5
"LMF1-AS1",2,1,4,0,5,6,5,4
"LINC00908",3,1,1,3,2,5,4,8
"RDM1P4",5,2,0,1,9,5,2,3
"RNU6-6P",3,0,3,2,8,5,3,3
"PACRG",3,4,3,2,2,1,6,5
"NCF2",1,0,3,2,7,10,2,1
"FAM182A",5,1,5,3,3,6,3,0
"LMO2",4,4,5,3,0,2,6,2
"GCNT3",7,0,3,2,7,2,4,1
"SLC5A2",2,2,2,0,4,10,1,5
"DLX1",0,1,6,3,4,7,4,1
"SAXO1",2,2,2,2,12,4,1,1
"MPZL3",2,0,4,2,6,5,5,2
"GRIN2C",3,3,2,0,7,5,1,5
"FAM151A",1,3,6,1,2,8,3,2
"NDST3",1,2,2,0,8,11,1,1
"FPR1",0,4,0,7,1,12,0,2
"NPAS4",0,4,2,5,1,7,1,6
"GRAMD2A",3,2,7,2,4,2,3,3
"OVOS2P",8,3,3,1,1,0,6,4
"OPCML",4,1,8,2,4,4,0,3
"FOXD4L1",4,0,4,4,4,5,2,3
"LCE2A",3,7,7,0,4,1,2,2
"SLC24A5",4,2,5,3,3,1,4,4
"MSANTD1",5,0,0,3,5,11,1,1
"GGT3P",5,4,7,0,2,5,2,1
"SNORA5C",6,3,2,3,0,6,4,2
"MANSC4",1,3,1,5,6,5,1,4
"RNA5SP187",5,1,4,2,3,9,1,1
"RNU6-9",2,0,4,1,2,9,6,2
"MIR641",3,7,2,1,0,5,5,3
"SNORD94",2,4,4,1,4,3,3,5
"RNA5SP219",5,6,0,0,4,6,2,3
"RPL15P20",9,8,2,1,2,3,0,1
"RN7SKP97",5,2,2,1,2,9,1,4
"LINC00539",2,5,5,2,2,3,1,6
"RPS15AP17",4,4,4,4,3,3,3,1
"RPL21P20",2,4,2,0,4,7,3,4
"HSD11B1-AS1",1,0,8,1,10,1,1,4
"LOC101929460",7,0,6,1,2,4,3,3
"LINC02043",3,1,5,2,3,3,8,1
"LINC02621",4,4,3,1,3,5,3,3
"PSMD14-DT",1,3,3,3,2,6,4,4
"DNAJC9-AS1",4,1,5,2,5,6,1,2
"LINC00886",3,3,4,1,3,4,6,2
"HAFML",3,0,4,1,3,5,4,6
"LOC285638",2,5,7,5,0,4,2,1
"LOC100288172",3,3,3,2,5,3,4,3
"RNU6-1053P",6,3,6,0,2,4,3,2
"KRT8P3",3,3,2,3,5,8,2,0
"LRIG3-DT",4,3,5,2,4,2,4,2
"SNRPA1-DT",0,3,5,4,3,2,5,4
"LOC105274304",0,2,8,1,9,4,1,1
"MIR3189",6,2,1,1,3,1,7,5
"DSEL-AS1",5,1,7,0,4,5,1,3
"MARCHF10-AS1",0,10,0,3,0,8,0,5
"ZNF143-AS1",7,1,6,3,2,3,2,2
"H3Y1",1,24,0,0,0,1,0,0
"TRPC5",4,2,4,0,0,1,11,3
"AREG",5,2,2,0,11,5,0,0
"ADORA2A",3,0,1,3,4,11,3,0
"GDPD2",3,1,3,2,3,6,4,3
"ZNF20",4,4,5,1,5,4,1,1
"AGAP2",5,2,3,3,5,1,2,4
"DYSF",2,1,2,3,8,6,3,0
"SYT16",3,2,7,3,3,6,1,0
"ACMSD",2,1,8,2,3,6,2,1
"LRGUK",2,5,4,4,4,2,3,1
"RAET1L",4,1,5,1,5,2,3,4
"GPR61",3,3,5,1,3,2,4,4
"TSPAN33",4,8,3,2,2,1,3,2
"FBXW12",0,9,1,5,2,3,2,3
"SPMIP6",1,4,6,1,1,4,5,3
"FAAH2",7,0,2,3,3,7,3,0
"DEGS2",4,0,1,1,4,2,8,5
"HSFY2",3,5,7,2,4,4,0,0
"SOSTDC1",3,1,8,3,2,0,6,2
"AZU1",4,3,5,1,1,8,3,0
"DEXI",2,2,2,5,6,3,4,1
"LHFPL1",10,1,3,1,1,3,6,0
"FAM131C",1,5,1,2,4,5,2,5
"SRL",2,2,9,0,3,3,6,0
"LOC730098",4,1,4,2,2,5,5,2
"SNORA73B",8,1,3,3,2,3,4,1
"RNU6-4P",1,0,4,1,2,7,8,2
"TAS2R19",1,2,4,2,4,4,2,6
"NPM1P50",5,1,4,4,6,1,2,2
"KRT8P14",1,5,7,4,2,5,0,1
"C19orf73",1,6,4,1,5,2,3,3
"THORLNC",1,1,16,7,0,0,0,0
"HNRNPCP7",3,3,2,1,8,2,4,2
"VN1R108P",1,1,4,4,7,5,3,0
"IDH1-AS1",2,5,2,1,3,3,4,5
"LEF1-AS1",3,7,8,1,0,0,3,3
"LINC01431",4,1,3,3,4,4,4,2
"RPL19P6",2,6,3,1,6,6,0,1
"EBAG9P1",1,4,3,6,3,6,0,2
"NFAM1",4,1,10,2,2,2,3,1
"LINC01447",10,1,8,2,2,0,1,1
"RNU7-57P",1,1,3,1,11,5,1,2
"LOC124901856",6,2,3,1,3,5,1,4
"CSP2",5,3,3,0,5,4,3,2
"WWTR1-AS1",2,4,6,0,1,8,3,1
"RPSAP36",4,4,2,2,2,6,3,2
"PCDHAC2",13,8,2,0,1,1,0,0
"CPEB2-DT",2,1,5,2,3,6,3,3
"LOC124901151",4,0,8,1,5,2,4,1
"EXOC1L",6,10,2,1,1,0,4,1
"LINC00605",4,4,4,4,0,2,6,1
"LINC02172",6,0,5,2,0,4,3,5
"RNU2-27P",6,3,2,2,1,5,4,2
"RN7SKP11",4,1,5,0,4,5,0,6
"DDN-AS1",4,1,2,4,8,4,2,0
"LOC105370645",3,3,4,1,6,6,2,0
"LINC02846",5,4,2,2,1,4,2,5
"LINC00622",3,8,2,1,7,1,2,1
"ZFPM1-AS1",3,0,5,1,6,3,4,3
"SYPL1P2",4,1,4,1,6,3,4,2
"MIR3176",5,5,5,1,2,4,2,1
"ZNF559-ZNF177",0,2,6,0,4,4,6,3
"ZBTB32",3,6,7,1,1,6,0,0
"KIF26A",5,3,5,0,0,0,5,6
"ATP2B3",3,0,4,0,7,6,4,0
"TEKT2",0,0,2,3,5,6,3,5
"NRXN2",1,0,4,2,6,3,4,4
"IL1R2",1,2,2,3,5,8,0,3
"DUSP4",8,4,0,0,4,6,0,2
"PLG",4,3,6,1,4,3,1,2
"TPH1",6,3,5,1,2,3,2,2
"EPB41L4A",2,1,6,3,3,5,1,3
"HSD17B3",0,1,2,4,3,6,2,6
"HRK",2,1,2,2,7,3,6,1
"CYP1A1",0,18,0,0,2,4,0,0
"WDR93",3,1,6,4,0,0,9,1
"KCNMB1",1,1,0,0,6,14,1,1
"PLCH2",3,2,4,3,2,3,3,4
"DNAAF1",2,3,4,0,5,3,3,4
"ART3",3,3,0,1,3,6,4,4
"TIAM1",0,4,4,1,3,5,4,3
"TRIM63",0,2,0,7,2,7,0,6
"SGPP2",1,1,4,7,2,3,4,2
"BNIPL",0,2,4,3,5,3,5,2
"CD200R1",1,0,10,2,1,2,7,1
"C3orf49",1,2,4,2,6,3,3,3
"OTOP1",4,1,7,0,5,2,2,3
"LINC01600",5,1,0,1,3,5,5,4
"NSG1",1,1,3,1,5,10,0,3
"C11orf16",2,3,5,2,3,4,3,2
"MKRN3",6,2,3,2,3,4,3,1
"FAM87A",2,2,7,0,3,5,1,4
"ZNF730",5,1,4,2,5,0,2,5
"MIXL1",3,3,4,0,6,6,0,2
"TMPRSS6",2,1,5,1,0,6,6,3
"TRPV1",1,2,4,1,4,5,3,4
"PIWIL2",6,1,5,2,3,2,3,2
"RAMP2-AS1",0,5,5,0,7,2,2,3
"RNU1-36P",2,3,3,7,0,6,1,2
"RNU6-3P",2,0,4,0,3,8,4,3
"RNU6-2",1,2,4,3,4,6,2,2
"LINC00612",4,1,5,3,0,2,9,0
"H3C9P",3,1,6,3,4,4,2,1
"ATP5F1CP1",1,1,6,2,2,3,4,5
"GTF2IP5",3,5,6,3,3,3,1,0
"C2CD4D",3,2,3,3,1,2,7,3
"MICALL2-DT",4,4,3,2,3,4,3,1
"HCG15",0,4,3,2,5,3,2,5
"OR7E128P",0,3,4,2,5,6,2,2
"TNPO1P2",2,1,3,1,7,7,1,2
"CT69",3,4,2,2,4,4,1,4
"STEAP1B-AS1",2,4,9,1,5,3,0,0
"FAM90A3",1,0,3,1,2,2,8,7
"OR7E157P",9,6,2,1,2,2,0,2
"CNIH3-AS2",11,0,3,0,8,2,0,0
"LINC01638",4,0,10,0,2,2,3,3
"LOC112268431",1,2,8,3,3,0,2,5
"KRT18P34",2,2,8,0,0,3,4,5
"ANKRD17-DT",3,2,6,1,4,2,2,4
"RNU6-1262P",0,4,1,4,4,3,3,5
"LINC02985",0,2,5,2,2,2,2,9
"LINC03048",2,2,5,5,2,3,1,4
"RN7SL656P",1,5,1,0,8,3,3,3
"MIR4477B",1,2,2,0,10,6,2,1
"UXT-AS1",4,1,6,2,2,6,1,2
"TAS2R6P",6,4,3,0,3,2,4,2
"JMJD1C-AS1",4,1,5,3,3,5,2,1
"MMP25",3,1,3,0,6,5,2,3
"NGEF",0,1,3,0,0,1,10,8
"TESMIN",4,4,2,1,5,7,0,0
"ALDOB",4,3,2,2,2,3,4,3
"CXCL14",6,3,4,1,1,0,3,5
"ZP1",4,4,2,0,6,3,3,1
"CD96",2,10,5,1,1,2,2,0
"SLA",2,1,10,0,2,6,0,2
"AFF2",12,7,2,0,0,0,2,0
"MEGF11",3,5,3,2,5,2,1,2
"CLDN1",3,0,5,1,11,1,2,0
"KLF17",2,5,1,2,4,5,1,3
"CTSW",3,1,4,1,6,3,4,1
"TEX26",8,2,1,1,1,4,0,6
"CLVS1",2,3,1,3,2,4,5,3
"TMEM52",3,5,3,1,2,4,3,2
"HCLS1",5,4,1,1,2,2,3,5
"C11orf42",3,4,4,0,3,4,4,1
"C12orf56",2,2,4,0,7,1,7,0
"PLK5",6,2,3,0,3,5,1,3
"SAPCD2",1,6,2,1,4,3,3,3
"LINC02610",3,3,0,1,1,1,7,7
"CARMIL3",1,3,2,4,1,6,4,2
"LINC00319",1,0,3,0,3,11,1,4
"OSTN",1,0,10,4,3,0,4,1
"FAM180B",3,0,6,1,4,0,7,2
"HSP90B3P",3,2,1,2,8,6,1,0
"EPCIP",3,3,5,2,3,3,2,2
"SYT3",0,2,1,1,4,9,2,4
"SNORD12B",3,3,5,1,3,4,3,1
"BABAM2-AS2",1,2,3,6,4,1,5,1
"HSD52",4,4,6,0,3,0,5,1
"CDK5RAP3P1",3,4,0,2,4,5,0,5
"LINC00092",2,5,4,1,5,1,2,3
"EIF3LP3",2,4,2,0,5,5,3,2
"LOC100129215",1,1,6,0,6,6,2,1
"LOC124902280",2,5,3,1,5,0,4,3
"LINC00310",4,0,4,1,5,1,4,4
"LOC102724624",4,0,4,1,3,5,4,2
"CYP21A2",4,1,8,0,5,1,4,0
"SDK1-AS1",11,3,2,1,0,1,4,1
"ZKSCAN7-AS1",1,7,1,3,3,5,0,3
"RPL36AP21",3,3,4,1,2,7,1,2
"NDUFB2-AS1",2,2,5,2,5,2,4,1
"SEPTIN7P6",1,6,1,1,11,3,0,0
"LINC02288",1,1,4,1,5,7,1,3
"LOC100506444",0,4,1,4,2,6,2,4
"LOC101929109",2,0,1,2,5,7,4,2
"ENPP7P10",5,2,1,0,3,4,8,0
"BRD9P2",2,4,5,1,4,4,2,1
"LINC02891",3,1,2,1,0,0,11,5
"LINC02199",5,2,2,0,6,1,7,0
"LOC105369911",3,2,2,1,3,4,4,4
"BCAR1P1",3,0,3,0,5,4,3,5
"BCAR1P2",3,0,3,0,5,4,3,5
"LOC101929566",3,4,0,3,7,4,0,2
"MIR3685",2,2,5,3,0,2,7,2
"HSD17B1-AS1",2,2,4,1,3,6,4,1
"LOC112268408",0,2,1,5,2,3,2,8
"LIF-AS2",7,1,6,0,2,0,7,0
"SMC2-DT",2,4,3,2,3,3,2,4
"GYG2P2",3,1,5,1,1,6,4,2
"SNORD14A",3,2,1,2,4,3,6,2
"LOC105375022",2,2,4,1,6,3,1,4
"GUCY2C",3,2,4,3,3,2,1,4
"IL12RB2",2,3,2,4,0,4,2,5
"SIGLEC1",2,0,5,4,3,2,3,3
"IGFALS",2,0,4,1,2,6,3,4
"CABP7",2,2,5,2,1,4,3,3
"COCH",0,1,1,0,3,3,7,7
"NOVA2",1,2,7,1,5,2,3,1
"DLX4",1,3,3,0,2,11,1,1
"UPK2",1,1,2,1,7,2,7,1
"CSPG5",5,0,5,1,2,9,0,0
"KCNJ5",2,2,2,3,3,1,8,1
"WIPF3",3,2,2,4,1,4,5,1
"MATN4",2,2,6,1,3,4,4,0
"PACSIN1",4,2,10,3,0,1,2,0
"LRRN4",1,3,1,6,0,0,1,10
"VGF",0,13,1,0,2,0,2,4
"BBOX1",2,2,5,3,3,3,3,1
"ATP1B2",2,1,2,3,4,5,3,2
"ALDH3B2",0,1,0,4,2,12,2,1
"MRO",5,5,2,3,0,5,0,2
"METTL21C",3,1,3,2,0,2,3,8
"ITGB1BP2",3,0,3,1,8,2,3,2
"TMSB4Y",3,2,3,4,5,5,0,0
"KCNJ15",1,2,4,1,3,8,2,1
"NLRP14",2,1,2,1,5,2,4,5
"DCST1",2,4,1,2,3,3,3,4
"STOX1",1,9,1,1,1,5,0,4
"MESP1",2,2,1,2,3,2,5,5
"LRP1B",1,4,0,1,6,4,1,5
"KISS1",1,1,6,3,4,4,1,2
"SLC26A5",0,4,5,0,3,5,4,1
"SAA1",1,2,0,8,0,10,0,1
"TRAPPC3L",6,1,3,2,2,4,2,2
"CADM2",3,0,2,5,3,5,2,2
"GOLGA8DP",8,1,3,1,4,2,1,2
"LINC02880",5,0,7,1,1,1,6,1
"PPP1R42",4,1,6,0,6,1,4,0
"ATG9B",3,0,4,2,3,5,1,4
"CCR3",3,0,4,0,5,2,5,3
"SOWAHB",0,1,5,3,6,6,1,0
"INSC",1,0,1,1,5,10,1,3
"RNA5SP383",4,3,2,1,2,8,1,1
"LOC124903437",2,3,7,1,3,1,2,3
"RN7SKP80",3,1,2,2,5,4,2,3
"MIR421",3,2,4,1,5,4,1,2
"ECT2L",4,1,7,2,4,2,0,2
"SMIM5",2,5,6,1,2,2,1,3
"PCDHA8",0,2,2,0,8,9,1,0
"EXOC3L4",4,2,5,2,2,1,3,3
"SNORD116-24",1,2,8,1,2,4,2,2
"TRBV5-7",3,0,6,3,1,5,2,2
"HSPA8P15",2,2,3,2,2,7,1,3
"SNORA77",1,2,4,3,3,5,3,1
"RNA5SP118",0,1,6,8,1,2,2,2
"RPL17P9",4,2,2,3,1,5,3,2
"RPS27AP6",3,4,1,1,2,3,1,7
"RPSAP49",1,2,3,2,6,3,4,1
"OR7E96P",7,6,2,1,2,1,0,3
"SUCLA2-AS1",3,7,4,3,2,2,1,0
"NPM1P25",3,2,6,1,4,2,3,1
"SMARCE1P5",3,3,4,1,1,7,3,0
"LOC101927377",5,2,4,1,1,6,2,1
"KIAA1614-AS1",2,0,3,4,7,2,3,1
"ADH5P2",0,1,4,3,4,6,1,3
"LOC100419824",2,2,1,2,2,2,5,6
"POU5F1P3",3,1,5,1,4,3,2,3
"TM4SF19-AS1",1,3,4,2,2,1,6,3
"KCNMA1-AS1",1,2,8,1,2,5,0,3
"CRYBB2",3,2,4,1,2,5,2,3
"CFAP184-OT1",3,0,5,1,5,3,4,1
"LINC01550",5,3,7,2,0,0,1,4
"LINC01303",0,1,5,0,10,5,0,1
"METTL21EP",4,3,2,0,0,2,6,5
"LOC105377329",2,5,1,3,4,4,2,1
"SCAT2",2,2,5,2,8,1,2,0
"RPL21P7",4,5,2,2,2,3,4,0
"ADPGK-AS1",4,3,5,2,2,2,2,2
"ATP2C2-AS1",2,0,2,2,6,4,2,4
"LOC101928266",0,4,6,0,2,3,2,5
"MIR378H",3,1,5,3,5,2,3,0
"RN7SL199P",1,5,1,0,7,3,2,3
"ZFP28-DT",2,2,3,4,6,1,2,2
"NDUFB8P2",2,0,3,1,6,5,4,1
"NIFKP5",3,2,4,3,4,2,1,3
"SLC30A6-DT",5,2,3,0,4,3,3,2
"CEACAM1",0,2,7,5,3,2,1,1
"TBX15",2,0,5,4,3,1,3,3
"C22orf31",3,1,6,2,4,3,2,0
"PRORP",0,3,5,2,3,2,2,4
"DHDH",2,7,5,1,3,1,1,1
"PITX3",1,3,1,1,4,8,1,2
"MDFI",14,3,1,2,0,0,1,0
"PROZ",3,2,2,2,5,0,2,5
"CNGA4",5,1,2,2,2,2,4,3
"DUSP26",1,1,1,1,2,5,6,4
"GARIN1B",1,2,3,3,4,6,0,2
"PLCB2",4,2,5,0,4,2,2,2
"MTTP",1,3,3,2,1,2,2,7
"TRIM50",2,1,1,0,5,7,2,3
"ZNF157",7,1,4,0,3,2,2,2
"ADGRL3",0,1,3,1,7,2,6,1
"ENKUR",3,1,4,1,2,5,3,2
"THRSP",0,4,5,4,0,0,6,2
"FBXO43",2,3,5,1,1,3,3,3
"SHOC1",4,0,2,1,5,6,1,2
"CLDN2",2,3,4,1,1,5,3,2
"CCDC38",4,1,2,2,1,1,8,2
"TTC16",2,2,3,1,2,7,1,3
"TIGD4",3,2,4,0,1,1,5,5
"EMX2",0,1,0,0,11,9,0,0
"C1QTNF4",1,2,4,2,2,1,5,4
"GCSAM",3,0,3,2,5,7,0,1
"LONRF3",3,5,2,1,0,5,3,2
"CD19",2,0,6,6,0,2,4,1
"TMIE",0,0,2,1,8,4,6,0
"GPR3",4,0,2,2,1,4,7,1
"PDE2A",0,2,4,0,7,1,5,2
"CYP27C1",4,3,3,5,4,0,2,0
"CYCSP3",3,0,4,0,0,11,0,3
"MT1F",2,2,3,1,0,6,1,6
"LINC02731",6,0,4,0,4,1,5,1
"PRAMEF7",0,20,0,0,0,1,0,0
"CCNI2",2,2,2,3,5,6,1,0
"SNORD101",2,4,3,2,3,6,1,0
"DIO1",4,2,6,0,3,1,3,2
"HSPE1P26",5,1,4,1,6,1,1,2
"USP17L2",0,2,1,0,5,8,4,1
"PRRT4",4,4,2,1,1,6,2,1
"LINC01779",2,1,6,5,1,3,2,1
"FAM133FP",5,2,3,2,1,5,0,3
"SRP68P2",1,5,3,0,2,5,5,0
"TTTY10",1,3,4,4,2,7,0,0
"ZNF341-AS1",5,1,2,3,1,2,4,3
"GNB1-DT",4,0,3,4,1,4,5,0
"SNORD62B",3,1,1,1,6,5,2,2
"LINC00574",2,3,0,1,7,5,1,2
"FNDC1-AS1",4,3,5,0,2,0,6,1
"RPL36AP26",6,5,0,2,1,2,1,4
"LOC124905716",1,0,8,4,2,1,3,2
"SCN1A-AS1",1,2,4,0,2,7,1,4
"PIRAT1",0,0,4,2,9,4,0,2
"SRP68P3",1,3,2,0,4,5,5,1
"CRIPTO",3,4,1,0,5,7,1,0
"SOX2-OT",3,0,0,4,4,3,4,3
"ZEB2P1",1,2,4,0,5,2,2,5
"OR52V1P",1,4,3,2,2,4,5,0
"PCDHA10",5,7,3,3,0,1,1,1
"LOC100420899",3,0,4,0,5,4,2,3
"TCP1P3",3,3,7,1,3,2,2,0
"KRT7-AS",0,1,2,2,2,8,3,3
"DUT-AS1",1,4,3,2,6,2,0,3
"LOC100287036",1,4,3,1,2,1,4,5
"DDX19A-DT",2,1,1,1,4,4,2,6
"DCXR-DT",0,5,0,2,0,4,0,10
"RN7SL262P",1,0,2,2,8,0,5,3
"LINC01909",3,0,3,5,2,4,2,2
"LOC102724684",6,0,8,1,2,0,3,1
"SLC25A36P1",1,4,0,4,4,2,5,1
"LINC00664",5,0,0,0,6,2,7,1
"LOC100887072",3,2,3,1,4,2,3,3
"LOC100420680",2,2,1,2,2,5,4,3
"DCTN6-DT",2,4,4,0,6,1,0,4
"LOC107986571",3,1,4,0,1,3,5,4
"FOXP3",2,2,4,2,2,4,1,3
"ATP2C2",1,4,0,1,3,6,4,1
"IGSF9",8,0,3,1,6,0,2,0
"B3GAT2",3,3,2,1,3,3,3,2
"TNNC1",4,3,4,2,1,2,2,2
"ITGB6",1,4,4,0,0,1,6,4
"DAW1",0,7,3,5,1,0,0,4
"KLHL31",4,0,2,4,3,3,2,2
"CALY",1,0,2,0,2,4,8,3
"KCNC3",2,4,0,1,3,10,0,0
"BCAN",5,5,2,0,2,0,3,3
"CD101",9,3,2,0,2,2,0,2
"BCO1",4,1,5,0,3,2,4,1
"RPL3L",2,2,3,2,5,2,2,2
"GREB1L",0,1,5,6,3,1,0,4
"NECTIN4",2,3,4,2,5,1,3,0
"GALNT13",7,4,2,3,0,1,3,0
"ALDH1L1",0,4,0,6,0,7,1,2
"PSD2",3,2,1,2,4,4,1,3
"GOLGA8F",6,1,1,1,5,3,3,0
"CHODL",3,1,3,3,3,6,0,1
"L3MBTL4",11,3,0,1,0,1,3,1
"TCHH",0,15,1,0,1,1,2,0
"CARMIL2",2,1,2,1,2,5,2,5
"MEIOB",1,2,5,2,1,6,2,1
"TMEM52B",0,0,5,2,4,5,2,2
"DNAAF3",2,1,4,1,1,4,6,1
"CASKIN1",2,0,6,0,1,3,4,4
"TXNDC2",2,6,2,0,0,10,0,0
"CPLX1",3,2,5,3,2,3,2,0
"LRRN2",1,1,4,2,3,2,2,5
"SYT12",4,3,3,1,3,4,2,0
"ZBED2",3,4,1,3,3,2,3,1
"IRX3",6,1,3,2,7,0,0,1
"ERBB4",1,0,5,4,0,3,2,5
"C14orf39",1,1,2,2,4,5,4,1
"CALHM1",0,1,3,2,2,5,5,2
"SPACDR",4,2,1,1,1,3,4,4
"FOXD4L3",2,1,6,1,0,3,5,2
"ESRRG",4,3,1,0,1,5,2,4
"LOC105369167",5,0,2,1,2,5,3,2
"SNORD63B",3,3,4,0,3,4,2,1
"BRAFP1",1,0,1,2,3,3,5,5
"LINC00853",2,4,3,2,1,2,0,6
"TEX41",1,2,3,0,4,7,0,3
"SOCS5P4",2,0,3,2,4,4,3,2
"CROCCP4",3,1,4,1,5,1,0,5
"TNPO1P3",1,0,4,1,5,4,1,4
"ZNF492",5,0,1,1,4,3,4,2
"RPL4P6",3,0,2,3,4,5,0,3
"DCST1-AS1",3,3,2,2,2,5,1,2
"NSRP1P1",3,1,4,1,9,2,0,0
"LOC102724768",0,6,1,4,0,6,0,3
"TARDBPP2",8,0,5,3,1,1,1,1
"ZNF775-AS1",2,2,4,2,4,3,1,2
"RPL36AP45",1,3,1,0,5,6,2,2
"LOC105373418",3,3,4,1,3,1,4,1
"MTFP1",1,1,2,2,2,8,2,2
"TCP10L",3,7,1,1,1,3,2,2
"RPL21P14",7,4,0,1,1,4,3,0
"LINC02932",5,4,2,0,3,2,1,3
"RPL5P24",1,0,5,0,4,6,2,2
"CASC8",0,1,3,1,1,8,1,5
"BCL2L12P1",2,4,1,3,1,7,1,1
"MED28-DT",2,4,4,2,2,2,2,2
"LINC00942",3,3,1,2,3,5,2,1
"GBA3",1,4,1,1,1,10,0,2
"RNA5SP82",6,1,5,1,3,2,1,1
"RDXP1",2,1,2,0,2,5,4,4
"ARNT2-DT",2,2,3,0,4,2,4,3
"UBE2Q2P11",2,3,2,1,1,6,2,3
"TGILR",1,1,1,0,5,11,0,1
"DNAJA2-DT",6,0,3,2,2,3,2,2
"LINC01979",2,1,2,3,2,6,3,1
"LOC100421173",7,2,0,3,5,2,0,1
"MTND1P8",0,1,4,0,9,3,1,2
"HAVCR1P1",5,1,1,3,6,3,0,1
"LINC01082",5,2,1,0,3,6,3,0
"NOP53-AS1",5,4,2,0,2,1,2,4
"C1orf21-DT",2,0,2,0,3,5,5,3
"HES2",5,3,4,0,2,0,5,0
"SNX10",2,1,4,1,2,0,6,3
"GNAO1",3,4,4,1,4,1,1,1
"ISM2",0,1,3,0,8,5,1,1
"TFEC",1,3,4,0,4,5,0,2
"NPTX2",0,8,1,0,4,6,0,0
"SLC6A4",1,0,5,0,3,4,3,3
"ICAM2",5,1,8,2,1,0,1,1
"ELMOD1",3,6,0,1,0,4,0,5
"AADAC",3,3,3,4,2,2,1,1
"PLCH1",0,1,5,2,4,6,1,0
"FAM209A",4,3,4,0,2,4,2,0
"SOX3",3,4,4,0,1,1,6,0
"HOOK1",0,7,2,4,0,2,2,2
"SLC37A2",0,2,3,0,5,3,1,5
"CGA",0,5,9,0,0,0,0,5
"CAPN9",1,1,6,3,3,3,2,0
"PKD1L1-AS1",6,1,5,3,0,1,2,1
"RDH16",3,1,3,0,3,3,4,2
"FLG2",4,3,4,1,2,0,3,2
"REN",1,0,5,0,5,5,2,1
"TRIM43B",1,17,0,0,0,0,1,0
"ST8SIA6",1,3,3,2,4,1,2,3
"CYP17A1",2,3,2,0,5,2,2,3
"M1AP",2,0,5,1,5,6,0,0
"RSPH1",3,4,2,1,2,1,2,4
"NLRP3",4,0,2,2,3,0,4,4
"TMPRSS5",1,2,3,0,2,5,4,2
"ANKRD33",2,1,2,0,4,8,2,0
"KRT86",0,2,7,1,1,6,2,0
"KRT4",0,0,4,8,0,4,0,3
"LGALS4",2,2,0,2,3,2,2,6
"CREG2",3,0,1,0,4,3,5,3
"FBXO39",1,3,4,0,3,3,4,1
"PNPLA1",1,2,2,1,1,5,1,6
"MAPK15",1,0,2,1,2,5,6,2
"SLC25A41",5,0,1,1,1,4,6,1
"GOLGA8G",4,0,1,2,4,3,5,0
"NPW",4,1,1,0,4,5,2,2
"NAT8L",1,3,3,3,2,1,4,2
"FAM228A",0,1,4,1,6,2,2,3
"P2RX2",7,3,5,0,0,0,3,1
"CLEC17A",1,5,1,2,2,3,2,3
"SP6",4,1,0,0,4,5,4,1
"CYP2F1",3,1,1,0,4,4,3,3
"ZNF695",0,2,4,4,1,2,4,2
"SNORD6",2,3,2,2,2,4,1,3
"ZSCAN5C",1,7,3,3,2,3,0,0
"TRBV5-5",5,1,1,2,4,4,1,1
"DNLZ",5,4,2,1,0,2,2,3
"SNORD100",5,4,0,2,1,3,3,1
"C10orf55",5,2,3,2,2,2,3,0
"RNU2-28P",1,3,0,1,4,6,1,3
"RNU6-722P",3,2,7,0,0,5,2,0
"TH2LCRR",1,2,4,1,2,4,1,4
"CDRT15",1,1,1,4,3,3,1,5
"HMGB3P22",2,1,1,2,7,2,3,1
"LOC101927293",1,4,0,1,8,3,2,0
"UBXN7-AS1",1,1,2,4,1,3,4,3
"EFCAB14-AS1",5,0,4,1,2,3,3,1
"KRT18P4",0,2,2,2,7,2,4,0
"LOC105378289",2,2,1,3,1,3,2,5
"LOC124906013",3,1,1,3,3,4,4,0
"TRBV5-4",1,2,4,3,0,5,0,4
"ECE1-AS1",4,1,3,1,0,3,2,5
"LINC01816",1,1,5,1,3,4,1,3
"MTHFD1P1",4,2,1,0,2,2,2,6
"BTBD18",2,2,5,1,1,3,2,3
"CPB2-AS1",6,2,4,1,1,2,3,0
"MGC27382",2,0,0,3,8,4,1,1
"CAV2-DT",4,1,3,4,0,2,2,3
"RN7SL535P",5,3,2,1,1,2,1,4
"LINC02066",2,1,8,1,2,0,2,3
"RPS20P33",0,2,5,1,4,2,3,2
"RPS13P8",3,5,0,2,3,3,2,1
"GNG10",1,1,3,1,1,6,4,2
"LINC00923",1,0,0,0,7,10,0,1
"BRCC3P1",6,3,1,2,4,2,1,0
"LGR4-AS1",4,0,3,1,5,3,2,1
"LOC100420580",3,3,2,3,3,2,2,1
"LOC100420011",2,4,2,2,2,4,0,3
"LOC400026",3,3,3,0,2,6,1,1
"LOC100506869",6,1,6,1,2,2,1,0
"DDX18P1",3,1,4,0,3,0,2,6
"LINC00562",1,2,4,1,2,6,1,2
"FIGNL2",1,0,6,2,1,2,4,3
"MRPL45P2",2,5,3,2,3,1,2,1
"MIR133A1HG",0,3,1,3,1,6,3,2
"MIR4263",3,0,8,1,1,0,4,2
"MIR4516",2,4,1,2,2,5,3,0
"LINC01443",2,0,11,4,0,1,1,0
"CTB-30L5.1",2,1,2,0,4,3,5,2
"MLXIPL",2,9,1,1,0,0,0,5
"REM1",0,8,1,5,0,1,1,2
"DLL3",3,3,3,1,5,1,1,1
"POMC",3,5,3,0,3,2,1,1
"CASQ2",0,1,0,0,11,6,0,0
"MYOT",0,0,1,1,5,8,2,1
"TCP11",0,0,3,0,4,6,4,1
"TAS2R3",1,2,3,2,2,5,0,3
"E2F8",4,6,1,0,4,2,1,0
"CACNG6",0,0,2,2,2,11,1,0
"CCNA1",0,3,4,3,1,1,3,3
"GSC",4,5,4,1,0,0,2,2
"MMP27",5,1,2,0,4,1,3,2
"POU2F3",3,2,2,2,2,1,3,3
"HMGCLL1",3,4,0,0,3,0,3,5
"GRM1",2,2,2,1,6,1,1,3
"PTPRR",2,2,6,1,3,0,2,2
"PPP2R2B",0,0,6,0,1,0,6,5
"GHRL",1,2,2,2,5,3,1,2
"DUSP2",0,1,2,3,2,4,2,4
"ACTC1",1,1,1,2,5,7,0,1
"GOLGA6A",0,3,5,0,3,1,5,1
"PDZK1IP1",0,0,4,3,2,8,0,1
"ERICH6B",4,2,3,0,0,6,0,3
"PDZRN4",2,0,9,3,2,0,1,1
"B4GALNT2",1,0,1,0,6,6,2,2
"SOAT2",1,2,2,3,0,0,2,8
"MAB21L3",1,2,4,2,0,4,1,4
"LRRC63",3,6,1,1,1,0,4,2
"TMEM51-AS1",1,1,3,0,1,1,8,3
"ZNF114",5,3,3,0,3,2,2,0
"CLDN6",3,1,1,1,1,7,2,2
"HDHD5-AS1",4,1,1,0,3,5,4,0
"RGS9BP",4,1,4,0,3,2,1,3
"FSD2",1,5,4,2,1,3,1,1
"C2orf66",4,1,5,1,5,0,2,0
"QRFP",5,4,4,0,2,2,0,1
"OPTC",2,1,1,1,5,3,4,1
"HBG2",1,2,1,0,6,7,0,1
"C20orf203",1,1,4,1,1,2,6,2
"RCSD1",0,0,0,0,7,11,0,0
"NXPE2",3,2,2,0,4,2,3,2
"DPP9-AS1",0,4,4,1,3,3,2,1
"SNORA75",1,2,4,1,5,4,0,1
"RNU6-125P",4,5,1,1,1,2,4,0
"SNORA3B",4,1,2,1,1,4,2,3
"RPL18AP13",1,0,3,0,5,5,1,3
"SEPHS1P6",2,1,6,3,3,2,1,0
"LOC124906495",0,5,6,1,1,3,2,0
"HMSD",0,3,4,2,1,6,1,1
"LOC105373953",2,3,2,0,4,3,1,3
"TRPC6P10",1,1,2,1,6,3,2,2
"ZFYVE9P1",3,0,4,1,1,4,5,0
"RPS15P5",3,3,2,0,2,3,4,1
"FAM90A15",0,0,4,1,0,4,3,6
"LOC339666",4,2,2,2,1,5,0,2
"RPL34P27",1,3,1,1,3,3,4,2
"CDC20-DT",1,2,3,1,1,6,3,1
"LOC124907725",1,1,3,6,1,3,0,3
"LOC101927661",1,2,0,3,0,9,0,3
"UBOX5-AS1",1,3,5,1,1,2,2,3
"LINC02243",1,1,1,1,1,8,4,1
"SNRPGP14",2,5,2,1,3,3,0,2
"STARD13-AS",0,2,2,3,1,6,2,2
"LOC100996696",3,2,4,1,3,3,2,0
"LINC00426",2,0,2,2,4,5,2,1
"GHRLOS",2,1,5,1,4,3,1,1
"HMGN1P8",0,1,4,3,4,5,0,1
"CORT",1,1,1,1,8,2,1,3
"RN7SL268P",1,1,5,2,1,2,5,1
"C1QTNF7-AS1",1,1,4,3,1,3,2,3
"EPHA5-AS1",0,0,7,3,1,1,2,4
"RNU6-531P",2,5,1,0,4,0,4,2
"WASHC5-AS1",2,1,2,1,3,3,3,3
"PPIAP41",0,1,4,0,2,5,4,2
"LINC02951",1,2,3,1,3,2,6,0
"LOC101928940",0,1,2,1,0,10,1,3
"FRMD6-AS1",0,0,1,2,4,4,4,3
"LOC645405",3,3,0,4,3,2,1,2
"CTXND1",4,1,4,1,2,1,4,1
"DDX59-AS1",1,3,2,0,5,1,6,0
"STUB1-DT",2,2,3,1,4,3,1,2
"RPL7L1P16",4,2,3,1,2,0,5,1
"ARLNC1",1,1,4,1,9,1,0,1
"LINC01238",4,2,2,1,4,2,3,0
"LOC124904048",4,0,6,3,2,1,2,0
"LOC124903931",6,4,3,0,0,2,1,2
"SNHG25",2,2,1,1,3,5,3,1
"LOC105373314",0,0,4,2,2,4,3,3
"FLT4",2,2,2,0,1,10,0,0
"SCT",3,1,2,2,1,2,2,4
"TXK",3,0,3,4,0,0,6,1
"GPLD1",1,1,2,1,7,2,3,0
"CCN6",0,0,4,1,5,5,2,0
"GRM6",3,0,7,2,1,1,2,1
"SERPINC1",2,4,0,1,2,4,3,1
"HPCA",1,0,4,2,4,3,2,1
"GAD1",3,3,5,0,0,1,3,2
"ELL3",5,2,2,1,1,1,3,2
"GMFG",5,1,3,1,2,2,2,1
"TNS4",1,3,2,0,3,4,3,1
"VTCN1",2,0,5,0,1,0,9,0
"MRAP2",0,2,0,1,0,0,7,7
"CTSV",0,3,2,2,3,2,3,2
"GPR65",1,2,1,1,0,11,0,1
"SYTL1",2,5,1,0,2,4,1,2
"TMEM236",5,3,0,5,0,1,1,2
"GLB1L2",5,8,1,1,1,1,0,0
"KLRF1",2,0,3,3,0,1,2,6
"CD226",5,1,1,2,4,2,1,1
"SYCP2L",2,3,1,2,4,2,2,1
"C10orf90",2,1,6,0,1,5,2,0
"NCF1",2,4,1,2,4,3,0,1
"FCER1G",1,1,6,2,1,3,3,0
"CHRNB2",1,3,0,5,4,2,1,1
"FAM86KP",1,4,3,2,1,5,0,1
"ALB",1,1,5,0,0,1,4,5
"FAM153A",0,0,2,7,1,3,0,4
"ANO5",5,1,1,0,0,3,2,5
"XCR1",2,0,4,0,5,1,3,2
"PPM1E",4,2,0,1,2,2,2,4
"LINC02873",1,4,4,2,1,1,2,2
"ZBTB44-DT",3,1,3,0,3,3,1,3
"OR10AB1P",0,2,5,1,3,5,0,1
"MAB21L2",3,5,5,1,0,1,0,2
"TAFA1",2,1,2,2,1,0,3,6
"GOLGA8EP",5,0,2,1,3,3,1,2
"ATP6V0C",5,0,1,3,5,2,0,1
"SPATA31F3",1,0,3,0,2,1,4,6
"PEAK3",4,4,2,0,2,3,1,1
"CYP51A1-AS1",3,1,2,1,6,0,2,2
"RYR1",1,1,2,1,3,6,2,1
"ARC",2,7,1,1,4,0,2,0
"PAX9",1,0,0,2,6,6,1,1
"MIRLET7I",3,0,0,0,3,3,3,5
"RNU6-529P",1,2,4,2,2,1,2,3
"SNORD14E",4,1,3,2,5,1,0,1
"RNU6-343P",1,2,1,2,5,3,2,1
"LINC00222",1,3,3,1,1,4,2,2
"DISP3",0,0,4,7,1,0,4,1
"SNORD60",2,6,1,0,3,2,1,2
"SNORD83A",2,2,2,2,3,3,2,1
"BORCS8-MEF2B",1,1,0,1,3,4,4,3
"TAFA5",0,0,0,0,6,11,0,0
"YAP1P1",3,3,1,3,1,1,1,4
"POTEJ",2,2,0,2,2,0,4,5
"TINCR",1,4,2,3,1,3,1,2
"ASS1P2",1,2,2,1,7,0,2,2
"MIR181A2HG",2,1,1,1,4,4,3,1
"ADM5",2,5,1,2,2,1,2,2
"LOC124903883",1,0,3,0,6,3,2,2
"HCG23",3,3,2,2,3,2,1,1
"LINC03102",3,2,1,0,3,5,0,3
"LINC00161",1,3,1,1,3,3,3,2
"INKA2-AS1",1,3,1,0,3,5,2,2
"LINC01635",2,1,3,4,3,3,0,1
"MTATP8P2",1,2,1,2,6,4,0,1
"LINC01614",4,1,5,4,1,2,0,0
"AARSD1P1",2,4,2,1,1,2,4,1
"KRT18P5",1,0,4,1,3,5,1,2
"ASS1P12",0,1,3,1,2,1,3,6
"RPL10P4",4,2,2,0,0,4,2,3
"FBXW10B",1,1,2,0,7,2,2,2
"RPL5P3",1,1,2,0,7,4,0,2
"PLA2G4B",1,1,2,1,5,3,2,2
"KLRK1-AS1",1,0,12,3,0,0,0,1
"DRAIC",1,2,2,2,2,3,4,1
"PPM1K-DT",1,1,1,2,3,2,2,5
"OXCT1-AS1",2,4,1,5,2,0,1,2
"LINC02899",1,0,3,2,0,3,4,4
"LOC101929577",1,2,2,1,4,5,2,0
"HADHAP1",0,5,4,1,3,3,1,0
"LINC02749",2,1,3,1,3,1,5,1
"RAB44",1,1,4,0,8,2,1,0
"SMLR1",0,2,3,1,5,3,1,2
"SMIM3",1,2,2,3,1,3,0,5
"MGAM",0,0,0,0,7,6,2,2
"LOC101929439",0,0,2,2,4,2,3,4
"HNRNPA3P11",2,1,3,1,3,3,2,2
"SLC7A5P1",2,1,2,3,1,2,4,2
"LINC01572",1,1,3,2,1,1,6,2
"LOC124906033",0,4,7,0,1,0,2,3
"STX18P1",1,1,5,0,4,1,2,3
"SCIN",3,3,1,0,2,3,2,2
"TNIP3",2,0,1,0,7,4,0,2
"CXCL2",1,1,2,0,7,4,1,0
"CDH20",2,2,5,0,2,2,2,1
"MEFV",2,1,4,2,3,3,1,0
"MAP4K1",5,0,1,3,1,0,5,1
"HAS1",0,0,5,2,5,2,2,0
"CPVL",0,0,7,2,1,1,3,2
"GPRC5D",1,2,3,3,1,5,1,0
"SMOC2",2,2,4,6,0,1,0,1
"PRLR",0,1,2,2,0,5,1,5
"SRMS",2,3,0,3,1,1,3,3
"ANGPTL8",2,1,1,0,6,3,0,3
"ATP8A2",0,0,3,1,3,1,6,2
"BEX2",5,3,2,0,2,0,2,2
"ERN2",0,0,6,2,1,2,3,2
"PRPH",1,5,4,0,2,0,2,2
"EGF",0,0,3,2,2,2,6,1
"TRIM43",1,15,0,0,0,0,0,0
"ZSCAN1",1,1,5,0,2,4,1,2
"DNAH3",0,1,3,1,7,0,1,3
"ASRGL1",2,4,2,1,0,3,1,3
"DRAXIN",4,3,4,0,3,0,1,1
"GFI1",3,4,2,1,3,2,0,1
"NIPAL1",0,2,2,0,0,7,1,4
"NOS3",1,1,4,1,5,4,0,0
"RBFOX3",0,1,3,2,5,2,2,1
"VWA3B",3,1,3,3,0,3,2,1
"TTC36",4,3,2,1,1,2,3,0
"GPX2",0,3,4,1,1,4,2,1
"PRR15",1,0,2,0,1,10,1,1
"SHISAL2A",1,0,3,0,4,7,0,1
"LRRC19",5,2,3,1,1,2,2,0
"FOXD4L4",2,1,4,1,2,2,2,2
"SRY",2,4,8,2,0,0,0,0
"KRT18P59",2,1,3,2,1,6,1,0
"FYB2",2,1,5,0,2,1,3,2
"S100A14",2,2,5,2,1,2,1,1
"POTEF",0,1,0,2,2,4,3,4
"POTEI",0,1,0,3,1,2,2,7
"CYYR1-AS1",5,0,4,3,1,1,2,0
"KCNRG",3,1,4,0,1,3,2,2
"BMP2KL",1,2,2,3,3,3,2,0
"LINC02783",2,0,0,4,4,6,0,0
"RNU6-42P",1,1,3,0,4,4,3,0
"TFB2MP1",5,1,0,2,6,0,2,0
"SNORD93",1,1,4,1,3,5,1,0
"LINC01825",1,0,3,1,4,1,6,0
"DEFB131B",2,2,2,0,3,3,2,2
"USP17L7",0,1,2,2,2,2,7,0
"MUC12-AS1",0,4,7,1,1,1,1,1
"AKR1B15",2,0,3,0,6,1,4,0
"HSPA8P8",4,1,1,1,5,1,1,2
"DLGAP4-AS1",3,2,1,3,4,1,2,0
"RPS8P9",4,1,1,4,2,1,0,3
"HNRNPUL2-BSCL2",4,0,2,1,1,6,2,0
"RPL6P1",0,4,3,0,5,3,1,0
"LINC03129",1,4,3,1,2,3,0,2
"SCIRT",1,1,0,1,5,4,3,1
"PRKCQ-AS1",2,2,4,0,3,1,4,0
"ZEB2-AS1",2,3,2,1,6,1,1,0
"LRRD1",1,1,2,0,8,2,0,2
"LINC00877",4,0,3,2,0,2,4,1
"PDXP",8,2,0,1,1,2,2,0
"ZNF709",3,0,3,0,4,3,2,1
"IL12A-AS1",4,0,3,0,6,0,2,1
"RN7SL130P",5,3,2,0,0,2,1,3
"CACNA1G-AS1",1,1,1,2,3,4,3,1
"MESTP3",1,0,13,2,0,0,0,0
"LINC03084",0,2,0,0,6,5,2,1
"HOXA-AS3",0,2,3,1,5,0,3,2
"SNRPF-DT",0,2,4,4,2,2,2,0
"TRIM34",2,0,4,1,3,2,1,3
"TUBAP12",1,1,3,3,3,1,0,4
"LOC100505942",1,1,0,1,4,5,0,4
"HEXA-AS1",3,1,5,2,1,0,3,1
"LINC00515",2,1,3,1,0,4,3,2
"EIF4BP5",3,0,1,1,4,1,2,4
"LOC105370887",2,0,1,2,3,4,0,4
"STAG1-DT",1,0,2,0,4,8,0,1
"LOC105371062",2,1,4,3,4,2,0,0
"KPNB1-DT",0,3,2,4,5,2,0,0
"PHACTR2P1",4,3,1,2,3,1,1,1
"SNX2P1",1,3,1,0,4,2,1,4
"LOC124902769",3,2,5,2,3,0,0,1
"UPP2",3,3,4,0,3,0,1,1
"CD79B",1,2,0,4,5,0,1,2
"CAMK2B",3,1,2,2,0,2,5,0
"LLGL2",1,2,5,0,0,3,0,4
"FNDC8",2,3,3,1,4,0,0,2
"CHGB",1,2,2,2,5,2,1,0
"MISP",3,5,1,1,2,2,1,0
"DERL3",1,2,1,0,3,6,1,1
"CELF4",2,0,4,1,1,2,3,2
"VSIG1",5,0,1,1,1,5,2,0
"GLRA2",2,1,1,0,2,8,0,1
"TGM5",1,1,8,1,3,1,0,0
"KCNN1",1,1,2,1,4,3,2,1
"HPN",2,2,0,2,4,0,3,2
"HRH2",0,1,0,0,11,3,0,0
"MMP8",0,0,6,2,1,1,1,4
"IRAG2",3,1,4,1,2,1,3,0
"ESRRB",0,2,1,3,3,3,2,1
"EPX",1,2,4,2,2,1,1,2
"PRB2",1,0,2,2,3,4,3,0
"C4BPA",2,1,2,3,4,2,1,0
"ATP1A4",1,0,5,3,2,1,2,1
"TEX15",0,4,7,1,0,0,1,2
"MEGF10",1,1,2,1,0,0,5,5
"KCNA6",2,1,5,1,0,0,5,1
"NPAS3",4,3,1,0,1,0,1,5
"CATSPER3",0,2,2,0,4,5,1,1
"RSPH10B",1,1,3,1,1,4,0,4
"FOXH1",3,3,2,2,3,0,1,1
"PM20D1",1,3,6,1,0,1,1,2
"PYHIN1",0,3,0,0,5,3,0,4
"IL1RAPL1",2,1,3,1,3,1,4,0
"USP50",3,3,1,3,0,1,3,1
"ALK",2,2,2,1,3,1,2,2
"NIPAL4",2,1,1,1,4,3,0,3
"DELEC1",6,1,2,1,1,2,2,0
"GALNTL6",8,3,2,0,1,0,1,0
"RPP38-DT",1,2,2,1,1,3,5,0
"ZC3H12D",0,2,4,2,2,3,2,0
"NKPD1",2,3,0,3,2,3,1,1
"DCAF4L1",3,4,2,1,3,0,2,0
"PRAMEF8",0,14,0,0,0,1,0,0
"WFDC10B",4,3,3,1,2,0,2,0
"SPATA45",2,0,4,2,1,2,1,3
"FAM186A",1,0,1,1,2,6,2,2
"PTRH1",1,4,1,2,1,4,2,0
"CGB7",3,1,3,0,2,1,4,1
"ADH7",0,2,3,0,5,3,1,1
"RYR2",2,0,10,2,0,0,0,1
"MIR103A2",2,4,1,0,1,3,1,3
"RNU6-915P",0,0,3,0,4,3,2,3
"RNU6-652P",1,4,1,0,2,3,1,3
"SUGCT-AS1",4,0,2,0,4,1,3,1
"LINC01285",3,1,8,0,1,1,1,0
"MIR656",2,2,3,0,4,2,1,1
"TRBV5-3",3,0,5,3,1,1,2,0
"RPL7AP60",2,3,2,1,1,3,0,3
"KIAA1191P1",0,4,3,0,2,4,1,1
"RPL5P8",0,0,5,2,3,2,1,2
"PFKFB3-AS1",3,2,4,2,1,0,2,1
"WEE2",2,2,4,2,2,2,1,0
"RPS4XP1",3,2,0,1,2,2,2,3
"LOC105371730",2,0,2,1,3,2,4,1
"FAM90A5",0,2,1,1,1,5,3,2
"LINC00548",2,0,1,2,1,5,2,2
"RPL21P69",1,3,3,2,2,3,1,0
"RPL7AP35",1,3,3,0,2,5,0,1
"KIAA2012-AS1",2,2,5,1,3,0,2,0
"VEZTP1",4,0,4,0,2,3,1,1
"LINC01117",2,3,1,0,1,4,2,2
"OPA1-AS1",1,1,4,2,2,4,0,1
"LINC02542",3,0,7,0,2,0,3,0
"FTOP1",3,2,4,0,2,2,1,1
"IL21-AS1",0,0,2,1,5,1,3,3
"ALMS1-IT1",1,3,0,1,3,5,1,1
"RPL21P83",1,1,3,2,3,4,1,0
"RPL19P5",2,5,3,0,2,0,2,1
"MAP3K5-AS1",3,1,3,2,3,2,1,0
"RPS2P53",0,3,4,0,2,2,1,3
"RAB17-DT",1,0,0,1,1,7,2,3
"EEF1A1P23",1,3,3,2,5,0,0,1
"LOC101929609",1,3,1,0,2,4,1,3
"TBC1D3P1",5,1,2,0,4,1,1,1
"SNORA13",3,2,0,1,2,3,0,4
"RN7SL333P",2,0,4,1,2,3,1,2
"RN7SL738P",3,1,3,2,0,4,2,0
"RN7SL526P",5,1,4,1,1,1,1,1
"RORA-AS1",1,0,4,2,2,1,4,1
"PCP4L1",2,0,2,0,6,2,1,2
"TAF11L12",0,15,0,0,0,0,0,0
"CASC11",4,0,0,1,2,2,5,1
"GCLC-AS1",0,2,2,2,5,2,1,1
"ZNF564",0,1,1,1,4,6,0,2
"NUDT19P5",1,1,1,0,2,3,2,5
"RNU7-49P",6,0,1,0,4,1,3,0
"LINC03022",3,0,1,0,1,5,3,2
"LINC01933",2,2,1,1,0,3,0,6
"KRTAP5-9",4,2,6,1,1,1,0,0
"BLTP3B-DT",1,1,2,2,2,2,2,3
"EEF1A1P17",1,4,2,0,2,2,3,1
"PRC1-AS1",2,1,2,0,2,5,2,1
"CPEB1-AS1",4,3,3,0,2,0,1,2
"CRTC3-AS1",3,0,3,1,5,0,2,1
"ACTG1P15",2,2,3,0,1,4,3,0
"RUSF1-DT",2,0,2,2,3,1,2,3
"MIR4635",2,0,2,2,0,3,1,5
"LRRC37A7P",2,0,4,1,2,2,4,0
"AFF4-DT",0,0,2,1,2,3,2,5
"LINC02664",0,5,0,0,1,3,1,5
"LOC101927259",0,2,1,2,2,3,1,4
"SNURF",1,1,2,1,4,1,4,1
"LTK",3,4,0,0,2,2,2,1
"SEZ6",0,2,2,1,3,3,3,0
"NGFR",1,5,2,0,2,4,0,0
"CMA1",0,0,1,2,3,2,3,3
"ANGPT4",1,1,4,0,4,4,0,0
"ST8SIA5",2,3,1,2,1,2,1,2
"NECAB2",0,4,3,1,1,3,2,0
"STMN2",0,2,4,0,1,2,0,5
"ANXA13",0,5,0,2,1,4,1,1
"CKM",2,2,2,2,3,2,1,0
"PLEK",0,1,4,0,2,3,3,1
"DLGAP3",2,2,2,0,3,2,2,1
"KMO",2,2,2,0,4,2,0,2
"PRAMEF2",0,14,0,0,0,0,0,0
"CBFA2T3",3,1,3,0,3,1,3,0
"UNC13A",1,0,0,1,2,5,2,3
"SIT1",1,1,3,1,1,3,4,0
"SERPINA10",3,0,1,1,3,4,0,2
"ARL5C",2,2,2,3,1,1,1,2
"ACTA1",0,3,2,3,0,3,0,3
"FABP2",0,1,1,3,1,1,0,7
"ADAMTS16",4,1,2,0,3,0,3,1
"GSDMC",0,1,0,0,5,8,0,0
"DOC2A",2,0,1,0,7,0,4,0
"TMEM45B",1,1,2,1,0,5,2,2
"CDH12",1,1,2,3,2,1,2,2
"CYP3A4",4,1,3,1,1,1,1,2
"SPSB3",2,1,1,4,4,0,0,2
"XIRP2",1,2,2,0,1,2,3,3
"TAGAP",3,2,4,0,4,0,1,0
"AVPR1A",0,0,0,0,7,7,0,0
"SFTPB",3,1,5,3,0,0,0,2
"CTRB2",0,3,2,3,2,0,1,3
"WNT10B",1,0,7,0,2,2,2,0
"DCDC1",3,1,1,1,3,2,2,1
"SLC9C1",0,0,2,0,5,0,4,3
"TIGD3",1,4,3,1,2,1,1,1
"INHBC",1,0,2,3,0,3,1,4
"CST6",3,0,0,1,3,6,1,0
"CYP8B1",0,0,1,4,0,1,1,7
"TRAPPC5",3,5,2,0,1,0,1,2
"OR52N4",2,2,4,1,2,0,1,2
"SLC2A4",0,1,0,4,3,3,1,2
"GOLGA8CP",5,1,3,0,4,1,0,0
"GPR19",2,1,3,1,0,1,2,4
"LRIT3",0,1,3,1,0,4,5,0
"MYADML2",3,1,0,0,2,3,1,4
"GPRIN3",4,0,0,1,2,1,3,3
"LYG2",1,2,2,0,3,5,0,1
"RGS7BP",0,0,0,0,7,6,0,1
"SBK1",6,0,3,0,1,1,3,0
"PRB3",0,1,5,0,0,2,3,3
"TCEAL5",2,2,2,1,1,4,1,1
"KRT81",0,2,1,4,1,4,1,1
"SNORA22",3,2,1,0,2,3,1,2
"MIR374B",1,1,0,1,0,5,5,1
"RNA5SP18",1,3,1,1,2,3,2,1
"SNORD69",1,2,1,2,3,4,1,0
"RPS15AP36",0,0,1,1,3,1,5,3
"HMGB3P6",3,1,1,1,2,3,1,2
"FAM209B",1,0,2,0,0,3,4,4
"RPS2P33",5,5,0,0,3,1,0,0
"RPSAP44",7,0,1,0,0,0,6,0
"SNORD99",2,1,3,1,1,4,0,2
"LOC124909376",1,1,3,1,2,1,2,3
"LOC101928516",4,0,3,1,3,0,3,0
"LOC347097",5,1,0,2,1,3,0,2
"LINC02612",1,0,7,0,2,2,0,2
"LINC01907",2,2,2,1,1,3,3,0
"BUD13-DT",1,1,3,1,0,4,1,3
"ALG1L5P",3,6,2,1,0,2,0,0
"RPL17P43",2,1,4,1,3,1,2,0
"TLK2P2",2,0,2,1,1,3,3,2
"HYI-AS1",1,1,3,2,2,3,1,1
"RPLP1P13",0,2,4,1,1,2,3,1
"DPYD-AS1",1,0,3,0,2,7,0,1
"FMNL1-AS1",1,2,2,0,4,1,2,2
"NEMP2-DT",3,1,0,1,3,1,2,3
"HIPK1-AS1",2,0,4,4,2,1,1,0
"ARHGEF38",1,0,4,1,4,1,2,1
"RPL6P20",1,1,3,0,0,6,1,2
"PRMT5-AS1",3,1,1,3,1,3,0,2
"LOC101927609",1,1,0,2,2,2,2,4
"LINC01679",0,1,4,0,5,4,0,0
"LINC01625",1,3,4,1,2,0,0,3
"OR1J4",1,1,0,0,6,5,1,0
"STPG4",5,1,4,1,2,0,0,1
"ARHGAP8",3,3,1,2,3,0,2,0
"ZBTB20-AS1",0,3,2,1,5,2,1,0
"DCAF13P1",0,1,2,2,1,5,1,2
"RPS10P22",1,8,0,0,2,2,0,1
"RPL7P16",2,2,4,1,0,1,0,4
"RN7SL181P",0,1,0,0,5,3,1,4
"RPS3AP19",2,0,5,1,0,2,1,3
"PSME2P3",5,5,2,0,0,1,0,1
"HSPD1P5",2,3,2,2,1,1,1,2
"ESAM-AS1",1,3,1,2,5,1,0,1
"RNA5SP217",1,2,1,0,2,2,3,3
"RNU6-850P",0,0,4,2,0,3,2,3
"LOC105379327",3,4,2,1,1,2,1,0
"LOC283299",1,0,0,0,2,9,0,2
"PATL1-DT",2,1,3,1,4,1,2,0
"ZNF625",3,3,1,1,3,3,0,0
"BTBD10P1",2,3,2,0,4,2,1,0
"OXA1L-DT",4,1,4,1,3,0,1,0
"LINC02280",1,0,3,1,5,0,3,1
"NUP93-DT",2,1,2,1,2,3,2,1
"POLG-DT",2,0,3,1,1,1,4,2
"LOC124903629",2,4,2,0,1,3,2,0
"RN7SL381P",3,3,0,0,2,2,3,1
"MIR4730",3,3,1,0,2,1,0,4
"MIR4524B",2,5,0,0,3,3,0,1
"LOC100129774",1,1,2,0,4,2,2,2
"KC6",3,0,4,1,2,1,3,0
"UQCRFS1-DT",1,0,2,4,1,2,3,1
"GCAWKR",3,1,2,3,2,0,3,0
"LOC105378482",2,3,0,3,1,4,0,1
"GJD4-AS1",1,1,1,1,4,0,4,2
"PRSS21",1,0,5,2,0,0,1,4
"PGLYRP1",0,6,1,1,1,1,0,3
"TYROBP",0,1,4,3,0,0,3,2
"DPEP1",0,2,0,1,0,7,0,3
"ROS1",0,2,1,1,6,3,0,0
"ENTPD2",2,0,4,0,1,1,4,1
"RASGRF1",1,0,2,3,3,4,0,0
"HAL",0,5,3,2,0,2,1,0
"ELAVL2",1,2,2,1,1,2,1,3
"PF4V1",1,0,1,1,8,2,0,0
"HGD",1,1,1,0,3,2,3,2
"PRKAG3",2,1,5,0,2,1,2,0
"IL1RL1",0,6,0,0,1,2,0,4
"TNFSF18",2,0,3,3,0,2,2,1
"OCM",3,0,2,1,1,2,3,1
"DBH",3,1,2,2,2,0,2,1
"PRKCG",1,1,3,1,0,5,0,2
"KLK14",2,1,2,2,2,3,1,0
"CRB3",2,0,1,0,0,4,3,3
"SLC52A1",2,0,4,2,1,1,2,1
"HRH4",0,1,2,3,2,1,4,0
"KRT87P",0,1,2,0,2,4,3,1
"SLCO5A1",1,5,0,1,1,2,1,2
"TMC6",1,1,4,0,1,3,3,0
"PLAC8",0,1,3,2,3,1,0,3
"PXDNL",1,3,1,1,1,2,1,3
"LYPD6B",0,1,2,6,2,1,1,0
"RGS18",0,0,0,0,2,10,0,1
"KCNJ1",1,1,4,1,2,1,3,0
"MMP21",0,0,1,2,1,4,2,3
"GIP",1,1,2,3,2,0,3,1
"CCR5",1,0,7,1,0,0,3,1
"HEYL",1,1,0,1,3,6,1,0
"SPINT1",0,1,4,2,1,3,0,2
"CYYR1",6,1,4,1,0,0,0,1
"BEAN1",2,1,4,0,1,2,2,1
"H3-4",2,4,0,0,2,2,0,3
"CHRNA5",1,0,0,0,2,4,2,4
"SOX7",1,1,1,1,3,3,3,0
"GATM",2,2,4,0,1,0,0,4
"ARL13A",3,1,2,2,1,3,0,1
"PLEKHD1",3,1,4,2,1,2,0,0
"MYOZ1",1,4,4,1,0,0,0,3
"HTR1F",0,0,0,0,9,4,0,0
"TMEM151A",4,1,2,4,1,1,0,0
"SEPTIN1",3,0,1,0,4,3,2,0
"C11orf71",1,0,5,0,2,4,0,1
"FCRL6",0,3,1,1,2,6,0,0
"XKRX",1,1,3,2,1,1,4,0
"ACP7",3,0,2,1,1,5,0,1
"FAM110C",3,1,7,2,0,0,0,0
"UBL4B",1,1,2,0,0,2,1,6
"TNFRSF18",1,0,1,0,4,7,0,0
"POTEE",2,4,0,2,1,2,1,1
"PAQR9",0,1,4,1,3,0,4,0
"BCL2L15",1,1,3,2,3,1,1,1
"C9orf152",1,1,0,0,3,5,1,2
"LIPI",0,0,4,0,2,4,2,1
"ADAMTSL2",1,2,1,0,4,3,0,2
"SNORD113-4",0,3,2,2,3,2,0,1
"RN7SKP239",2,0,2,0,2,1,5,1
"RPA4",0,2,1,0,6,2,0,2
"AARD",1,2,0,2,0,2,0,6
"LINC03041",1,2,1,2,2,1,1,3
"SNORD59A",1,3,2,1,2,2,2,0
"RNU6-30P",0,0,1,2,3,3,3,1
"RNVU1-1",2,2,1,2,2,0,3,1
"MIR645",1,1,1,1,5,1,1,2
"MIR199A2",3,2,0,1,1,3,2,1
"TRBV5-6",3,0,0,1,1,3,1,4
"RPL5P5",1,3,1,1,3,0,3,1
"GTF2H4",1,1,1,1,2,2,3,2
"RPL17P26",4,1,0,1,3,3,0,1
"RPS4XP7",3,2,1,0,2,2,2,1
"TUBB8P2",1,2,2,0,4,2,1,1
"MBL3P",4,0,0,1,3,5,0,0
"SNORA11F",3,0,4,1,1,4,0,0
"SNORA11",1,1,2,1,0,3,2,3
"FAM90A13",0,2,1,0,0,7,2,1
"CSRP1-AS1",2,0,1,1,1,2,1,5
"MIR3659HG",7,3,1,0,1,1,0,0
"CCDC13-AS2",0,6,1,2,0,3,1,0
"ZNF503-AS1",1,0,2,2,2,3,2,1
"RPL12P10",6,0,1,1,0,3,1,1
"LINC00323",1,1,1,1,3,3,3,0
"SNX30-DT",3,1,1,1,1,3,1,2
"ALG1L8P",2,1,2,0,4,1,2,1
"OR2S1P",3,2,0,4,1,2,1,0
"MIR34AHG",1,0,1,1,4,4,2,0
"LINC03126",0,2,1,0,1,5,2,2
"LIMS1-AS1",4,0,3,1,1,4,0,0
"NLGN4Y-AS1",2,2,2,3,1,3,0,0
"HMGB3P4",0,1,2,2,5,3,0,0
"CLDN14-AS1",1,1,2,0,1,2,6,0
"OR7E55P",3,0,1,2,2,1,1,3
"QTMAN-AS1",1,2,4,0,3,2,0,1
"ERVH48-1",0,2,4,1,0,1,4,1
"TMEM238",2,3,1,0,2,3,1,1
"KRT8P39",1,2,4,2,1,2,1,0
"RPS3AP44",2,4,0,2,2,2,1,0
"PABPC5-AS1",0,2,3,0,2,3,2,1
"LOC349160",4,0,0,1,1,4,1,2
"RPSAP31",2,2,3,1,2,2,0,1
"RPL26P37",3,1,4,1,2,1,0,1
"RPL13AP12",5,1,1,0,4,2,0,0
"SSBL5P",0,0,0,2,1,6,0,4
"LINC01920",2,3,0,1,1,1,4,1
"SLC12A9-AS1",1,1,2,2,5,1,0,1
"LINC01829",2,0,0,1,3,0,3,4
"ZNF295-AS1",1,0,4,2,2,3,1,0
"DCTN1-AS1",0,3,2,2,1,2,0,3
"RNF14P3",3,0,5,0,3,1,0,1
"RPL37P19",1,1,1,2,2,5,0,1
"LOC105375484",0,2,0,2,2,5,0,2
"JMJD7",2,1,3,2,2,1,1,1
"RN7SL145P",1,0,4,1,3,2,1,1
"RPL18P13",1,1,1,1,1,4,0,4
"RPL10AP11",1,0,1,0,2,5,2,2
"LINC02481",3,1,0,0,1,2,1,5
"PDE4D-AS1",0,1,2,0,3,4,1,2
"OCIAD1-AS1",0,0,2,3,5,1,1,1
"MIR302CHG",0,1,2,2,2,4,0,2
"PCDH10-DT",4,1,4,1,0,1,0,2
"ANKRD20A17P",2,2,0,0,0,1,5,3
"RNU6-703P",0,1,0,2,3,5,1,1
"RHPN1-AS1",3,1,1,0,2,4,1,1
"RTL1",3,1,1,1,3,3,0,1
"CKLF-CMTM1",1,0,2,0,2,4,1,3
"LOC403312",3,3,0,0,2,3,1,1
"STX5-DT",1,3,3,1,0,1,2,2
"LINC02356",3,0,3,1,3,2,1,0
"SLC35G6",3,0,3,0,2,4,0,1
"TEDC2-AS1",2,1,4,0,0,4,1,1
"ATP2A1-AS1",1,3,1,0,2,2,3,1
"LOC400627",0,3,2,1,2,3,1,1
"LOC101927727",0,3,1,1,3,3,2,0
"MIR4653",1,1,4,1,2,3,1,0
"RN7SL49P",2,1,6,1,0,1,1,1
"RHOT1P1",1,2,3,0,2,2,2,1
"LINC03146",4,3,2,0,1,1,2,0
"MIR4645",2,1,1,0,6,3,0,0
"MALT1-AS1",2,0,4,0,0,3,2,2
"ZSCAN5A-AS1",2,2,2,1,0,3,2,1
"ERFL",1,1,2,2,1,3,1,2
"BNIP3P11",0,2,3,0,1,2,3,2
"NOS2",0,2,0,0,2,2,5,1
"RTN4R",1,1,5,0,1,2,2,0
"COL17A1",1,1,1,0,3,2,2,2
"CAPN6",2,2,2,2,1,0,2,1
"LINC01587",1,1,1,1,0,3,3,2
"CACNA1I",1,1,2,2,3,3,0,0
"CCL24",1,4,1,0,2,3,1,0
"ANXA10",0,0,1,1,7,0,1,2
"SLC8A2",0,2,1,2,2,3,0,2
"SPP1",0,0,0,0,3,6,1,2
"ECRG4",0,0,1,1,3,7,0,0
"ONECUT2",2,2,3,0,4,1,0,0
"DNAI1",2,0,2,1,1,1,4,1
"APOBEC3A",3,2,0,0,3,0,1,3
"PDE11A",0,1,1,1,1,4,0,4
"GALNT8",0,1,3,1,1,0,1,5
"KREMEN2",0,2,3,0,2,1,4,0
"SLC3A1",0,1,2,2,5,0,2,0
"CELA1",0,0,6,1,3,1,1,0
"FCN3",1,0,0,2,2,3,2,2
"S100A7",0,0,0,0,2,2,3,5
"FAM217A",3,2,4,0,0,1,1,1
"CCNO",0,1,0,0,0,6,1,4
"PGCKA1",2,1,1,1,3,0,3,1
"NODAL",1,1,2,0,1,1,1,5
"GRHL3",2,0,2,0,6,0,1,1
"SCIMP",1,2,4,0,3,1,1,0
"CCDC141",1,2,2,1,0,1,3,2
"ERICH6",0,2,6,0,0,0,3,1
"ADGRV1",2,4,2,0,1,1,2,0
"RAPSN",2,2,3,1,2,0,0,2
"A2ML1",0,0,2,0,3,5,2,0
"OR2C1",0,1,2,0,2,2,5,0
"CXCL10",6,0,2,0,3,1,0,0
"PTAFR",1,1,2,1,2,3,2,0
"COL22A1",0,0,0,0,10,2,0,0
"LONRF2",2,0,0,0,2,1,5,2
"PLA2G1B",3,2,1,1,1,0,2,2
"LDHAL6B",0,0,3,3,2,2,0,2
"KCNK7",1,0,0,1,4,1,4,1
"VWC2L",1,1,0,0,1,3,0,6
"ADGRE1",2,2,3,1,2,1,1,0
"RIMKLA",4,0,1,0,2,1,0,4
"STX19",3,1,1,0,4,3,0,0
"C10orf67",2,1,3,2,1,0,3,0
"SLC47A2",2,2,3,1,0,0,2,2
"EPHA10",0,1,2,1,0,1,3,4
"PMCH",6,0,0,0,2,1,3,0
"SDR42E2",1,3,3,0,3,0,0,2
"APOBR",1,0,3,2,1,2,3,0
"CYP4F3",0,12,0,0,0,0,0,0
"DNAJB13",2,1,0,0,0,3,1,5
"PLSCR3",5,1,1,0,0,2,3,0
"CC2D2B",0,0,4,0,4,0,2,2
"SPOCK3",4,1,0,0,2,0,2,3
"IPO4",1,2,3,2,0,0,3,1
"TOMM20L",1,0,3,2,1,2,2,1
"IFNA1",1,0,3,0,3,2,1,2
"NRARP",3,2,2,0,2,2,1,0
"MIR30C2",1,1,0,2,1,1,2,4
"RNU4-39P",2,1,2,0,1,1,2,3
"RNA5SP78",1,3,0,0,2,4,0,2
"LINC01562",1,1,0,3,1,4,1,1
"KPRP",4,0,3,3,0,1,0,1
"GPRIN2",1,0,3,1,1,1,3,2
"CBY3",3,3,3,0,1,1,1,0
"FAM153CP",0,0,2,5,0,4,0,1
"PCDHA2",4,1,1,1,1,1,1,2
"LINC01460",0,1,1,1,1,2,4,2
"SNORD7",1,1,2,1,2,0,4,1
"MIR199A1",4,0,2,0,2,2,2,0
"SNORD19",3,4,1,0,1,0,2,1
"LAP3P2",3,2,0,0,4,2,1,0
"GOLGA6B",1,0,7,0,1,0,2,1
"MIR1245A",4,1,3,1,0,2,1,0
"KCNIP2-AS1",1,2,1,1,1,3,2,1
"RPL22P3",1,1,1,2,3,2,0,2
"HORMAD2-AS1",1,1,2,1,0,0,6,1
"LOC102723324",1,4,3,0,3,0,0,1
"OFD1P17",0,2,0,0,0,7,3,0
"CDCA4P1",1,1,1,2,0,4,1,2
"TUBB8P1",0,0,2,0,1,3,4,2
"LOC100422526",2,1,6,0,1,1,1,0
"FOXO6-AS1",5,0,3,0,1,1,2,0
"SF3A3P1",3,0,2,0,3,3,1,0
"LINC02541",0,0,2,1,6,1,1,1
"RPL21P29",2,4,0,0,2,2,1,1
"OSTN-AS1",0,1,5,0,2,0,3,1
"RPS2P11",0,3,4,1,0,2,2,0
"C19orf81",1,1,3,1,2,2,1,1
"BRD7P5",1,2,0,1,4,2,1,1
"TUBG1P",2,0,1,2,3,2,2,0
"RNA5SP310",2,3,0,0,3,3,1,0
"RPL5P22",1,2,1,2,1,1,1,3
"RPS2P47",2,2,0,1,2,3,0,2
"RPL3P9",2,1,1,1,3,1,3,0
"KRTAP5-8",3,1,1,3,1,1,0,2
"ARHGDIG",1,1,3,0,5,1,1,0
"RPL5P11",1,2,2,0,3,3,0,1
"RPS4XP14",1,1,1,1,3,2,1,2
"LINC02044",3,0,3,1,2,0,0,3
"GMCL2",0,4,0,2,1,2,2,1
"RPL9P27",4,1,0,0,1,3,1,2
"LILRA6",0,1,1,1,4,3,2,0
"LINC01585",2,1,2,0,4,1,1,1
"TNFRSF10B-AS1",1,1,0,1,3,2,3,1
"GPR176-DT",1,0,2,0,6,2,1,0
"CARS1-AS1",3,3,1,0,2,2,1,0
"LUCAT1",0,0,3,4,1,4,0,0
"ZNF652-AS1",1,0,1,0,4,1,4,1
"ENPP7P1",3,1,1,1,5,1,0,0
"RFPL4B",0,4,4,0,2,0,2,0
"GTF2IP9",0,1,0,0,4,3,1,3
"RNY3P15",4,1,0,0,0,2,3,2
"LOC100128993",1,0,6,0,3,1,1,0
"MRPL49P2",3,1,1,0,4,1,2,0
"LOC105375903",0,0,4,0,4,2,1,1
"GLYATL1P2",1,2,0,3,4,1,0,1
"LMNTD2-AS1",0,1,3,1,0,6,0,1
"LINC02388",0,0,1,0,5,4,2,0
"LINC02289",0,5,1,0,3,2,0,1
"MIA2-AS1",0,1,3,0,2,3,2,1
"LOC105370787",0,1,2,0,1,1,4,3
"BMP2K-DT",0,3,2,1,3,1,2,0
"RN7SL336P",0,2,1,0,4,4,1,0
"MIR4701",2,1,2,2,0,3,1,1
"MIR3649",0,2,6,2,0,2,0,0
"WHSC1L2P",4,0,1,1,2,1,1,2
"SCARNA17",2,2,4,1,1,0,1,1
"VN1R107P",3,0,2,2,1,2,1,1
"ZNF350-AS1",1,0,0,1,3,3,2,2
"CD38",3,1,0,0,3,1,2,1
"SLC7A9",2,2,1,0,3,2,0,1
"STYK1",1,0,3,0,2,4,0,1
"PPEF1",1,2,0,2,0,3,0,3
"MYBPC2",1,1,0,0,5,0,2,2
"MT3",1,1,2,1,1,3,1,1
"SLA2",0,2,0,3,2,1,2,1
"ESRP2",0,0,1,1,4,2,0,3
"ACSBG1",3,1,3,1,0,2,1,0
"RASAL3",0,3,4,0,1,2,1,0
"PTPN6",1,1,3,0,1,1,2,2
"SLC16A10",2,6,1,0,1,1,0,0
"CCL20",0,4,0,0,2,5,0,0
"PRAMEF1",0,11,0,0,0,0,0,0
"GDAP1L1",5,0,2,1,3,0,0,0
"HTR5BP",1,1,1,0,3,1,0,4
"TMEM74B",0,1,2,2,2,2,2,0
"MCF2L",4,0,1,0,4,2,0,0
"HRC",0,1,2,1,1,6,0,0
"FCRLA",1,1,4,1,2,0,2,0
"IL1RN",3,0,3,0,4,0,1,0
"SLC39A5",2,2,0,1,0,2,0,4
"SLAIN1",5,2,0,0,1,2,0,1
"TTC6",3,1,4,0,3,0,0,0
"SLC27A2",1,2,4,0,2,0,1,1
"UNC80",0,0,6,2,1,0,1,1
"CPNE9",2,0,4,0,3,1,1,0
"IL18",3,1,1,0,2,0,2,2
"CIMIP5",1,0,2,1,2,1,3,1
"GLT1D1",4,0,1,0,3,1,2,0
"TUBA3E",1,2,0,1,2,2,3,0
"TRIM36",1,4,0,0,3,1,1,1
"JPH3",1,1,1,1,1,5,1,0
"PFKFB1",0,0,4,1,2,1,1,2
"KCNE2",0,2,3,1,0,2,1,2
"LRRC71",0,3,0,2,1,3,2,0
"CCDC42",3,2,2,0,1,1,1,1
"EN1",2,1,1,0,1,4,1,1
"STPG2",1,1,3,0,0,1,3,2
"SLITRK5",4,3,2,0,0,1,1,0
"ISLR2",1,1,4,0,0,1,2,2
"PRR15L",3,2,1,0,1,0,3,1
"FAM178B",1,0,3,1,2,3,0,1
"RASSF6",1,1,1,1,3,2,0,2
"FRMPD2",0,1,0,0,6,4,0,0
"CST1",1,3,3,4,0,0,0,0
"KCNA2",2,0,3,0,0,1,3,2
"SLC35G5",0,1,2,2,2,0,2,2
"CIMIP6",2,0,5,1,1,0,2,0
"GLDC",0,0,2,1,5,0,3,0
"MAP3K15",3,1,2,0,4,1,0,0
"ADGRB1",3,0,1,1,1,1,4,0
"CSGALNACT2P1",3,2,1,0,1,1,2,1
"KCNK12",2,3,2,0,3,0,1,0
"TAFA3",2,0,2,1,4,0,2,0
"UFD1-AS1",0,1,3,3,2,1,1,0
"TNFRSF4",4,0,1,0,2,1,1,2
"ZNF385C",1,1,1,2,2,2,2,0
"OR2L13",0,3,0,0,7,1,0,0
"LINC01558",2,2,1,2,0,2,1,1
"RNU6-216P",0,2,0,0,2,4,3,0
"C16orf96",1,0,1,0,4,3,1,1
"RNU6-1024P",1,0,2,1,0,2,3,2
"RNU6-301P",0,0,0,0,3,5,2,1
"SNORD116-1",2,3,1,0,0,0,3,2
"MIR32",0,1,3,0,2,2,2,1
"MIR125B1",1,1,1,1,0,3,1,3
"USP8P1",2,3,0,0,1,2,0,3
"RPS15AP35",0,1,3,1,2,1,0,3
"TRIM49D1",0,11,0,0,0,0,0,0
"LOC102724719",2,0,1,1,1,3,1,2
"LOC124906892",0,0,1,0,3,1,6,0
"LINC00703",0,0,1,1,4,2,1,2
"MTCYBP21",2,0,3,0,3,1,0,2
"HSPA8P7",3,0,0,1,3,4,0,0
"ICMT-DT",1,1,1,0,2,3,1,2
"RPSAP21",0,0,9,1,1,0,0,0
"THRAP3P1",1,2,0,1,3,1,1,2
"LTB",0,1,3,0,2,1,3,1
"LINC02803",0,1,0,2,1,3,4,0
"HCG20",2,1,2,0,0,3,2,1
"LYPLAL1-DT",3,1,1,0,1,1,2,2
"LOC100421273",3,3,1,1,1,0,0,2
"HAR1B",0,1,1,0,3,3,2,1
"CFAP58-DT",2,3,2,0,2,0,1,1
"LOC101927560",3,1,2,2,0,0,1,2
"TRIM49D2",0,11,0,0,0,0,0,0
"LOC107985101",0,2,1,3,1,2,1,1
"RPL31P62",3,1,0,1,0,4,1,1
"HCFC1-AS1",5,0,1,1,1,0,3,0
"LINC01564",1,0,3,2,0,0,3,2
"LINC02889",0,0,2,2,0,3,2,2
"MYCBP2-AS1",0,2,2,0,4,1,0,2
"LOC100418888",3,1,1,1,2,2,0,1
"RPL34P10",2,0,1,0,0,3,3,2
"FTCD-AS1",5,4,0,0,1,1,0,0
"LOC105376892",4,0,1,0,2,1,2,1
"RPSAP11",1,4,1,1,1,1,2,0
"PKN2-AS1",1,0,2,0,1,2,4,1
"RPS2P35",0,0,0,1,1,3,0,6
"RPL21P10",0,0,1,1,2,5,2,0
"RPS15AP16",1,3,2,0,0,1,2,2
"THOC7-AS1",3,0,2,1,1,3,0,1
"HLA-DOB",0,0,0,1,5,2,2,1
"BGLAP",5,1,2,0,1,0,1,1
"RPL13AP14",2,1,1,2,1,0,3,1
"RN7SL812P",1,0,3,0,2,2,1,2
"FGF14-IT1",1,2,1,0,3,2,2,0
"RPL15P17",4,1,1,1,0,4,0,0
"LINC00504",1,0,2,1,2,2,0,3
"COXFA4P3",1,0,3,0,4,2,1,0
"ACTN3",1,0,1,2,0,2,3,2
"LINC02728",2,0,3,0,1,1,3,1
"RNU6-322P",3,1,2,0,0,0,4,1
"RNU6-762P",2,2,1,2,1,3,0,0
"FAM90A12",0,0,1,1,2,1,0,6
"WWP1-AS1",1,2,1,1,2,3,0,1
"LOC100422382",4,0,1,1,0,1,0,4
"PPP1R14B-AS1",0,1,0,1,4,1,2,2
"HP",0,1,3,2,1,3,0,1
"PARK7P1",1,1,3,1,3,0,2,0
"LOC124902995",0,1,0,1,1,4,0,4
"LOC100419503",0,0,2,1,1,4,2,1
"ZHX1-C8orf76",0,3,0,2,1,2,3,0
"LINC02126",4,1,2,0,0,0,4,0
"LINC02957",0,0,1,0,8,1,1,0
"DSP-AS1",0,1,0,1,2,3,2,2
"TMEM238L",1,1,3,0,0,3,2,1
"RN7SL652P",0,0,1,0,3,4,3,0
"MIR3677",1,2,1,0,3,0,4,0
"TACR1-AS1",0,0,0,3,2,4,1,1
"GRIK1-AS3",0,2,2,0,4,2,1,0
"E2F2",1,4,1,2,0,2,0,0
"ITIH4",1,2,1,0,0,4,2,0
"CDH3",1,0,1,1,1,4,1,1
"COL19A1",0,1,0,0,4,4,0,1
"TREM2",4,0,0,0,0,1,4,1
"APOBEC3H",2,1,3,1,1,1,0,1
"SEL1L2",0,0,4,2,0,2,0,2
"RCVRN",0,1,0,0,1,0,5,3
"RBP2",1,1,3,1,2,1,0,1
"PLPPR5",1,0,4,0,3,1,0,1
"TNFRSF8",1,1,4,1,0,3,0,0
"TMIGD3",3,0,0,2,2,1,1,1
"NDP",4,0,5,0,0,0,1,0
"YWHAH-AS1",2,0,4,0,2,0,1,1
"MYO5C",1,0,2,2,1,2,2,0
"NUP210",0,1,1,3,0,1,2,2
"CHIT1",1,0,0,4,1,1,2,1
"DYDC2",3,1,0,0,2,4,0,0
"IL2RA",2,0,2,1,3,0,0,2
"ADGRB3",3,3,1,0,0,2,1,0
"RASGEF1B",0,3,1,0,3,3,0,0
"RDH12",1,0,2,0,5,0,1,1
"IL19",0,0,0,0,2,7,0,1
"SLC6A3",0,5,0,0,1,0,2,2
"TMEM61",0,1,2,4,1,0,0,2
"CGN",1,2,1,2,0,0,2,2
"NUP210L",1,2,5,0,1,0,1,0
"PTPN7",1,0,1,1,1,3,3,0
"TRPM8",1,1,3,0,4,1,0,0
"CLVS2",1,1,1,0,4,1,2,0
"TEKT5",0,1,2,3,1,0,1,2
"CPA5",1,0,6,2,1,0,0,0
"IRX6",1,0,2,4,0,3,0,0
"PIP",0,2,4,4,0,0,0,0
"TNFRSF13C",0,0,2,1,3,3,1,0
"BCL6B",1,3,2,1,1,0,0,2
"WNT4",2,1,3,1,1,1,1,0
"WDR64",0,1,2,3,2,0,1,1
"LMOD3",3,0,1,2,0,2,0,2
"HEY1",0,1,2,0,2,2,2,1
"TMEM74",2,2,3,1,1,1,0,0
"SMCO2",1,2,1,0,1,2,2,1
"OR51E2",0,1,1,2,1,4,0,1
"LDLRAD4",3,0,1,1,2,1,1,1
"CTRB1",1,2,1,0,1,2,1,2
"TRIM49",0,9,1,0,0,0,0,0
"TACR3",3,2,1,0,1,1,1,1
"NHLH1",0,1,2,1,1,3,2,0
"ZNF556",0,1,1,0,5,3,0,0
"MAL",0,1,4,0,0,0,4,1
"PLAC8L1",2,1,3,0,2,1,1,0
"NPPA",2,2,1,1,1,0,1,2
"P2RY2",0,0,0,1,3,4,2,0
"GP5",5,1,1,0,0,1,2,0
"CSNK1A1L",2,2,1,1,1,2,1,0
"LINC02363",3,1,1,0,2,1,0,2
"DDN",2,1,0,0,3,1,1,2
"FAM181B",1,0,2,5,0,1,0,1
"LINC00334",2,1,0,1,3,2,0,1
"TUBA8",0,0,3,1,2,4,0,0
"NDUFV1-DT",0,1,1,1,1,2,4,0
"DLK1",1,0,2,1,1,0,2,3
"RTN4RL1",1,2,0,1,1,1,3,1
"C1QL4",0,5,2,1,2,0,0,0
"CFAP144",2,3,1,1,1,0,1,1
"AGMO",4,1,3,0,0,0,1,1
"SHISA7",1,0,3,1,2,1,1,1
"C19orf67",1,0,2,0,4,1,1,1
"CIMIP2A",1,0,0,0,1,3,4,1
"ZNF676",2,0,2,1,0,2,3,0
"CPNE4",2,0,1,1,2,2,2,0
"OGDHL",1,2,0,2,1,1,1,2
"ZNF534",2,1,1,1,2,2,1,0
"MIR369",2,2,2,0,3,1,0,0
"MIR409",3,3,1,0,0,2,1,0
"MIR450A1",2,0,2,1,1,0,3,1
"RNA5SP37",2,0,3,2,0,1,2,0
"TDRKH-AS1",1,0,3,1,0,1,1,3
"TRIM49C",0,9,1,0,0,0,0,0
"FOXD4L5",2,1,3,1,1,1,1,0
"DEFB109B",0,2,4,0,1,2,1,0
"RNU1-138P",2,1,1,1,3,0,0,2
"RNU6-890P",1,0,1,0,4,2,1,1
"RNU6-611P",1,1,2,0,4,1,1,0
"SNORA14B",1,2,2,0,2,0,1,2
"RPL7AP34",1,0,0,2,1,1,0,5
"KPNA4P1",0,1,0,2,1,2,2,2
"SUGT1P2",1,1,1,1,1,2,3,0
"RPS10P2",2,0,2,1,0,3,1,1
"RPSAP55",3,0,3,0,0,2,2,0
"CIMIP2B",0,0,1,2,3,1,1,2
"LOC124904152",0,2,2,0,2,4,0,0
"MIR1302-8",2,0,1,1,0,1,2,3
"MIR1295A",2,0,7,1,0,0,0,0
"RNU6ATAC16P",1,1,3,1,1,3,0,0
"GAS8-AS1",2,0,5,0,1,1,1,0
"POTEM",1,1,1,3,1,0,1,2
"RNA5SP203",3,1,3,0,1,0,1,1
"LOC112268410",0,0,1,0,1,1,4,3
"LINC00570",2,0,0,0,3,2,1,2
"IGHV3-74",0,4,1,2,0,2,0,1
"ABCE1P1",1,2,3,0,1,2,1,0
"LINC00184",0,0,0,0,1,6,1,2
"OR52K3P",5,0,4,0,0,0,1,0
"LINC01107",0,0,0,0,5,1,1,3
"LOC101928525",1,1,0,2,3,3,0,0
"MIS18A-AS1",2,1,2,1,1,1,1,1
"MTND5P1",0,0,2,5,0,0,2,1
"PABPC4-AS1",0,2,2,0,4,2,0,0
"STIM1-AS1",1,3,1,0,0,3,1,1
"HCG22",0,1,1,0,3,5,0,0
"LOC389199",3,0,1,1,1,1,0,3
"MYCBP2-AS2",1,0,3,0,2,1,2,1
"DNPEP-AS1",1,2,1,1,4,1,0,0
"FAM90A26",1,1,3,0,3,1,0,1
"LOC101929692",2,4,1,1,1,1,0,0
"MBD3L2",0,10,0,0,0,0,0,0
"ACTG1P14",0,1,1,1,2,2,2,1
"RPL21P35",0,0,2,0,2,2,3,1
"LUARIS",1,0,3,0,3,2,1,0
"LOC124907760",1,1,2,0,1,3,1,1
"MRPS9-AS1",2,1,2,0,1,2,1,1
"LOC124902477",0,0,4,1,3,0,1,1
"LOC100420423",0,2,0,1,1,2,2,2
"LINC01271",2,0,4,0,1,0,2,1
"LOC100131939",2,1,2,1,2,1,1,0
"ASS1P3",1,2,1,0,1,4,1,0
"RPS12P2",1,1,0,1,1,0,2,4
"LOC107984574",0,1,2,1,1,2,3,0
"EEF1GP5",1,2,0,0,1,5,1,0
"LOC652549",0,1,2,0,0,1,3,3
"KRT18P63",0,1,2,2,1,2,1,1
"RPS15P2",0,2,4,0,2,1,0,1
"CYCSP52",0,2,2,2,2,2,0,0
"PRRX2-AS1",4,0,1,1,0,2,0,2
"USP17L8",0,0,0,3,3,2,0,2
"LINC00896",2,0,4,1,0,0,2,1
"RPL21P23",0,2,1,1,2,1,3,0
"MBD3L5",1,9,0,0,0,0,0,0
"ETDA",2,2,0,0,5,1,0,0
"RPL7P24",1,5,1,2,0,0,1,0
"ACAD11",0,0,2,0,2,3,1,2
"RN7SL481P",1,0,1,1,3,3,1,0
"L1TD1",0,0,7,0,0,1,2,0
"RN7SL521P",1,1,1,1,3,1,2,0
"ARHGAP31-AS1",1,0,3,0,2,2,2,0
"FAM86LP",1,3,2,0,0,2,1,1
"TDRD6-AS1",2,2,1,1,1,0,0,3
"LINC01322",0,3,1,0,0,2,4,0
"RAD21L1",0,1,0,0,4,3,1,1
"MTCYBP18",0,0,1,3,0,4,1,1
"BCKDHA",2,0,0,1,2,5,0,0
"LINC02014",2,2,3,0,1,1,1,0
"HSPA8P4",0,1,1,0,2,4,0,2
"LINC00964",1,0,2,2,0,1,1,3
"LOC101927414",3,4,1,0,1,0,1,0
"HOXC-AS1",0,1,0,0,1,5,0,3
"RNU7-40P",1,4,2,0,2,1,0,0
"LOC100288001",0,1,0,0,1,2,4,2
"TRBV7-7",2,0,3,2,0,1,1,1
"RNU6-323P",0,0,1,1,3,4,0,1
"KBTBD11-AS1",2,6,0,0,0,1,0,1
"PLA2G10EP",1,0,2,0,2,3,1,1
"LOC100288097",0,0,1,1,2,3,2,1
"LOC101927708",0,0,1,1,1,1,2,4
"TTC36-AS1",1,1,2,0,0,2,1,3
"ASIC5",0,0,3,1,3,0,3,0
"ADCY6-DT",1,2,4,1,2,0,0,0
"LOC105370781",0,0,0,0,0,9,0,1
"CDR2-DT",0,2,2,0,2,4,0,0
"LOC105371046",0,2,1,0,2,0,1,4
"PAQR5-DT",1,0,2,1,3,2,0,1
"LINC01978",0,1,0,1,2,1,2,3
"C19orf84",2,1,5,0,1,0,1,0
"MIR3151",0,0,2,1,3,2,0,2
"LOC101927018",4,1,1,0,1,3,0,0
"ZNF850-DT",0,1,1,1,2,2,1,2
"ZNF649-AS1",1,1,2,0,0,4,2,0
"LOC101928295",2,2,2,2,0,0,1,1
"BNIP3P26",0,1,0,0,4,0,3,2
"TERC",1,1,1,1,1,2,3,0
"BNIP3P17",0,1,2,3,0,2,0,2
"LINC01990",0,1,1,1,0,5,0,2
