"gene","NA18486","NA18498","NA18499","NA18501","NA18504","NA18507","NA18508","NA18520","NA18522","NA18853","NA18855","NA18862","NA18909","NA18913","NA19098","NA19099","NA19114","NA19116","NA19127","NA19144","NA19159","NA19160","NA19190","NA19193","NA19200","NA19201","NA19204","NA19210","NA19238","NA19239"
"ENSG00000000419",22,105,40,55,37,127,70,82,95,30,34,79,95,54,86,73,56,64,104,56,24,63,70,43,27,77,57,89,69,84
"ENSG00000000457",22,100,107,53,38,69,66,77,87,50,43,73,93,73,158,118,19,150,38,74,29,64,102,31,68,96,86,48,73,87
"ENSG00000000460",5,23,10,18,8,16,18,22,17,8,5,15,17,7,15,25,6,28,18,16,7,9,8,10,5,16,19,12,21,35
"ENSG00000000938",36,70,41,33,29,71,12,140,83,58,39,58,17,72,61,33,43,68,34,40,40,73,71,28,35,50,59,32,59,58
"ENSG00000001036",29,79,33,31,21,62,41,56,56,25,29,35,72,18,59,38,48,43,41,38,14,42,43,31,14,35,32,75,32,70
"ENSG00000001167",301,351,344,176,170,247,226,290,221,123,292,193,264,331,337,319,173,411,98,337,319,180,268,78,174,366,334,254,245,242
"ENSG00000001497",32,22,4,8,5,16,19,8,4,16,19,13,17,28,6,15,15,13,15,4,11,16,11,17,3,12,15,12,13,14
"ENSG00000001561",52,419,173,137,72,247,154,105,277,111,125,158,327,156,441,502,76,219,156,166,88,150,192,25,172,172,191,143,207,201
"ENSG00000002330",48,81,65,19,57,79,71,89,77,77,70,67,136,102,78,113,81,83,56,53,46,95,91,57,21,69,78,49,47,45
"ENSG00000002587",8,15,8,18,27,11,5,20,21,21,11,0,15,6,21,15,4,63,3,23,14,7,11,0,2,5,5,6,16,2
"ENSG00000002834",430,202,192,134,144,115,185,333,126,95,318,178,128,300,173,181,76,201,37,323,353,135,91,38,80,188,289,249,124,177
"ENSG00000002919",471,1352,651,880,707,940,850,815,1279,1072,650,628,1088,840,1670,1184,787,1526,464,672,388,1135,1386,381,765,1076,765,332,974,573
"ENSG00000003056",561,1431,1216,707,936,1436,1125,999,1405,595,838,951,1330,1191,1972,1730,605,1495,561,1294,744,1035,1228,603,777,1759,940,919,1108,1153
"ENSG00000003249",80,285,2241,615,333,2944,1821,508,1023,558,1660,48,5127,368,2331,2317,1079,1144,807,1274,1202,1152,649,341,258,359,73,664,286,1154
"ENSG00000004468",2,8,4,11,0,5,8,7,9,0,3,3,6,1,17,3,0,6,4,18,0,7,6,4,3,3,2,4,15,22
"ENSG00000004478",542,1419,695,446,623,1340,518,598,860,168,498,479,1182,521,951,1109,815,579,567,405,343,524,1160,534,352,548,848,602,494,729
"ENSG00000004660",15,12,36,14,13,48,18,19,15,9,25,25,40,27,23,19,5,13,22,8,11,25,29,11,8,27,16,15,8,33
"ENSG00000004700",243,723,222,363,197,321,353,287,496,87,193,291,269,195,439,525,146,396,212,286,171,220,262,165,208,337,379,275,562,557
"ENSG00000004777",21,13,23,8,5,15,28,13,8,58,24,11,7,12,16,15,6,27,10,22,16,11,11,8,11,16,27,18,21,25
"ENSG00000004779",183,1112,372,373,317,750,460,550,748,169,230,340,777,374,639,735,418,581,518,308,155,456,686,309,228,523,492,308,611,594
"ENSG00000004897",259,1079,362,465,245,490,446,344,702,223,178,532,538,251,815,682,126,499,519,376,271,372,339,136,290,536,426,442,656,884
"ENSG00000004961",143,356,161,135,117,271,165,183,255,65,88,149,279,154,221,253,122,197,141,131,104,129,260,62,97,203,170,172,180,207
"ENSG00000004975",623,794,803,313,518,784,647,618,545,379,669,520,809,691,707,842,738,652,428,674,796,577,619,413,291,713,676,529,445,534
"ENSG00000005007",1487,1341,1502,1029,929,1222,1252,1555,1136,534,1248,794,1314,1348,1550,1992,578,1609,472,1585,1520,939,1093,417,554,1221,1882,1138,788,1036
"ENSG00000005075",8,9,11,4,6,14,7,9,11,7,5,6,7,4,10,10,2,3,8,4,7,7,0,4,4,5,7,10,7,17
"ENSG00000005100",563,541,478,408,348,444,507,400,455,204,251,262,450,350,733,719,159,600,172,448,388,293,372,135,212,489,706,390,316,479
"ENSG00000005102",3,12,1,0,1,3,0,4,5,8,6,32,5,1,2,26,1,2,1,5,47,21,3,9,3,1,26,14,0,0
"ENSG00000005175",216,328,159,151,112,228,260,192,318,83,142,259,188,154,227,274,156,244,231,234,187,145,166,176,81,255,253,307,212,346
"ENSG00000005187",58,131,49,145,17,215,197,138,221,45,94,85,166,105,231,153,38,112,125,213,12,151,52,47,21,41,40,128,157,232
"ENSG00000005189",111,166,131,86,62,144,157,126,134,141,103,81,151,133,161,160,119,144,130,183,107,100,138,93,64,97,129,227,158,199
"ENSG00000005194",40,32,16,20,26,36,34,17,31,10,20,12,24,25,31,23,13,46,16,18,19,20,20,6,14,28,32,16,21,15
"ENSG00000005206",140,102,122,69,70,98,110,107,141,169,93,119,70,138,116,100,49,141,52,124,88,185,88,49,44,115,148,100,75,97
"ENSG00000005243",6,11,23,5,4,12,23,15,20,14,12,17,18,26,17,22,15,12,15,19,6,15,18,4,4,11,9,8,17,12
"ENSG00000005339",2112,1680,1762,1245,1165,1521,1656,2144,1272,1496,2106,1305,1698,1930,2408,2291,880,2898,768,3266,3002,1308,1002,762,620,1626,1726,1957,986,1317
"ENSG00000005379",161,102,94,127,129,84,105,124,131,451,80,176,30,74,155,120,44,161,92,136,67,109,64,82,82,172,114,160,149,65
"ENSG00000005844",714,536,285,185,221,434,518,688,400,143,432,749,145,565,311,257,91,474,364,543,221,492,198,275,67,355,844,552,384,619
"ENSG00000005893",56,138,170,72,85,162,112,133,130,30,74,85,163,92,277,235,57,160,54,174,52,111,160,24,73,196,85,89,123,128
"ENSG00000006007",418,735,389,375,369,439,377,525,674,353,257,394,508,455,510,522,361,523,426,459,341,524,429,246,178,379,404,483,469,501
"ENSG00000006015",104,161,117,30,90,215,121,171,174,262,163,132,220,163,126,139,181,134,159,108,87,161,149,98,23,123,207,92,85,109
"ENSG00000006025",246,212,233,124,135,218,212,265,185,639,192,240,205,239,173,151,187,274,294,210,110,312,199,209,78,244,194,275,170,189
"ENSG00000006062",905,897,826,417,495,801,798,852,650,1090,672,776,945,1004,701,864,717,1141,590,807,776,810,750,379,358,697,946,845,568,502
"ENSG00000006075",703,802,447,140,460,2238,2404,1467,334,103,1067,464,2180,1307,1445,1297,676,873,572,903,544,2942,1519,395,353,818,336,1276,338,550
"ENSG00000006118",141,146,56,31,140,120,91,37,112,95,82,77,147,75,147,137,42,85,210,121,56,263,147,104,41,83,90,162,153,107
"ENSG00000006125",652,1401,815,755,584,784,1031,1098,1371,506,601,719,924,761,1258,1031,668,1124,576,1052,541,887,626,376,391,904,838,1080,917,1078
"ENSG00000006194",269,551,512,252,316,636,503,453,472,295,388,472,742,583,697,611,310,610,353,550,268,449,542,261,212,610,427,423,377,396
"ENSG00000006210",5,5,9,2,7,8,11,6,8,15,29,10,15,15,7,26,29,17,8,10,5,12,13,18,9,3,3,13,3,4
"ENSG00000006327",5,9,7,3,2,25,11,6,11,5,17,9,5,13,4,6,6,6,31,3,9,11,4,9,1,1,6,14,4,9
"ENSG00000006432",157,156,166,97,43,99,74,185,139,79,153,111,77,146,155,168,89,224,69,239,344,148,77,47,95,149,220,88,83,121
"ENSG00000006638",2,1,5,3,4,3,6,5,3,1,1,1,5,2,15,10,1,11,4,11,12,3,4,0,3,1,2,4,3,6
"ENSG00000006659",3,87,23,3,20,10,11,36,11,2,27,122,17,13,8,1,14,8,84,12,9,19,25,98,19,60,50,1,12,15
"ENSG00000006695",42,52,47,31,25,45,40,50,39,3,41,24,44,31,44,71,59,43,26,76,52,34,36,20,25,28,37,72,30,51
"ENSG00000006712",448,438,308,201,249,341,293,474,342,162,316,376,351,414,344,331,297,377,228,472,369,283,226,149,120,371,313,597,258,324
"ENSG00000006740",150,32,99,4,40,68,30,19,13,8,145,91,64,72,10,16,102,125,32,15,162,9,8,89,190,183,193,60,16,7
"ENSG00000006757",74,81,138,31,60,75,137,102,64,39,123,59,165,78,74,115,209,127,104,99,174,48,166,128,34,113,81,125,86,54
"ENSG00000006831",653,1642,1073,711,652,1277,1212,1073,1345,434,761,998,1644,845,1905,1710,685,1467,788,1035,825,985,1131,640,599,1376,1065,820,1329,1516
"ENSG00000007047",277,216,228,101,144,219,295,299,184,120,294,191,314,322,332,376,176,287,108,250,423,268,257,81,125,248,205,333,175,176
"ENSG00000007080",1341,1525,895,423,830,1307,887,1074,1017,787,979,1033,1525,1155,835,1082,1672,958,1139,901,811,1149,1097,1387,316,806,1085,1503,587,722
"ENSG00000007168",64,295,225,203,133,243,226,282,261,94,122,222,294,143,376,394,126,241,169,294,105,245,200,56,148,317,217,291,270,338
"ENSG00000007202",3194,4204,2049,2512,2176,2125,2185,2818,2996,1537,1674,2170,1849,2319,3112,3293,1080,3397,1327,2695,2466,2439,1551,965,1510,2924,4092,2288,2443,2672
"ENSG00000007237",1133,1703,1351,553,1149,1659,873,2540,373,417,1452,483,1806,1293,664,1599,789,1077,897,1152,1221,1168,835,1233,844,1632,1087,1102,865,1062
"ENSG00000007255",165,477,296,121,195,504,552,330,467,448,573,443,625,343,383,416,528,466,499,335,241,463,532,389,183,399,326,233,339,306
"ENSG00000007264",1,4,191,1,2,24,8,0,1,2,66,8,17,0,4,8,29,44,41,0,19,1,1,0,4,64,10,0,2,1
"ENSG00000007312",849,1537,1074,1313,524,1244,1294,2064,2586,3063,1305,997,1551,1481,1713,1647,1335,1814,1369,2145,726,1890,1548,1399,460,1066,863,1399,1717,1169
"ENSG00000007314",4,7,30,13,9,8,14,7,14,28,9,13,6,22,16,11,10,18,8,8,13,9,9,12,8,19,19,12,15,9
"ENSG00000007376",955,918,447,379,517,691,678,719,694,814,369,537,656,744,651,623,453,865,438,581,448,499,491,517,169,570,806,490,320,413
"ENSG00000007520",436,868,514,263,487,841,514,690,694,453,498,535,1022,702,593,722,590,554,496,425,358,650,642,424,175,555,629,463,355,448
"ENSG00000007944",75,154,607,78,163,344,291,243,157,215,308,158,252,342,457,544,298,317,251,360,345,326,299,104,219,648,167,195,143,280
"ENSG00000007968",44,26,18,18,9,15,31,25,22,17,24,19,12,22,11,17,9,24,19,58,11,7,0,15,3,14,36,83,19,28
"ENSG00000008018",472,1295,425,415,290,743,534,542,760,289,338,461,721,526,682,726,598,785,572,560,354,672,697,375,252,504,552,784,697,860
"ENSG00000008056",9,34,17,7,56,14,6,8,5,18,28,7,64,17,9,3,54,26,7,24,2,10,4,10,6,11,22,4,6,8
"ENSG00000008083",22,39,79,24,23,43,66,9,21,25,47,10,24,34,79,59,24,52,19,48,12,33,31,6,40,75,41,20,24,52
"ENSG00000008086",6,2,17,4,16,8,3,9,13,1,13,2,10,4,6,8,12,49,3,7,108,3,10,2,15,31,21,2,4,5
"ENSG00000008196",7,3,0,2,0,1,2,3,22,89,0,1,0,23,1,17,0,1,0,34,0,25,1,3,0,1,0,150,2,2
"ENSG00000008283",54,104,49,32,41,65,42,17,50,29,36,37,71,55,88,126,41,104,14,40,34,76,68,26,30,50,57,28,33,26
"ENSG00000008300",1,2,2,0,1,16,15,2,16,1,3,18,4,2,1,11,3,4,0,7,17,9,3,1,1,5,23,4,0,3
"ENSG00000008323",16,88,9,12,8,14,4,32,11,27,14,25,16,19,10,10,16,17,17,4,23,50,14,54,9,7,18,8,14,10
"ENSG00000008324",18,140,44,35,37,71,71,57,88,27,30,76,96,38,87,111,19,70,86,30,17,72,82,20,37,82,44,48,96,102
"ENSG00000008382",182,294,171,96,134,275,233,252,217,111,232,219,351,237,196,227,193,154,234,201,173,203,170,150,59,185,298,220,134,206
"ENSG00000008394",307,365,76,71,5,432,141,90,230,64,340,323,330,110,106,89,388,218,326,287,16,193,228,87,92,18,324,671,355,318
"ENSG00000008405",5,22,9,7,26,10,21,3,16,6,6,19,11,10,4,19,5,15,12,5,4,8,17,0,13,20,1,20,7,15
"ENSG00000008441",24,27,28,7,20,39,75,37,18,23,86,52,65,72,21,33,79,36,34,71,88,35,48,49,15,99,23,93,30,43
"ENSG00000008517",200,376,490,90,338,1150,464,620,321,239,861,913,649,291,387,488,645,615,1289,119,703,1194,794,225,308,437,90,252,290,491
"ENSG00000009780",11,14,10,11,5,16,7,9,6,7,8,17,11,5,15,8,8,14,5,15,16,7,9,5,3,9,10,15,7,5
"ENSG00000009830",31,47,35,35,35,38,40,39,43,44,27,32,36,32,56,48,14,49,11,36,12,37,33,12,21,37,42,32,46,41
"ENSG00000009844",82,182,123,74,54,105,93,167,103,31,88,105,113,113,136,148,91,129,60,182,112,72,113,55,55,98,78,202,107,128
"ENSG00000009954",141,181,91,133,105,120,147,136,124,87,102,128,133,152,180,146,117,227,150,185,109,111,59,130,58,142,135,178,138,153
"ENSG00000010030",19,39,46,6,14,21,19,43,5,2,43,11,32,40,3,10,19,27,15,15,9,4,34,3,6,96,102,12,15,4
"ENSG00000010219",117,193,159,101,94,196,237,189,175,265,175,269,226,171,178,150,179,208,317,196,108,188,177,352,60,180,163,295,143,202
"ENSG00000010244",578,1349,1094,711,483,925,919,903,865,412,605,674,905,821,942,1049,672,1072,536,888,464,803,765,479,463,1023,667,927,810,973
"ENSG00000010270",73,307,201,111,101,165,165,122,212,46,112,121,179,98,301,193,121,210,108,177,95,101,204,61,132,188,168,125,199,210
"ENSG00000010278",7,42,57,10,16,83,27,64,39,10,24,20,114,62,56,134,60,53,96,26,12,85,53,11,7,97,11,77,43,41
"ENSG00000010292",1128,1960,1443,1281,737,1433,1966,1616,1795,313,1420,1005,1022,1214,1923,2016,494,1671,549,2271,929,809,1054,508,636,1161,2600,1828,1554,2728
"ENSG00000010295",119,97,76,49,83,103,65,89,79,232,73,124,87,96,89,56,92,104,63,108,88,118,80,96,24,94,99,92,61,51
"ENSG00000010310",104,86,97,100,130,114,173,185,160,188,212,485,80,154,106,77,63,202,227,122,82,246,150,262,53,137,235,161,179,175
"ENSG00000010361",25,55,40,32,29,36,41,29,54,21,26,36,56,42,41,76,26,54,25,30,13,59,25,13,13,29,45,20,31,32
"ENSG00000010539",23,142,59,54,28,86,94,63,54,42,42,52,113,58,84,80,28,99,38,59,19,48,79,24,31,82,79,45,68,79
"ENSG00000010610",112,76,6,204,2,37,184,31,36,16,42,4,44,30,42,29,108,32,23,29,5,69,163,51,349,946,10,164,80,43
"ENSG00000011007",96,67,69,45,66,65,62,72,52,20,72,64,46,50,86,83,48,92,31,84,163,50,55,23,30,52,75,80,54,54
"ENSG00000011028",49,31,283,26,223,79,59,2,34,25,286,28,99,127,228,128,57,298,42,54,12,27,23,27,136,497,165,55,30,14
"ENSG00000011132",147,225,233,67,158,270,197,326,171,287,238,235,354,294,195,183,291,211,185,210,170,378,218,206,70,213,191,178,102,99
"ENSG00000011143",69,122,99,67,72,106,117,91,102,113,77,68,127,72,136,123,88,99,72,106,78,94,104,69,70,89,94,99,119,139
"ENSG00000011243",960,854,926,469,650,982,856,1097,848,1817,885,1020,1147,1136,762,832,967,1115,962,1050,936,1300,855,1021,415,843,740,1291,599,632
"ENSG00000011258",1,9,12,6,8,4,6,4,10,6,1,3,7,14,23,11,1,4,2,4,0,12,9,1,1,10,5,1,11,14
"ENSG00000011304",2069,4173,2591,1623,1778,3724,3141,2697,3079,1810,2171,2946,3329,2559,3146,3298,2531,3292,3081,2235,1442,2747,2268,2305,1010,2360,3128,2303,2092,2638
"ENSG00000011405",131,353,365,196,83,276,316,236,167,134,206,392,344,195,402,497,88,293,273,265,124,348,217,85,151,291,260,279,326,415
"ENSG00000011422",8,34,33,3,14,20,12,10,4,1,20,19,14,10,13,2,13,8,32,13,13,24,30,13,26,15,19,3,18,24
"ENSG00000011451",382,365,253,157,232,368,280,340,285,365,291,292,363,371,295,331,226,430,240,284,250,343,270,236,102,268,360,252,191,219
"ENSG00000011478",266,343,267,140,158,328,390,339,270,430,327,429,356,384,302,278,342,411,400,337,196,406,224,357,98,233,422,329,315,368
"ENSG00000011523",13,21,34,7,20,24,35,22,22,11,21,20,38,30,32,39,18,40,7,24,29,17,34,8,23,28,18,19,31,30
"ENSG00000011590",1259,893,1143,222,623,1616,1578,1333,449,1078,2075,1641,2501,1647,865,1587,2210,817,1135,892,1569,2236,2117,1912,684,796,878,796,807,804
"ENSG00000011600",8,5,6,1,0,4,0,21,13,4,5,18,5,1,3,3,15,8,5,16,3,3,29,20,0,2,0,5,16,8
"ENSG00000011638",75,274,114,154,112,218,260,206,296,184,147,132,323,143,283,293,115,250,119,231,85,336,235,102,90,154,70,159,299,317
"ENSG00000012061",148,303,370,162,233,384,301,253,310,256,223,268,391,332,348,340,305,261,279,289,188,292,290,187,137,348,252,281,223,212
"ENSG00000012124",2314,2229,5728,1617,2341,4088,4395,3991,3427,3894,4701,2733,3115,4396,2881,4046,4256,5547,2768,4237,4405,4666,2999,3473,2121,4673,2272,4100,2373,2329
"ENSG00000012174",7,32,17,23,5,10,11,9,31,5,9,8,22,7,26,52,2,27,6,8,9,10,15,1,17,18,13,3,22,22
"ENSG00000012211",61,35,51,24,24,46,58,54,27,20,49,34,40,60,47,49,21,58,17,57,78,45,39,16,26,39,40,39,30,40
"ENSG00000012660",33,30,61,18,24,35,49,39,62,17,115,21,33,43,54,65,81,74,10,53,39,38,35,19,12,28,33,25,32,20
"ENSG00000012822",309,292,466,185,320,272,333,440,318,699,534,715,458,579,301,304,330,708,232,526,279,730,428,339,189,522,308,349,412,312
"ENSG00000012963",507,1423,656,740,362,962,945,1112,1191,547,446,664,716,662,1281,989,296,1203,752,939,337,796,562,367,307,790,784,1236,1098,1528
"ENSG00000012983",178,252,192,131,165,282,195,195,316,138,160,210,280,159,349,294,155,263,187,219,236,249,198,87,97,295,207,267,168,255
"ENSG00000013016",33,53,9,2,52,7,23,2,41,12,24,22,2,25,3,5,49,101,4,9,0,4,7,9,15,87,126,11,6,7
"ENSG00000013275",1094,1942,1100,887,956,1339,1154,1396,1092,1244,716,970,1479,1419,1122,1068,1130,1115,1190,1058,698,1203,1164,1094,507,1215,1207,1250,833,932
"ENSG00000013306",1800,2790,1376,878,1338,1990,1534,1918,1469,1677,1362,1729,2086,2063,1512,1525,1811,1659,1916,1029,1347,2060,1635,2088,769,1678,2094,1345,1098,1273
"ENSG00000013364",1592,3768,1566,1315,1068,2750,1722,3459,1817,2322,1726,1983,2879,2769,2011,2849,1492,1997,1523,1638,1212,4216,2418,1284,1116,1769,1879,1647,1748,1176
"ENSG00000013392",21,67,62,39,32,81,71,64,68,58,38,90,87,68,58,74,35,59,57,51,29,71,74,55,26,67,63,64,105,84
"ENSG00000013503",161,266,67,106,93,137,129,121,178,28,41,73,121,95,226,174,45,178,58,142,76,84,88,40,56,106,189,135,103,137
"ENSG00000013523",23,35,26,30,31,19,35,38,44,13,43,19,18,24,43,57,13,39,11,66,41,35,24,5,24,46,46,30,35,38
"ENSG00000013583",0,9,5,6,6,7,6,5,58,37,9,2,29,16,3,37,5,15,12,22,4,43,11,10,1,10,4,105,17,14
"ENSG00000013588",5,4,11,0,11,8,2,20,0,1,21,4,18,3,9,10,54,22,9,8,1,22,27,1,7,14,4,20,7,7
"ENSG00000013725",40,26,17,3,174,10,4,21,3,3,13,7,4,8,2,10,30,94,4,1,20,8,4,12,10,45,22,1,2,7
"ENSG00000014123",3,10,5,5,7,11,15,4,10,5,11,5,6,7,12,25,7,3,4,5,4,9,13,3,4,4,14,3,9,5
"ENSG00000014138",803,1160,387,438,366,567,563,634,636,437,462,508,506,467,571,503,303,480,584,540,398,456,367,403,237,498,871,826,527,871
"ENSG00000014164",687,577,554,238,375,653,630,675,417,685,644,566,772,652,481,598,584,608,556,592,564,615,490,672,163,468,563,641,269,357
"ENSG00000014216",3105,4234,2013,1986,1604,2160,2602,2722,2886,2291,2344,2167,2495,2946,2355,2511,1940,2919,1648,2953,2619,2362,1918,1696,900,2125,2889,2952,2202,2052
"ENSG00000016391",79,88,26,17,14,123,34,115,76,66,59,15,86,52,126,162,27,88,20,84,23,100,104,28,27,11,80,90,47,59
"ENSG00000017373",2,8,1,3,3,5,6,3,1,16,11,20,3,11,10,8,4,5,8,12,11,8,3,1,2,7,2,15,5,6
"ENSG00000017797",63,136,99,57,100,111,115,80,154,54,83,131,80,100,115,109,85,94,194,92,75,117,42,91,46,118,82,118,117,148
"ENSG00000018610",0,19,6,12,9,7,19,3,10,9,4,21,14,13,13,16,5,16,11,9,4,9,11,4,13,21,11,7,12,25
"ENSG00000019582",3017,5790,3602,989,2776,4426,3709,3298,2714,2540,4720,3186,4523,7062,4310,5426,4557,5897,2504,4753,2650,6050,3763,2093,1922,4856,3456,2771,3308,2655
"ENSG00000019995",26,28,43,14,15,29,25,23,35,6,24,26,43,34,49,39,22,39,11,58,46,26,28,13,18,41,23,54,23,27
"ENSG00000020426",67,232,125,119,86,224,209,167,230,78,109,168,212,110,221,194,123,159,202,137,51,155,158,95,92,159,111,182,184,211
"ENSG00000020577",38,24,43,29,45,56,68,49,38,37,46,16,43,69,62,38,19,37,26,44,111,74,28,40,24,51,8,26,21,18
"ENSG00000020922",100,293,170,147,140,211,214,129,232,173,118,176,169,102,257,253,110,190,216,196,102,173,147,147,120,205,204,229,246,341
"ENSG00000021300",36,13,25,20,8,22,33,36,6,4,9,33,27,30,7,35,20,11,16,20,41,42,6,10,2,9,11,82,7,17
"ENSG00000021574",46,192,65,114,58,100,84,73,172,33,43,114,97,63,223,180,17,125,86,120,44,63,72,23,57,117,129,74,132,154
"ENSG00000021776",508,907,495,609,401,594,647,571,694,305,383,499,563,479,900,846,395,761,471,666,548,508,460,317,277,631,586,742,582,797
"ENSG00000022556",164,171,2,23,8,224,490,3,9,6,38,146,1,257,472,262,73,1,372,51,50,358,433,12,2,259,110,1,80,26
"ENSG00000022840",1019,1834,1423,855,951,1340,1385,1541,1682,922,1243,1505,1483,1493,1695,1569,895,1609,1150,1523,1007,1555,1222,1137,651,1483,1569,1232,1302,1653
"ENSG00000022976",101,81,72,62,50,117,64,91,103,185,80,122,92,111,97,74,86,137,111,115,75,81,91,88,37,99,85,106,82,82
"ENSG00000023041",17,54,33,40,28,46,51,29,32,58,28,73,35,22,51,30,25,44,58,39,5,52,35,29,22,41,29,62,45,47
"ENSG00000023171",41,35,92,3,27,13,62,10,9,4,33,23,17,52,30,23,36,47,9,35,112,30,18,41,23,47,127,24,35,10
"ENSG00000023191",712,2489,2305,873,1083,3034,1834,1723,1694,1016,1323,1417,3191,1804,1934,2848,1510,1787,1555,1178,1021,2196,1933,1289,844,2206,1722,1069,1177,1311
"ENSG00000023318",609,1048,906,431,760,775,954,935,701,545,1048,1076,909,914,981,795,936,1139,732,1194,557,951,777,703,345,1232,746,1069,837,1038
"ENSG00000023330",264,290,169,94,163,174,165,145,129,108,178,149,254,199,116,161,232,225,138,161,300,183,141,126,66,176,188,205,109,128
"ENSG00000023445",429,1760,978,917,659,1493,1475,704,832,644,948,1132,1558,980,1766,1935,749,1663,1254,842,411,1591,1802,509,643,1248,795,727,2152,1140
"ENSG00000023516",568,1207,800,998,563,650,675,639,930,332,519,906,477,401,1303,1370,263,984,446,1015,763,676,508,211,694,1027,843,616,903,1108
"ENSG00000023572",24,93,29,31,28,46,20,63,45,15,16,49,58,10,37,40,15,34,59,29,22,48,39,30,17,47,29,49,57,58
"ENSG00000023608",50,133,157,52,75,136,108,66,115,54,52,68,134,96,170,161,102,72,134,147,66,77,146,72,46,131,66,154,101,151
"ENSG00000023697",94,270,120,132,66,147,177,161,225,56,76,141,229,112,136,180,71,197,161,133,69,112,159,104,57,111,195,194,233,257
"ENSG00000023734",794,955,529,484,483,623,474,624,728,181,565,372,683,455,706,845,616,680,330,653,638,301,601,366,265,570,672,592,538,451
"ENSG00000024048",12,58,61,68,42,42,40,29,67,33,30,53,48,37,92,123,2,72,18,39,25,67,46,11,23,69,69,29,81,87
"ENSG00000024862",63,191,246,107,113,265,221,134,297,119,118,193,276,183,264,214,168,198,192,213,73,234,228,118,97,263,109,220,218,257
"ENSG00000025039",39,79,127,15,27,79,76,64,17,10,88,115,199,201,81,107,78,36,100,82,78,59,87,12,127,197,168,20,149,45
"ENSG00000025156",10,21,12,18,9,31,12,19,23,12,6,20,31,16,23,18,8,18,15,17,14,13,32,6,10,22,11,18,15,25
"ENSG00000025423",2,6,7,3,1,10,5,10,9,1,6,2,9,5,8,7,7,1,8,6,4,1,5,10,1,5,4,13,2,10
"ENSG00000025708",260,409,99,85,61,356,173,572,89,420,204,303,237,215,226,195,86,197,162,142,130,532,199,105,18,243,120,128,149,112
"ENSG00000025772",730,799,497,272,504,690,481,411,441,250,428,439,661,492,546,566,578,530,377,496,680,546,448,382,240,546,531,736,389,436
"ENSG00000025800",46,88,79,58,35,42,31,61,73,8,33,29,59,44,109,124,19,83,21,75,53,39,41,7,40,68,71,32,44,55
"ENSG00000026103",18,87,56,89,43,115,76,73,96,20,28,52,75,41,138,178,25,80,25,55,23,68,98,8,37,63,55,36,55,65
"ENSG00000026508",174,274,372,161,600,210,449,84,489,177,280,337,305,487,564,565,391,522,110,480,386,227,232,110,266,535,155,84,426,217
"ENSG00000027075",59,424,269,23,266,169,70,16,85,6,281,125,157,102,108,206,95,469,29,118,82,20,170,128,657,703,328,36,58,121
"ENSG00000027697",14,68,119,36,69,28,42,22,73,19,72,26,59,53,106,65,88,154,13,59,24,21,51,18,81,70,115,9,61,15
"ENSG00000028137",248,221,369,50,102,233,163,821,149,36,439,177,235,284,114,265,163,219,56,240,301,295,128,86,124,338,369,233,168,200
"ENSG00000028203",278,366,397,197,207,332,310,255,298,139,348,269,258,325,439,358,184,467,179,451,351,303,243,247,176,427,258,362,305,351
"ENSG00000028277",2657,2780,2388,1392,1499,2785,3756,5240,2531,4109,3485,3762,1771,3346,1570,2576,2809,3926,4641,2912,1854,4355,785,4975,554,1817,2198,4370,2602,1801
"ENSG00000028528",550,1333,646,542,515,746,805,948,1198,408,491,707,757,659,880,818,530,994,624,977,432,833,649,456,314,858,654,1078,813,937
"ENSG00000029153",196,605,350,468,207,563,368,423,632,156,253,379,563,266,1037,1001,214,504,272,544,248,871,505,128,214,301,300,381,453,512
"ENSG00000029363",13,40,27,22,21,34,28,16,41,8,13,32,19,11,33,39,10,19,22,14,8,9,15,8,10,30,24,18,18,20
"ENSG00000029364",582,1169,1229,711,673,1186,1165,733,1701,407,850,847,1465,804,2462,1920,663,1542,634,1441,720,870,1587,305,711,988,876,831,1309,1515
"ENSG00000029725",663,1214,1177,720,803,1262,1204,969,1038,443,1052,788,1181,897,1509,1602,691,1457,629,1141,950,793,692,405,670,1546,1107,1132,893,1027
"ENSG00000030066",28,73,31,57,26,30,36,23,57,29,18,35,24,23,94,105,10,55,14,29,23,19,31,9,26,33,88,12,33,58
"ENSG00000030110",4,10,7,7,4,8,7,9,6,3,3,10,5,5,6,10,4,11,4,10,0,8,13,3,10,5,5,9,5,7
"ENSG00000030582",1826,3153,1708,1115,1784,1858,1441,2940,1719,2046,1721,1902,1982,2864,2256,1882,2090,2701,1533,1963,2250,2060,1636,2030,1353,2812,1894,1447,1865,1304
"ENSG00000031081",44,58,37,59,32,32,66,39,56,29,47,36,33,42,75,91,11,103,16,57,68,32,22,11,27,35,62,15,33,29
"ENSG00000031691",16,175,58,34,21,83,50,44,89,16,17,62,91,22,105,96,24,42,75,36,6,40,56,38,25,63,42,64,69,116
"ENSG00000031823",810,493,487,290,433,580,478,617,431,371,568,484,567,629,479,590,492,591,403,696,854,494,382,308,170,431,543,854,316,416
"ENSG00000032444",1606,1905,1224,828,894,1410,1177,1685,1744,1708,1452,1104,1336,1562,1359,1323,1064,1467,910,1421,1062,1541,966,1165,492,1188,1834,1370,1093,1145
"ENSG00000033011",48,132,63,52,85,80,96,85,104,35,47,37,54,64,84,86,34,121,25,66,43,55,57,23,25,94,106,46,56,57
"ENSG00000033030",201,465,454,228,272,507,461,379,439,423,340,490,458,334,624,379,280,554,447,523,246,356,468,448,218,527,334,567,330,467
"ENSG00000033170",149,417,206,295,209,193,280,147,361,144,160,335,275,270,223,327,151,288,381,175,192,191,119,197,154,452,207,196,494,313
"ENSG00000033327",487,245,523,143,149,195,258,286,135,86,621,289,350,343,254,377,301,318,121,525,812,267,244,169,263,405,449,114,278,338
"ENSG00000033627",568,490,543,353,226,464,558,434,428,532,607,458,494,637,759,596,315,772,270,829,949,578,501,229,301,477,419,472,509,535
"ENSG00000033800",482,524,835,292,330,420,551,584,380,320,699,541,432,608,540,611,680,673,494,844,953,505,334,379,392,766,413,853,480,538
"ENSG00000034063",594,473,221,319,255,249,313,332,498,131,241,134,160,242,283,400,96,400,111,441,247,114,155,85,79,212,722,379,227,329
"ENSG00000034510",5208,8833,5127,3693,2859,7363,7803,10058,5441,8983,6514,12058,7176,8069,6552,6343,8040,8570,14204,10034,5429,10044,6917,12975,1694,4311,3393,9911,5598,5728
"ENSG00000034693",31,125,81,59,43,72,75,75,120,33,37,66,57,71,89,62,33,98,51,110,25,68,66,29,37,65,78,113,77,98
"ENSG00000034713",160,813,548,315,387,771,643,430,626,259,622,508,1012,484,688,732,642,696,551,315,227,661,924,349,427,661,576,259,593,559
"ENSG00000035141",18,48,32,15,18,48,19,24,21,27,15,15,31,32,34,35,22,23,24,17,13,29,49,13,17,40,40,8,29,25
"ENSG00000035664",25,32,71,0,96,7,25,13,26,2,35,114,10,26,6,16,28,57,9,4,123,10,17,18,53,74,89,7,47,18
"ENSG00000035720",122,385,169,191,47,260,444,262,252,140,179,165,243,273,241,180,131,353,367,333,72,322,192,156,79,226,142,283,349,468
"ENSG00000037042",42,103,84,36,88,98,89,91,34,169,72,121,73,129,49,55,73,124,81,49,37,157,66,68,31,110,85,85,84,69
"ENSG00000037757",257,415,316,216,219,363,314,353,314,420,317,395,305,307,285,276,199,327,321,248,180,343,280,299,107,257,405,279,218,255
"ENSG00000037897",26,94,56,28,49,62,65,39,47,28,40,38,65,48,77,73,36,76,38,39,14,57,50,44,30,61,39,40,25,35
"ENSG00000038358",1720,2074,1545,1128,1053,1604,1480,1738,1569,2036,1233,1149,1502,1633,1640,1751,834,1652,807,1548,1196,1572,1314,685,635,1451,2147,1369,1115,1369
"ENSG00000039068",155,8,233,5,219,10,21,2,68,9,37,6,6,22,11,14,263,334,14,39,35,3,56,46,21,47,280,5,40,1
"ENSG00000039523",771,666,975,644,154,1404,923,1193,857,1560,1250,617,1208,991,1379,1879,947,1233,530,1685,812,1212,1009,485,291,612,520,1446,630,743
"ENSG00000039650",435,429,341,172,259,419,395,327,273,628,346,359,395,394,323,322,422,415,436,385,205,450,310,363,134,298,390,333,256,251
"ENSG00000040487",12,42,24,7,22,23,27,19,20,26,12,22,23,43,22,22,20,37,12,17,20,31,20,17,16,24,25,18,20,17
"ENSG00000040531",12,19,12,7,27,11,11,13,11,26,18,11,11,39,6,10,10,21,4,15,37,17,13,3,3,25,25,15,10,9
"ENSG00000040633",251,211,131,79,103,115,85,148,136,58,126,128,114,169,134,114,126,197,54,167,201,97,102,65,59,119,135,160,79,77
"ENSG00000041357",300,1927,503,828,399,945,792,548,1421,568,327,899,1055,418,1178,1071,497,1017,1179,474,240,775,1011,614,354,850,615,750,1194,1275
"ENSG00000042088",234,791,484,414,241,546,619,426,788,256,377,505,570,407,698,603,323,560,390,496,220,433,500,292,218,480,721,460,604,773
"ENSG00000042286",176,397,206,159,122,309,174,236,231,123,131,196,265,250,263,260,200,181,223,214,72,340,184,158,83,185,265,240,165,208
"ENSG00000042317",8,28,17,12,8,13,30,20,18,7,11,19,15,14,19,29,12,17,8,30,8,26,11,6,9,7,12,34,16,26
"ENSG00000042429",200,425,216,263,122,312,253,199,289,109,150,222,303,206,464,388,174,305,177,283,163,172,343,87,122,274,220,199,248,290
"ENSG00000042753",200,1270,609,406,394,941,727,895,884,662,340,642,945,710,676,781,359,688,856,433,178,1056,726,567,253,596,723,475,608,734
"ENSG00000043591",14,47,14,2,31,31,13,29,7,154,43,27,35,18,14,16,29,24,5,48,26,21,8,69,4,31,3,49,12,17
"ENSG00000044090",52,48,43,28,30,39,31,52,36,47,60,69,41,57,47,59,27,46,24,58,39,48,42,7,27,32,79,32,43,57
"ENSG00000044574",3034,3525,1395,1388,1180,1402,1355,2244,1089,387,1274,1959,1392,1585,1562,2431,844,1646,1041,1720,1472,1419,1493,398,560,1702,1956,1304,1553,1996
"ENSG00000046604",204,475,440,476,478,556,460,503,508,90,325,1043,215,317,616,779,125,646,269,445,236,257,397,219,346,306,571,799,367,473
"ENSG00000046647",6,41,31,26,23,32,31,26,33,26,22,24,33,24,45,68,10,35,32,33,6,51,40,11,11,42,19,27,28,25
"ENSG00000047346",193,320,234,280,91,174,250,368,282,546,118,394,164,242,263,246,64,260,215,322,106,260,167,123,82,234,193,287,390,338
"ENSG00000047578",46,23,24,39,33,25,37,31,32,30,30,30,27,39,32,49,16,62,15,58,42,28,38,22,19,28,70,34,21,34
"ENSG00000047579",92,101,68,49,92,118,106,143,122,56,124,70,111,157,122,87,108,79,80,129,97,135,71,93,47,107,121,143,90,77
"ENSG00000047621",88,369,129,203,119,199,177,219,249,160,119,232,250,159,299,244,92,237,173,185,70,192,205,119,86,203,189,137,296,239
"ENSG00000047634",2,4,3,4,3,10,8,0,12,0,4,3,0,3,23,10,3,11,2,4,18,0,8,0,0,1,1,7,2,6
"ENSG00000047648",58,37,9,42,51,43,59,54,37,65,56,5,70,56,97,70,8,70,25,83,4,89,26,47,7,7,42,38,61,33
"ENSG00000047662",34,124,65,63,62,129,99,56,94,196,72,156,129,68,113,114,39,142,131,61,17,118,93,74,48,131,63,85,129,148
"ENSG00000047932",64,65,69,40,40,78,74,66,59,37,72,69,73,78,94,94,54,70,54,122,99,48,45,33,30,76,70,127,53,61
"ENSG00000048028",238,403,523,283,222,452,510,436,465,122,447,390,330,393,550,630,214,431,343,645,227,316,295,215,179,529,401,508,481,641
"ENSG00000048140",5,17,5,10,3,16,9,11,14,10,1,6,11,10,16,10,2,12,6,7,3,9,11,3,8,9,16,1,11,10
"ENSG00000048462",126,856,542,215,431,349,569,375,367,279,155,567,385,602,459,241,220,517,555,362,115,556,260,173,297,878,364,274,734,406
"ENSG00000048471",109,30,49,36,24,15,30,37,27,14,58,20,27,45,59,34,40,52,12,114,183,15,26,10,27,28,27,54,17,18
"ENSG00000048540",3,17,5,6,1,18,7,12,6,45,21,50,21,14,30,68,1,29,7,27,0,35,21,49,0,1,6,21,14,13
"ENSG00000048544",11,118,40,43,45,87,66,35,119,30,16,54,97,39,81,108,26,97,61,50,10,36,93,20,25,53,36,42,70,89
"ENSG00000048740",869,1263,854,301,459,599,807,977,578,166,722,702,499,809,926,386,528,955,538,625,789,861,473,347,561,982,1121,310,682,819
"ENSG00000049239",165,216,153,122,181,144,200,217,266,304,159,187,164,196,255,349,76,358,127,274,127,148,152,118,106,183,251,124,250,218
"ENSG00000049245",7,21,13,12,14,17,17,9,23,13,16,29,23,18,15,26,14,24,12,20,10,26,21,11,9,25,17,9,17,19
"ENSG00000049247",1,0,0,0,0,0,14,0,1,0,0,0,13,5,0,22,0,2,2,1,0,0,10,7,3,0,0,0,15,0
"ENSG00000049249",4,8,6,4,11,9,4,3,3,1,8,1,10,7,16,29,12,13,1,10,1,10,14,0,4,7,1,4,6,2
"ENSG00000049449",25,63,46,36,94,74,24,26,74,40,30,48,74,33,107,86,51,71,20,53,27,50,69,38,59,56,41,23,36,40
"ENSG00000049759",266,349,173,112,29,337,149,289,117,110,168,311,775,255,780,1081,248,163,276,341,85,375,190,218,264,354,100,375,111,251
"ENSG00000050130",82,304,141,136,101,159,138,185,240,105,73,167,172,101,196,184,64,131,119,150,48,162,189,41,67,168,125,194,246,237
"ENSG00000050344",28,79,49,30,22,66,57,43,65,48,36,38,50,45,94,116,23,36,34,57,41,38,50,23,32,46,60,39,53,61
"ENSG00000050393",81,146,147,24,59,137,89,88,110,39,91,60,176,126,114,152,79,107,86,79,77,84,140,77,43,90,165,72,74,76
"ENSG00000050405",738,1252,562,455,439,354,564,554,877,172,395,690,374,315,790,579,364,606,520,589,701,413,531,354,417,707,602,557,932,864
"ENSG00000050426",151,490,548,253,193,573,619,350,494,427,344,399,691,342,603,544,220,440,433,392,199,640,469,322,367,493,355,247,712,621
"ENSG00000050438",10,22,21,9,30,14,35,12,31,37,8,20,5,11,12,11,12,23,9,17,28,16,16,19,13,55,20,12,20,16
"ENSG00000050820",445,1161,288,292,249,707,343,711,657,444,379,168,931,599,826,795,214,836,246,485,715,692,597,369,270,289,201,475,280,252
"ENSG00000051009",266,306,273,214,191,261,244,309,285,363,222,249,290,243,300,303,183,335,160,306,233,335,284,133,126,242,285,240,203,191
"ENSG00000051108",915,1057,1930,452,779,2367,2043,1662,1364,909,1476,1349,2516,1744,1627,1732,1736,1422,1087,1643,468,2590,2397,677,590,1146,1145,1633,1447,1235
"ENSG00000051128",1,4,3,1,5,9,7,7,5,5,3,16,21,10,7,14,9,5,3,5,16,3,9,2,2,7,0,4,2,2
"ENSG00000051180",180,346,153,127,100,253,204,184,260,89,140,173,165,136,191,199,116,223,200,177,108,103,112,85,42,169,269,221,217,325
"ENSG00000051523",2309,2689,1527,696,1510,2953,2140,3368,2700,4262,2555,4192,3064,3239,1598,1885,2788,2573,3874,1894,1998,3868,2309,5741,581,1835,1860,2707,1425,1544
"ENSG00000051620",0,19,58,9,16,42,9,51,44,16,0,67,43,12,26,33,1,40,55,26,28,4,29,50,0,21,24,54,17,39
"ENSG00000051825",107,172,203,167,117,176,193,143,194,79,139,200,182,154,264,280,101,248,178,270,136,135,150,109,77,203,207,220,211,313
"ENSG00000052723",1,21,14,8,9,23,18,12,12,6,2,15,27,6,29,16,10,14,12,9,2,28,26,10,11,22,12,8,20,16
"ENSG00000053254",353,290,515,261,304,335,586,394,284,213,560,304,385,452,600,480,278,484,284,640,509,373,161,237,233,472,541,397,273,314
"ENSG00000053371",4,21,12,6,19,16,10,12,9,2,11,6,18,21,11,9,10,9,2,9,3,19,14,3,8,22,10,13,18,8
"ENSG00000053438",23,7,13,8,12,8,8,5,13,32,14,10,9,9,17,10,4,20,4,21,18,19,4,5,4,11,13,9,9,6
"ENSG00000053501",34,110,104,43,77,104,88,79,78,102,77,87,149,110,92,87,93,106,95,60,25,93,113,94,47,124,74,55,71,58
"ENSG00000053702",18,17,22,19,11,15,19,11,19,71,20,36,9,24,20,28,10,30,22,19,3,26,18,21,9,20,18,26,21,28
"ENSG00000053747",18,32,1,54,9,45,81,6,127,36,30,12,62,29,29,42,9,40,18,35,2,89,6,42,5,13,11,2,7,21
"ENSG00000053770",95,195,128,124,113,123,73,147,152,42,61,120,105,92,156,137,33,166,75,117,92,99,104,39,68,146,126,124,162,151
"ENSG00000054148",670,869,553,220,353,670,584,644,407,720,606,559,950,798,456,534,1016,555,920,534,420,1063,646,982,109,443,415,732,388,337
"ENSG00000054277",1,20,2,3,1,16,9,5,18,2,4,16,13,4,15,24,1,7,6,7,2,7,11,2,8,14,15,8,24,32
"ENSG00000054598",7,8,6,7,8,6,4,1,17,3,4,12,6,3,18,7,21,14,4,7,11,1,8,5,1,5,4,10,9,0
"ENSG00000054611",47,104,89,51,60,100,119,131,131,34,83,56,76,111,106,100,42,100,41,119,40,78,61,47,42,92,134,75,65,81
"ENSG00000054690",6,6,8,21,29,5,3,4,12,16,3,7,7,3,7,14,1,33,3,8,6,21,3,4,7,2,6,52,8,12
"ENSG00000054965",153,139,199,106,88,108,104,179,109,122,136,114,94,126,160,189,85,194,99,183,162,138,83,66,78,114,171,114,112,144
"ENSG00000054967",162,201,136,63,88,126,120,185,113,163,154,104,127,164,127,162,136,152,94,155,248,251,184,70,69,149,116,165,81,128
"ENSG00000054983",7,36,21,12,5,31,24,15,15,10,15,27,23,24,17,40,11,26,7,13,10,21,20,5,9,19,32,6,23,26
"ENSG00000055070",314,200,169,137,152,161,137,228,156,49,207,130,184,197,170,259,143,260,73,287,331,148,122,91,80,213,170,254,120,145
"ENSG00000055130",221,716,377,393,309,536,436,385,553,145,262,336,554,314,630,582,204,518,228,387,178,373,483,170,203,521,449,364,472,575
"ENSG00000055211",30,95,119,71,67,71,103,69,119,45,86,118,129,77,141,119,55,190,91,82,40,55,95,48,58,118,93,43,157,95
"ENSG00000055483",267,123,239,116,138,137,157,129,127,73,156,81,122,164,249,203,50,246,44,276,262,50,116,37,95,210,246,99,72,96
"ENSG00000056277",24,24,33,25,39,20,25,22,35,16,24,31,17,18,44,23,18,50,18,34,27,13,30,6,23,20,28,33,19,27
"ENSG00000056345",89,111,148,195,66,123,128,137,675,86,53,62,124,97,447,375,91,222,38,243,383,164,257,17,96,72,61,173,71,131
"ENSG00000056558",6016,5683,3576,2430,4374,5489,5927,3870,2773,4832,5069,3555,6454,5861,4071,5966,5382,6269,2723,3056,3255,6457,7212,3038,2394,4011,5126,2250,3696,2870
"ENSG00000056661",255,284,345,62,165,365,440,124,391,198,215,219,357,403,479,351,251,291,221,447,527,656,289,160,191,167,60,750,322,370
"ENSG00000056736",174,155,99,89,34,350,98,305,277,637,84,46,268,127,371,298,55,318,177,313,10,382,614,210,79,41,112,331,209,249
"ENSG00000056972",4,13,24,5,5,18,12,3,22,4,11,12,12,8,23,13,3,8,9,15,7,16,11,9,7,8,7,4,14,12
"ENSG00000057252",53,134,105,163,44,137,110,113,239,22,52,88,119,51,332,266,61,152,45,176,49,124,127,23,40,101,86,109,103,152
"ENSG00000057663",4,21,14,14,6,27,7,6,21,3,2,16,26,15,21,21,2,19,5,6,8,15,27,3,10,22,4,15,25,27
"ENSG00000057704",478,798,452,307,454,553,584,730,362,239,641,582,415,653,840,513,394,759,278,709,895,464,358,300,554,741,621,496,591,517
"ENSG00000057757",30,53,34,22,26,47,29,44,44,16,24,43,58,32,55,46,36,42,30,37,16,26,48,15,17,62,29,51,31,51
"ENSG00000058272",580,1452,739,640,668,895,1049,904,1173,585,654,1318,564,650,1197,1064,612,1355,1518,1052,652,956,414,1184,478,1081,693,1348,1109,1248
"ENSG00000058335",38,42,74,18,36,53,115,28,30,50,63,48,71,56,31,36,24,43,17,29,181,44,21,107,30,43,29,14,25,45
"ENSG00000058600",435,486,390,275,347,509,359,395,427,208,258,250,405,395,513,537,237,479,142,447,364,373,386,120,201,393,473,317,242,312
"ENSG00000058799",14,22,21,8,17,16,22,33,20,8,31,15,31,17,21,21,15,39,8,37,10,16,23,8,2,14,18,27,17,18
"ENSG00000058804",24,99,77,78,39,58,68,49,93,13,34,47,34,40,98,133,11,76,30,79,27,26,48,12,26,79,118,46,78,138
"ENSG00000059122",163,325,223,161,169,240,226,363,269,1121,218,272,444,405,223,297,216,324,409,196,138,693,308,265,70,200,324,195,242,225
"ENSG00000059758",167,422,316,218,213,351,376,231,388,142,312,372,398,270,625,520,148,560,174,439,267,290,358,143,150,301,333,266,305,363
"ENSG00000060069",502,499,368,223,278,386,295,459,487,190,405,278,420,462,414,482,268,459,161,424,581,307,236,155,158,373,528,391,249,293
"ENSG00000060138",899,994,1007,333,934,1031,707,694,1066,208,1118,374,1164,851,979,1325,1075,939,568,925,1378,829,874,670,427,468,611,855,566,593
"ENSG00000060491",2,14,5,10,1,10,6,2,7,6,1,5,6,5,10,6,1,6,4,2,1,9,9,2,2,6,2,5,6,14
"ENSG00000060558",455,958,1075,277,165,971,751,208,473,405,1150,176,1130,919,760,1335,1265,353,581,743,790,2220,1267,645,481,332,312,738,686,722
"ENSG00000060642",3,7,5,10,1,6,5,5,12,6,6,7,8,6,9,11,2,12,1,5,0,4,7,3,11,13,11,2,6,9
"ENSG00000060709",62,129,79,0,5,12,111,7,18,58,8,18,27,14,61,11,36,50,3,8,30,8,16,4,23,23,18,37,19,9
"ENSG00000060749",137,219,216,204,87,201,242,191,248,82,173,165,202,156,412,434,110,292,108,500,177,158,145,61,75,190,203,232,180,340
"ENSG00000060762",150,308,187,218,133,176,201,108,233,332,154,142,265,163,246,294,139,308,130,133,254,255,146,81,152,260,172,158,214,207
"ENSG00000060982",301,1258,1045,595,957,1234,1369,74,1528,79,701,563,973,444,2400,1822,564,942,602,402,900,187,798,455,1620,1178,1298,333,526,934
"ENSG00000061794",198,721,433,304,290,550,624,314,649,133,298,324,646,312,702,700,316,579,386,417,177,351,471,288,285,532,361,330,458,526
"ENSG00000061918",86,398,201,489,8,436,287,662,827,68,148,109,691,280,360,382,78,550,31,248,12,159,246,25,159,54,368,673,223,345
"ENSG00000061936",1255,897,849,471,590,988,1133,960,869,2043,1152,1168,897,1051,854,779,1066,1096,1211,1096,1196,1054,647,1844,295,794,903,1480,635,744
"ENSG00000061987",42,159,97,101,69,102,114,109,127,92,61,177,99,52,169,127,33,172,102,94,47,121,84,49,51,143,94,112,149,162
"ENSG00000062282",149,222,165,93,91,291,183,280,122,135,151,99,366,238,228,266,134,191,83,109,121,273,287,96,114,224,245,145,212,129
"ENSG00000062485",398,584,461,342,472,410,401,480,431,168,394,332,414,364,494,467,371,506,242,498,441,325,403,228,242,438,403,632,429,498
"ENSG00000062582",102,143,175,48,78,159,157,128,139,67,129,77,156,151,100,147,156,121,65,129,89,128,121,73,38,97,100,145,69,79
"ENSG00000062716",975,711,839,452,378,969,992,695,501,760,726,1201,928,766,1017,735,631,850,1289,860,728,1000,783,803,311,781,628,1162,990,1006
"ENSG00000062725",198,506,270,279,170,299,335,334,367,171,195,334,359,245,526,435,148,408,296,372,200,304,272,98,157,324,255,332,417,454
"ENSG00000062822",1642,2065,926,937,763,1591,1445,1550,1477,1010,1074,907,1025,1087,1169,1378,804,1120,1183,1570,956,971,718,1276,379,965,2128,1697,1062,1538
"ENSG00000063046",60,318,249,163,254,218,190,188,421,68,138,314,369,193,468,384,112,319,180,192,154,210,396,92,207,335,215,159,349,369
"ENSG00000063127",9,14,22,13,12,17,23,8,12,52,18,19,17,16,10,26,15,18,19,14,20,9,21,13,7,20,10,24,10,21
"ENSG00000063169",787,438,428,149,298,346,414,567,303,556,737,474,416,515,315,357,521,583,298,658,777,442,228,446,110,304,400,608,216,246
"ENSG00000063176",34,94,34,34,31,59,39,51,52,44,22,37,70,37,62,66,12,63,34,38,15,46,51,10,29,42,60,30,37,35
"ENSG00000063177",1659,2152,2153,706,1496,2648,2305,1622,1698,1053,2075,1811,3048,2082,1990,2209,4153,1946,2118,2065,1941,2603,3137,2476,1117,2293,1502,2913,1790,1539
"ENSG00000063180",40,83,92,4,52,79,136,107,71,30,185,184,122,118,73,146,180,113,55,73,163,169,93,104,16,74,42,125,96,42
"ENSG00000063241",850,890,316,213,298,664,458,645,337,258,625,612,490,792,281,431,697,489,797,352,444,608,434,752,179,340,524,607,343,440
"ENSG00000063244",5968,4988,4069,2338,2957,4433,3658,4696,3723,2763,4014,3672,3830,4245,3753,4230,5268,4385,3736,4595,4912,3388,3043,3810,1374,3680,4475,5341,2488,3160
"ENSG00000063245",1387,1498,1162,646,766,1424,1278,1943,1627,1185,1397,1343,1613,1606,1246,1477,1166,1239,1234,1934,1114,1429,934,1279,328,1099,1240,2165,775,1038
"ENSG00000063322",154,211,187,113,143,228,147,282,213,116,157,146,270,192,197,227,189,194,159,200,96,173,161,112,59,176,221,149,115,146
"ENSG00000063587",143,116,244,76,58,170,202,158,92,106,291,196,137,208,199,206,57,228,67,253,224,154,128,46,70,170,208,136,102,146
"ENSG00000063761",3,16,3,7,3,4,8,6,8,4,1,4,5,5,11,4,4,16,4,2,2,1,5,2,7,7,16,4,11,13
"ENSG00000063854",169,241,188,101,131,229,183,230,249,157,157,203,330,232,176,229,252,169,171,107,175,249,273,178,72,153,178,182,126,130
"ENSG00000064102",34,270,169,119,133,157,198,133,167,100,101,256,174,117,192,158,119,174,263,155,45,181,115,218,103,150,134,227,230,245
"ENSG00000064115",600,1472,343,579,268,541,387,695,757,229,406,604,571,455,766,498,232,731,531,481,186,784,665,379,314,428,803,443,905,918
"ENSG00000064199",17,24,11,10,11,18,14,15,12,7,11,10,23,16,3,34,4,15,33,24,7,25,5,28,8,11,28,27,22,12
"ENSG00000064393",525,183,2019,299,625,465,603,632,418,213,453,611,796,1018,442,1009,899,658,211,1215,2421,226,212,212,336,1032,766,550,288,420
"ENSG00000064419",666,1583,977,857,622,764,869,1031,927,306,650,652,828,806,1553,1287,357,1134,388,1113,444,713,630,333,589,1035,1189,824,1057,1201
"ENSG00000064490",635,689,385,288,378,476,480,596,463,604,485,444,595,672,403,431,646,518,526,582,445,622,436,476,173,458,498,499,295,317
"ENSG00000064545",161,299,287,125,241,325,275,208,340,306,239,241,315,271,254,310,276,354,224,225,161,333,224,263,90,272,256,225,176,187
"ENSG00000064547",136,213,264,86,125,249,230,221,107,560,227,181,193,254,79,215,241,234,130,88,175,239,123,108,105,216,159,143,101,122
"ENSG00000064607",1330,890,916,540,721,880,916,731,675,1190,1029,1427,790,1022,1025,812,469,1385,663,1071,892,1261,951,533,491,1002,1197,1014,819,902
"ENSG00000064666",2145,3029,1059,1116,1135,1316,1403,1958,2093,998,1374,2565,1299,1402,1238,942,1720,2449,2005,1504,1384,1387,806,2474,569,1732,1403,2496,1221,1365
"ENSG00000064687",418,611,280,313,284,458,273,787,537,2651,622,854,328,818,364,403,231,623,562,482,265,822,307,691,187,459,356,672,578,411
"ENSG00000064703",251,378,284,204,180,321,233,211,321,162,133,238,331,230,417,391,186,340,210,290,242,174,215,118,102,254,224,361,235,241
"ENSG00000064726",409,1043,686,485,522,636,636,521,936,295,509,501,763,541,1016,937,351,873,461,666,453,411,636,239,536,828,713,554,702,729
"ENSG00000064763",17,138,23,101,27,52,117,51,97,66,13,24,104,37,118,157,10,56,72,123,15,87,69,38,44,10,77,196,112,123
"ENSG00000064932",1,17,6,1,4,12,8,10,13,15,7,5,11,14,6,20,6,16,16,4,0,11,1,20,5,8,6,3,11,5
"ENSG00000064995",131,349,231,211,139,343,269,264,350,367,204,308,346,259,317,249,198,312,380,250,83,326,328,241,108,248,264,284,328,344
"ENSG00000064999",19,17,16,17,7,16,14,21,21,5,19,11,10,14,23,37,9,16,6,24,35,8,11,3,7,9,19,18,22,18
"ENSG00000065000",3195,3570,1977,1531,1842,1975,2351,2751,2680,1964,1823,2792,2491,2371,3569,2672,1990,3349,1899,2795,2786,2624,1594,1701,1753,2431,3442,2125,1708,2068
"ENSG00000065054",1,5,3,1,7,4,2,3,25,7,2,8,18,8,9,3,5,5,6,1,9,11,17,2,2,2,1,10,1,2
"ENSG00000065057",75,306,187,123,128,250,186,203,370,126,83,142,276,150,262,274,173,198,203,132,81,194,247,151,75,186,229,137,154,177
"ENSG00000065060",233,207,276,197,134,108,189,148,187,65,193,151,196,168,426,453,45,325,52,439,432,115,158,35,126,206,402,126,166,211
"ENSG00000065135",444,1581,829,838,491,1013,825,741,1376,309,463,608,1033,494,1617,1543,336,803,728,877,384,730,777,205,522,1006,888,801,1159,1429
"ENSG00000065183",11,41,20,19,11,13,21,16,29,3,7,6,18,14,51,35,5,15,2,19,10,6,12,0,11,22,28,9,13,18
"ENSG00000065268",679,961,562,430,609,1059,746,790,986,646,548,594,1036,798,754,874,884,962,859,672,528,870,684,715,317,583,994,477,475,642
"ENSG00000065308",864,780,476,881,440,390,396,495,603,815,342,819,381,523,786,483,299,1057,270,944,213,433,293,342,298,653,1004,279,557,568
"ENSG00000065357",5,43,40,28,22,24,25,25,42,28,22,36,19,25,40,35,7,51,20,24,7,40,35,11,24,50,39,14,36,44
"ENSG00000065427",872,1843,1337,944,982,1496,1521,1247,1322,742,907,1226,1808,1169,1604,1447,1157,1354,1496,1353,569,1484,1164,1087,624,1365,1261,1617,1200,1562
"ENSG00000065457",121,259,129,174,152,131,136,140,201,102,81,114,77,127,212,180,46,232,79,155,96,117,73,32,79,196,308,143,187,136
"ENSG00000065491",358,417,367,202,193,282,315,243,528,313,248,236,383,296,527,379,267,491,197,521,334,302,371,149,174,334,342,386,314,425
"ENSG00000065559",97,251,123,102,109,150,152,151,190,79,117,133,162,92,202,219,81,221,124,176,98,127,128,52,85,164,164,147,166,170
"ENSG00000065613",50,64,63,38,41,45,59,63,102,39,72,73,77,49,87,131,57,99,47,111,68,54,33,41,24,45,58,130,65,73
"ENSG00000065833",33,237,31,64,14,135,92,22,180,18,80,21,190,38,258,203,30,92,199,91,76,87,87,65,70,28,183,81,188,150
"ENSG00000065923",26,52,60,36,25,62,78,31,64,41,56,30,38,73,84,91,22,54,27,55,28,57,40,18,28,66,71,22,51,40
"ENSG00000065970",253,135,191,91,99,120,178,213,159,82,245,104,128,169,205,292,112,207,36,280,374,114,128,35,79,141,222,176,104,137
"ENSG00000065978",22,39,32,20,56,21,16,35,35,11,9,21,17,20,25,35,17,25,12,29,30,20,26,5,15,30,7,55,22,19
"ENSG00000065989",80,71,170,13,47,181,114,85,59,16,129,57,142,105,149,196,76,128,55,99,57,85,72,48,102,113,212,139,44,117
"ENSG00000066044",1781,2740,1520,1050,1113,1725,1669,1865,1849,733,1343,1538,1959,1477,1933,2018,1560,1742,1453,1847,1492,1464,1427,1096,713,1579,1896,2243,1485,1916
"ENSG00000066084",144,75,107,113,82,83,90,89,93,50,92,45,99,97,168,264,67,144,21,183,146,94,91,18,72,104,154,64,58,72
"ENSG00000066117",1173,1682,977,845,767,1229,1222,1261,1230,872,1007,1059,1399,1172,1431,1376,905,1661,816,1309,1127,1073,1171,1061,484,1139,1278,1354,1029,1118
"ENSG00000066230",2,30,36,7,23,33,18,16,23,66,16,20,28,36,17,11,18,18,41,17,7,37,24,7,14,58,20,19,20,28
"ENSG00000066279",61,211,87,162,68,200,164,126,242,77,69,180,100,47,181,164,41,220,229,122,33,86,79,70,44,129,172,194,231,345
"ENSG00000066322",5,32,7,6,1,16,9,4,7,9,4,5,13,12,14,9,2,7,6,0,4,7,7,1,11,8,13,2,13,13
"ENSG00000066336",679,479,814,214,407,639,565,755,681,444,830,863,679,878,373,477,828,769,565,618,1161,746,456,638,117,665,466,725,283,344
"ENSG00000066379",46,409,306,190,75,436,404,307,314,140,126,263,528,222,389,305,128,289,279,131,47,302,503,187,99,299,185,144,311,376
"ENSG00000066455",182,276,218,130,125,285,234,216,235,95,217,310,312,243,302,241,130,251,221,241,267,278,249,97,138,253,219,275,267,367
"ENSG00000066557",64,303,157,164,111,188,220,142,251,63,96,198,190,90,239,310,53,192,166,171,44,135,139,57,88,168,175,204,213,308
"ENSG00000066583",170,152,111,81,64,162,152,174,146,38,161,77,179,167,143,217,114,146,75,214,124,101,125,96,31,71,117,251,98,111
"ENSG00000066654",213,353,210,243,156,250,225,231,327,92,150,187,223,167,359,293,135,295,157,264,198,167,209,62,81,235,253,251,246,308
"ENSG00000066697",70,16,17,11,18,20,22,36,15,12,29,14,23,37,13,19,26,17,14,23,96,15,10,10,2,17,21,64,13,12
"ENSG00000066926",246,513,262,258,249,312,211,326,551,90,128,156,349,236,566,477,137,335,113,323,397,235,259,50,189,301,269,229,232,287
"ENSG00000066933",137,260,217,214,163,172,325,151,218,201,221,179,137,149,485,362,107,406,188,310,189,188,107,118,131,332,306,151,238,227
"ENSG00000067064",25,180,89,55,44,191,113,84,105,23,63,39,119,69,119,203,42,108,50,45,69,55,106,22,42,85,107,52,115,116
"ENSG00000067141",34,31,22,26,24,37,53,77,34,36,13,24,33,21,47,29,6,84,6,32,18,22,17,10,7,32,20,54,11,30
"ENSG00000067167",94,70,135,64,67,79,132,150,88,32,91,121,79,108,138,106,44,128,47,237,186,73,77,45,26,114,79,150,105,119
"ENSG00000067177",13,30,55,1,34,1,2,3,2,1,8,11,0,8,13,0,12,28,6,6,17,19,23,1,3,12,28,9,59,1
"ENSG00000067182",62,148,89,99,22,141,90,6,80,86,84,22,144,120,204,146,37,215,52,161,65,40,161,52,39,42,119,70,74,129
"ENSG00000067191",6,18,11,6,5,18,15,11,8,20,6,15,5,18,13,15,0,9,7,18,12,27,17,9,1,13,22,12,12,15
"ENSG00000067221",81,197,60,67,75,124,79,77,100,99,32,79,141,105,162,115,65,114,72,80,41,118,121,55,39,93,121,42,78,76
"ENSG00000067225",9535,11969,7743,5000,6851,9768,9638,12998,9880,7707,8392,9193,9634,10358,9155,9277,10409,8774,8989,12113,8245,11110,6619,11449,4437,8324,8528,18583,8968,10564
"ENSG00000067365",148,143,201,69,86,157,152,178,151,178,168,129,229,192,138,212,169,145,146,145,151,168,136,130,72,159,146,157,115,149
"ENSG00000067533",47,133,47,67,44,64,72,37,76,26,15,55,71,32,96,73,36,68,62,64,16,34,65,53,15,66,62,52,72,62
"ENSG00000067596",820,1157,754,843,713,713,679,969,1085,497,498,520,823,687,1266,1130,501,1084,419,1075,766,666,715,250,546,826,948,897,687,788
"ENSG00000067836",387,166,119,77,96,59,93,79,134,170,83,181,192,194,30,111,257,251,77,249,421,104,94,43,65,68,180,181,135,106
"ENSG00000067900",484,1583,717,800,512,944,1144,809,1311,606,600,1335,930,569,1400,1527,534,1284,1433,993,486,927,481,760,560,1048,885,911,1241,1321
"ENSG00000067955",291,997,607,435,336,832,754,479,1052,227,418,686,713,356,843,910,253,801,667,641,371,400,609,223,354,744,626,578,664,1001
"ENSG00000067992",3,27,18,10,4,11,18,8,15,6,5,7,23,3,34,32,2,14,8,6,1,10,21,3,15,6,11,6,29,34
"ENSG00000068079",1340,2086,756,1183,534,1137,994,1696,1200,1487,751,953,1226,1386,1019,776,740,1215,1174,1421,974,1567,971,859,306,917,897,945,1124,933
"ENSG00000068097",186,219,262,119,181,201,153,250,213,128,114,270,180,245,226,142,128,160,173,136,209,176,178,138,46,191,118,249,185,217
"ENSG00000068120",55,212,146,91,53,134,117,143,152,81,76,88,178,95,166,157,42,111,67,88,43,132,153,39,45,110,148,58,115,112
"ENSG00000068137",424,639,272,133,221,261,367,333,369,271,462,326,255,527,379,316,207,793,276,496,370,405,216,127,115,298,379,417,265,224
"ENSG00000068305",394,809,788,507,442,726,795,841,625,904,705,750,808,690,976,730,353,993,620,883,431,928,611,402,400,838,611,817,826,962
"ENSG00000068308",105,158,202,92,142,105,105,188,124,161,132,120,142,186,146,117,100,187,79,196,89,162,139,54,69,195,115,157,109,126
"ENSG00000068354",44,45,75,35,42,51,44,57,41,30,85,27,48,51,42,70,27,57,24,44,69,30,36,14,39,69,58,29,40,33
"ENSG00000068394",311,417,244,201,204,413,269,331,323,219,252,246,434,338,285,347,313,310,226,296,232,294,350,178,125,231,316,401,246,273
"ENSG00000068489",379,532,552,305,241,423,737,470,645,87,470,521,244,370,744,582,286,576,310,905,624,236,145,236,182,491,547,860,634,942
"ENSG00000068697",59,124,174,71,84,114,124,136,170,93,111,155,167,118,182,148,133,152,106,136,74,128,155,74,60,142,81,178,125,97
"ENSG00000068793",371,824,435,363,279,330,576,339,814,465,405,435,618,378,758,725,286,702,289,529,544,749,491,300,354,537,588,386,623,679
"ENSG00000068912",44,67,44,23,38,46,23,110,55,23,87,54,45,62,38,53,40,61,24,71,50,36,35,24,15,42,60,44,35,31
"ENSG00000068971",43,64,111,36,25,58,72,106,76,113,156,121,87,105,103,83,91,68,71,90,128,156,79,57,35,79,78,113,85,98
"ENSG00000069011",40,6,2,1,8,21,14,48,2,0,0,17,11,5,10,1,7,4,1,4,31,1,17,6,1,5,5,10,2,7
"ENSG00000069329",408,1306,838,543,505,863,911,595,1018,337,459,959,896,722,1030,952,681,1051,1161,727,419,788,586,699,406,974,778,956,932,1036
"ENSG00000069345",451,1648,1077,668,660,1375,1187,737,1177,350,751,982,1606,875,1510,1414,646,1307,805,728,528,1058,934,424,569,1272,1028,770,966,1024
"ENSG00000069509",21,102,47,45,25,64,111,64,81,42,21,68,99,42,68,72,46,81,97,44,11,46,81,45,19,62,58,49,80,75
"ENSG00000069667",31,70,78,25,11,41,66,140,35,32,121,77,71,52,80,78,81,184,57,117,110,50,47,17,14,27,211,64,39,52
"ENSG00000069943",52,135,91,77,75,110,97,132,150,90,121,155,101,111,98,119,103,128,95,142,79,122,115,80,63,96,92,148,121,148
"ENSG00000069956",82,161,141,101,105,126,95,96,150,17,124,86,171,79,222,268,44,142,39,146,134,82,124,19,82,100,116,79,130,126
"ENSG00000069966",99,328,101,140,76,197,208,202,297,174,136,164,249,125,357,326,144,227,175,231,160,251,203,129,157,141,159,243,206,262
"ENSG00000069974",70,612,273,127,359,149,350,226,237,67,190,279,204,185,246,143,107,477,270,173,76,74,192,40,58,335,522,182,287,292
"ENSG00000070018",181,108,55,198,62,113,254,5,83,110,17,49,43,115,94,246,22,307,52,145,78,78,43,30,129,52,193,87,126,47
"ENSG00000070047",2098,1453,1231,644,859,1263,1116,1554,1109,1258,1434,1185,1112,1346,1110,1446,803,1223,786,1333,1861,1096,690,836,438,1129,1663,1431,762,892
"ENSG00000070061",86,90,54,53,45,59,71,83,84,47,45,54,56,67,77,86,40,56,46,60,56,50,51,24,31,56,78,55,60,77
"ENSG00000070081",46,273,179,59,59,52,125,146,112,75,107,260,141,66,68,97,70,136,348,64,67,72,77,109,50,198,143,91,185,261
"ENSG00000070087",3,15,8,10,5,20,19,28,9,4,13,14,9,11,7,14,2,15,2,3,27,6,12,10,12,7,46,29,7,6
"ENSG00000070214",151,163,226,61,33,123,411,228,234,109,118,355,160,156,260,278,99,365,79,676,43,211,279,29,54,153,362,175,619,647
"ENSG00000070269",76,188,123,98,85,173,162,113,148,203,95,172,125,106,136,171,64,203,211,135,89,157,125,114,79,172,104,112,197,186
"ENSG00000070366",476,690,391,194,538,320,406,429,397,381,331,460,329,382,445,318,305,783,320,400,360,357,254,303,224,475,591,312,487,355
"ENSG00000070367",141,340,148,180,87,160,141,161,251,63,169,171,149,144,298,288,99,239,140,220,236,167,146,77,129,198,199,142,286,268
"ENSG00000070404",72,126,100,28,165,109,147,104,39,217,53,849,66,213,90,117,111,1000,103,43,122,98,85,62,113,159,147,51,120,43
"ENSG00000070423",577,599,601,213,488,697,538,650,564,477,535,489,849,544,606,677,579,690,406,575,530,561,680,521,191,536,525,714,292,366
"ENSG00000070444",361,139,354,69,146,149,217,200,221,110,339,101,196,197,278,280,161,281,47,364,412,162,136,39,81,238,210,228,97,152
"ENSG00000070495",264,383,394,181,236,473,369,425,332,197,453,337,509,409,460,472,409,336,277,396,338,459,476,168,195,380,292,427,294,360
"ENSG00000070540",166,251,135,104,109,217,244,408,121,88,138,333,256,166,248,165,116,298,157,302,182,181,261,140,97,179,286,271,194,253
"ENSG00000070731",0,8,13,1,4,5,4,13,3,1,9,7,32,13,4,6,11,6,10,1,9,14,8,8,1,10,3,6,2,5
"ENSG00000070759",3,4,16,3,1,5,14,10,2,0,11,10,14,20,21,13,4,14,5,15,16,11,1,4,4,21,5,5,10,7
"ENSG00000070761",416,451,370,264,259,545,434,412,482,228,309,219,525,350,608,581,449,420,370,645,405,262,448,299,121,323,279,737,308,373
"ENSG00000070770",404,813,889,486,472,805,936,762,798,451,751,609,1202,806,1352,1016,739,944,574,1077,699,836,550,801,464,801,577,863,676,769
"ENSG00000070915",6,5,33,0,2,41,38,26,13,83,4,15,0,9,17,6,2,3,39,5,2,186,20,1,2,4,29,77,9,9
"ENSG00000070961",233,758,321,427,232,465,548,237,520,480,338,662,359,276,900,843,133,850,504,527,295,357,280,376,165,682,402,276,569,538
"ENSG00000071051",63,102,97,64,103,85,82,111,85,25,78,73,106,97,126,154,84,128,25,98,77,63,95,42,88,96,110,91,76,76
"ENSG00000071082",4,63,21,13,54,69,74,19,28,19,22,21,31,21,47,50,27,35,34,13,4,35,68,33,37,37,24,5,58,45
"ENSG00000071246",8,17,10,7,12,7,6,2,29,2,9,11,5,11,22,18,8,25,4,16,31,9,8,3,6,4,14,8,3,8
"ENSG00000071537",233,165,200,190,155,157,181,170,227,79,177,108,124,179,439,419,47,311,60,414,195,138,156,36,91,191,283,111,164,163
"ENSG00000071564",3493,1675,3783,509,1921,2240,3091,3204,2316,1493,3975,3060,2004,3309,1618,2226,2641,3228,2086,2436,3582,1963,1504,2537,732,2854,4083,2521,1554,1713
"ENSG00000071626",2744,1792,1471,924,1528,1985,1686,1898,1987,870,2032,1460,1881,1803,1792,1900,2121,1793,1381,2406,2410,1410,1425,1426,463,1303,1712,2892,1065,1395
"ENSG00000071655",1353,2053,1149,739,1080,1745,1291,1817,1723,1257,1024,1330,1664,1497,1334,1637,886,1508,1302,1196,991,1306,964,1104,427,1407,1891,1380,961,1020
"ENSG00000071894",1707,1635,1140,930,858,1316,1280,1464,1169,1270,1089,796,1098,1334,1103,1519,825,1227,1045,1205,997,948,1005,885,431,1272,1700,1475,944,1182
"ENSG00000071994",103,133,82,55,89,125,99,98,115,57,136,70,138,174,107,124,156,124,86,121,109,81,95,59,50,83,119,69,88,80
"ENSG00000072042",175,450,278,208,205,384,344,386,372,152,247,249,269,285,360,443,191,339,235,258,235,453,364,119,191,368,314,398,361,399
"ENSG00000072062",1083,1048,562,340,441,558,643,888,641,403,599,904,781,667,626,560,804,825,684,650,680,734,557,617,205,519,815,1099,643,666
"ENSG00000072071",27,36,58,15,36,31,54,23,27,69,67,31,23,38,35,48,26,55,22,44,61,25,53,19,37,44,66,28,32,32
"ENSG00000072110",567,1105,107,1106,197,683,666,456,1806,269,187,64,348,778,1226,1203,53,649,195,937,39,935,527,125,259,213,24,1647,506,959
"ENSG00000072121",224,378,179,201,196,153,165,215,243,190,102,139,157,195,292,177,88,384,65,221,162,240,136,70,99,188,202,175,209,166
"ENSG00000072401",5,88,14,32,19,43,29,16,53,8,10,33,42,9,56,63,14,36,35,19,9,28,35,3,22,36,37,17,54,51
"ENSG00000072415",73,225,118,164,100,138,128,140,235,97,86,172,147,106,192,237,40,179,109,145,54,142,132,48,82,165,168,132,200,207
"ENSG00000072506",90,475,155,191,161,241,158,239,376,146,69,179,202,197,273,182,112,235,192,172,52,190,191,133,125,283,262,197,228,245
"ENSG00000072518",4,11,13,11,12,9,3,16,7,5,10,4,9,19,15,9,2,10,2,19,7,12,6,5,4,13,13,13,8,8
"ENSG00000072609",344,555,466,276,348,468,404,684,470,558,401,338,477,563,564,567,239,558,211,536,365,484,499,284,214,475,442,369,342,292
"ENSG00000072736",378,700,471,304,235,436,506,695,466,189,443,288,295,414,667,575,297,653,349,753,362,370,184,221,208,490,473,714,554,665
"ENSG00000072778",1817,2761,2198,1228,1663,2323,1680,2910,1878,2326,1756,2745,2662,2495,2519,2045,2344,2616,2452,2015,1085,3267,2950,2133,1074,1960,2445,1925,1909,1785
"ENSG00000072818",2479,2719,2142,1384,1845,2299,2886,3557,2777,3823,3252,2546,2285,3062,2566,2138,2208,2674,3059,3255,2256,3344,1611,3488,1256,2597,2427,3792,2117,2638
"ENSG00000072849",84,469,207,165,113,270,244,247,285,272,127,360,299,192,335,309,119,328,274,205,71,244,291,185,102,281,198,199,298,315
"ENSG00000072864",656,797,713,697,686,801,884,810,871,309,670,632,773,919,1108,1062,491,1021,372,1119,613,664,779,236,386,746,881,686,521,743
"ENSG00000072954",129,173,230,88,181,151,304,70,214,225,306,190,185,315,233,143,156,367,117,149,237,90,170,142,116,327,334,64,273,99
"ENSG00000072958",1105,1439,1085,499,648,1091,1100,1350,903,783,891,935,1348,1179,1029,1087,922,1068,852,1085,892,925,1063,625,382,1016,1094,1115,790,946
"ENSG00000073008",18,13,9,1,5,6,2,0,15,3,8,0,13,9,4,5,3,12,1,5,6,5,12,1,1,1,2,3,7,4
"ENSG00000073050",851,801,592,358,372,695,646,751,518,546,817,549,661,711,551,585,648,597,708,810,752,689,370,595,262,478,579,960,533,630
"ENSG00000073060",2011,1758,2056,1242,1310,2617,2146,1812,2481,3151,1862,1636,2780,1949,2413,2984,2230,2756,1529,2219,3268,2328,2076,2022,1425,1746,1910,1879,1469,1478
"ENSG00000073150",10,5,11,1,3,7,5,18,0,28,28,13,20,6,2,2,10,8,8,3,3,6,13,9,3,1,17,19,8,2
"ENSG00000073169",376,333,237,137,199,350,324,308,262,763,294,251,352,371,212,279,292,357,286,277,179,411,291,339,63,282,325,285,178,226
"ENSG00000073350",11,40,9,29,11,69,38,48,49,32,29,32,48,26,33,42,8,33,35,23,5,37,24,22,1,9,17,123,21,26
"ENSG00000073417",230,263,342,148,167,382,375,206,431,383,241,322,221,250,632,393,140,467,296,401,194,406,294,200,103,309,292,470,360,380
"ENSG00000073536",21,61,73,33,44,47,56,28,65,15,27,22,54,40,82,76,57,62,15,45,19,28,45,12,26,42,79,19,27,39
"ENSG00000073598",8,20,12,13,7,25,19,10,18,8,3,17,22,17,36,25,4,21,5,13,7,14,15,4,6,14,21,15,20,16
"ENSG00000073614",499,771,718,433,419,550,732,612,1134,655,514,872,477,647,939,786,432,899,898,881,579,582,338,966,409,819,621,623,625,721
"ENSG00000073712",9,8,47,3,54,8,20,16,15,15,11,8,17,9,101,122,16,200,4,52,235,6,12,4,47,57,55,133,7,2
"ENSG00000073861",120,838,349,13,169,690,310,2451,458,169,500,724,464,400,290,285,221,255,238,322,24,1003,562,111,111,351,509,1187,380,589
"ENSG00000073921",170,289,336,247,154,306,404,339,397,249,246,290,247,268,454,475,126,410,148,517,163,358,232,98,114,325,228,489,275,372
"ENSG00000074071",1320,1841,1292,603,972,1694,1454,1613,1551,891,1223,1128,1729,1455,1203,1406,1555,1189,1436,1334,881,1419,1391,1338,373,1240,1545,1678,1002,1110
"ENSG00000074201",242,703,545,325,348,630,764,387,705,160,472,403,614,501,776,707,475,719,465,581,199,480,579,359,277,621,467,485,588,620
"ENSG00000074219",13,5,12,7,5,12,18,6,6,34,12,16,18,7,20,28,9,17,17,17,17,20,18,34,11,14,8,22,7,12
"ENSG00000074266",184,831,347,404,223,398,480,392,531,287,257,462,462,301,464,585,145,419,346,375,210,370,364,180,155,384,407,350,567,634
"ENSG00000074319",54,93,113,70,65,92,81,135,121,32,75,54,196,82,159,148,80,151,39,170,63,73,129,32,51,114,84,126,55,73
"ENSG00000074356",418,537,378,318,286,481,450,415,446,525,307,457,385,385,561,531,238,584,385,505,325,406,322,231,225,478,416,455,363,486
"ENSG00000074370",1554,1810,995,1263,905,944,1209,3297,2035,1231,1614,1197,657,1911,1051,947,320,1611,660,2015,538,1169,736,826,437,1293,2752,1531,1402,1801
"ENSG00000074603",81,189,105,136,87,127,151,123,201,102,71,132,117,106,264,192,63,198,115,149,71,93,124,76,81,169,162,112,179,207
"ENSG00000074621",99,144,117,67,82,92,131,115,132,150,78,102,79,89,125,90,60,170,56,134,143,74,44,47,52,99,107,119,142,113
"ENSG00000074657",17,28,24,16,5,22,7,9,14,67,9,14,21,10,44,35,5,25,5,55,4,16,7,5,2,23,13,42,9,16
"ENSG00000074660",152,34,52,61,39,43,79,5,33,41,103,23,134,151,71,57,63,124,10,150,70,54,255,13,71,24,27,2,103,72
"ENSG00000074695",1164,1515,1380,830,794,913,1478,1317,1126,458,1437,1891,1043,1206,1824,2006,627,1361,1141,1792,1604,1135,1006,540,780,1406,1575,1283,1808,2312
"ENSG00000074696",76,198,101,118,80,109,87,114,142,29,64,51,97,60,166,182,31,129,41,102,49,69,115,18,50,131,177,78,117,147
"ENSG00000074842",688,1306,780,473,421,709,703,1693,877,534,815,918,1120,1083,899,1048,1051,899,848,868,556,909,1025,736,344,758,728,727,717,911
"ENSG00000074855",98,69,69,35,46,62,68,88,81,92,75,118,53,66,74,73,55,88,98,70,105,82,41,94,21,58,79,161,72,63
"ENSG00000074935",11,11,8,9,5,7,10,12,14,2,12,13,21,8,27,17,16,15,5,26,18,10,17,5,6,13,7,25,10,14
"ENSG00000075089",3,43,14,17,13,16,15,21,34,4,13,18,29,7,39,51,8,18,9,10,8,21,31,11,18,21,22,7,27,45
"ENSG00000075131",25,143,32,73,37,72,71,31,70,25,25,49,49,25,77,76,24,72,83,39,21,33,57,13,28,49,51,46,92,92
"ENSG00000075188",50,613,225,281,94,448,334,211,374,77,110,243,377,144,432,391,102,238,310,173,48,275,308,181,98,313,242,257,362,587
"ENSG00000075239",50,283,124,109,103,188,205,133,228,46,57,131,146,134,203,231,65,147,106,96,70,110,138,42,59,138,218,109,140,203
"ENSG00000075336",254,459,147,157,126,267,232,240,224,138,143,240,217,159,204,233,134,173,285,191,170,171,218,162,90,208,284,264,217,302
"ENSG00000075399",115,77,52,33,49,36,61,60,52,241,61,76,47,78,68,63,36,104,40,46,51,62,44,63,28,48,70,60,41,45
"ENSG00000075413",668,1040,699,519,562,1010,827,931,783,758,675,806,1027,690,975,916,658,885,761,902,615,905,804,738,331,732,808,924,733,791
"ENSG00000075415",2454,5059,3025,1941,2199,3760,3707,3040,4065,1654,3504,2823,4619,3361,3927,3983,3992,4088,2826,3215,1810,3024,3947,3076,1790,3470,3843,3207,3561,3473
"ENSG00000075426",5,2,32,3,17,14,20,38,2,2,47,13,27,32,4,45,24,7,8,14,23,74,13,3,13,13,6,43,6,20
"ENSG00000075618",107,286,172,82,111,102,43,172,77,48,115,93,208,105,150,190,124,134,29,274,113,145,191,23,62,152,84,166,104,106
"ENSG00000075643",12,48,9,6,3,21,16,30,272,10,5,37,9,10,240,40,4,10,14,19,13,45,6,78,4,4,9,19,22,38
"ENSG00000075702",96,87,38,95,34,41,54,61,56,50,38,37,22,31,54,75,17,67,24,71,54,39,43,20,22,31,140,75,40,92
"ENSG00000075785",73,280,161,120,90,196,205,170,165,37,87,117,193,127,260,267,79,218,82,140,83,124,170,58,101,210,149,109,194,174
"ENSG00000075856",629,1138,881,715,553,786,923,874,930,509,724,732,722,877,1103,1248,492,946,536,1091,702,785,590,655,431,923,1067,807,711,882
"ENSG00000075975",176,306,464,148,223,351,321,303,301,167,331,222,363,373,342,422,211,348,184,282,287,310,405,133,248,442,337,189,300,350
"ENSG00000076043",127,101,48,41,101,57,26,113,140,7,45,99,44,69,56,71,30,85,51,42,68,123,36,15,30,86,49,94,77,61
"ENSG00000076053",10,27,22,12,22,25,35,25,28,3,32,15,18,17,38,32,21,27,13,28,18,18,22,11,21,30,18,12,30,29
"ENSG00000076067",11,80,82,7,15,61,117,30,26,101,72,52,117,40,71,54,61,92,76,116,66,104,48,59,49,86,52,60,84,47
"ENSG00000076108",2754,2833,2719,1958,1731,2400,2889,2971,2375,2846,3397,2834,2654,3112,3410,4248,1562,4044,1790,4364,4014,2910,2224,2713,1358,2262,2919,2823,2371,2630
"ENSG00000076248",322,551,263,302,168,298,366,219,446,97,220,223,290,190,404,340,179,308,315,263,203,167,211,226,96,294,358,329,256,449
"ENSG00000076351",32,63,33,25,22,42,33,49,42,12,25,37,26,35,34,53,9,48,22,25,30,29,19,15,9,41,44,33,28,34
"ENSG00000076382",1023,2092,1294,981,600,1760,1614,1687,1275,617,1130,1315,1106,1132,1249,1704,579,1236,1362,1498,624,1062,976,796,563,1207,2041,1982,1380,2348
"ENSG00000076513",536,498,711,273,280,672,585,723,433,257,911,657,390,622,607,713,380,639,308,608,1002,476,431,375,415,837,595,710,387,552
"ENSG00000076555",19,13,45,34,13,7,23,27,34,5,18,14,10,16,10,12,0,22,14,22,13,15,10,14,3,10,24,42,23,25
"ENSG00000076650",120,202,239,119,116,202,229,152,149,174,157,183,186,159,206,165,124,203,200,182,114,171,142,177,63,210,158,294,136,242
"ENSG00000076662",3129,3437,3161,1743,2177,3550,3222,4952,3940,3986,4468,3283,4769,4536,3253,3289,3986,3581,2965,4377,3216,4803,3503,3204,1771,2856,2808,3243,3056,2471
"ENSG00000076706",197,77,58,62,71,179,193,53,315,14,23,65,49,53,50,401,33,76,26,176,122,172,181,32,11,11,2,317,16,65
"ENSG00000076716",13,372,10,49,3,603,6,415,898,25,89,139,34,381,20,122,72,226,41,12,7,446,25,89,2,5,4,844,25,200
"ENSG00000076826",37,97,305,31,24,149,326,174,230,118,389,60,262,588,205,292,38,175,95,327,124,93,75,93,13,95,77,377,95,88
"ENSG00000076924",940,1243,1587,676,867,1761,1499,1543,1114,1652,1369,1050,2013,1803,1319,1547,946,1022,1157,1726,994,1660,1217,1236,490,1121,1374,1664,879,1030
"ENSG00000076928",544,498,512,300,458,559,500,680,541,891,633,562,551,676,522,584,274,682,267,711,364,571,577,257,251,638,797,497,456,515
"ENSG00000076944",191,103,116,56,61,99,75,156,102,67,160,87,91,150,75,85,100,100,49,162,160,86,65,36,38,93,119,139,84,74
"ENSG00000077009",0,1,8,0,15,76,10,1,0,6,5,2,20,5,3,11,5,2,1,6,48,7,2,1,3,19,1,1,0,1
"ENSG00000077152",159,357,142,107,75,288,218,235,201,74,171,146,219,138,158,269,219,150,290,184,113,128,189,192,69,130,196,403,203,346
"ENSG00000077235",1538,1403,1159,1011,1222,1167,1151,1285,1383,828,1001,989,1199,1248,1386,1637,660,1467,686,1388,1345,1110,908,499,699,1242,1848,1161,968,1131
"ENSG00000077238",11,8,7,4,3,10,6,5,8,8,8,5,3,7,13,15,3,13,4,2,12,9,8,0,6,9,10,1,10,10
"ENSG00000077312",2273,2235,2329,892,1465,2462,2814,2253,1731,1361,2472,2098,2488,2544,1963,2021,3030,2192,2919,2808,1973,2250,1544,3537,789,1998,1960,3807,1428,1879
"ENSG00000077348",494,638,536,248,402,838,468,331,499,242,408,357,908,500,582,644,948,433,523,422,292,489,570,513,218,547,404,486,342,435
"ENSG00000077458",81,186,149,119,79,168,168,96,209,138,94,177,141,114,255,212,77,193,192,187,98,172,157,64,72,223,98,213,202,231
"ENSG00000077463",423,320,219,110,230,352,294,376,294,457,382,341,420,331,220,258,411,341,335,316,444,367,316,441,80,213,219,370,145,163
"ENSG00000077514",216,691,287,221,180,332,339,323,432,183,185,299,287,171,375,394,201,455,319,335,140,225,204,206,143,283,422,444,478,595
"ENSG00000077549",41,781,310,401,167,626,472,403,597,157,122,346,474,251,615,538,82,474,281,237,45,523,448,99,290,503,391,160,533,667
"ENSG00000077684",10,9,7,5,6,3,12,8,11,7,13,6,7,4,9,11,5,13,2,12,6,3,5,1,5,7,10,11,6,3
"ENSG00000077935",0,6,4,0,0,1,11,4,2,12,0,2,12,2,17,13,11,4,22,2,1,12,1,2,2,3,0,6,3,22
"ENSG00000077984",5,13,43,1,4,48,38,69,84,0,66,16,192,2,50,70,95,36,11,23,85,45,84,52,19,4,2,81,1,9
"ENSG00000078043",119,232,133,118,58,168,149,181,188,67,141,124,175,110,267,229,126,187,102,212,63,132,138,90,79,94,191,190,214,210
"ENSG00000078124",55,127,66,74,94,83,88,59,113,75,40,84,54,69,125,100,41,124,104,55,52,70,33,56,37,108,73,87,144,89
"ENSG00000078140",0,10,4,7,0,6,3,7,12,1,0,3,8,1,14,5,2,6,9,5,0,7,8,4,7,11,6,0,14,4
"ENSG00000078142",158,417,256,319,335,233,276,265,547,98,158,285,261,190,647,390,156,347,151,358,158,306,323,77,141,357,359,373,353,414
"ENSG00000078237",192,724,163,326,148,220,119,266,270,133,71,250,313,155,291,217,109,376,216,146,114,263,310,148,134,295,179,143,259,239
"ENSG00000078246",81,132,138,65,88,122,100,177,133,93,151,210,144,116,126,169,151,132,105,137,120,157,108,124,56,134,106,194,97,106
"ENSG00000078304",23,95,86,46,56,84,95,51,64,27,68,79,92,75,75,92,42,86,58,54,29,47,84,42,29,70,84,66,79,97
"ENSG00000078401",43,126,22,18,15,118,142,117,46,127,108,342,101,103,34,89,58,83,113,46,28,181,135,120,12,28,22,40,199,101
"ENSG00000078589",55,153,283,120,70,188,225,188,140,35,152,176,203,113,216,256,94,369,94,200,101,178,199,46,57,215,188,122,225,156
"ENSG00000078687",131,221,117,128,50,134,182,23,94,284,54,88,170,88,216,222,96,250,178,233,115,109,84,112,22,79,113,196,83,111
"ENSG00000078900",576,582,216,54,36,361,245,1032,89,52,544,280,207,266,101,252,252,280,181,298,238,374,132,109,81,241,863,666,75,326
"ENSG00000078902",206,246,359,113,210,270,260,409,239,151,299,173,379,424,266,372,245,288,137,256,264,282,262,118,120,362,271,226,169,156
"ENSG00000079134",176,323,233,162,172,291,239,177,289,244,125,288,330,151,364,265,162,262,368,286,138,259,208,148,107,326,206,430,234,275
"ENSG00000079257",10,43,13,24,13,24,24,15,25,10,3,25,41,13,28,25,18,27,47,24,7,11,37,17,11,25,26,18,38,39
"ENSG00000079313",1760,1058,1066,464,741,1081,949,1469,975,1332,1232,882,1168,1282,913,1116,1025,1116,646,1145,1565,1012,811,809,290,851,1085,1504,515,642
"ENSG00000079387",222,478,294,316,187,350,352,332,339,123,206,332,315,248,564,540,179,420,238,374,221,243,312,170,171,316,358,330,348,431
"ENSG00000079432",2212,1497,1096,532,829,997,1068,1948,916,1315,1694,1087,1026,1709,885,1173,833,1669,718,1436,1722,1408,713,717,318,1127,1524,1309,783,800
"ENSG00000079435",171,222,216,81,136,205,223,237,341,165,208,222,206,229,225,205,140,244,208,182,113,213,135,179,32,184,275,230,152,167
"ENSG00000079459",1202,3205,2117,1031,1019,2614,2534,1801,2262,720,1586,1520,2611,2190,2296,2790,1690,2235,1958,1211,1838,2037,2194,1726,918,2314,1815,1878,2634,2607
"ENSG00000079462",142,259,235,155,172,310,297,293,331,206,137,202,224,231,199,242,176,230,345,173,151,229,203,231,55,271,262,263,135,191
"ENSG00000079616",103,162,105,74,66,152,121,140,158,55,69,71,94,108,116,157,42,128,63,130,81,89,81,36,51,100,197,143,108,155
"ENSG00000079805",2716,2035,2084,1259,1181,1685,1830,2393,1528,2093,1971,1545,1682,2218,1861,1949,1450,2074,951,2554,3393,1643,1310,1171,889,1774,2167,2222,1243,1767
"ENSG00000079950",64,130,87,50,51,109,78,101,90,37,64,57,62,105,164,151,47,73,37,144,127,78,80,29,42,106,51,126,67,78
"ENSG00000079999",827,1587,1087,663,611,1245,987,1148,1261,436,613,697,1379,1108,1219,1259,632,1147,614,1024,579,876,925,446,460,1115,1319,822,774,940
"ENSG00000080371",288,830,572,273,424,665,525,475,588,166,451,579,851,398,771,1056,467,575,365,510,282,529,607,207,393,678,371,404,599,521
"ENSG00000080815",17,107,83,61,48,56,75,72,79,46,69,68,78,72,144,135,32,108,15,87,40,65,68,14,45,90,75,36,69,71
"ENSG00000080824",4,112,28,53,41,98,14,14,54,9,5,22,52,15,69,68,14,15,30,5,3,40,61,3,30,27,38,8,41,65
"ENSG00000080839",161,259,131,147,113,160,151,139,207,61,59,113,88,91,219,243,36,218,108,183,121,69,100,61,59,164,247,206,170,251
"ENSG00000080854",14,3,5,3,11,3,13,1,9,2,1,4,14,3,10,17,27,16,4,6,74,4,10,3,30,8,34,13,0,2
"ENSG00000080986",112,615,212,273,126,379,352,281,442,97,143,378,241,161,450,310,120,329,499,273,61,177,210,189,122,261,321,396,453,694
"ENSG00000081014",136,354,136,261,133,209,168,160,268,161,78,187,191,97,362,297,77,227,148,214,148,148,123,73,115,243,172,153,216,297
"ENSG00000081019",110,252,280,145,163,198,233,172,204,255,237,202,220,189,318,319,228,239,269,254,239,266,135,314,143,275,204,202,214,301
"ENSG00000081052",35,61,138,155,63,54,160,251,158,69,225,191,79,102,32,116,12,113,118,79,179,42,20,77,12,189,210,139,16,120
"ENSG00000081154",2,11,6,5,5,9,2,8,14,1,0,4,10,2,12,6,3,10,8,2,2,12,13,1,4,11,3,13,13,19
"ENSG00000081181",29,60,51,32,39,46,192,65,80,23,40,61,51,27,76,79,30,88,39,45,95,56,56,28,17,122,40,106,71,91
"ENSG00000081320",19,11,18,1,11,7,8,25,2,3,34,8,6,12,7,5,15,15,6,23,4,6,12,3,8,8,27,14,11,15
"ENSG00000081665",4,32,14,34,12,36,34,18,21,35,12,45,47,38,54,54,1,51,42,30,5,21,39,13,23,34,18,23,39,36
"ENSG00000081760",79,77,46,43,56,54,84,99,107,36,99,36,88,68,94,120,36,105,23,96,81,41,51,32,17,49,112,47,46,54
"ENSG00000081913",0,10,17,11,3,11,15,3,15,1,3,5,10,2,19,9,0,9,2,15,3,1,6,0,8,5,15,6,13,12
"ENSG00000081923",9,56,6,24,7,17,26,12,26,48,18,36,13,19,96,20,3,55,34,30,1,34,5,7,3,14,13,33,34,34
"ENSG00000082212",592,941,482,352,363,498,509,609,577,152,500,422,523,416,634,722,480,513,447,641,563,353,445,222,362,552,587,688,571,774
"ENSG00000082397",8,32,0,5,1,6,0,16,71,5,0,0,30,14,24,0,0,51,2,7,0,40,3,2,1,0,1,238,4,14
"ENSG00000082515",196,348,222,130,148,317,313,221,250,200,195,267,361,248,219,251,392,232,443,245,144,294,233,506,85,168,167,535,195,237
"ENSG00000082641",3192,3467,4303,2495,3394,4181,3412,3644,4387,2020,3547,2637,4483,4381,7308,6142,2864,5607,1695,6180,5039,3164,3424,1409,2290,4031,3347,2797,2263,2131
"ENSG00000082701",38,34,11,12,10,19,17,21,16,24,17,13,30,16,31,27,28,12,43,9,46,30,24,24,17,26,25,26,9,19
"ENSG00000082805",68,114,65,37,11,65,51,153,113,9,37,46,49,44,74,212,44,74,56,68,169,42,18,43,12,39,113,181,45,51
"ENSG00000083093",179,318,220,152,165,275,244,186,231,109,120,226,268,194,317,327,128,295,153,252,160,147,182,77,102,261,218,253,172,267
"ENSG00000083290",11,79,219,63,38,92,20,8,52,25,62,90,108,128,172,118,23,53,35,72,113,80,18,116,62,77,112,43,30,42
"ENSG00000083454",52,67,232,26,3,209,244,37,39,285,118,56,298,108,304,226,59,205,82,126,36,33,212,58,52,60,113,168,140,151
"ENSG00000083457",20,62,63,33,21,106,78,26,53,102,23,62,117,53,72,64,16,63,123,39,7,45,71,41,21,63,59,48,97,113
"ENSG00000083635",40,39,17,16,27,40,44,30,49,10,31,30,47,46,33,30,37,35,28,33,33,27,24,16,8,31,24,36,22,22
"ENSG00000083799",681,2264,1168,992,1226,1439,1005,952,1459,722,589,1363,1919,797,2403,2034,506,2251,680,1069,884,1367,1321,347,988,1752,1298,601,1353,1282
"ENSG00000083807",64,180,315,68,107,220,267,165,102,71,144,128,327,163,164,141,234,146,169,155,124,204,211,150,59,217,143,160,157,169
"ENSG00000083812",117,217,179,87,121,169,176,153,158,179,93,147,173,186,167,182,112,250,106,145,130,137,120,110,63,166,156,140,107,104
"ENSG00000083814",76,141,140,90,76,116,109,115,121,139,84,119,96,153,112,153,63,173,83,129,65,118,70,38,52,162,145,123,118,106
"ENSG00000083817",13,36,65,33,15,46,58,35,44,16,9,21,51,41,68,65,11,52,16,37,12,37,34,15,21,52,36,31,37,20
"ENSG00000083828",44,80,96,53,44,89,92,87,84,59,82,76,73,98,100,86,61,111,43,114,63,68,88,20,49,114,88,78,78,93
"ENSG00000083838",87,142,129,65,76,137,150,138,153,265,130,153,170,158,147,109,113,169,106,142,103,149,105,99,60,142,148,120,130,104
"ENSG00000083844",106,277,289,118,144,247,274,273,210,279,206,352,302,260,355,306,148,346,278,287,147,210,184,139,99,369,170,249,260,269
"ENSG00000083845",438,2608,2490,1130,1231,2155,2521,1108,2051,847,1285,987,3426,1372,2464,2520,1774,2947,1144,1515,678,1807,3077,1478,1602,2838,1175,858,1974,1756
"ENSG00000083937",0,11,7,8,2,12,8,3,17,0,0,10,12,7,12,24,4,4,7,1,0,6,13,2,6,12,7,4,12,12
"ENSG00000084070",35,158,190,53,102,118,136,130,168,34,114,148,134,114,152,139,98,234,43,133,73,139,163,35,100,205,134,79,158,142
"ENSG00000084092",491,671,1047,345,528,962,1214,764,898,280,925,659,1094,1043,1101,1025,861,982,609,1109,689,746,870,491,386,860,743,1010,744,788
"ENSG00000084112",218,178,146,130,149,146,160,161,117,69,185,108,153,207,223,277,81,232,59,213,438,164,165,68,119,86,244,115,96,118
"ENSG00000084234",99,144,173,107,158,119,117,47,235,83,146,96,169,136,126,187,204,141,94,116,79,80,122,47,69,266,330,164,88,87
"ENSG00000084444",5,4,10,13,12,8,13,20,16,11,8,3,10,23,11,44,6,12,2,37,6,35,5,1,12,16,10,20,10,23
"ENSG00000084463",814,802,782,364,519,625,655,668,575,270,867,605,717,630,639,815,874,718,416,925,825,529,493,553,285,552,546,1204,442,607
"ENSG00000084623",125,251,248,127,149,243,250,233,194,81,145,103,257,246,272,210,175,293,100,197,82,226,220,94,93,254,219,153,163,158
"ENSG00000084652",105,109,73,52,90,78,72,105,112,34,77,92,69,96,114,112,54,137,44,118,106,66,49,24,31,94,117,76,82,78
"ENSG00000084710",8,8,9,1,3,4,1,13,1,4,45,55,16,11,3,4,1,0,11,1,401,1,0,21,0,60,15,2,2,2
"ENSG00000084733",140,284,230,172,149,254,206,221,244,66,166,196,281,193,366,309,173,318,221,307,159,198,232,124,115,197,169,248,204,244
"ENSG00000085063",700,2614,1070,835,1166,1616,1115,1360,1646,519,783,1368,1826,931,1870,1720,850,1442,1379,1161,723,1665,1734,1030,857,1423,1106,997,1803,1841
"ENSG00000085117",2568,3761,2571,2546,2212,3971,2604,3912,4190,3711,3529,1989,4150,3525,4217,6060,3826,4778,1748,4228,3572,4798,3780,1670,1806,2138,2060,2816,2698,1949
"ENSG00000085274",58,162,152,111,113,152,155,98,156,74,115,134,148,126,241,207,66,182,69,163,72,147,120,35,100,220,129,123,144,220
"ENSG00000085377",8,27,11,13,5,17,8,15,17,1,6,6,11,8,12,14,16,15,9,12,1,19,8,3,3,9,21,8,12,13
"ENSG00000085415",237,649,370,251,237,513,421,277,568,123,219,245,672,265,648,719,205,483,302,395,308,241,484,114,182,422,378,353,354,482
"ENSG00000085433",76,192,97,101,59,107,65,97,102,59,63,68,167,97,174,209,43,117,65,106,83,105,131,29,60,108,99,111,132,139
"ENSG00000085491",1,11,8,1,0,19,0,6,5,2,2,2,3,3,0,11,1,1,0,5,1,1,2,0,0,3,0,10,0,10
"ENSG00000085511",5,4,6,10,2,8,9,2,5,2,7,4,4,5,11,24,1,12,3,7,2,5,4,1,2,4,21,1,5,7
"ENSG00000085514",11,11,12,5,3,13,6,1,13,30,10,3,23,18,33,26,6,18,5,18,66,17,11,4,8,11,3,19,19,2
"ENSG00000085644",259,167,220,96,167,225,180,242,178,211,219,179,304,225,279,190,254,243,130,190,209,170,190,183,58,199,252,265,128,154
"ENSG00000085741",4,23,29,12,2,60,13,99,8,58,38,13,101,106,30,88,53,16,17,9,17,114,32,17,8,8,3,26,6,5
"ENSG00000085840",154,234,124,131,77,153,174,213,169,65,86,102,85,124,136,142,47,122,101,191,72,84,56,58,53,115,213,224,135,267
"ENSG00000085871",11,5,8,8,3,5,6,2,8,5,13,8,9,5,7,4,9,6,15,24,0,5,11,7,1,3,10,6,8,10
"ENSG00000085872",2977,1499,1803,670,1160,1611,1394,1584,1361,1026,1926,1215,1663,1592,1572,1716,1601,1650,892,1975,2598,1228,1012,1011,429,1302,1610,2229,699,888
"ENSG00000086061",133,337,177,139,157,312,135,181,202,73,91,161,293,153,234,248,114,168,158,120,80,161,260,64,56,201,155,207,143,127
"ENSG00000086062",1549,2776,3351,833,1710,1825,1606,3018,3609,1693,2764,2660,1993,1704,2936,2320,1340,3851,1517,5097,2115,2684,1121,1742,1734,3177,3063,2314,2050,3633
"ENSG00000086065",3,42,24,12,9,36,12,13,27,7,8,29,11,6,23,24,5,14,22,8,4,25,34,7,11,29,9,5,34,49
"ENSG00000086289",0,20,0,5,1,15,3,5,14,1,4,1,11,3,13,25,1,3,2,9,1,12,15,2,2,1,0,4,7,14
"ENSG00000086544",111,245,224,101,128,244,204,303,177,93,207,163,282,242,225,312,166,290,169,188,137,237,219,95,74,197,194,160,113,141
"ENSG00000086598",391,1594,931,635,498,850,1162,1011,922,322,671,1337,1040,699,1240,1260,445,961,926,794,329,696,909,487,485,1267,886,772,1233,1534
"ENSG00000086666",43,135,75,18,69,79,98,55,115,19,81,82,58,73,55,79,50,99,68,43,42,51,53,30,36,131,115,37,72,97
"ENSG00000086712",86,82,88,44,72,85,111,67,86,40,76,71,95,72,123,178,88,160,61,110,157,63,74,67,39,86,110,89,78,71
"ENSG00000086827",112,424,171,231,179,245,205,180,364,101,83,186,197,112,295,321,84,305,152,188,67,139,141,50,86,267,270,215,245,315
"ENSG00000086967",74,57,86,18,4,26,126,5,60,56,26,236,22,50,91,132,4,68,190,367,132,113,30,43,10,77,21,174,52,73
"ENSG00000087074",1741,1663,3818,934,2925,3582,3609,2387,2430,3596,3826,2686,3908,4756,4768,4205,4511,2715,2578,3499,4467,4950,3865,2157,2220,3834,1736,2741,1459,1918
"ENSG00000087076",21,33,102,9,48,135,89,50,23,54,54,57,207,171,148,130,199,41,53,41,237,198,102,39,68,136,21,59,20,26
"ENSG00000087086",567,1555,1601,814,1222,1724,1552,1709,1479,1141,1798,1459,2557,2129,1338,1357,3377,1661,1449,1134,632,2333,1731,1680,846,1442,1087,1110,1072,1357
"ENSG00000087088",99,372,160,196,107,218,165,249,213,146,111,145,316,187,222,207,159,235,191,125,35,264,292,168,95,204,170,101,251,193
"ENSG00000087095",86,169,181,94,76,141,169,144,118,115,145,189,167,151,233,193,77,165,157,180,140,152,128,59,74,208,131,98,196,196
"ENSG00000087152",678,1289,694,554,527,816,765,1058,847,599,648,893,999,910,917,875,474,1051,588,792,576,841,839,433,341,854,846,672,695,697
"ENSG00000087157",81,108,107,65,88,114,119,89,92,109,119,78,118,126,127,138,85,150,79,132,45,131,130,121,83,124,130,87,108,91
"ENSG00000087191",1238,2253,904,910,881,1214,926,1441,1437,1141,662,995,1281,947,1251,1009,1029,1138,1184,1191,692,1198,1083,1040,531,1223,1297,1540,1101,1283
"ENSG00000087237",22,48,103,27,13,123,46,27,40,72,36,34,355,45,109,144,142,72,87,59,84,68,277,54,103,49,23,108,109,63
"ENSG00000087263",289,817,310,350,295,422,398,408,492,218,213,378,496,270,594,455,258,520,333,391,208,338,379,221,208,455,426,455,392,425
"ENSG00000087269",289,242,173,108,222,292,184,180,203,167,218,173,195,227,187,216,245,248,156,211,248,194,163,151,88,194,216,211,118,133
"ENSG00000087299",27,107,66,63,42,79,50,45,117,24,29,38,76,33,93,132,14,83,39,42,14,50,47,11,35,58,77,37,71,84
"ENSG00000087301",32,87,65,67,21,68,75,47,81,57,77,62,70,39,103,118,20,70,71,76,44,68,66,32,33,56,85,84,117,108
"ENSG00000087302",1269,1016,771,514,720,829,931,888,826,669,1037,896,1131,968,908,747,1853,753,1134,1162,1215,843,891,1177,390,871,774,1339,756,857
"ENSG00000087365",3265,4797,3585,2255,2802,4280,4219,4469,3598,2291,3116,3645,4199,4467,3812,4125,3077,3935,3457,4209,3331,3403,2704,2803,1405,3435,4219,5010,2812,3729
"ENSG00000087448",164,270,178,199,127,285,264,142,258,225,108,134,221,132,303,299,101,245,159,140,147,223,224,145,74,214,220,152,183,166
"ENSG00000087470",30,147,63,76,74,104,91,95,80,65,45,134,108,40,147,112,63,112,111,83,42,80,76,88,68,147,74,113,124,131
"ENSG00000087502",109,286,117,145,72,188,229,136,204,60,104,173,187,117,256,248,127,197,193,139,102,167,152,159,101,166,118,145,206,318
"ENSG00000087586",31,35,16,14,7,25,15,18,16,3,14,21,16,12,24,31,6,16,10,22,15,11,18,6,7,29,28,25,25,38
"ENSG00000087884",28,56,27,53,18,45,60,40,69,49,21,45,54,31,66,47,45,25,69,40,31,45,45,28,18,27,20,54,57,53
"ENSG00000087903",185,102,117,80,20,193,188,161,111,136,131,95,193,140,121,199,136,70,225,182,149,121,124,85,32,47,55,209,140,158
"ENSG00000087995",13,26,22,19,9,41,27,27,20,13,10,28,31,18,39,34,15,21,27,17,10,29,23,9,18,28,31,17,21,45
"ENSG00000088247",771,1111,664,570,516,928,897,802,638,223,643,497,653,671,922,1066,274,896,275,896,578,498,613,236,312,758,1121,846,565,817
"ENSG00000088256",57,70,67,20,37,52,59,50,80,17,50,20,74,68,86,109,42,44,40,72,62,46,58,12,22,46,61,63,40,39
"ENSG00000088298",202,384,368,207,224,307,379,704,374,268,318,474,363,430,307,302,240,337,397,412,208,496,299,306,119,336,306,324,368,376
"ENSG00000088325",1958,2615,1669,1428,1046,2176,2431,1734,2376,501,1483,1705,1473,1538,2191,2094,1116,2014,1759,2541,1696,1230,1121,1225,663,1570,2166,3419,2077,3302
"ENSG00000088356",163,474,272,194,166,447,292,233,369,163,143,236,442,280,357,418,254,313,229,189,113,279,432,156,140,317,288,191,252,265
"ENSG00000088451",8,12,17,11,11,15,5,19,16,4,5,8,13,5,15,17,7,25,5,22,3,7,11,3,7,17,5,26,19,21
"ENSG00000088538",4,2,5,1,5,3,6,4,0,9,7,8,14,6,6,1,5,6,10,6,1,7,3,9,5,9,10,10,10,6
"ENSG00000088682",169,171,147,109,141,156,161,149,172,69,107,119,173,144,175,178,119,169,78,146,138,154,134,67,85,184,206,139,124,121
"ENSG00000088766",9,45,15,17,11,36,36,21,55,12,17,21,45,21,41,36,23,14,44,7,4,32,49,15,24,26,13,18,32,61
"ENSG00000088808",119,57,51,33,53,30,54,108,50,62,62,62,43,46,80,69,38,114,30,84,37,58,58,10,43,52,105,68,48,30
"ENSG00000088812",84,116,102,90,86,70,83,107,153,92,56,83,100,104,175,234,39,159,46,100,65,97,81,29,66,138,202,92,98,129
"ENSG00000088876",1,5,8,1,2,5,8,6,8,7,2,5,11,11,12,7,8,8,3,8,4,4,6,2,2,6,1,12,4,12
"ENSG00000088882",462,223,104,246,21,246,515,563,75,792,190,80,210,649,242,278,72,291,231,470,13,311,180,154,17,60,24,35,245,409
"ENSG00000088888",77,15,41,29,33,16,41,37,30,23,41,16,33,35,49,39,9,58,8,62,59,12,13,13,10,26,52,33,27,21
"ENSG00000088899",17,15,26,6,22,20,34,37,25,45,55,52,37,62,16,25,40,84,32,15,31,38,23,18,13,42,6,28,28,11
"ENSG00000088930",24,62,40,18,22,28,33,20,54,9,55,14,32,18,69,104,26,53,7,69,16,20,36,17,22,43,48,21,24,31
"ENSG00000088986",20,138,35,49,62,64,46,38,79,25,13,64,86,47,88,65,10,64,79,32,12,58,99,17,32,88,48,33,60,93
"ENSG00000088992",24,67,90,6,158,169,47,78,58,8,87,78,66,109,41,65,134,60,37,39,215,64,101,59,32,97,43,103,16,31
"ENSG00000089009",27,46,20,27,83,29,32,27,48,24,17,53,31,34,31,20,49,34,40,22,20,29,70,20,44,46,29,44,34,40
"ENSG00000089022",310,376,298,240,288,422,354,287,395,246,275,329,442,365,471,413,262,413,263,391,288,305,424,190,141,388,363,384,290,358
"ENSG00000089041",8,13,29,13,7,11,50,29,9,18,26,8,16,40,68,58,15,11,15,34,15,34,29,6,21,36,11,13,26,39
"ENSG00000089048",210,489,241,217,248,401,371,170,335,249,183,458,363,213,412,407,422,362,725,247,174,340,143,386,160,392,207,392,311,318
"ENSG00000089050",21,59,21,47,11,36,36,26,42,10,19,17,27,23,59,67,12,40,10,34,11,32,42,7,23,27,40,15,40,48
"ENSG00000089053",814,1484,800,795,816,1399,1191,1229,1344,1718,774,1193,1396,1108,1142,1171,759,1274,1196,1017,572,1089,1079,1179,472,1150,1081,1079,1022,1417
"ENSG00000089057",12,5,73,2,12,2,15,1,1,1,7,5,7,11,6,9,6,21,0,9,169,2,6,0,10,44,33,14,6,8
"ENSG00000089060",76,100,87,61,73,118,110,104,123,166,61,129,102,106,80,78,39,130,75,60,55,100,104,94,29,95,108,89,85,92
"ENSG00000089094",424,367,412,203,264,371,395,322,280,359,561,237,347,540,574,776,198,653,145,494,592,444,497,159,361,373,479,183,281,252
"ENSG00000089127",911,2218,2205,1221,477,2678,2336,2090,1513,702,1456,1295,2966,2682,2630,2568,936,1732,1197,2227,1677,2306,1508,1240,909,1637,529,1656,1958,2078
"ENSG00000089154",3028,3849,2802,2872,2266,3349,2197,2887,3369,2515,2791,2642,2748,2949,4959,4644,1354,3274,1777,3566,2629,2829,2200,1821,2267,3364,5174,2295,2542,3375
"ENSG00000089157",619,599,626,320,868,631,843,495,554,273,611,375,512,959,626,568,569,492,226,679,815,534,881,242,443,710,768,540,599,593
"ENSG00000089159",35,27,28,14,10,49,31,31,63,18,76,27,39,46,44,35,26,35,21,50,39,20,17,13,14,30,22,74,14,22
"ENSG00000089163",3,9,12,3,3,7,9,10,7,3,14,8,13,11,7,9,1,11,8,6,7,17,16,7,4,6,10,5,6,8
"ENSG00000089177",7,20,6,3,8,11,23,11,17,12,8,15,21,13,17,8,5,6,14,25,5,12,2,21,1,8,6,12,11,4
"ENSG00000089195",97,157,116,71,97,167,133,117,137,87,55,100,148,103,162,143,94,148,93,102,67,103,123,73,35,120,122,136,92,104
"ENSG00000089220",80,230,96,72,114,189,129,132,182,106,104,117,134,167,120,147,106,141,82,87,56,125,158,134,47,140,229,62,94,95
"ENSG00000089234",245,543,429,227,276,431,335,375,404,229,223,353,513,329,457,422,242,426,322,394,260,332,357,294,193,474,336,386,320,367
"ENSG00000089248",36,102,146,61,73,132,112,191,224,56,119,94,121,120,120,100,75,147,65,104,36,92,126,104,24,149,98,72,63,79
"ENSG00000089289",55,353,396,198,176,402,411,229,424,215,194,388,532,335,412,406,245,368,399,247,83,387,400,231,220,440,203,202,348,408
"ENSG00000089486",251,163,97,40,20,127,73,116,201,24,91,69,184,48,207,262,78,200,40,119,30,90,103,62,26,58,156,72,64,123
"ENSG00000089558",10,23,18,13,12,87,14,12,30,10,9,13,22,30,10,70,17,30,9,3,18,26,3,8,9,7,9,5,9,8
"ENSG00000089597",1876,2755,2278,2267,1348,2413,2379,2553,2891,1369,2027,2167,1800,2261,3220,3005,1157,2958,1581,3454,1678,2084,1729,1154,1126,2367,3203,2532,2193,3056
"ENSG00000089639",2659,2051,1285,845,1396,1315,1642,2301,1271,1745,2106,1579,1193,2306,941,1230,1508,2317,1039,1401,1743,1573,960,1056,720,1691,1890,1307,997,942
"ENSG00000089685",491,193,162,72,133,172,254,225,197,49,352,96,139,217,115,182,263,188,120,313,301,73,92,82,33,107,392,321,95,145
"ENSG00000089692",171,370,181,50,86,946,606,707,75,113,1312,227,1004,480,356,567,139,161,293,775,1044,1451,547,852,43,116,22,1107,106,545
"ENSG00000089693",1482,2238,1330,594,977,1851,1463,1839,1322,1103,1704,1800,1961,2007,1341,1566,1860,1668,1936,1344,1331,1715,1546,2038,511,1414,1655,1956,1121,1335
"ENSG00000089723",11,20,13,16,7,5,10,14,16,13,2,12,21,20,11,11,23,20,13,5,11,12,8,4,15,7,8,8,13,14
"ENSG00000089737",1070,2092,1343,917,1007,1544,1387,1604,1440,1342,1024,1427,1812,1525,1467,1474,1464,1518,1373,1304,901,1563,1130,1172,728,1492,1247,1788,1266,1488
"ENSG00000089775",74,140,354,75,106,205,289,248,90,200,283,305,213,301,184,211,151,195,295,164,122,406,194,112,98,321,148,270,213,287
"ENSG00000089818",37,118,109,54,52,91,80,72,65,71,62,118,87,56,83,85,53,104,74,73,28,83,71,44,41,80,54,80,93,101
"ENSG00000089847",70,25,60,7,32,37,60,36,23,34,48,47,41,60,17,23,98,39,67,37,103,71,27,47,14,23,38,36,35,18
"ENSG00000089902",188,304,382,195,168,322,323,236,280,146,206,293,274,293,477,441,183,356,214,472,267,353,258,108,236,442,266,299,312,457
"ENSG00000089916",58,120,162,108,90,138,141,95,125,104,103,143,138,119,231,257,151,190,72,159,71,125,154,42,180,212,277,82,131,168
"ENSG00000090006",29,33,61,11,13,65,75,80,64,65,73,61,46,34,24,78,17,66,38,43,39,49,55,26,8,19,35,43,46,56
"ENSG00000090013",216,530,460,184,241,632,595,554,335,371,454,283,681,540,335,457,399,374,763,468,245,573,458,530,174,436,273,580,380,437
"ENSG00000090060",414,1334,849,841,464,1093,900,920,1169,342,411,1036,1031,602,1332,1321,313,978,788,917,426,675,725,323,327,1125,954,1069,1040,1435
"ENSG00000090061",1132,753,609,345,351,612,553,682,447,223,599,566,708,614,574,580,643,566,350,719,1152,494,476,354,217,587,513,1025,470,603
"ENSG00000090104",104,204,1414,316,646,1392,1964,695,280,456,1114,196,914,2321,1538,1052,778,680,457,1599,149,1302,1096,98,496,928,160,1238,341,466
"ENSG00000090238",256,199,596,74,421,427,476,747,336,918,925,882,561,1015,203,301,772,568,526,457,496,661,463,726,102,390,263,573,295,231
"ENSG00000090339",86,97,83,46,78,160,88,91,55,75,98,75,104,148,99,203,76,93,47,67,79,142,122,29,68,91,89,59,66,59
"ENSG00000090372",223,293,210,194,191,324,263,273,319,144,267,190,268,271,371,460,133,314,103,259,216,216,312,100,130,236,297,190,197,216
"ENSG00000090376",102,231,106,208,124,141,172,58,561,189,146,54,283,82,465,401,49,308,143,287,30,149,66,182,48,49,118,195,501,180
"ENSG00000090432",370,423,405,242,324,455,249,352,468,194,243,254,507,338,444,530,320,489,159,380,388,275,427,113,178,387,406,338,295,284
"ENSG00000090447",379,321,411,137,241,442,466,211,362,215,335,202,493,361,424,398,464,320,287,477,522,276,284,341,91,279,280,472,187,277
"ENSG00000090470",261,341,380,141,237,412,413,321,342,261,293,401,334,302,381,390,481,380,532,340,330,319,218,403,105,382,229,417,249,336
"ENSG00000090487",220,1011,946,518,473,1060,831,704,865,309,493,786,1225,683,1138,1015,511,843,713,661,259,981,886,387,522,912,561,559,942,1009
"ENSG00000090554",91,70,56,39,43,82,69,88,63,61,71,72,106,89,55,57,107,76,81,89,140,95,73,55,14,36,45,100,58,43
"ENSG00000090581",220,312,298,175,286,308,253,343,302,606,257,356,457,404,231,293,429,301,308,349,289,410,330,314,116,354,229,395,216,197
"ENSG00000090615",1079,1017,954,710,763,848,748,1226,975,609,1317,1074,753,1141,982,991,378,1218,475,1287,948,748,490,384,397,960,1124,771,557,668
"ENSG00000090659",0,4,11,6,5,7,22,13,6,12,6,8,12,4,9,14,15,12,20,15,5,4,6,15,2,14,7,9,7,6
"ENSG00000090661",431,443,452,258,358,577,467,400,485,574,508,293,594,431,461,569,475,584,366,477,631,630,569,402,291,447,354,325,304,316
"ENSG00000090674",110,124,118,69,102,110,93,133,103,214,66,105,135,120,105,120,114,126,79,108,134,110,90,78,48,121,116,100,76,75
"ENSG00000090776",54,40,44,22,42,56,38,64,40,58,8,28,84,36,39,65,45,53,14,26,46,29,72,6,0,24,52,40,21,31
"ENSG00000090857",59,41,102,96,69,92,89,102,69,52,74,38,69,74,112,86,37,44,33,72,112,80,46,7,41,92,116,91,33,58
"ENSG00000090861",2114,4880,4939,2296,3304,5124,4250,4153,5279,1205,3212,3121,5898,5036,6363,6452,3234,4957,2480,5555,2892,3653,3892,1929,2487,4065,3673,4275,3087,3694
"ENSG00000090863",694,968,1717,730,860,1132,1290,1100,1298,599,1084,1149,1350,1320,2041,1721,592,1525,822,1992,719,1289,889,481,573,1459,1280,1028,1194,1537
"ENSG00000090889",5,18,6,8,3,6,6,6,15,1,5,2,3,0,15,15,1,13,4,11,4,1,2,2,3,6,14,4,5,21
"ENSG00000090932",4,11,21,5,10,13,15,8,11,6,9,5,35,28,12,40,11,29,13,1,32,22,10,3,10,21,4,7,2,3
"ENSG00000090971",87,242,139,86,104,204,161,119,220,186,103,119,259,191,233,210,167,183,153,114,59,228,228,125,45,124,160,152,109,132
"ENSG00000091039",81,265,174,246,113,164,164,119,324,42,149,135,155,90,427,351,56,226,90,224,101,100,139,68,140,192,186,158,212,284
"ENSG00000091157",243,449,142,234,132,134,155,230,256,67,157,156,165,170,224,237,119,248,117,190,181,188,115,60,120,191,274,177,243,284
"ENSG00000091164",497,1148,821,478,518,913,995,758,891,312,657,973,1145,659,1308,1067,710,888,931,864,591,839,915,413,347,996,634,936,900,951
"ENSG00000091317",5,18,6,7,5,7,3,6,14,2,8,14,7,7,14,13,6,3,0,12,5,5,8,0,3,8,8,10,18,9
"ENSG00000091436",0,22,5,19,1,8,8,10,17,0,0,7,9,2,19,22,1,17,3,4,5,1,12,1,9,14,5,1,12,14
"ENSG00000091527",43,186,133,85,89,83,102,157,123,24,87,140,126,79,171,147,63,109,72,189,75,84,112,40,61,139,68,157,141,135
"ENSG00000091542",224,327,538,118,218,377,339,518,310,75,454,318,449,407,379,433,374,354,183,423,337,356,281,158,199,456,328,359,307,363
"ENSG00000091592",414,394,730,278,196,532,1146,1006,317,1293,1009,1141,537,884,579,520,215,838,596,850,439,1120,735,480,134,554,469,662,553,755
"ENSG00000091622",10,11,3,3,4,7,5,13,4,23,8,11,8,10,10,12,11,8,10,11,10,12,9,8,6,7,24,10,18,17
"ENSG00000091640",541,964,870,364,535,977,862,849,674,650,604,725,1081,676,883,1001,1034,926,898,739,568,999,905,931,365,795,550,924,598,584
"ENSG00000091651",290,469,267,177,163,300,306,208,306,130,196,232,241,199,243,246,167,389,307,186,164,184,219,168,84,281,458,303,276,314
"ENSG00000091947",226,585,547,255,290,516,591,515,635,250,375,435,658,551,656,597,417,488,368,416,288,530,538,268,324,567,411,321,502,458
"ENSG00000091972",191,163,99,38,50,103,257,73,72,59,183,92,172,140,138,175,165,301,50,185,341,122,237,27,135,162,151,58,170,117
"ENSG00000092009",1,18,3,2,0,1,2,9,2,41,1,5,5,3,21,2,1,3,0,5,7,11,6,4,10,4,4,0,7,0
"ENSG00000092010",34,582,153,242,114,387,239,189,399,115,101,228,352,88,402,369,101,190,220,171,27,365,476,119,199,212,204,139,339,473
"ENSG00000092020",78,290,160,176,131,264,223,183,315,97,113,180,366,103,363,344,88,288,203,155,44,155,238,51,93,264,144,136,266,313
"ENSG00000092036",278,435,353,166,158,363,490,339,417,158,331,235,343,348,354,331,353,352,375,462,183,277,187,303,111,250,336,458,362,447
"ENSG00000092051",233,168,64,18,82,4,85,14,41,313,97,27,68,129,206,244,329,249,60,50,11,26,87,42,95,56,203,18,113,9
"ENSG00000092094",63,204,125,83,146,142,126,121,153,98,75,98,123,123,104,128,78,182,75,85,52,131,120,47,39,96,121,117,99,140
"ENSG00000092098",334,420,253,183,245,364,262,417,289,718,232,314,404,354,293,207,342,369,356,387,161,331,219,560,86,285,243,512,273,227
"ENSG00000092108",34,117,59,70,47,73,89,65,71,26,34,83,76,49,116,98,23,73,58,62,25,66,82,28,33,72,60,72,82,122
"ENSG00000092140",15,40,30,30,21,25,36,22,36,14,17,29,19,27,53,55,8,29,24,36,15,18,27,11,25,37,28,30,48,63
"ENSG00000092148",95,371,203,179,125,292,234,196,255,202,134,240,302,165,326,262,144,315,252,256,87,251,197,116,114,265,157,226,283,313
"ENSG00000092201",534,1327,545,734,612,763,771,719,1319,444,429,630,737,601,1102,1014,328,886,492,879,382,516,574,252,344,769,789,851,754,995
"ENSG00000092208",13,48,24,20,17,45,45,9,43,19,18,20,35,25,52,30,18,28,21,17,8,20,27,13,21,39,22,13,30,34
"ENSG00000092295",24,39,16,23,9,31,16,35,13,84,27,34,14,15,17,29,12,29,34,26,25,12,26,24,5,21,17,30,18,31
"ENSG00000092330",688,730,579,391,378,719,703,801,635,354,745,578,689,788,740,727,630,805,386,909,576,480,574,348,217,575,638,679,598,613
"ENSG00000092439",465,815,709,634,465,698,746,530,694,452,524,700,629,485,1203,1195,358,967,510,1013,650,567,627,257,439,869,594,709,757,827
"ENSG00000092531",55,280,208,117,148,183,196,186,232,82,120,233,214,104,257,210,102,225,87,166,48,180,213,77,98,290,161,202,198,249
"ENSG00000092607",15,133,6,111,8,85,119,238,176,64,41,19,61,80,271,157,19,35,18,142,0,152,7,9,0,12,3,153,31,178
"ENSG00000092820",634,971,1282,470,508,1117,1150,927,569,281,732,789,1024,1030,649,1154,613,1006,379,897,528,767,699,295,441,1508,1069,950,826,1036
"ENSG00000092841",581,4521,1169,1511,1240,1565,1487,2132,2917,877,450,1910,1630,927,1953,1424,793,1934,2082,1394,517,1835,1683,1324,867,1924,1092,1862,2275,2040
"ENSG00000092847",384,391,439,270,240,299,311,410,385,142,282,245,320,318,521,663,249,486,115,522,602,277,220,85,262,307,537,356,263,316
"ENSG00000092871",58,25,24,34,16,15,41,40,47,32,47,24,25,45,42,40,20,51,7,37,52,9,15,6,7,19,55,23,17,20
"ENSG00000092929",984,928,1137,819,987,974,970,1693,1507,1243,1125,925,1217,1341,1262,1459,546,858,521,1279,1415,1129,1118,390,410,945,1285,883,720,742
"ENSG00000092931",39,113,67,44,48,90,101,65,108,56,54,110,93,81,117,108,56,122,79,62,55,71,72,41,48,89,91,60,118,91
"ENSG00000094804",116,133,42,48,53,56,65,87,61,22,49,58,54,45,64,52,24,67,38,89,57,22,39,25,23,58,100,97,58,109
"ENSG00000094914",526,899,553,387,349,699,706,705,562,513,569,647,760,589,643,719,535,564,776,737,403,614,600,838,212,520,731,923,491,624
"ENSG00000094916",1067,2337,1269,1547,737,1256,1810,1127,2642,578,882,1638,1223,887,2713,2660,621,1904,1335,2296,1092,876,902,921,762,1522,2672,1595,2025,2878
"ENSG00000095015",31,94,76,57,33,47,73,41,125,47,37,89,49,43,140,88,29,50,63,124,19,86,74,19,42,96,29,143,94,155
"ENSG00000095059",104,329,330,117,129,368,342,233,318,235,244,261,514,448,338,441,282,228,271,246,144,391,409,211,140,283,248,183,243,259
"ENSG00000095066",30,43,32,29,22,47,28,50,55,96,34,46,28,31,50,38,27,44,45,54,33,57,27,47,18,45,18,58,29,48
"ENSG00000095139",1243,2530,1804,1286,1124,1529,1781,2170,1722,502,1434,2020,2015,1555,2479,2335,1067,2193,1344,1924,1221,1519,1614,660,920,1945,1811,1738,1945,2359
"ENSG00000095203",4,1,13,2,12,5,24,0,2,0,8,1,8,2,10,6,8,7,1,12,2,1,8,1,13,26,6,3,1,9
"ENSG00000095564",67,63,77,44,34,102,104,77,44,122,142,82,69,77,68,79,34,112,51,129,49,112,123,46,51,91,99,145,85,91
"ENSG00000095574",11,14,28,3,12,16,19,9,21,4,16,10,14,11,17,15,18,33,16,25,15,17,12,6,9,23,9,14,13,14
"ENSG00000095587",10,15,8,4,7,4,1,14,9,5,0,2,1,7,1,4,9,20,1,1,0,2,2,5,4,2,17,5,5,0
"ENSG00000095739",21,73,13,9,10,42,47,195,288,6,18,8,124,26,64,238,17,38,20,134,11,114,52,6,3,6,3,313,3,110
"ENSG00000095906",499,919,500,299,355,815,631,628,729,597,467,559,962,747,611,714,629,608,637,485,311,714,673,614,174,492,674,448,418,465
"ENSG00000095932",5,0,22,0,0,10,26,1,14,6,5,6,6,5,8,2,9,10,3,5,14,7,4,3,1,6,2,11,5,5
"ENSG00000096060",296,228,127,46,121,161,128,127,186,21,130,107,154,105,239,238,106,321,85,170,180,73,173,57,63,138,281,232,136,244
"ENSG00000096080",144,164,141,97,113,167,139,226,143,62,113,143,193,212,131,163,104,170,112,253,113,135,134,103,56,163,149,288,119,127
"ENSG00000096092",14,196,29,67,14,66,50,45,90,28,11,71,76,30,76,86,16,65,66,23,4,65,57,26,15,42,59,31,73,105
"ENSG00000096264",3,2,11,4,6,7,1,28,14,0,14,13,12,7,10,5,9,11,7,0,11,12,11,5,18,11,4,1,3,4
"ENSG00000096401",421,895,636,438,398,657,691,601,780,224,347,667,646,488,745,795,402,779,583,762,262,530,438,349,228,648,662,804,544,760
"ENSG00000096433",1468,1169,2263,775,1052,2252,2295,1980,882,2342,2264,1424,1936,1944,2328,3657,808,2248,1233,2542,1763,2586,2150,954,1128,1748,2302,2011,1387,1807
"ENSG00000096654",38,94,97,55,32,71,82,79,88,23,55,50,101,53,134,80,48,122,37,114,39,48,90,18,36,120,66,85,106,132
"ENSG00000096996",154,266,136,109,110,123,122,273,169,109,106,153,72,189,76,83,50,199,97,221,101,169,78,65,89,172,176,166,124,201
"ENSG00000097021",56,122,50,56,35,78,53,57,51,16,17,43,56,40,51,49,20,53,39,34,32,53,53,13,28,53,79,47,54,73
"ENSG00000097033",209,570,386,234,209,317,353,449,393,214,238,374,455,283,540,423,232,377,297,432,242,416,383,158,226,418,228,379,460,503
"ENSG00000097096",5,9,23,0,6,15,4,0,5,0,7,1,2,8,33,13,0,4,4,0,24,3,0,1,2,18,17,3,1,0
"ENSG00000099194",158,93,211,52,88,121,186,145,77,13,247,48,110,197,146,245,81,144,27,184,638,85,106,22,81,131,215,111,104,166
"ENSG00000099203",171,312,226,135,138,292,202,257,210,237,166,196,314,249,279,307,201,248,205,217,154,309,235,141,137,284,249,172,234,231
"ENSG00000099219",36,36,41,29,13,45,37,32,58,15,57,25,30,30,50,63,13,40,21,43,31,55,36,6,21,18,60,33,36,92
"ENSG00000099308",1138,1144,1342,415,739,750,899,1273,820,1008,1636,1003,754,1104,692,875,732,1015,851,890,1410,1344,351,782,602,1190,1061,943,819,931
"ENSG00000099326",171,133,247,70,134,237,183,259,181,567,240,302,200,237,148,177,221,247,266,192,161,354,175,378,65,259,200,236,159,154
"ENSG00000099330",129,78,84,54,92,117,105,103,93,83,145,162,198,166,82,125,192,119,96,86,133,116,134,94,30,79,99,133,109,64
"ENSG00000099331",5323,5212,5503,3013,4189,4155,4207,8770,4049,7644,6089,6489,4345,6535,4351,5279,3618,6414,3250,5206,4817,7517,3328,3023,2807,5999,5585,5307,3572,3682
"ENSG00000099337",38,32,62,12,4,17,41,149,49,1,81,212,31,76,16,32,7,38,50,46,24,80,30,11,1,43,54,21,38,65
"ENSG00000099341",1114,1211,895,466,739,1071,862,1146,811,399,826,684,1178,988,847,979,1140,911,714,927,947,858,1042,515,404,798,865,1288,730,786
"ENSG00000099364",1222,1126,681,349,412,776,852,929,818,461,811,885,840,777,803,773,509,945,541,694,908,817,388,474,287,598,962,759,503,611
"ENSG00000099365",57,40,62,18,21,82,112,98,26,34,54,85,53,35,25,29,46,52,66,53,122,47,30,38,14,47,65,124,22,43
"ENSG00000099377",15,20,18,8,4,36,11,46,8,38,13,24,35,16,9,19,7,7,16,11,11,16,41,20,6,19,17,23,19,7
"ENSG00000099385",257,218,137,73,157,211,141,257,279,207,204,221,265,214,163,205,303,256,201,215,156,221,233,213,33,148,256,232,102,100
"ENSG00000099622",457,851,380,339,423,576,398,506,798,687,361,552,709,410,679,527,571,884,358,413,275,485,734,308,306,634,524,435,483,427
"ENSG00000099624",2037,1685,1568,534,1877,1980,1758,2347,1941,2215,3391,1790,2401,2447,1311,1345,4509,1802,2510,2220,1913,2264,1592,4180,459,1578,1716,3141,910,1024
"ENSG00000099625",13,4,15,1,2,10,5,1,2,2,10,7,16,23,3,3,9,4,5,10,3,15,8,3,6,5,4,0,3,3
"ENSG00000099749",12,90,0,49,38,35,0,0,44,33,0,62,0,43,31,0,0,0,0,50,0,39,0,0,18,0,0,24,0,44
"ENSG00000099783",1882,6296,1795,2398,1731,3556,2079,2393,4989,1702,1045,2373,2834,1628,3404,3530,1516,2716,2193,1881,1064,1845,2075,1701,946,2674,3915,1882,2708,3087
"ENSG00000099785",190,266,100,63,134,124,103,210,128,391,115,153,154,225,73,97,146,183,181,98,164,186,162,154,56,117,151,155,121,89
"ENSG00000099795",1050,1108,736,391,661,948,736,1243,1039,824,827,776,1019,944,591,775,1349,748,975,829,607,881,855,1016,221,683,948,1157,527,595
"ENSG00000099797",226,243,226,116,103,222,254,249,165,145,161,166,247,219,179,173,230,178,217,198,145,205,210,182,68,147,179,279,171,216
"ENSG00000099800",721,1220,856,515,785,1336,1056,921,1176,706,684,656,1454,1070,1041,1097,1014,1100,845,767,506,963,1095,861,334,975,1027,755,633,674
"ENSG00000099804",366,658,603,273,463,881,725,603,677,445,640,614,1112,797,685,832,786,756,608,531,436,835,833,558,303,598,624,511,406,421
"ENSG00000099817",2318,2762,1592,1023,1394,2175,1831,2142,2040,1308,1676,1416,2531,1988,1820,2071,2596,1800,1475,2017,2198,1846,2212,1560,708,1537,1742,2508,1430,1626
"ENSG00000099821",88,93,71,45,80,103,90,73,74,115,109,68,104,82,72,136,86,95,60,85,80,85,101,91,29,69,70,75,60,52
"ENSG00000099822",14,8,8,0,2,10,2,2,3,4,8,14,17,8,4,3,7,10,4,3,5,22,0,16,3,8,6,32,3,5
"ENSG00000099840",116,63,111,30,64,115,110,128,59,222,275,159,127,306,133,120,205,164,120,121,58,260,155,121,54,118,101,132,58,67
"ENSG00000099849",182,227,67,60,57,120,136,210,145,180,242,126,107,184,83,90,99,106,184,104,130,213,117,151,22,108,128,160,97,155
"ENSG00000099860",1287,1566,2867,510,1550,4396,2954,1493,1705,2386,2767,1812,4406,3394,2213,3339,5611,1989,2858,2227,1664,2730,4697,2091,954,1690,1848,2153,1563,1557
"ENSG00000099875",7940,7127,6082,5239,3551,11431,8245,11869,6674,9829,14248,4684,18255,14373,8771,15901,10533,9894,6853,11452,8851,13502,16659,5083,4850,4912,6536,9485,6653,6236
"ENSG00000099937",11,9,13,1,3,9,2,8,2,2,2,20,13,1,7,21,14,26,5,10,16,25,26,14,2,4,6,11,11,4
"ENSG00000099940",152,84,48,49,47,52,50,98,67,14,70,48,58,62,60,49,80,86,54,87,116,45,54,44,8,54,62,180,71,61
"ENSG00000099942",438,631,705,319,361,540,502,612,586,244,592,447,498,598,809,833,233,527,383,698,605,519,511,217,235,541,734,482,466,692
"ENSG00000099994",2,8,1,2,0,4,1,10,3,29,12,5,2,2,2,6,4,4,16,7,4,11,5,16,0,2,9,9,0,5
"ENSG00000100028",324,543,310,222,191,422,335,413,418,247,210,275,417,466,350,319,314,372,536,258,201,375,291,343,144,357,446,401,328,306
"ENSG00000100030",9,62,38,38,40,61,55,16,62,10,20,37,50,53,100,66,19,68,55,25,13,37,50,20,29,72,74,16,54,41
"ENSG00000100036",6,11,9,2,4,6,10,20,21,5,6,13,9,7,4,17,7,4,2,2,11,11,17,6,0,11,11,13,11,8
"ENSG00000100056",24,39,26,16,23,33,22,22,36,20,28,24,38,25,27,35,26,32,12,29,47,36,18,18,7,24,30,33,13,24
"ENSG00000100075",64,125,113,35,57,149,114,202,144,46,160,47,109,118,78,139,64,105,55,99,72,91,81,43,33,95,126,94,74,113
"ENSG00000100077",12,63,67,56,17,61,80,72,41,19,21,56,62,43,61,115,15,69,42,74,32,58,52,24,25,57,52,56,89,83
"ENSG00000100097",290,1371,611,289,185,1010,647,988,507,370,329,806,1086,447,1024,1177,555,615,1159,290,401,1544,1181,473,622,814,353,514,474,934
"ENSG00000100101",54,43,16,18,36,34,40,44,34,27,33,39,31,33,26,26,28,23,38,33,27,24,28,46,9,30,43,48,24,24
"ENSG00000100105",23,11,8,8,5,10,10,2,7,5,8,2,7,7,14,8,14,17,3,9,12,5,2,3,3,13,14,6,6,6
"ENSG00000100116",2,6,9,5,2,4,9,5,12,8,3,4,10,5,6,14,2,12,4,6,1,4,6,2,0,2,8,10,5,1
"ENSG00000100124",11,21,17,14,14,18,19,25,20,18,8,15,22,20,18,18,13,21,13,18,8,20,19,16,10,19,25,19,17,9
"ENSG00000100147",15,17,12,12,6,8,10,25,21,9,7,8,8,7,22,16,5,17,3,12,9,11,12,5,6,19,12,12,8,31
"ENSG00000100207",119,195,165,78,112,269,254,194,187,116,155,135,277,198,309,273,125,245,114,267,197,211,221,74,92,192,153,273,124,183
"ENSG00000100209",45,35,30,19,16,37,62,46,21,12,56,49,29,44,26,29,51,33,41,69,45,32,28,50,10,27,35,66,31,19
"ENSG00000100211",10,7,6,9,7,5,15,6,9,7,3,20,13,8,5,14,14,18,9,9,10,12,10,3,9,4,8,9,10,9
"ENSG00000100216",90,358,222,133,200,373,379,241,206,130,181,281,325,262,252,257,193,293,193,150,71,235,268,155,122,253,294,217,230,284
"ENSG00000100227",123,102,121,87,93,64,80,82,74,33,87,51,64,95,140,138,48,126,25,173,108,55,84,22,31,87,118,84,62,83
"ENSG00000100285",13,7,9,5,0,4,1,4,2,2,46,19,16,5,0,91,59,17,70,3,0,20,26,1,2,4,1,0,3,35
"ENSG00000100290",11,32,41,9,13,55,123,17,69,10,32,24,58,62,37,30,8,44,67,9,9,61,70,82,12,74,36,17,38,69
"ENSG00000100294",67,67,88,24,58,83,63,56,89,39,36,26,87,67,71,99,41,69,35,41,28,51,72,29,17,46,90,26,34,47
"ENSG00000100298",19,9,8,7,8,14,14,6,7,4,8,26,25,29,16,4,20,12,12,18,14,17,30,25,3,16,7,19,16,14
"ENSG00000100299",336,339,205,164,208,331,198,509,311,703,287,443,283,428,275,170,280,386,415,332,176,418,239,303,92,270,261,246,222,244
"ENSG00000100319",24,35,38,23,25,27,41,45,21,23,43,24,49,55,37,32,55,48,24,44,23,28,41,33,14,40,27,33,28,28
"ENSG00000100321",22,37,36,64,0,57,85,80,174,51,29,1,33,73,58,17,1,32,37,35,12,61,61,2,25,16,6,77,32,33
"ENSG00000100342",35,70,14,48,6,27,20,69,93,44,14,70,28,22,63,30,5,45,49,63,9,81,18,39,20,30,27,41,61,80
"ENSG00000100348",177,407,262,154,196,230,275,275,279,80,237,212,300,231,347,280,217,338,150,291,207,205,253,123,144,316,254,266,264,266
"ENSG00000100365",36,98,87,76,88,116,120,130,158,76,33,71,73,108,55,52,71,106,108,78,58,71,46,89,67,50,48,80,60,152
"ENSG00000100368",123,45,85,22,47,144,56,36,21,57,83,43,68,141,60,127,64,87,55,33,121,127,189,10,40,39,49,40,36,49
"ENSG00000100393",2319,1608,2198,1122,1316,1350,1798,2167,1467,957,1807,1671,1334,1893,2074,2007,1283,2804,805,2756,2221,1381,982,968,934,2029,2131,2336,1187,1571
"ENSG00000100395",113,73,31,65,45,42,61,57,74,28,46,31,43,55,76,87,22,86,14,74,65,36,37,14,17,67,68,55,31,47
"ENSG00000100410",9,34,8,8,11,25,13,12,14,5,5,10,17,9,19,30,7,13,19,15,6,10,18,2,7,16,14,18,25,21
"ENSG00000100413",19,68,37,24,13,38,28,36,46,16,8,13,27,17,53,46,2,32,11,13,8,27,33,5,7,21,44,8,26,27
"ENSG00000100426",927,852,916,517,524,807,947,705,812,327,612,547,752,803,1101,1149,390,891,432,1123,1282,527,627,284,393,790,957,712,613,774
"ENSG00000100439",39,149,193,45,64,150,134,276,79,103,104,167,187,211,109,119,113,82,143,92,60,240,112,70,39,119,73,105,90,86
"ENSG00000100441",753,1649,986,1075,712,1178,1109,1159,1277,1163,1026,1067,1524,1089,1916,1975,521,1694,582,1455,1059,1100,1268,367,562,1150,1177,823,1056,1208
"ENSG00000100442",246,893,206,324,203,392,389,289,519,218,162,554,436,172,376,342,241,305,789,231,144,368,358,305,145,360,315,432,575,548
"ENSG00000100461",170,298,201,185,166,206,167,275,286,137,149,148,166,203,314,336,113,313,60,281,125,163,215,78,140,220,232,214,182,219
"ENSG00000100473",3,13,4,9,1,22,4,8,15,12,9,11,2,7,7,18,3,6,14,4,1,6,7,1,2,4,9,15,12,12
"ENSG00000100478",5,14,8,11,10,7,6,11,13,7,3,3,14,8,6,9,4,9,4,5,2,7,9,3,3,5,5,6,13,8
"ENSG00000100479",57,167,38,87,28,81,107,87,100,52,23,59,62,37,90,84,37,74,106,73,24,44,51,60,20,59,88,145,75,138
"ENSG00000100483",17,60,56,20,38,70,35,29,39,40,40,63,67,30,47,32,34,43,46,31,13,47,52,17,31,72,34,43,40,43
"ENSG00000100485",176,409,373,238,226,283,377,343,431,210,312,391,325,259,649,414,236,490,211,410,280,246,308,152,199,397,289,326,403,403
"ENSG00000100490",4,24,6,9,3,14,8,11,15,4,4,11,15,7,19,17,2,10,7,4,2,7,10,6,6,6,10,8,13,18
"ENSG00000100504",18,12,64,10,27,30,9,145,169,4,8,5,19,4,25,89,5,10,28,9,4,157,16,7,20,94,91,184,8,32
"ENSG00000100505",4,0,6,6,6,10,3,16,5,9,7,0,9,12,8,43,6,7,10,10,5,15,15,2,10,5,10,12,7,7
"ENSG00000100519",11,23,15,23,18,40,43,7,20,12,32,12,10,28,15,16,17,27,5,12,2,20,12,15,1,15,14,18,17,19
"ENSG00000100522",103,305,178,169,169,198,210,116,321,72,87,206,251,84,303,373,136,216,159,138,108,95,182,77,121,187,210,168,198,251
"ENSG00000100523",199,541,332,272,214,420,398,345,230,283,302,412,321,239,533,535,144,500,237,331,264,216,259,123,267,472,376,254,366,423
"ENSG00000100528",67,382,271,160,114,303,313,196,361,36,135,232,346,139,403,462,169,249,158,251,134,222,229,62,185,439,173,179,379,344
"ENSG00000100532",10,94,38,48,37,63,48,39,77,40,17,39,61,20,91,80,14,55,47,30,18,51,62,10,39,70,37,39,61,65
"ENSG00000100554",68,438,267,182,146,305,236,253,347,86,86,328,439,153,339,318,116,231,217,161,47,338,404,123,214,403,201,138,344,352
"ENSG00000100557",88,114,10,127,3,108,153,223,170,474,43,108,56,69,132,103,6,96,224,244,2,214,38,54,6,24,5,484,137,229
"ENSG00000100564",1,37,26,10,26,29,21,9,19,20,9,22,27,16,31,28,11,30,15,7,5,24,45,9,7,31,11,7,25,36
"ENSG00000100567",181,1198,295,457,207,590,529,443,701,227,200,527,613,257,589,634,213,389,851,263,110,481,590,333,202,501,464,419,658,808
"ENSG00000100568",126,129,92,58,75,103,75,147,138,55,106,92,125,126,109,114,91,129,93,169,95,117,103,74,47,112,86,173,88,115
"ENSG00000100575",38,213,184,56,84,193,219,83,183,66,79,145,298,107,247,236,124,188,235,118,53,165,203,90,96,196,81,111,198,187
"ENSG00000100577",131,275,233,118,76,215,339,145,228,248,235,230,234,308,166,190,244,250,305,207,149,258,208,288,95,210,201,194,236,209
"ENSG00000100578",185,371,243,213,142,202,268,213,269,111,189,234,173,168,314,267,121,287,146,343,153,219,148,120,124,227,234,334,304,415
"ENSG00000100580",110,150,121,138,53,68,112,95,129,73,114,73,46,118,142,246,31,111,36,157,140,73,65,28,71,85,231,73,117,139
"ENSG00000100591",1545,3140,1569,1257,1306,2366,1479,1875,1690,779,1046,1232,2256,1483,1580,1941,1897,1551,1709,1145,862,1405,2161,1324,622,1768,1941,1789,1257,1518
"ENSG00000100592",116,403,87,197,111,269,258,171,496,215,108,326,229,129,506,409,115,326,212,422,72,225,160,95,37,124,203,599,415,360
"ENSG00000100596",388,831,767,703,281,542,535,336,972,244,333,449,667,345,959,1125,250,714,352,694,573,493,521,183,290,810,518,410,722,1109
"ENSG00000100599",846,1035,633,460,568,1258,734,2473,1256,482,1755,674,1345,1111,1185,1519,768,1621,346,1170,3256,1059,721,219,463,724,1013,1334,941,936
"ENSG00000100600",808,340,2067,121,1685,1492,1566,763,222,276,1260,1004,1791,1822,468,2082,1494,1496,884,840,2068,1008,638,284,798,2811,1290,749,1011,686
"ENSG00000100601",85,228,138,110,85,160,193,120,135,117,111,168,213,177,200,181,100,206,86,151,68,152,187,81,84,168,155,121,164,186
"ENSG00000100603",303,516,376,244,360,522,461,384,519,252,281,535,551,382,536,557,394,504,390,512,343,401,446,240,214,473,316,657,436,515
"ENSG00000100605",424,311,155,233,195,335,215,287,310,133,190,208,308,329,451,350,126,301,108,330,478,241,142,138,93,156,254,354,252,260
"ENSG00000100612",238,783,630,419,370,813,551,616,653,305,279,555,917,520,783,675,549,564,561,449,254,783,989,366,300,533,468,480,719,654
"ENSG00000100614",95,339,261,133,131,311,244,159,150,105,158,135,325,145,344,397,108,316,105,142,107,261,331,63,170,281,232,136,332,208
"ENSG00000100628",730,703,189,284,68,219,396,215,255,320,103,714,565,873,191,89,376,533,418,234,57,287,147,511,114,402,547,174,777,248
"ENSG00000100629",19,27,14,5,10,10,8,21,17,6,5,15,8,10,17,15,5,16,14,25,14,17,7,10,2,13,19,16,16,31
"ENSG00000100632",383,1557,809,777,683,1141,1125,929,1204,398,482,860,1270,450,1269,1090,662,1171,1598,1099,276,791,1241,1131,393,1092,613,1496,1056,1245
"ENSG00000100644",840,762,893,491,517,632,688,619,841,300,683,506,702,540,1309,1154,533,1154,311,1284,1137,570,558,185,336,810,533,942,594,716
"ENSG00000100647",663,1095,1053,721,1246,557,744,858,1511,652,598,782,536,827,1258,826,421,1607,510,1019,586,946,640,366,810,1643,1099,775,947,1006
"ENSG00000100650",924,1965,1497,918,1441,1997,1900,1770,2391,2634,1466,2235,2488,1532,1882,1719,1590,2192,2245,1410,541,1872,2245,1751,628,1987,1746,1840,1508,1564
"ENSG00000100664",431,1563,858,796,631,1071,913,729,1095,522,464,846,1211,739,1434,1383,520,1022,837,670,349,876,1157,487,526,1234,992,576,1133,1096
"ENSG00000100678",69,90,82,31,17,120,43,8,64,84,152,45,100,59,47,209,95,100,114,217,67,122,88,136,92,77,28,168,114,195
"ENSG00000100697",458,875,627,699,424,615,579,441,883,319,395,665,678,388,1355,1158,252,899,369,801,409,696,514,198,397,669,781,541,860,892
"ENSG00000100711",10,23,24,22,14,38,17,35,21,13,14,22,52,29,34,39,26,38,14,27,13,28,39,9,15,37,28,19,9,29
"ENSG00000100714",870,2147,1021,1000,813,1133,1152,1074,1336,428,760,721,1065,812,1306,1410,887,1175,1086,1066,595,969,766,792,551,861,1310,1387,1182,1630
"ENSG00000100721",1551,2941,1826,2417,982,1901,2455,2874,5001,3991,2018,6160,2242,3197,2704,2021,1558,1112,3605,4144,580,2576,1640,2891,1272,1602,1271,3193,4238,4912
"ENSG00000100722",194,288,167,134,148,177,191,155,191,124,106,161,198,110,245,232,260,214,152,195,141,129,136,140,78,230,127,232,199,190
"ENSG00000100726",591,814,358,330,430,668,458,523,610,1182,359,442,618,440,591,682,381,622,498,412,287,500,493,360,143,555,728,391,317,397
"ENSG00000100731",655,822,531,673,356,650,713,732,683,1235,627,855,551,609,1065,1135,356,1017,456,1010,770,853,524,406,387,627,791,867,830,794
"ENSG00000100744",53,330,101,156,67,120,106,84,212,38,31,93,144,82,200,193,30,129,107,52,28,107,122,16,82,155,157,60,207,167
"ENSG00000100749",159,594,245,275,181,443,374,282,568,139,193,359,393,183,488,442,174,325,492,283,123,268,298,233,156,390,347,409,447,666
"ENSG00000100764",6,18,9,5,1,1,3,10,6,19,1,9,11,3,11,14,3,9,8,13,0,8,3,10,1,5,4,20,7,9
"ENSG00000100767",16,7,5,0,7,2,10,9,3,2,7,7,7,9,1,3,12,4,6,3,28,10,5,4,4,8,9,2,7,1
"ENSG00000100784",16,9,15,9,5,10,14,14,32,4,11,13,8,11,14,14,4,25,6,23,4,11,3,1,2,14,12,31,10,13
"ENSG00000100796",347,587,395,286,285,471,475,445,428,384,379,535,573,414,562,426,465,487,524,467,219,448,418,350,223,484,299,661,456,448
"ENSG00000100802",85,87,84,53,49,89,158,102,123,167,73,105,116,116,80,115,81,86,106,154,127,93,69,116,32,80,89,147,91,96
"ENSG00000100804",12,53,15,14,13,27,18,24,29,10,7,18,34,20,24,39,10,31,10,12,10,33,34,3,17,27,25,11,21,17
"ENSG00000100811",1586,1892,1904,802,1333,1893,1479,1555,1802,913,1617,1465,2130,1513,1861,2137,1424,1789,1240,1530,2100,1360,1342,1169,694,1681,1582,1581,1190,1283
"ENSG00000100813",2675,2815,1912,1327,1766,2475,2098,2353,2367,2495,1822,2766,2252,2189,2013,2135,2077,2480,2066,2649,2141,2422,1456,2244,860,2083,1973,3148,1517,1817
"ENSG00000100814",171,176,439,96,221,517,495,275,265,138,465,355,694,389,447,380,584,453,369,446,411,427,448,392,149,423,168,444,296,335
"ENSG00000100815",191,512,253,353,223,309,346,314,372,258,238,501,271,233,488,474,174,450,323,393,197,324,191,201,181,393,328,383,365,441
"ENSG00000100823",427,1129,660,510,503,914,945,543,955,399,428,589,960,727,1098,980,482,855,447,599,385,715,757,280,437,835,833,490,732,810
"ENSG00000100829",15,17,41,3,12,35,21,15,26,43,32,40,19,43,21,24,20,18,21,27,18,42,20,31,9,33,31,24,19,18
"ENSG00000100836",601,701,346,236,504,615,438,473,639,579,554,818,644,471,433,541,1035,653,806,474,421,577,456,923,160,463,475,656,339,302
"ENSG00000100865",613,640,465,187,258,510,471,523,350,377,537,497,604,355,374,458,754,389,820,421,445,716,517,842,137,384,425,623,205,396
"ENSG00000100883",468,1382,656,599,392,833,904,859,831,293,569,899,1070,551,999,1027,573,922,858,744,353,692,735,453,379,827,690,1006,978,1136
"ENSG00000100888",1594,1880,1446,1307,948,1339,1531,1610,1371,1239,1188,1440,1360,1389,1881,1772,737,2090,967,1992,1535,1368,1088,745,702,1568,1626,1534,1322,1628
"ENSG00000100889",334,982,771,423,534,817,801,566,1293,181,450,392,736,705,1219,1055,315,1041,268,772,417,420,675,169,347,698,796,511,500,651
"ENSG00000100890",260,766,344,300,216,363,380,383,437,118,259,319,394,304,459,470,208,429,283,304,196,380,284,183,227,445,432,320,474,517
"ENSG00000100897",397,960,476,418,367,705,632,677,689,364,481,542,705,594,727,689,331,661,393,590,462,557,590,282,313,624,608,559,645,653
"ENSG00000100902",80,198,74,100,72,134,96,54,160,57,53,78,121,76,95,121,66,115,75,59,33,118,141,50,70,78,91,59,121,125
"ENSG00000100906",4120,3945,3303,1623,2446,5932,5550,2145,3630,3773,4764,3010,6405,4527,4621,8397,7912,5793,2166,4047,3303,5901,7726,2839,2090,3217,2781,2414,2365,1605
"ENSG00000100908",51,140,92,58,34,146,100,119,85,99,83,102,114,110,92,104,56,112,88,73,48,129,93,69,46,70,82,85,89,78
"ENSG00000100911",35,165,33,50,75,60,38,55,95,60,38,57,52,59,52,42,43,59,122,23,10,74,82,58,36,43,61,104,81,113
"ENSG00000100916",60,294,35,92,55,91,70,89,102,47,25,66,77,40,106,106,18,101,77,68,22,95,68,36,23,54,63,85,101,112
"ENSG00000100918",1411,728,1073,534,296,436,485,880,559,629,353,800,467,690,332,366,527,675,599,527,269,1551,406,1142,236,510,226,781,452,419
"ENSG00000100926",255,352,260,198,189,251,262,342,294,177,204,271,237,273,339,340,154,323,185,335,165,265,240,113,104,268,295,245,275,271
"ENSG00000100931",314,1050,556,486,484,739,554,746,910,376,434,663,840,596,819,800,559,942,482,802,264,716,889,302,314,809,528,698,788,660
"ENSG00000100934",130,289,251,154,124,244,199,211,223,57,188,162,227,141,360,420,72,229,69,240,205,159,210,22,129,220,272,143,235,305
"ENSG00000100938",422,614,409,285,249,458,489,563,514,247,391,450,446,490,548,430,412,514,279,647,536,461,327,217,242,468,371,625,476,490
"ENSG00000100941",1834,2502,1504,1246,1490,2173,1816,1488,1673,3022,1404,2791,2002,1428,2524,1828,1755,2798,2654,2067,1073,1589,1682,2091,793,2307,1823,2560,1925,1852
"ENSG00000100949",586,727,608,379,403,716,432,826,436,619,487,493,769,632,542,649,558,576,542,557,441,712,669,520,307,517,526,830,418,482
"ENSG00000100968",30,15,107,30,3,178,122,14,4,68,87,43,47,187,162,97,25,41,50,128,7,123,71,55,12,1,2,256,34,44
"ENSG00000100979",180,106,275,53,52,155,100,171,34,89,121,163,450,126,139,162,205,115,213,121,194,166,135,345,130,57,128,97,116,79
"ENSG00000100982",235,285,404,159,157,435,416,383,283,419,408,303,449,404,355,367,456,341,350,431,363,441,268,317,173,363,249,448,258,310
"ENSG00000100983",480,687,458,265,268,562,677,574,532,437,427,437,594,433,463,520,435,527,507,523,462,625,471,387,218,510,653,485,484,513
"ENSG00000100985",8,24,4,11,26,10,9,1,14,41,10,4,5,4,33,14,14,43,2,10,5,7,11,9,23,4,6,6,50,3
"ENSG00000100991",862,1269,1067,748,738,1030,1180,1409,1309,1435,947,1034,1165,1147,1246,1223,729,1343,789,1195,912,1263,1001,642,523,1234,1174,1018,933,1033
"ENSG00000100994",42,89,43,63,75,69,56,112,85,78,33,56,63,100,71,63,33,101,27,77,33,69,45,15,40,64,80,45,54,45
"ENSG00000101000",10,15,36,0,1,16,5,32,6,4,39,18,9,14,11,8,7,6,6,9,23,35,19,7,12,15,8,16,15,12
"ENSG00000101017",153,284,295,198,162,351,249,243,266,181,193,172,495,251,409,619,200,387,110,246,123,351,612,109,244,239,221,105,309,133
"ENSG00000101057",5403,3739,4049,2144,1789,4958,4732,4695,3864,2336,2929,1951,2121,3805,2049,3615,2743,3636,4570,5861,2822,1661,1572,3384,1047,1927,4804,8881,3487,5135
"ENSG00000101079",9,26,24,13,5,11,14,19,11,1,6,10,24,13,23,17,1,17,6,7,6,10,13,4,10,35,24,10,9,19
"ENSG00000101082",17,11,13,33,2,4,11,10,58,8,4,15,2,4,6,7,4,18,20,15,4,12,11,8,4,8,14,2,10,27
"ENSG00000101109",14,24,19,7,10,11,14,5,20,5,10,14,13,13,39,40,13,35,2,23,16,7,19,5,14,22,18,7,10,13
"ENSG00000101126",844,1940,1731,1167,938,1771,1639,1285,1797,602,1086,1307,1601,1276,2695,2365,684,2001,845,1899,1072,1100,1260,437,793,2048,1504,1618,1370,2000
"ENSG00000101138",24,54,61,48,19,37,39,46,57,6,41,39,37,46,52,62,12,47,19,42,14,42,33,7,22,36,47,44,37,56
"ENSG00000101150",489,917,551,423,578,770,640,617,989,546,420,625,976,636,926,915,475,794,536,631,361,640,708,389,279,687,786,588,530,632
"ENSG00000101152",186,169,102,80,86,93,85,129,134,39,125,97,95,138,144,139,65,131,42,159,199,96,83,40,54,116,157,94,91,101
"ENSG00000101160",45,449,248,121,198,168,100,217,161,69,53,136,193,191,197,200,99,317,79,46,61,123,172,116,161,333,211,26,239,110
"ENSG00000101161",1896,5218,3572,1698,1826,2936,4764,3562,4269,1385,2238,5130,2876,2463,5960,2377,4165,2123,3682,6907,2355,3306,2854,2318,5532,5457,3683,4179,2218,2443
"ENSG00000101166",10,40,18,7,5,29,44,10,19,6,25,11,22,13,29,23,24,28,9,22,6,11,14,6,11,19,18,4,12,14
"ENSG00000101187",29,23,14,12,10,39,26,18,13,18,22,19,15,28,19,37,21,21,21,23,21,48,14,14,13,21,19,28,9,29
"ENSG00000101189",251,432,443,146,221,522,457,373,380,244,362,331,427,418,458,451,335,400,373,414,233,405,299,264,140,429,308,560,263,357
"ENSG00000101190",92,131,84,37,58,150,194,80,119,54,148,63,214,77,141,225,183,247,54,209,47,70,216,115,46,105,115,66,175,82
"ENSG00000101193",29,18,29,5,25,32,40,21,25,8,58,25,47,32,20,40,45,61,15,30,20,25,21,19,6,22,29,16,18,11
"ENSG00000101197",0,1,38,0,4,110,44,4,0,0,33,4,54,113,53,56,6,15,11,0,28,17,8,5,22,45,0,16,1,3
"ENSG00000101210",18,208,682,5,12,22,3,21,5,6,237,36,109,82,23,37,51,15,26,15,367,30,19,2,32,15,48,8,56,26
"ENSG00000101213",2,9,13,1,12,16,15,30,9,36,14,32,23,24,16,19,13,25,13,8,25,24,16,12,7,17,9,7,9,12
"ENSG00000101216",24,36,63,18,22,44,44,36,40,25,66,24,39,49,47,66,30,58,14,38,23,47,40,17,23,42,54,29,21,41
"ENSG00000101220",324,464,290,166,251,358,374,366,423,247,272,301,379,335,323,352,369,306,345,265,211,360,332,322,105,248,400,336,288,337
"ENSG00000101224",69,51,42,28,24,55,61,50,45,55,60,55,45,106,66,50,24,52,33,95,41,42,32,29,14,49,58,100,46,70
"ENSG00000101236",6,16,17,8,10,11,12,11,14,5,8,13,10,10,19,15,1,16,13,17,9,7,8,1,12,16,17,6,15,21
"ENSG00000101255",68,30,76,8,37,44,79,49,69,8,138,31,61,75,87,73,70,88,9,144,202,28,38,14,24,27,36,67,25,32
"ENSG00000101265",1126,1646,935,538,558,858,1378,591,1029,298,1329,677,875,1504,1047,2075,532,2017,554,818,1244,1103,977,615,384,912,1216,1096,1089,1087
"ENSG00000101266",17,12,13,8,15,14,8,13,8,4,18,18,11,31,21,21,12,8,7,15,39,12,23,1,6,15,26,12,12,12
"ENSG00000101298",22,18,5,19,1,7,4,48,13,5,18,8,24,1,14,11,12,33,7,5,2,26,10,5,7,9,13,29,4,5
"ENSG00000101335",214,81,108,17,46,225,96,163,141,31,81,187,178,125,93,175,144,97,72,50,407,42,33,60,11,305,17,180,15,6
"ENSG00000101336",37,21,52,0,227,18,30,22,14,3,88,42,5,25,10,32,207,126,14,24,282,74,21,26,156,167,34,45,12,2
"ENSG00000101342",9,4,13,9,5,23,8,14,7,9,5,20,9,3,6,2,3,15,12,10,2,16,5,5,3,15,9,13,5,18
"ENSG00000101347",61,76,19,28,19,34,23,51,71,2,19,59,27,43,44,34,9,38,31,42,62,24,22,13,6,36,27,58,42,41
"ENSG00000101350",618,1362,569,391,781,489,578,1279,861,352,508,997,422,552,639,643,396,1151,581,570,266,754,359,440,455,1068,1118,775,685,701
"ENSG00000101367",354,827,355,373,306,559,453,369,544,129,263,395,544,335,649,677,261,497,331,377,249,343,453,140,248,465,499,365,532,593
"ENSG00000101384",9,7,2,2,4,7,3,8,15,5,7,6,8,3,18,10,3,30,4,13,31,11,6,4,8,5,18,12,2,11
"ENSG00000101400",23,22,30,14,31,26,41,57,46,50,31,30,12,37,21,22,18,86,27,18,19,20,18,21,5,38,51,57,28,22
"ENSG00000101412",694,967,618,453,365,875,853,711,766,852,563,535,607,628,669,908,441,805,746,837,342,527,473,562,216,544,898,851,651,887
"ENSG00000101417",33,55,56,16,19,54,53,55,50,25,44,57,55,50,47,65,20,44,62,40,14,70,46,57,14,46,53,53,38,45
"ENSG00000101421",726,1547,870,547,829,1151,930,1019,1276,538,716,970,1340,923,936,1166,973,1003,907,800,684,1129,1182,672,464,1019,1037,970,1053,942
"ENSG00000101438",9,17,7,10,28,6,3,0,17,25,11,1,2,22,23,6,26,23,3,8,0,3,21,3,19,6,7,0,15,2
"ENSG00000101439",156,695,152,166,263,506,304,450,458,584,271,181,388,485,395,504,229,410,490,279,335,1218,306,632,97,197,365,558,232,229
"ENSG00000101442",96,188,122,82,84,186,131,108,145,155,67,127,175,144,155,151,80,149,152,89,61,160,166,76,52,146,132,106,103,126
"ENSG00000101444",101,199,216,93,105,171,202,158,167,34,100,81,159,161,183,233,93,147,37,119,68,100,98,20,88,176,280,76,98,142
"ENSG00000101445",49,50,68,47,45,45,53,91,60,14,39,30,32,73,73,75,7,55,11,44,45,15,23,3,58,45,150,15,44,39
"ENSG00000101447",256,362,194,142,147,315,203,245,286,38,145,195,180,183,209,310,146,223,133,161,141,95,199,119,125,203,326,197,159,205
"ENSG00000101460",25,11,12,4,27,9,7,50,13,14,18,30,17,15,13,10,37,18,12,4,29,43,18,34,1,10,2,13,6,4
"ENSG00000101474",435,655,377,327,345,553,528,565,918,451,411,546,686,489,777,665,309,574,437,586,318,641,699,358,258,479,610,615,488,589
"ENSG00000101493",189,232,279,186,32,330,324,364,296,242,418,172,239,279,471,388,99,306,178,349,255,269,135,163,148,111,400,386,253,322
"ENSG00000101544",377,549,454,336,290,609,535,414,695,216,289,315,759,446,940,881,177,804,220,569,419,274,524,118,153,473,503,426,357,481
"ENSG00000101546",361,437,294,203,241,450,430,328,529,254,225,272,328,332,216,391,273,343,352,303,252,313,282,222,142,347,358,379,330,389
"ENSG00000101557",458,1295,562,647,384,720,695,605,913,343,451,631,807,480,1130,1134,494,744,583,618,395,563,655,268,377,768,696,651,898,1124
"ENSG00000101558",339,739,687,293,417,785,618,556,753,118,588,619,885,415,854,952,454,594,524,623,432,547,682,235,303,791,543,525,653,858
"ENSG00000101574",72,170,63,82,41,119,82,87,124,57,44,73,93,54,129,152,38,113,84,81,44,46,110,31,35,92,76,100,118,174
"ENSG00000101577",12,29,20,11,18,18,16,21,16,4,27,11,19,25,34,50,6,27,8,26,35,10,19,1,13,13,25,10,19,24
"ENSG00000101596",401,903,839,790,393,609,688,743,828,252,537,698,591,548,1169,1282,206,902,429,947,424,583,499,153,331,759,803,620,781,983
"ENSG00000101605",4,58,14,12,14,34,8,36,10,26,21,8,23,12,20,67,14,8,13,11,57,6,39,30,5,31,15,37,63,23
"ENSG00000101608",360,2053,934,805,692,1156,930,1126,1640,415,543,1036,1264,600,1530,1225,907,1373,1157,1068,446,1032,1325,811,502,1142,659,1518,1152,1271
"ENSG00000101624",19,64,54,54,26,57,52,49,54,13,15,33,52,23,84,80,22,46,25,49,9,30,51,13,21,56,52,33,46,79
"ENSG00000101638",7,25,4,65,0,17,21,42,10,31,21,6,14,14,22,20,8,14,15,50,3,27,10,3,4,0,28,98,4,5
"ENSG00000101654",455,843,1106,467,468,856,941,689,815,388,893,797,763,781,1384,1269,595,992,655,1048,893,1040,641,337,718,992,697,860,968,1328
"ENSG00000101665",256,464,477,125,176,490,506,383,310,228,443,328,573,417,540,610,318,401,260,387,576,434,601,150,179,350,270,289,358,371
"ENSG00000101670",15,6,54,7,13,38,11,5,20,4,59,2,27,41,53,62,9,22,7,23,58,6,71,3,23,22,11,4,14,19
"ENSG00000101695",53,164,107,70,88,23,118,11,266,66,55,52,77,24,182,139,40,103,134,85,65,32,29,19,56,92,19,65,118,175
"ENSG00000101745",6,8,10,4,18,13,11,14,3,33,6,41,3,14,13,6,27,16,57,16,12,10,0,20,4,22,6,34,9,10
"ENSG00000101746",11,8,1,23,20,5,8,9,33,9,1,1,3,48,33,101,0,30,12,26,33,27,6,19,7,5,38,122,46,3
"ENSG00000101751",7,79,59,40,23,77,100,60,71,137,49,127,87,54,118,101,19,78,118,76,21,97,88,52,46,96,60,69,120,131
"ENSG00000101752",206,725,264,474,185,408,466,227,599,219,223,403,323,192,811,804,97,534,307,434,239,348,317,104,269,365,581,261,579,787
"ENSG00000101773",121,572,302,237,182,406,356,270,429,54,185,284,434,203,502,462,222,446,340,280,125,215,246,181,135,336,335,336,339,534
"ENSG00000101782",242,859,669,400,378,638,566,501,886,480,440,559,611,500,1023,851,210,699,513,621,299,710,521,161,436,753,525,517,886,1054
"ENSG00000101811",16,43,18,11,10,14,27,15,35,12,10,14,22,11,32,31,13,24,10,16,6,9,22,4,13,22,27,17,18,27
"ENSG00000101843",0,14,5,6,3,13,12,6,12,0,6,5,8,4,9,12,3,8,4,3,1,4,8,1,3,13,5,5,5,6
"ENSG00000101846",178,181,544,138,94,173,250,374,268,65,205,236,242,220,277,478,230,323,387,156,222,79,111,129,69,460,197,229,454,392
"ENSG00000101856",318,465,263,196,169,328,316,294,449,103,195,197,292,236,377,392,194,297,311,246,292,218,241,173,75,233,320,316,299,392
"ENSG00000101882",3,35,19,17,8,29,20,7,24,17,5,47,47,15,36,48,9,27,54,13,0,19,23,21,18,31,17,8,32,34
"ENSG00000101888",21,81,49,47,21,40,69,78,53,11,17,43,68,46,70,62,12,51,38,46,44,33,46,13,17,39,51,45,65,80
"ENSG00000101911",28,49,42,29,15,60,41,36,54,11,23,30,43,32,46,36,6,36,21,29,23,40,36,7,19,46,58,18,36,63
"ENSG00000101928",14,22,11,4,10,9,4,6,6,2,12,8,14,4,21,13,15,11,4,12,30,8,8,4,10,10,8,7,12,13
"ENSG00000101935",61,9,18,6,20,7,7,15,13,5,20,13,10,13,9,14,21,29,2,26,66,13,10,6,3,10,27,34,4,15
"ENSG00000102007",160,546,489,158,138,555,488,663,474,186,293,365,557,544,513,619,249,382,433,501,349,571,491,254,172,413,151,515,290,438
"ENSG00000102034",62,79,77,68,31,75,72,89,72,13,55,56,54,87,109,106,16,90,17,92,77,24,46,18,43,77,93,61,69,91
"ENSG00000102053",2,9,3,8,7,9,5,8,4,8,1,10,9,5,7,7,5,17,18,7,6,6,8,4,2,10,7,13,13,9
"ENSG00000102057",10,3,4,1,1,7,2,8,1,2,10,10,10,8,4,2,7,4,4,2,3,11,9,10,3,5,1,5,2,3
"ENSG00000102096",365,195,751,139,315,411,518,915,233,371,756,734,946,827,342,498,659,533,288,547,605,856,491,496,269,478,434,412,592,365
"ENSG00000102100",35,19,35,21,18,15,26,36,21,16,32,23,20,26,34,28,19,22,12,25,21,19,18,10,8,18,21,23,19,12
"ENSG00000102103",62,75,129,39,51,76,70,76,63,54,60,67,94,81,76,82,54,49,48,72,52,72,78,55,33,77,54,77,57,65
"ENSG00000102158",129,130,81,89,40,69,93,88,127,18,49,100,57,72,144,144,28,171,27,140,196,69,73,15,56,93,111,60,91,138
"ENSG00000102189",201,400,317,290,226,306,418,267,350,321,279,527,268,282,547,590,254,473,460,525,382,358,134,435,198,453,242,465,320,422
"ENSG00000102218",43,113,54,29,21,52,55,52,55,11,39,49,47,43,95,69,22,96,47,44,16,48,47,11,32,68,75,27,56,96
"ENSG00000102221",15,9,6,1,4,4,2,6,2,0,0,6,6,1,15,6,7,35,4,6,4,3,8,0,1,6,10,2,3,13
"ENSG00000102241",86,233,80,147,81,150,91,149,194,45,84,103,117,72,172,146,67,131,96,153,61,78,86,51,49,124,160,178,122,149
"ENSG00000102302",49,60,54,26,37,49,39,35,64,56,29,33,53,34,68,56,34,54,24,46,37,31,34,24,14,48,46,49,28,32
"ENSG00000102309",5,4,1,3,3,6,13,1,12,2,18,26,12,2,1,3,4,2,6,4,0,4,2,6,5,13,2,6,8,2
"ENSG00000102349",22,35,32,24,20,23,34,21,12,30,39,34,23,49,16,33,9,34,15,62,42,27,24,31,17,38,13,47,28,12
"ENSG00000102384",9,23,9,7,4,10,15,15,11,0,9,14,7,4,11,16,7,16,10,9,4,7,10,9,2,3,29,11,14,16
"ENSG00000102390",87,434,199,178,136,320,197,161,292,188,106,312,421,157,284,281,248,300,319,155,81,223,284,202,118,267,146,196,234,206
"ENSG00000102401",4,14,20,11,13,18,31,19,11,4,14,39,15,24,22,36,15,31,7,29,11,18,18,2,16,31,28,15,18,17
"ENSG00000102409",24,23,101,55,35,29,81,18,250,7,41,46,157,67,20,95,145,100,47,95,236,62,131,35,42,192,2,89,55,66
"ENSG00000102471",44,32,32,29,28,19,38,30,39,4,66,25,31,67,42,45,38,47,13,77,51,24,18,24,16,33,45,35,31,29
"ENSG00000102543",2,6,13,7,10,8,10,9,12,7,9,5,19,21,12,11,4,10,17,10,3,7,20,2,0,10,6,13,5,9
"ENSG00000102575",122,410,899,56,42,893,285,846,74,48,448,597,489,805,265,395,526,262,527,299,254,531,504,641,344,505,220,460,324,456
"ENSG00000102580",39,69,53,28,30,28,36,81,43,4,55,39,28,27,71,84,11,65,15,67,29,32,17,8,18,49,62,21,54,61
"ENSG00000102743",22,15,6,10,12,1,10,9,28,5,7,18,6,5,14,13,7,12,10,9,4,8,9,4,8,6,18,8,12,19
"ENSG00000102753",76,207,90,84,64,92,83,85,144,26,59,79,111,39,155,181,41,121,58,100,72,55,72,18,65,114,101,92,140,154
"ENSG00000102755",43,65,133,71,8,164,177,97,98,37,110,49,261,103,233,347,34,144,156,172,19,226,64,52,49,46,87,186,85,339
"ENSG00000102760",11,7,14,0,3,15,12,6,1,0,10,13,8,13,2,2,17,4,20,9,10,9,3,23,8,15,12,11,9,24
"ENSG00000102805",6,78,49,36,18,49,43,36,56,49,16,36,65,28,79,59,14,50,29,22,3,39,71,11,21,48,43,8,51,60
"ENSG00000102858",2672,2060,1805,1061,1443,1915,1916,2603,1558,1837,2249,1561,2161,2254,2233,2172,2238,2174,1396,3124,2533,1896,1601,1558,723,1658,1758,3110,1199,1587
"ENSG00000102870",312,196,116,218,56,90,390,23,369,326,57,54,449,48,542,449,142,338,88,295,531,270,128,13,32,119,155,148,223,149
"ENSG00000102879",4140,6744,3276,2854,3007,3470,3232,5926,5880,1452,2715,2754,2220,3534,3642,3096,2269,4567,2354,3840,2810,3134,2433,1370,1430,3991,4743,3839,3032,3997
"ENSG00000102886",14,20,32,6,16,36,29,21,9,79,30,25,22,22,28,19,23,26,50,23,8,37,28,40,2,22,16,50,22,15
"ENSG00000102890",99,95,38,46,43,88,64,69,56,292,87,84,88,85,63,47,76,89,92,46,42,121,96,83,36,93,67,69,57,50
"ENSG00000102893",155,483,168,242,145,203,227,374,428,246,202,365,181,199,343,231,103,270,414,329,92,263,153,190,92,227,204,430,502,527
"ENSG00000102897",121,359,135,138,115,251,292,280,325,137,169,221,366,244,340,267,186,284,301,258,85,273,239,142,94,210,143,239,250,283
"ENSG00000102898",89,327,179,132,181,258,200,167,219,118,82,194,218,128,244,175,124,240,194,149,68,182,182,161,97,208,161,203,162,217
"ENSG00000102900",948,1628,903,843,704,1335,1081,981,1068,561,797,610,1228,902,1204,1340,847,941,651,933,764,949,1024,526,613,1022,1204,1213,993,1052
"ENSG00000102901",218,212,187,118,139,204,201,204,169,504,175,164,190,198,167,172,134,222,159,177,130,291,235,135,50,178,211,190,134,154
"ENSG00000102908",488,867,842,599,572,664,822,636,585,1037,558,1168,694,666,1124,1196,330,1327,657,955,631,899,572,323,587,1079,495,847,955,945
"ENSG00000102910",495,657,496,313,284,422,461,560,431,103,478,365,410,475,625,671,299,444,182,718,407,402,323,114,253,460,536,641,430,501
"ENSG00000102921",668,1058,848,550,392,843,811,968,718,436,753,834,937,874,1094,1039,624,1060,538,994,874,910,657,414,285,806,646,939,759,834
"ENSG00000102931",106,280,168,98,121,214,195,156,211,87,116,156,237,147,223,279,113,225,115,118,109,127,194,65,71,217,168,131,188,175
"ENSG00000102934",2,11,17,6,11,24,13,2,7,14,8,12,19,18,12,31,8,5,6,3,7,22,29,2,6,1,6,4,9,7
"ENSG00000102962",16440,12988,17849,2237,19871,9609,11547,5561,6564,14220,16261,14123,27713,13469,12715,19132,60025,17874,9404,6729,16090,9830,17947,14436,19294,14432,11543,1614,13745,3946
"ENSG00000102967",92,156,105,89,81,164,144,121,138,118,99,91,184,125,147,153,122,132,121,148,107,135,138,98,55,105,140,147,106,170
"ENSG00000102970",175,31,31,33,258,10,20,6,70,1018,26,54,21,78,44,22,838,58,53,20,22,27,29,134,42,100,48,4,104,3
"ENSG00000102974",518,439,331,234,281,330,342,478,450,179,445,332,267,382,422,398,313,465,229,742,442,258,164,277,120,327,443,712,280,410
"ENSG00000102977",46,165,89,52,53,144,98,105,92,78,74,90,115,92,116,162,51,92,51,84,41,94,102,50,34,85,142,64,91,104
"ENSG00000102978",486,847,676,335,500,765,617,632,603,280,495,533,1038,562,799,724,648,651,486,736,435,549,701,350,248,711,504,876,443,590
"ENSG00000102981",107,128,56,53,64,93,91,132,128,51,72,72,121,98,80,120,81,82,64,88,64,89,77,37,11,64,102,117,65,87
"ENSG00000102984",64,87,327,44,129,221,336,177,134,333,280,187,209,325,156,271,222,184,170,255,196,283,154,154,91,250,134,257,154,160
"ENSG00000102996",19,32,1,58,2,106,146,21,292,236,29,1,190,94,502,508,13,98,112,440,8,151,24,11,15,12,2,122,111,53
"ENSG00000103005",567,307,112,118,168,165,201,230,207,101,174,143,204,238,210,204,174,252,80,211,205,149,200,68,96,141,263,226,165,135
"ENSG00000103018",307,937,406,381,218,432,467,506,554,213,202,253,392,354,729,634,155,384,221,454,173,360,372,171,264,399,427,420,548,568
"ENSG00000103021",20,74,32,42,12,39,39,32,69,78,24,44,64,31,56,51,37,51,33,43,36,33,33,34,19,34,19,38,41,60
"ENSG00000103024",320,503,482,139,341,775,418,540,417,1716,693,445,1291,640,548,614,859,441,595,352,280,1174,1193,663,255,455,427,274,340,256
"ENSG00000103034",10,11,28,9,5,17,35,27,12,190,10,38,49,75,13,126,24,17,20,7,13,55,17,37,18,8,11,13,3,13
"ENSG00000103035",334,998,366,479,410,633,408,470,755,517,274,537,739,356,726,739,436,733,598,424,227,487,619,422,275,567,509,453,612,608
"ENSG00000103042",197,206,127,136,161,147,107,136,159,292,62,159,189,152,193,177,143,235,114,164,145,214,145,91,87,192,142,148,104,92
"ENSG00000103043",304,369,140,116,179,183,233,262,206,117,246,132,212,223,282,273,88,267,46,206,274,198,164,37,90,151,287,142,164,152
"ENSG00000103047",137,199,186,108,155,186,180,167,252,45,102,137,171,150,241,240,70,271,111,152,156,130,126,45,80,170,298,149,166,255
"ENSG00000103051",36,181,77,103,53,110,120,93,166,65,66,112,108,82,150,161,25,106,59,104,27,87,91,26,54,106,153,98,145,147
"ENSG00000103056",34,33,18,49,29,32,16,17,21,66,31,55,14,37,25,25,25,40,40,41,29,40,21,170,18,23,49,11,36,31
"ENSG00000103061",127,134,128,67,93,159,99,126,91,72,136,117,135,124,110,119,115,151,92,157,91,108,137,72,49,142,129,137,72,106
"ENSG00000103064",237,507,265,289,266,245,256,237,247,200,167,386,181,215,312,333,84,520,240,176,172,365,246,86,210,505,348,157,303,305
"ENSG00000103066",117,148,119,96,77,131,123,150,155,68,118,71,126,165,117,112,86,139,89,107,87,150,98,58,40,127,118,120,91,113
"ENSG00000103067",4,5,5,2,4,7,4,7,10,16,2,12,12,4,7,8,4,14,6,8,1,12,1,4,2,6,4,12,7,6
"ENSG00000103089",16,21,7,2,2,4,0,53,1,7,37,31,3,22,1,3,12,20,15,3,4,7,3,17,0,8,12,6,13,2
"ENSG00000103091",130,411,266,202,142,422,361,223,385,565,202,328,347,261,355,285,178,363,389,211,98,457,354,260,193,361,277,159,397,345
"ENSG00000103111",101,94,91,60,84,59,92,123,93,46,105,58,58,85,111,102,45,159,23,150,88,43,63,23,28,65,129,92,44,58
"ENSG00000103121",16,311,88,83,39,185,120,103,170,42,37,197,186,70,182,185,54,160,233,73,29,174,173,83,70,135,81,121,257,285
"ENSG00000103145",208,260,257,137,133,442,547,429,296,308,424,356,370,376,196,338,382,281,792,345,440,485,233,549,96,211,147,884,188,309
"ENSG00000103150",121,189,120,85,102,180,144,127,196,109,94,130,194,171,147,172,81,201,75,136,90,137,140,47,46,155,211,133,130,118
"ENSG00000103152",166,192,235,72,165,243,265,217,199,122,224,152,260,367,163,232,206,199,86,212,251,225,241,114,64,170,233,122,123,130
"ENSG00000103160",32,106,121,74,30,94,71,54,126,43,48,80,86,57,138,155,29,102,81,85,43,75,76,18,60,117,83,80,118,121
"ENSG00000103168",918,610,491,281,402,694,616,588,377,2120,594,703,653,843,543,480,594,592,547,629,392,870,662,630,157,424,574,762,373,384
"ENSG00000103174",124,150,120,84,110,119,129,170,179,155,134,117,123,116,95,69,94,167,61,113,79,141,105,87,51,142,168,100,98,82
"ENSG00000103187",3966,4714,7103,253,6459,7329,5587,6786,2600,252,4788,6229,3022,4587,3205,4851,7214,5956,5525,1331,11526,4316,3083,4737,2925,7550,4492,9133,3313,4691
"ENSG00000103199",134,163,153,101,123,168,175,160,174,230,145,139,147,200,189,165,120,233,107,192,175,136,140,101,86,142,155,121,119,133
"ENSG00000103202",143,411,244,193,72,353,273,156,277,155,144,96,319,268,296,335,241,207,215,170,70,282,357,177,131,185,298,220,213,275
"ENSG00000103222",1250,1151,1363,610,810,1392,1271,1252,1189,896,1387,1290,1255,1360,1765,1762,833,1695,963,1581,1809,1532,1127,826,994,1471,1703,1191,1128,1359
"ENSG00000103227",21,45,43,13,10,50,37,31,29,106,39,30,43,21,28,16,27,34,25,57,12,57,16,52,12,21,22,32,26,23
"ENSG00000103245",234,444,524,213,208,466,272,488,392,705,283,449,463,519,310,454,360,448,560,436,338,536,315,497,127,490,340,566,287,314
"ENSG00000103248",250,282,225,119,155,298,217,225,250,230,216,260,378,321,283,254,152,328,157,231,248,297,291,160,85,257,220,316,185,231
"ENSG00000103249",620,690,756,427,1070,913,574,722,878,1818,522,760,952,756,1028,904,680,1020,465,763,710,1316,1022,642,383,935,731,418,515,459
"ENSG00000103253",115,134,134,53,112,183,118,111,162,190,141,115,170,202,141,143,137,168,185,105,111,198,163,151,62,190,135,96,74,93
"ENSG00000103254",85,400,184,73,116,309,171,273,289,391,122,226,268,217,221,264,137,185,314,122,70,280,258,261,41,186,269,131,138,155
"ENSG00000103257",2907,2929,5179,1325,3097,5614,4636,2369,5926,812,3263,2155,5641,3229,7830,5711,2804,6447,2230,6614,4230,2373,4692,2297,1331,2929,3836,3394,1847,2830
"ENSG00000103260",4,43,42,8,26,106,97,84,240,52,66,173,147,79,157,128,65,82,146,54,45,103,141,48,16,50,53,135,32,52
"ENSG00000103264",212,176,205,95,182,150,121,173,170,137,224,81,167,223,190,261,85,262,49,235,206,142,146,59,84,191,271,127,107,108
"ENSG00000103266",499,512,286,149,344,453,292,494,440,350,462,302,480,480,334,381,404,400,216,356,371,332,396,239,113,359,444,386,227,224
"ENSG00000103269",5,7,10,0,4,14,9,11,2,16,8,9,18,9,7,5,5,12,7,7,4,9,20,8,3,15,6,6,4,4
"ENSG00000103274",246,430,384,134,198,424,371,247,269,277,279,230,412,340,377,461,418,365,353,355,255,280,348,321,153,355,310,367,262,239
"ENSG00000103275",281,282,337,145,233,397,361,373,304,139,253,343,277,520,323,352,277,399,316,377,272,297,367,195,97,290,310,482,202,277
"ENSG00000103316",64,200,7,101,69,87,61,349,822,1280,15,54,39,53,170,79,9,109,68,237,7,311,58,50,36,49,6,211,335,318
"ENSG00000103319",786,855,827,584,506,958,727,527,740,883,724,609,801,795,1169,1364,571,931,604,959,1476,843,891,337,632,661,793,612,644,627
"ENSG00000103326",1115,768,678,236,627,945,639,953,684,719,862,637,929,957,574,849,723,753,587,693,925,789,674,669,206,649,841,804,384,432
"ENSG00000103342",993,1466,964,732,770,1132,995,798,1116,210,664,958,1138,704,1652,1278,797,1434,823,1379,961,675,805,514,578,1097,967,1258,1062,1258
"ENSG00000103343",130,116,95,35,68,82,109,75,93,78,84,90,136,111,93,80,89,131,65,115,106,87,93,43,33,77,119,114,69,66
"ENSG00000103351",21,71,46,40,38,83,70,40,86,24,26,61,84,33,85,57,51,50,62,49,16,55,55,31,22,55,37,60,53,74
"ENSG00000103353",51,149,86,65,55,132,74,85,107,35,70,71,79,88,129,146,34,92,41,77,73,86,105,28,44,86,115,41,81,63
"ENSG00000103356",207,208,147,158,80,189,217,274,142,61,163,130,172,222,230,230,54,232,54,202,111,138,147,64,96,188,286,138,131,209
"ENSG00000103363",112,354,199,130,113,325,186,255,259,227,103,154,283,240,219,241,195,168,294,117,83,268,312,152,119,277,277,180,160,200
"ENSG00000103365",1042,2141,1831,916,891,1725,2011,1763,1688,1332,1429,1723,1544,1634,2146,1778,910,1765,1202,1694,989,1953,1459,885,1192,2288,2103,1233,2149,2381
"ENSG00000103381",69,162,157,57,77,112,232,147,17,24,51,79,56,114,167,115,73,167,77,119,48,85,61,62,46,152,67,136,81,104
"ENSG00000103404",28,42,46,15,14,40,26,19,33,21,19,24,41,36,34,67,23,47,17,27,26,31,29,13,12,30,37,45,12,25
"ENSG00000103415",657,833,393,383,330,528,507,755,700,247,358,490,690,571,555,498,543,618,529,504,397,572,479,378,211,529,543,677,465,545
"ENSG00000103423",1058,1328,900,714,750,1166,940,1017,958,557,675,744,1245,919,1233,1168,940,1117,588,996,682,884,999,589,488,938,996,1006,730,904
"ENSG00000103426",529,536,496,241,372,313,470,572,318,424,660,443,396,538,462,381,270,618,155,667,482,413,341,227,229,524,685,302,296,336
"ENSG00000103429",315,674,497,350,284,555,524,486,513,190,398,371,546,462,749,659,365,672,277,710,381,411,542,201,267,584,420,447,536,548
"ENSG00000103479",270,639,565,368,301,543,591,381,608,296,451,594,540,468,712,656,322,677,452,586,272,463,445,306,296,600,606,533,778,757
"ENSG00000103485",6,14,14,3,3,10,7,10,4,5,20,7,14,7,19,17,7,13,6,14,8,11,5,7,5,10,8,12,10,7
"ENSG00000103489",77,148,146,32,134,45,58,57,18,54,110,88,57,70,31,46,52,171,50,56,251,31,35,74,39,80,173,36,50,65
"ENSG00000103490",115,410,158,188,76,195,333,364,290,255,196,343,220,259,207,162,170,285,449,302,123,407,201,538,65,258,142,337,226,317
"ENSG00000103494",54,76,54,68,48,36,62,46,50,30,35,50,58,37,78,88,34,75,37,56,35,46,42,26,28,71,61,52,64,84
"ENSG00000103495",4299,4309,3964,1884,2650,4555,4329,3854,4318,2625,4672,3877,4443,4076,4412,4428,5424,4104,3782,5254,4764,3421,2444,4254,1327,3746,4294,6259,2785,3462
"ENSG00000103502",269,707,505,208,332,572,452,558,558,328,362,425,772,509,529,528,427,535,325,422,299,565,546,283,177,493,351,416,430,406
"ENSG00000103507",542,273,332,106,186,354,295,382,316,95,494,199,335,419,338,393,442,301,129,480,548,278,266,134,117,255,382,427,183,253
"ENSG00000103510",296,442,452,270,235,578,527,417,444,461,411,379,594,430,418,558,447,460,506,490,364,460,447,398,180,397,345,694,337,450
"ENSG00000103522",1691,2801,2639,1410,2296,2881,2483,1799,1930,1001,2080,1386,2217,2606,2644,3442,1616,3733,1004,2021,2357,2525,2275,1051,1729,2905,3056,1030,1911,1463
"ENSG00000103528",9,32,26,13,20,9,10,7,9,46,9,3,29,39,20,10,22,39,13,17,18,1,18,8,4,59,26,1,4,0
"ENSG00000103540",214,668,331,301,185,210,204,273,324,67,125,244,187,125,329,370,111,378,281,297,162,224,142,79,125,284,298,405,358,491
"ENSG00000103544",219,406,277,229,217,261,362,389,374,223,208,360,317,349,315,246,163,417,280,452,200,300,215,238,130,321,275,376,268,356
"ENSG00000103549",341,262,204,135,155,185,191,248,180,96,183,187,208,218,247,265,126,236,71,338,292,171,133,49,92,229,254,279,142,152
"ENSG00000103550",247,233,125,94,107,200,222,141,152,178,114,217,158,185,187,150,230,176,339,150,129,195,106,232,56,135,162,229,146,149
"ENSG00000103569",34,70,16,12,0,77,57,33,10,75,27,16,32,50,73,214,18,67,15,64,1,24,110,23,7,14,12,39,110,23
"ENSG00000103591",222,807,238,380,300,321,214,326,479,201,137,317,292,234,429,368,134,520,299,277,174,254,285,163,209,389,368,303,513,429
"ENSG00000103642",92,257,177,99,117,252,231,160,283,71,209,185,338,160,287,387,159,205,107,139,127,233,231,69,107,185,182,141,193,159
"ENSG00000103653",5455,5530,3882,2820,2954,4912,4036,6533,5297,3481,4382,3889,5313,4583,4814,5021,4278,4547,3782,4882,5430,4079,4303,3399,1623,3968,4841,5590,3598,3603
"ENSG00000103657",91,98,139,87,71,33,80,31,95,59,84,107,22,55,134,164,17,165,45,124,270,47,51,24,105,83,195,44,95,66
"ENSG00000103671",98,279,153,134,127,211,110,155,170,127,96,181,227,184,230,215,150,211,115,170,81,183,216,92,93,155,116,180,180,212
"ENSG00000103707",86,213,119,80,75,165,105,136,166,60,109,112,245,94,156,178,121,206,132,135,86,101,128,78,47,134,124,145,122,164
"ENSG00000103740",2,8,5,4,2,7,4,9,4,16,1,11,7,2,8,6,9,4,11,2,53,10,7,13,3,8,1,8,5,5
"ENSG00000103742",7,50,12,9,82,22,22,5,21,63,27,15,20,15,13,33,13,62,15,3,75,17,2,53,7,33,11,5,13,17
"ENSG00000103769",265,1243,578,625,314,868,708,583,806,514,343,719,999,425,1037,975,491,769,1020,520,214,845,978,486,389,740,460,711,1054,1114
"ENSG00000103811",1852,5706,4020,1997,3097,4138,5490,5176,2844,3647,2087,3227,6313,4340,3323,4323,4181,4300,3512,1944,2527,6365,5277,3388,2357,5152,2437,2799,2376,2337
"ENSG00000103855",3,13,2,3,2,10,9,4,10,2,2,0,17,7,8,9,2,22,0,14,0,3,11,2,7,2,3,0,4,8
"ENSG00000103876",248,575,287,166,298,373,325,339,489,142,207,268,354,376,278,201,329,443,429,190,212,411,328,294,254,281,436,292,491,546
"ENSG00000103932",518,786,565,522,292,518,607,676,598,449,555,487,601,582,574,568,313,606,402,508,361,600,393,314,245,477,915,466,441,657
"ENSG00000103942",11,4,9,5,5,11,15,7,4,1,16,1,19,14,14,10,17,10,6,7,6,5,5,6,4,10,4,8,7,11
"ENSG00000103966",2412,3322,1884,1183,1229,2705,2954,2482,3204,643,1856,1768,2575,2302,2885,2807,1219,3349,1645,2718,1800,2641,2070,1232,1004,2242,2796,1948,2195,2403
"ENSG00000103978",20,43,39,31,34,45,29,26,57,22,26,29,34,31,70,68,25,45,21,36,35,29,30,12,24,38,43,25,36,48
"ENSG00000103994",618,1414,1093,969,637,892,1002,911,1730,361,650,940,885,767,1716,1912,491,1107,818,1213,796,997,617,396,607,1052,1211,869,1178,1439
"ENSG00000103995",118,389,369,288,117,379,423,253,356,263,216,328,209,182,393,498,140,343,512,344,92,308,194,214,117,276,304,497,425,639
"ENSG00000104055",375,229,109,44,111,220,117,122,135,37,101,75,208,105,176,163,269,169,152,99,121,208,201,149,139,46,114,78,142,189
"ENSG00000104064",116,310,243,155,160,354,263,246,251,83,136,203,386,173,373,374,145,287,138,314,113,205,326,116,110,278,177,242,203,255
"ENSG00000104081",93,126,149,87,103,109,131,202,104,136,298,94,154,278,173,203,116,173,36,238,229,166,139,58,59,155,99,95,77,70
"ENSG00000104093",134,264,204,307,110,136,214,158,145,231,75,116,126,111,248,381,72,197,94,156,135,124,198,112,186,127,224,81,279,250
"ENSG00000104129",85,114,100,72,78,124,129,144,157,166,104,157,129,91,111,118,130,108,171,105,85,152,100,152,37,101,76,172,93,75
"ENSG00000104131",182,344,210,104,227,315,255,202,319,276,174,257,322,196,303,333,413,336,453,205,158,226,187,611,91,222,189,228,163,162
"ENSG00000104133",380,733,670,527,357,546,704,668,768,507,645,602,526,596,749,990,257,909,359,852,523,515,430,246,434,733,781,612,715,953
"ENSG00000104140",65,105,252,39,140,322,135,114,104,73,282,114,488,225,232,372,411,322,66,111,171,236,522,61,100,130,156,93,106,76
"ENSG00000104142",617,772,633,410,445,582,498,551,710,360,394,397,726,637,683,900,323,729,267,584,603,503,472,163,306,653,605,475,430,374
"ENSG00000104147",62,233,73,104,32,144,141,128,211,73,50,90,136,84,159,141,63,99,133,120,39,70,106,63,38,89,120,123,156,198
"ENSG00000104154",10,60,14,36,10,8,32,32,55,18,26,28,11,13,13,22,1,44,11,12,13,18,12,6,8,25,59,30,30,55
"ENSG00000104164",2,18,11,6,8,20,10,8,12,3,6,12,14,6,33,21,1,20,4,12,2,14,15,4,6,13,15,11,19,19
"ENSG00000104177",165,290,167,222,148,274,246,157,363,140,190,360,240,157,330,278,103,346,261,269,173,175,223,130,70,155,171,290,317,317
"ENSG00000104221",28,52,46,20,45,50,43,55,55,16,31,27,40,50,56,49,31,33,19,41,21,30,44,12,15,45,43,24,27,37
"ENSG00000104267",5,58,31,45,3,41,41,44,54,12,26,7,71,18,34,84,6,12,11,28,19,48,41,7,2,13,17,57,10,40
"ENSG00000104341",7,14,43,36,2,1,6,4,40,4,24,1,9,4,44,5,5,7,1,19,0,3,3,0,10,31,10,0,27,32
"ENSG00000104442",14,34,32,21,19,31,45,31,28,8,25,23,31,30,36,46,9,34,17,30,19,22,24,8,14,27,43,23,21,31
"ENSG00000104472",1,7,2,5,6,4,15,5,10,4,5,7,6,5,7,10,2,8,5,10,2,5,7,1,0,8,10,10,3,12
"ENSG00000104518",544,968,319,494,433,540,572,829,915,955,486,777,493,597,466,716,387,716,777,521,273,856,557,542,159,588,891,490,536,681
"ENSG00000104522",228,318,115,158,148,199,155,230,161,138,135,176,174,182,178,167,181,195,121,161,96,176,169,91,75,161,194,205,158,141
"ENSG00000104524",6,46,7,17,10,25,12,20,33,5,7,9,26,13,14,31,6,26,12,10,5,15,13,2,4,25,27,10,17,18
"ENSG00000104529",624,775,516,251,575,584,755,565,661,770,762,529,690,970,381,605,1050,513,759,462,646,790,749,1007,295,592,513,566,516,629
"ENSG00000104643",131,293,171,204,105,175,160,161,225,216,102,191,219,134,303,303,83,227,157,138,131,190,179,45,148,182,192,124,194,225
"ENSG00000104660",8,76,37,22,11,48,43,48,52,11,12,15,53,31,53,62,16,48,37,19,5,51,45,11,10,38,25,17,52,76
"ENSG00000104687",71,127,76,69,41,82,107,74,108,26,48,70,78,72,153,139,29,79,48,94,91,50,80,16,60,94,90,94,102,130
"ENSG00000104731",195,368,260,186,204,440,276,235,321,264,199,285,453,246,354,365,216,299,300,287,127,421,313,199,122,321,280,232,212,263
"ENSG00000104765",25,107,279,58,106,296,252,142,186,62,146,218,214,223,344,295,102,190,171,183,49,273,205,97,130,256,151,178,206,264
"ENSG00000104783",813,1360,822,331,666,904,777,683,297,474,582,1130,1289,1160,547,769,1053,1334,1035,414,368,1018,777,1130,400,1175,980,676,662,579
"ENSG00000104814",2738,2791,1932,1556,1254,2138,2057,4803,2069,4182,2573,2895,1697,2962,1917,2023,2085,2713,2560,2481,2469,2486,1297,2400,970,1921,1909,4123,1855,1807
"ENSG00000104823",1317,2168,1926,899,1015,2255,1672,2051,1933,1539,1869,1558,2247,2593,1792,1559,2457,1775,2439,2321,1579,2490,2158,1796,685,1760,1990,2289,1322,1437
"ENSG00000104824",107,216,139,122,132,156,111,151,176,100,87,89,134,157,150,144,86,152,127,189,95,135,104,48,88,128,187,168,157,181
"ENSG00000104825",723,638,527,197,454,637,491,559,406,545,693,435,589,816,453,475,918,572,475,617,640,586,487,670,128,440,576,630,228,216
"ENSG00000104833",17,31,12,12,12,18,28,13,5,1,18,9,11,19,11,16,3,8,20,11,8,14,8,7,11,5,16,51,1,6
"ENSG00000104852",4542,4086,2346,1129,2413,3224,2319,3440,3043,4958,3416,2907,2554,3287,1864,2525,3361,2723,3241,2830,2793,3163,2160,3324,784,2362,3539,4328,1818,2169
"ENSG00000104853",1117,1134,1001,561,714,1010,852,1406,940,1148,710,900,949,1050,890,1036,701,1006,642,1101,1095,1139,750,722,447,977,1016,1191,645,811
"ENSG00000104859",1073,688,880,269,694,1004,865,931,645,2304,1156,1035,1046,1074,754,747,1105,940,853,1066,986,1068,877,1105,292,867,745,1318,467,498
"ENSG00000104866",126,246,167,85,100,166,148,214,129,280,125,227,182,192,141,158,118,196,171,156,113,240,141,150,68,156,205,152,136,127
"ENSG00000104870",4,14,8,28,1,12,42,5,107,46,5,5,61,29,61,28,10,65,20,35,0,26,9,7,5,3,1,15,22,4
"ENSG00000104872",397,574,496,256,396,534,421,415,529,347,359,394,514,538,523,519,501,471,352,476,417,441,462,224,224,497,560,434,345,409
"ENSG00000104880",695,626,859,330,399,563,555,721,514,237,1084,508,592,741,638,943,305,658,201,786,1438,473,388,206,251,554,935,430,353,473
"ENSG00000104883",4,6,4,3,9,5,12,5,18,31,3,11,13,13,12,8,3,20,7,4,7,10,14,12,6,12,11,10,10,5
"ENSG00000104884",181,234,164,127,89,154,149,190,167,99,130,110,180,205,149,223,105,149,74,166,201,133,105,40,59,143,244,169,108,138
"ENSG00000104886",584,1016,505,375,490,837,591,787,859,626,404,616,1020,705,727,771,640,776,634,507,329,654,835,404,302,703,760,512,524,527
"ENSG00000104888",1,2,13,1,26,9,1,2,2,0,4,8,9,0,5,3,6,17,5,2,16,5,3,1,4,10,4,3,1,2
"ENSG00000104889",439,884,446,315,301,696,636,596,638,313,468,464,623,499,531,531,594,521,814,628,282,406,379,610,114,443,687,703,423,628
"ENSG00000104894",422,955,1838,861,684,1378,1503,1461,1148,1115,1324,878,1909,1465,1887,1734,996,1383,875,1427,848,1372,1454,835,937,1924,603,1123,889,988
"ENSG00000104897",3016,1721,2536,685,1286,2416,2410,2279,1554,2422,3420,2334,2860,2691,1662,1837,5034,2183,2744,3092,2790,2170,1821,5492,445,1609,1594,4349,926,1145
"ENSG00000104899",11,6,4,1,5,3,2,7,3,28,4,13,11,5,7,4,2,6,3,4,2,3,3,9,1,10,0,11,3,2
"ENSG00000104903",260,130,298,83,93,349,455,228,501,244,412,164,311,422,317,333,286,216,294,393,121,247,126,384,88,331,166,372,175,213
"ENSG00000104904",7681,7025,7618,3027,4670,10369,6901,9188,7734,3725,8140,6393,11296,9436,7903,7751,11982,6785,7268,7951,9557,9102,9610,6858,2616,7265,6357,10627,4952,6230
"ENSG00000104907",568,552,423,311,435,475,431,385,430,544,368,414,487,500,432,359,589,535,494,458,368,496,442,739,181,508,479,380,299,303
"ENSG00000104915",187,228,267,117,154,265,270,250,300,198,272,197,218,251,254,223,210,229,221,222,130,220,176,140,67,248,230,227,161,221
"ENSG00000104921",6757,3822,6133,2064,7640,4635,7292,335,4104,13925,11254,2668,5417,7376,5060,5949,9699,12404,3963,6232,14967,1704,7350,6468,5974,9846,2582,1313,3564,879
"ENSG00000104936",443,400,260,180,379,343,298,340,401,1304,303,476,312,404,309,304,336,579,354,239,271,447,330,547,129,331,338,327,243,163
"ENSG00000104946",751,657,860,369,568,798,789,840,471,1077,1321,752,965,1267,621,708,1111,882,632,797,1087,1074,619,691,300,1061,570,835,487,393
"ENSG00000104951",2840,2256,3218,1118,1722,3940,3465,2596,1738,4270,6267,2767,6055,5135,1929,4009,2551,2205,3978,1493,7426,4237,3940,3281,1784,6759,1128,1585,925,1156
"ENSG00000104957",281,390,351,188,277,483,301,402,262,1078,326,427,586,505,374,323,432,467,419,327,238,517,486,485,116,393,298,348,256,245
"ENSG00000104960",361,525,359,252,301,521,465,477,378,611,327,421,533,515,379,411,431,491,461,402,187,579,412,442,145,472,506,513,319,354
"ENSG00000104964",7489,7216,5779,2857,4447,7224,6684,9226,6480,7773,8574,8319,7944,8472,4897,6193,9304,6853,8184,8018,7760,8628,5644,10005,2005,6147,5285,10350,4689,4711
"ENSG00000104969",911,581,559,262,451,633,503,565,470,215,550,388,713,806,516,702,483,615,260,737,809,458,490,237,176,513,676,725,327,407
"ENSG00000104970",6,15,3,22,4,12,16,29,20,12,11,13,6,13,31,17,4,15,9,31,13,38,6,10,6,24,8,23,3,18
"ENSG00000104973",377,174,144,47,138,170,193,235,103,247,339,256,203,289,113,143,348,194,247,249,295,171,143,488,29,122,170,336,77,76
"ENSG00000104979",994,1378,1337,525,882,1420,1411,1663,822,1057,1381,1372,1949,1431,938,1025,2185,1346,1906,1301,833,1679,1422,2420,481,1226,835,1896,730,817
"ENSG00000104980",512,878,628,410,550,977,784,660,736,606,480,560,1319,674,960,936,536,898,776,641,412,731,996,666,282,592,617,721,464,538
"ENSG00000104983",196,297,180,100,183,296,254,278,240,259,230,200,260,296,186,222,254,215,238,257,140,200,155,163,70,218,284,269,163,181
"ENSG00000104998",327,1132,523,431,447,1235,708,542,792,642,516,327,700,635,610,706,476,1293,621,404,167,725,578,715,243,676,766,638,380,430
"ENSG00000105011",408,509,226,205,170,329,285,434,390,110,299,179,223,248,237,288,184,293,190,351,170,161,163,167,92,229,624,386,237,374
"ENSG00000105053",220,364,261,194,180,273,273,364,342,203,275,230,333,337,397,287,191,352,179,359,185,292,333,114,121,298,343,250,241,326
"ENSG00000105058",652,773,481,337,393,624,568,596,673,383,444,729,650,559,553,540,557,637,643,602,456,505,566,542,184,503,529,666,412,506
"ENSG00000105063",3082,3738,2004,1385,1408,2554,2672,3534,2492,2217,2489,2326,2169,2349,2059,2388,2068,2530,2674,2758,2423,2338,1278,2159,733,2071,2686,3308,1671,2178
"ENSG00000105072",112,103,109,82,46,138,100,76,100,164,84,93,115,131,116,117,88,122,87,114,75,140,100,101,27,107,115,112,60,71
"ENSG00000105085",171,172,246,121,97,223,220,226,153,131,250,153,233,233,190,205,131,198,102,178,193,245,169,119,71,155,177,221,134,193
"ENSG00000105122",2019,2526,1493,1492,1553,1994,1871,3228,2612,3373,1956,2267,1553,2669,1655,1781,995,2160,1574,2534,1626,2647,1407,1519,740,1839,2016,2035,1661,1702
"ENSG00000105127",589,685,501,334,423,595,534,560,653,758,432,631,538,583,562,582,302,668,411,632,541,518,484,335,223,623,588,636,426,543
"ENSG00000105135",23,114,124,60,28,129,88,104,167,77,47,63,131,68,129,154,35,88,50,56,22,125,105,29,41,117,96,35,120,140
"ENSG00000105146",4,4,6,7,0,8,6,9,4,36,11,11,13,9,9,5,4,5,13,5,0,15,7,3,1,5,8,5,5,6
"ENSG00000105171",213,449,198,195,205,280,240,310,312,222,185,323,364,230,266,250,241,286,388,258,129,247,295,205,91,276,204,402,271,335
"ENSG00000105173",332,437,160,166,166,203,306,357,283,182,173,236,195,203,274,220,173,329,234,230,99,167,197,260,65,182,438,345,249,248
"ENSG00000105176",286,723,553,328,291,630,535,536,845,225,443,455,707,346,887,776,362,689,373,758,348,392,455,244,277,635,449,587,662,746
"ENSG00000105185",337,367,211,87,221,371,317,355,241,197,370,193,396,313,202,284,733,346,381,279,209,301,294,521,71,212,375,396,134,138
"ENSG00000105186",23,61,63,66,33,46,61,50,68,17,31,40,60,44,123,98,14,85,16,64,31,52,58,10,49,45,67,35,38,44
"ENSG00000105193",1641,3893,3134,1386,2484,4366,4570,2525,3385,2346,2551,2908,4160,3305,2918,3171,3535,2403,4173,1946,2267,3544,4881,4355,1887,3557,2782,2312,3120,3247
"ENSG00000105197",839,1041,646,428,623,830,737,679,687,546,603,574,1033,812,638,770,1054,797,908,668,490,800,671,928,259,642,774,822,461,539
"ENSG00000105202",3374,4551,4474,2379,3225,4565,5345,3937,4740,1978,3940,3232,4332,4105,4658,4964,5146,4539,4170,5120,3230,3384,3444,3659,1587,4401,4351,5341,3248,3628
"ENSG00000105204",283,183,192,94,197,101,126,272,154,202,258,200,163,233,122,122,246,272,132,204,210,236,112,224,76,170,159,177,122,85
"ENSG00000105216",785,1292,1144,614,831,1296,1311,1188,1470,563,1033,1199,1290,881,1405,1381,803,1202,1131,1453,967,892,929,698,495,1327,972,1679,904,1125
"ENSG00000105220",1096,1435,1924,618,1084,1631,2087,1903,1293,268,2221,1039,1828,2092,1687,2145,1435,1597,527,1912,1149,1338,1056,478,903,1846,1967,1744,1133,1611
"ENSG00000105227",27,27,17,19,18,37,28,36,36,27,35,58,27,25,23,30,16,55,25,35,41,19,16,13,14,29,64,17,39,41
"ENSG00000105229",546,497,488,214,304,512,403,589,405,401,526,513,531,601,412,532,538,517,460,510,487,546,317,415,136,428,453,632,268,277
"ENSG00000105245",106,97,144,22,99,147,125,233,75,46,225,143,186,147,119,179,174,190,118,109,146,116,130,151,30,116,151,128,68,68
"ENSG00000105246",4429,2019,4035,1002,2434,4371,3750,3660,2074,2279,5949,3402,4888,5003,2533,5209,11833,3302,1985,2964,8228,5433,5617,2852,2282,2936,2746,2280,1796,1140
"ENSG00000105248",558,557,612,257,382,579,625,550,571,514,512,445,620,542,455,666,644,574,474,611,566,590,434,552,147,486,443,736,263,311
"ENSG00000105255",16,22,8,19,9,7,15,4,27,2,9,18,9,5,9,9,12,27,16,8,5,10,14,8,2,6,10,70,5,8
"ENSG00000105258",158,588,396,166,237,503,386,436,361,343,218,271,597,343,357,441,469,367,446,309,110,413,402,598,164,354,341,340,269,280
"ENSG00000105270",124,132,72,45,35,84,74,60,114,254,86,109,114,143,146,86,100,192,70,130,94,173,96,51,45,80,47,85,121,57
"ENSG00000105281",728,2106,2255,920,1306,3084,2280,1706,2758,639,1292,1550,3316,1560,3792,3103,1144,2850,1555,2319,1139,1583,2422,540,918,1704,1282,1746,1275,1956
"ENSG00000105287",2320,2486,1630,1626,1185,2040,1882,3024,2606,3227,1856,1715,1921,2240,2194,1975,1078,2257,1644,3079,1462,2008,1328,1401,737,1861,2121,2269,1634,2028
"ENSG00000105290",13,15,17,5,12,8,8,29,13,1,14,21,16,27,4,12,5,25,16,8,10,12,9,5,4,5,17,18,9,9
"ENSG00000105298",290,277,160,128,130,229,198,190,241,248,167,173,263,256,219,221,203,270,171,201,202,179,205,201,72,190,257,235,140,163
"ENSG00000105321",347,461,455,145,272,600,428,478,366,269,548,391,589,438,397,463,414,432,329,582,349,436,324,266,100,315,291,519,213,346
"ENSG00000105323",1420,402,401,163,263,446,635,629,299,280,821,347,309,478,244,276,838,497,353,609,1785,293,222,457,91,302,457,813,190,240
"ENSG00000105325",608,807,850,438,407,884,792,944,728,654,676,677,806,944,815,854,475,825,524,766,582,781,574,438,270,790,839,802,485,647
"ENSG00000105327",59,300,463,101,162,462,267,141,191,231,243,238,484,388,401,460,232,375,266,194,182,535,424,179,100,216,137,145,233,173
"ENSG00000105329",7583,4282,3366,1345,3359,5308,5248,5333,3438,4024,8349,3971,5077,5745,3793,5128,6449,4929,3364,5626,8607,5675,3342,3600,1252,2722,3881,6675,2627,2969
"ENSG00000105341",395,735,470,282,271,556,528,502,589,339,472,472,660,554,489,617,534,525,475,614,342,468,465,536,216,473,477,653,423,473
"ENSG00000105355",860,1690,1340,732,1111,1622,1708,1590,2114,885,1467,1403,1349,1965,967,1285,1101,1922,1396,1259,875,1517,888,1041,765,1788,1715,1341,1167,1563
"ENSG00000105364",1896,2097,1399,755,1365,2017,1507,1618,1592,1116,1415,1011,2124,1669,1261,1648,2260,1573,1480,1304,1547,1465,1513,1316,508,1435,1950,1625,817,1023
"ENSG00000105369",6470,5698,6922,3707,5362,5721,6587,13905,7886,8624,6429,8071,6585,8546,5946,5242,8673,8690,7072,8628,6420,8177,5927,9098,2337,5856,4865,7406,5647,4354
"ENSG00000105371",6,9,17,9,5,11,12,10,10,5,24,38,36,12,6,15,12,23,19,18,10,23,15,12,3,12,8,15,18,24
"ENSG00000105372",1375,2510,3088,922,2457,3087,2736,2592,1973,2951,2533,3014,4121,3848,1882,2274,4537,3088,3565,2267,1129,4056,3844,3620,1246,2693,1988,2205,2109,1415
"ENSG00000105373",43,261,194,65,117,313,361,90,237,397,135,144,482,300,224,338,263,222,389,76,84,324,272,361,129,227,176,59,243,144
"ENSG00000105374",79,79,120,6,98,41,145,41,5,11,38,42,172,142,141,56,331,106,95,79,305,56,72,105,99,126,78,16,40,59
"ENSG00000105376",26,39,46,19,23,60,49,30,19,43,146,178,132,69,24,121,50,68,73,22,21,99,60,64,36,85,56,54,33,29
"ENSG00000105379",399,1030,517,287,379,605,675,574,521,345,343,534,631,570,405,519,429,583,725,406,294,493,415,454,260,543,874,419,543,587
"ENSG00000105383",9,9,22,1,7,7,17,23,3,5,5,2,11,2,2,3,7,18,0,5,41,13,7,22,1,10,7,12,5,3
"ENSG00000105393",702,431,343,247,394,430,370,521,321,328,637,392,426,554,369,435,696,520,307,599,560,353,307,348,148,371,549,721,290,264
"ENSG00000105397",4117,4459,2371,1904,2383,3172,2428,3549,2078,7221,3274,3032,2693,3661,2942,3057,2375,3922,2187,2456,2438,4674,2972,2655,1505,2962,3744,2276,2033,2014
"ENSG00000105401",2530,2213,1409,738,1246,1570,1470,1664,1333,2037,1696,1596,1678,1760,1229,1471,2221,1778,1389,1682,1274,1922,1458,1561,676,1592,1764,1955,1015,1218
"ENSG00000105402",3132,3068,1554,1556,1324,2157,1953,3405,2298,2073,1789,1624,2417,2828,2201,1672,2456,2343,2261,2593,2338,3335,2087,2478,670,1753,1464,3251,1599,1820
"ENSG00000105404",412,588,449,117,307,340,448,611,466,482,421,638,463,635,260,317,469,427,659,334,267,643,475,439,158,466,426,400,517,431
"ENSG00000105426",37,32,351,18,614,100,25,9,54,626,340,57,69,86,125,99,57,433,116,52,644,107,51,24,52,417,104,259,14,126
"ENSG00000105429",502,375,343,328,287,370,367,376,565,597,370,341,310,431,599,658,150,549,216,591,368,452,317,192,136,341,769,295,351,357
"ENSG00000105438",1304,1365,1642,528,827,1747,2069,1739,1150,940,2324,2411,2250,1966,1650,1627,2478,1440,1765,2020,2127,1812,1491,1677,538,1382,1129,1974,1204,1467
"ENSG00000105447",566,625,438,291,360,455,366,495,501,114,261,221,590,455,443,652,301,615,144,370,434,246,386,113,140,399,644,341,248,259
"ENSG00000105464",16,8,12,2,22,13,11,18,10,17,21,20,17,16,9,20,51,22,13,18,47,2,23,20,2,12,11,12,9,7
"ENSG00000105486",1576,1677,923,974,578,1323,1365,1476,1299,1122,878,1011,843,1073,1073,1138,651,1217,1331,1763,750,861,739,915,373,919,1680,1817,1093,1540
"ENSG00000105497",48,181,112,106,86,114,119,123,138,98,72,113,128,103,182,150,52,162,67,108,57,101,93,57,76,139,111,77,140,119
"ENSG00000105499",97,31,90,42,86,163,40,41,52,88,94,98,88,150,171,164,102,39,40,118,111,135,107,13,33,65,74,37,56,50
"ENSG00000105514",172,108,129,80,68,102,127,186,110,77,132,64,173,148,241,166,70,122,41,293,292,97,166,25,44,68,157,130,119,117
"ENSG00000105516",43,36,106,13,12,95,101,104,54,41,213,81,113,85,79,89,83,66,47,96,80,107,82,63,13,58,44,133,62,56
"ENSG00000105518",168,470,259,172,173,406,316,355,361,428,236,320,423,318,359,402,287,355,354,270,161,448,406,322,152,267,256,266,265,274
"ENSG00000105519",56,56,49,28,55,61,41,51,54,388,50,114,47,71,35,26,77,85,69,48,36,72,64,116,23,53,42,66,46,39
"ENSG00000105520",64,32,34,28,64,48,36,83,60,264,70,64,51,48,53,50,69,106,38,55,52,97,79,63,12,43,59,62,38,42
"ENSG00000105552",426,1134,632,357,364,892,653,803,863,472,584,584,858,669,625,724,586,786,674,577,415,1172,616,530,241,558,631,821,495,624
"ENSG00000105556",446,424,457,94,272,344,379,482,308,315,538,485,584,790,284,413,501,408,388,401,380,494,328,382,130,440,404,509,231,292
"ENSG00000105559",52,65,43,4,12,159,216,79,32,20,153,152,51,63,19,124,21,56,92,35,312,106,55,38,9,26,154,62,32,56
"ENSG00000105576",849,825,777,562,417,788,749,842,512,954,622,488,651,775,1067,944,324,859,387,942,643,706,641,342,384,765,1003,729,507,591
"ENSG00000105583",107,1007,618,409,359,938,689,692,856,496,318,504,1180,476,862,764,475,865,684,403,172,893,938,446,344,757,439,324,685,671
"ENSG00000105607",387,581,327,356,274,449,356,346,446,403,340,258,397,436,468,454,355,417,303,373,236,365,343,239,130,346,512,318,285,319
"ENSG00000105612",243,447,539,281,217,791,605,648,964,309,593,417,784,691,999,816,445,617,434,817,448,469,778,320,184,402,344,590,368,435
"ENSG00000105613",7,12,17,6,7,33,26,14,55,22,32,33,40,37,26,22,34,26,24,28,18,17,34,25,2,16,37,34,10,10
"ENSG00000105617",175,170,132,70,115,187,172,234,158,124,198,193,266,217,133,188,225,159,208,207,174,176,192,248,49,138,135,282,92,110
"ENSG00000105619",272,347,187,112,207,287,190,221,291,289,217,305,278,316,254,192,339,211,210,244,207,228,209,300,90,185,184,267,162,168
"ENSG00000105639",224,195,199,149,161,208,201,265,203,313,266,177,154,291,221,338,85,322,72,209,150,253,135,74,153,210,409,108,177,151
"ENSG00000105640",14,37,33,28,52,30,44,22,26,19,31,18,43,31,23,35,67,32,24,56,8,24,63,20,15,29,19,20,26,29
"ENSG00000105641",6,13,2,0,3,8,6,4,1,10,5,6,9,19,2,14,10,11,3,4,2,3,4,7,0,4,7,3,11,7
"ENSG00000105642",46,50,78,13,44,92,63,53,22,64,122,39,169,108,122,163,216,80,39,90,53,86,157,80,33,44,54,31,86,35
"ENSG00000105643",74,135,286,45,112,302,186,162,194,235,166,248,226,196,236,259,177,187,171,166,104,281,264,167,96,324,121,154,129,152
"ENSG00000105649",4,13,19,11,6,8,15,17,11,7,13,3,3,10,9,9,7,5,5,12,7,14,5,2,5,17,7,15,8,13
"ENSG00000105650",18,24,14,9,8,19,23,20,4,9,12,15,15,20,10,6,10,20,28,9,6,9,6,19,7,5,15,17,20,13
"ENSG00000105655",160,121,105,129,28,473,226,147,500,113,235,159,407,227,649,360,223,394,413,324,99,258,303,226,110,211,97,440,200,283
"ENSG00000105656",506,277,243,136,183,205,236,418,239,178,348,176,205,356,245,310,145,262,99,458,418,250,159,96,123,267,289,353,172,236
"ENSG00000105662",107,42,49,28,52,46,63,80,58,103,86,53,65,74,50,74,51,97,29,94,142,66,57,44,10,47,37,73,35,32
"ENSG00000105663",316,158,178,119,145,147,216,204,145,307,279,228,129,216,211,258,145,335,171,338,296,221,102,254,85,163,261,251,110,134
"ENSG00000105664",2,0,2,2,0,26,26,1,8,2,1,0,20,3,17,57,0,12,7,6,0,11,5,1,1,1,0,5,1,3
"ENSG00000105668",1,3,12,0,5,10,8,4,8,6,20,5,5,6,8,10,12,16,6,14,5,6,2,11,11,3,5,5,6,6
"ENSG00000105669",2108,2119,1811,888,1251,1776,1779,2806,1438,1695,2302,1762,2212,2182,1504,1587,3235,1786,2369,2291,1915,2092,1748,3470,637,1673,1684,3051,1422,1481
"ENSG00000105671",621,1149,761,439,585,885,766,828,758,640,407,596,947,651,789,720,575,831,785,706,387,831,638,570,293,815,779,753,501,602
"ENSG00000105675",10,9,31,1,4,18,6,9,1,28,17,22,15,35,5,37,13,21,28,9,38,17,8,11,28,14,16,5,5,12
"ENSG00000105676",356,664,417,350,311,605,420,406,585,221,218,265,586,385,605,538,259,528,256,362,282,343,438,182,180,468,451,265,302,349
"ENSG00000105677",114,435,406,132,219,503,267,237,248,145,175,270,583,284,354,435,346,279,243,167,154,330,451,171,232,408,285,195,264,255
"ENSG00000105679",36,34,28,19,24,36,40,15,22,81,25,45,38,35,47,40,3,53,27,22,18,38,57,19,15,49,63,24,40,39
"ENSG00000105698",1541,1708,3210,671,1843,2719,2061,2335,1700,1334,2867,2072,3063,2985,1965,2293,3431,2180,1737,2117,2755,2534,2109,2147,1025,2687,1510,2350,1339,1326
"ENSG00000105699",410,533,580,167,308,726,481,778,598,325,601,628,536,685,306,885,739,503,596,508,738,848,592,668,230,549,338,910,348,361
"ENSG00000105700",1661,1648,1361,705,960,1456,1410,1580,1154,993,1432,1250,1588,1733,1217,1480,2040,1630,1415,1458,1761,1310,1520,1311,595,1277,1143,1862,1047,1135
"ENSG00000105701",3318,3612,3464,1407,2203,3824,3325,4652,3803,2647,4834,2980,4391,4819,3038,3414,4648,3207,3255,3635,3746,3934,2738,3851,1423,2718,3003,4376,2458,2819
"ENSG00000105705",170,55,51,29,50,48,41,73,50,48,67,66,60,83,68,41,51,65,19,93,156,36,39,14,19,51,58,85,24,33
"ENSG00000105717",26,52,102,28,85,172,119,134,21,113,82,165,98,73,4,150,133,103,52,18,74,174,44,18,30,169,17,82,18,24
"ENSG00000105722",1052,1125,895,358,625,1178,1157,1036,844,727,1208,949,1260,1054,860,1093,1010,1323,694,1259,1135,1012,751,851,290,862,821,1478,554,632
"ENSG00000105723",448,313,360,188,264,384,353,419,259,293,337,389,440,490,284,310,426,358,318,378,497,388,298,248,117,348,290,462,177,205
"ENSG00000105732",376,479,662,255,289,600,607,597,415,267,535,369,730,604,498,598,467,527,301,617,403,448,463,310,170,501,450,629,298,351
"ENSG00000105738",10,36,30,17,12,27,20,22,8,11,9,8,12,18,26,26,2,24,7,17,9,30,14,3,17,29,42,7,16,28
"ENSG00000105755",74,482,330,90,169,279,374,225,379,56,181,178,314,225,272,249,225,517,265,156,113,437,220,104,173,505,253,157,200,307
"ENSG00000105767",11,4,9,7,0,6,8,8,6,17,4,15,8,7,5,5,11,16,11,8,6,9,4,17,2,7,6,12,9,8
"ENSG00000105771",683,577,527,292,452,555,517,638,422,598,558,487,470,627,564,455,383,602,599,694,563,371,486,394,211,471,444,622,484,370
"ENSG00000105849",21,70,47,36,31,54,54,31,96,22,10,69,47,35,100,73,41,68,100,57,10,47,41,38,31,52,46,62,50,61
"ENSG00000105879",16,25,39,27,16,34,31,36,24,8,22,15,35,33,64,54,18,45,15,44,22,14,22,5,16,32,23,39,26,31
"ENSG00000105887",388,847,760,612,258,712,682,605,992,125,816,460,604,676,1171,1320,267,949,207,916,681,403,585,145,249,551,768,514,671,820
"ENSG00000105939",239,120,155,104,124,120,123,163,170,66,163,81,132,164,213,185,110,153,56,208,161,84,91,34,46,166,178,177,95,124
"ENSG00000105953",5,36,9,24,6,16,11,14,18,1,3,7,13,9,21,37,5,18,4,11,4,18,12,1,14,16,12,4,21,30
"ENSG00000105968",6,53,25,17,14,74,74,23,59,8,22,13,24,52,32,55,13,28,37,13,2,23,30,29,7,18,49,20,19,37
"ENSG00000105974",1,5,32,4,11,14,13,18,3,2,15,2,18,23,9,30,24,9,3,3,3,11,14,0,8,29,10,7,5,9
"ENSG00000106003",7,4,4,7,2,24,13,6,13,12,12,3,58,4,11,21,6,7,4,9,1,2,44,6,3,4,7,10,5,8
"ENSG00000106028",0,74,21,20,11,26,13,7,31,7,3,28,41,7,30,28,1,19,24,7,1,13,37,3,13,23,8,7,33,31
"ENSG00000106153",98,257,160,117,76,170,186,144,167,46,138,101,175,104,147,169,236,113,127,88,56,132,171,109,70,141,183,89,176,183
"ENSG00000106211",86,310,333,18,95,418,169,77,63,38,198,41,455,171,127,276,733,216,183,103,123,190,586,248,105,252,65,75,77,53
"ENSG00000106261",42,43,50,26,33,38,41,55,44,53,49,36,25,37,44,52,9,57,20,84,28,38,32,15,21,30,62,62,29,49
"ENSG00000106299",10,24,26,13,9,19,22,13,22,9,22,19,16,22,31,33,16,24,8,16,20,18,26,7,14,10,31,15,11,15
"ENSG00000106305",31,38,18,17,15,27,29,26,29,13,14,7,32,17,23,27,31,28,11,22,20,15,17,11,7,19,14,25,7,19
"ENSG00000106330",33,32,22,27,21,35,28,53,33,37,44,52,35,23,20,28,33,49,34,60,40,31,34,35,10,19,30,78,30,33
"ENSG00000106351",5,24,9,7,2,17,4,19,10,6,10,14,26,15,10,11,12,18,8,5,7,15,16,5,4,9,24,7,13,7
"ENSG00000106355",15,179,49,62,30,95,73,18,153,29,8,133,62,21,109,107,6,18,256,11,12,71,68,7,34,104,52,24,128,183
"ENSG00000106367",446,456,159,186,165,288,209,297,356,92,225,183,278,223,352,286,167,278,147,209,352,257,247,77,119,219,307,281,281,339
"ENSG00000106400",175,427,292,89,194,363,288,307,271,312,239,354,534,336,293,230,346,369,446,253,114,462,367,395,79,198,251,279,244,218
"ENSG00000106404",4,14,7,11,6,13,12,13,5,15,9,14,11,10,16,10,11,19,8,9,7,15,15,18,1,11,10,9,17,5
"ENSG00000106538",5,5,5,4,4,25,8,1,7,18,1,1,6,1,15,2,20,7,9,3,1,17,2,8,4,13,3,3,0,2
"ENSG00000106560",3,19,24,20,15,16,9,31,23,2,6,10,17,5,36,17,7,30,5,28,10,27,15,6,17,42,3,11,20,22
"ENSG00000106588",37,588,140,199,74,247,181,169,329,69,50,152,298,104,302,310,54,186,211,82,17,233,320,67,124,242,184,86,378,405
"ENSG00000106591",4,49,26,23,18,39,38,43,33,17,14,35,43,18,39,43,22,61,33,30,6,40,34,33,9,31,22,22,22,32
"ENSG00000106689",7,33,6,3,5,2,12,21,7,5,9,17,9,4,9,45,21,19,39,23,98,18,5,5,2,7,12,24,7,2
"ENSG00000106771",10,37,38,37,16,38,36,27,55,9,12,20,22,12,49,81,8,61,11,26,12,24,24,3,11,57,31,24,39,53
"ENSG00000106780",51,15,9,12,11,5,8,5,8,3,20,6,8,6,35,19,13,19,3,22,23,8,12,4,2,15,16,16,14,12
"ENSG00000106789",19,6,317,10,16,78,7,39,209,1,19,79,4,32,65,73,46,48,9,27,110,4,0,4,31,38,142,21,23,3
"ENSG00000106799",70,261,229,183,166,201,189,92,296,121,137,144,231,110,407,446,113,243,119,157,93,148,179,74,170,305,170,95,274,239
"ENSG00000106803",68,330,157,83,94,109,117,240,157,145,93,214,225,191,149,141,95,222,234,99,29,219,266,188,59,151,181,94,204,144
"ENSG00000106992",66,25,53,6,29,28,46,47,17,136,60,90,51,107,13,17,95,37,60,32,69,72,64,55,18,49,47,51,21,34
"ENSG00000106993",35,73,64,21,32,64,48,45,49,17,42,37,73,65,59,67,37,44,21,45,46,50,66,16,21,49,45,48,34,36
"ENSG00000107014",3,16,4,7,3,7,5,7,12,4,6,12,20,6,7,7,11,6,9,3,3,8,4,3,3,3,8,9,20,8
"ENSG00000107020",36,77,28,21,28,62,52,34,29,21,40,31,64,51,34,66,48,50,54,26,43,39,40,25,26,36,53,32,38,49
"ENSG00000107021",48,66,43,36,27,35,33,32,39,29,32,25,27,38,57,46,11,56,11,32,25,31,27,8,22,27,50,16,30,18
"ENSG00000107140",20,43,43,21,18,51,30,49,19,31,55,24,47,47,36,60,22,44,20,24,27,38,26,11,21,43,36,39,39,39
"ENSG00000107175",214,530,332,187,198,383,428,492,327,221,407,409,493,471,402,398,281,451,342,386,219,487,396,243,155,382,330,278,386,358
"ENSG00000107185",139,116,138,98,65,75,104,120,80,48,127,83,91,98,132,164,61,133,34,190,134,87,86,33,40,108,155,95,77,96
"ENSG00000107201",181,460,106,386,102,142,160,313,359,203,119,170,235,135,463,254,88,308,120,295,241,312,202,60,77,242,81,161,287,309
"ENSG00000107223",2392,2568,1767,881,1412,2082,1627,2385,1796,1788,2026,2080,2438,2674,1812,1753,3383,2008,2344,2438,1817,2202,2206,2934,794,1938,1530,2994,1379,1290
"ENSG00000107338",35,17,39,6,16,48,50,83,17,28,48,48,93,50,42,126,58,21,14,131,100,115,74,27,17,12,22,56,53,25
"ENSG00000107341",1147,1788,1883,858,922,1976,2250,1551,1666,885,2188,1696,2176,1728,2311,2273,1730,1926,1702,2236,1512,2144,1253,1003,969,1698,1165,2252,1883,2188
"ENSG00000107362",38,183,70,92,32,83,54,65,165,37,34,57,61,25,186,128,22,101,32,85,20,61,95,14,53,75,83,47,145,145
"ENSG00000107404",42,36,82,19,32,88,51,69,62,59,81,40,82,58,84,110,46,62,23,46,54,67,96,24,24,69,69,29,29,40
"ENSG00000107443",18,30,29,12,18,17,14,25,20,13,8,24,29,15,24,29,8,39,15,15,9,18,25,11,6,23,16,26,21,18
"ENSG00000107566",29,55,62,35,37,56,50,35,52,12,40,33,33,32,73,90,30,50,25,63,27,34,51,15,29,63,71,43,38,69
"ENSG00000107719",35,18,57,38,55,124,107,15,33,13,75,50,64,40,77,69,57,70,17,15,26,43,49,95,35,95,66,20,66,122
"ENSG00000107745",63,139,138,77,81,171,189,149,122,37,68,89,152,128,189,197,67,138,80,117,49,167,115,38,52,153,121,149,162,169
"ENSG00000107789",2,115,42,36,23,50,53,47,73,11,15,41,56,14,52,97,17,36,28,29,15,33,67,18,27,68,18,38,64,57
"ENSG00000107796",12,73,9,12,19,12,14,33,17,2,14,51,18,19,18,17,8,17,11,12,12,21,10,4,9,26,23,30,25,25
"ENSG00000107815",42,43,37,25,23,49,37,28,29,7,12,20,51,34,53,43,18,62,19,34,25,20,37,16,9,45,45,21,23,14
"ENSG00000107816",64,31,30,17,16,36,42,19,17,15,77,22,57,38,35,43,26,45,10,102,63,39,36,13,24,32,24,48,32,36
"ENSG00000107833",81,285,263,130,113,275,315,168,241,67,93,111,282,178,193,258,146,208,164,132,51,193,204,94,100,213,200,161,185,253
"ENSG00000107854",185,463,327,381,161,355,302,335,541,214,266,298,289,272,663,695,101,468,186,483,270,372,265,60,159,423,378,296,313,510
"ENSG00000107862",63,56,72,59,39,41,48,92,26,28,47,48,20,54,76,50,9,74,13,55,72,48,22,6,32,44,98,27,45,55
"ENSG00000107864",26,50,20,10,12,24,16,45,26,22,27,63,19,52,21,41,18,23,15,40,43,25,13,9,15,21,44,39,40,41
"ENSG00000107874",183,252,115,89,142,175,169,160,216,88,169,147,203,155,162,165,190,205,121,204,177,176,181,138,83,147,168,156,153,161
"ENSG00000107897",33,59,64,40,38,55,46,46,72,18,43,20,68,40,105,119,26,66,13,52,26,48,55,14,45,61,63,22,51,80
"ENSG00000107949",37,178,82,86,71,141,137,79,97,35,65,126,121,87,118,103,64,127,130,69,16,85,107,81,33,109,104,111,102,131
"ENSG00000107957",287,260,456,175,145,222,319,302,196,142,567,172,174,308,250,500,221,326,108,336,461,233,238,133,215,205,499,237,223,258
"ENSG00000107960",66,122,84,56,56,95,206,117,100,81,116,115,144,110,119,144,112,107,130,139,115,122,83,84,57,85,90,119,108,140
"ENSG00000107968",8,31,59,14,36,62,33,22,23,44,16,44,70,33,86,50,10,34,29,19,19,36,57,11,26,78,21,12,42,27
"ENSG00000108055",98,172,100,93,55,90,107,65,119,58,58,88,111,63,174,188,139,189,130,144,130,61,59,99,47,106,88,188,98,134
"ENSG00000108064",17,131,42,69,34,76,61,19,101,14,11,56,79,24,99,129,20,78,46,37,16,38,55,27,29,61,58,20,86,74
"ENSG00000108094",9,41,19,26,12,20,26,14,35,5,16,17,20,14,28,38,3,26,5,15,4,11,18,5,10,18,28,26,13,30
"ENSG00000108106",145,114,81,30,94,201,128,97,114,29,166,133,134,128,64,155,154,98,97,99,121,87,142,106,20,60,72,257,60,76
"ENSG00000108107",3847,4386,4806,1715,2671,5597,4563,3615,3750,4272,3324,4229,5560,6505,3827,4193,3204,3567,5365,3364,4537,5269,5231,3610,2159,5263,3443,3945,3421,3441
"ENSG00000108179",22,163,54,61,34,161,107,76,149,17,15,50,127,66,129,181,19,77,20,27,23,72,130,15,49,83,148,23,47,78
"ENSG00000108256",795,1336,1140,859,614,988,1114,906,959,472,831,1012,1026,739,1718,1746,453,1222,677,1376,1004,822,1010,303,563,1310,923,1356,1014,1279
"ENSG00000108264",62,91,70,64,37,66,72,67,66,36,29,60,68,57,112,92,35,97,52,69,51,52,61,27,25,72,65,51,60,91
"ENSG00000108270",1242,1778,1123,701,968,1401,1388,1304,1555,633,1043,1171,1627,1317,1597,1495,1221,1446,865,1368,1070,1271,1057,769,562,1382,1210,1399,1016,1220
"ENSG00000108272",16,20,18,14,18,18,15,23,18,10,15,8,28,21,18,18,14,16,11,13,15,14,13,7,6,8,27,13,10,19
"ENSG00000108278",53,279,214,131,130,309,298,172,249,111,139,201,434,184,355,316,193,296,306,161,36,264,258,144,126,314,175,168,221,287
"ENSG00000108294",218,907,417,383,299,688,458,571,599,432,241,470,715,450,556,588,363,503,757,307,158,593,633,425,208,530,474,449,457,607
"ENSG00000108296",343,562,476,278,312,563,469,438,446,604,288,635,556,464,534,447,461,557,550,412,289,612,492,470,215,563,350,578,410,367
"ENSG00000108298",73,427,297,276,563,420,416,219,461,265,187,283,416,302,413,361,296,380,438,307,97,477,643,355,359,493,242,238,451,342
"ENSG00000108306",46,83,89,43,52,51,79,48,58,36,40,86,73,49,99,115,53,90,35,82,72,72,51,24,50,86,42,113,66,72
"ENSG00000108312",2127,1845,1217,1082,1295,1301,1398,1568,1652,1031,1013,1337,1359,1420,1704,1412,910,1905,753,2025,1497,931,949,793,516,1596,1943,1685,1007,1182
"ENSG00000108344",336,812,355,325,261,538,522,487,441,362,224,508,554,552,450,503,160,409,345,264,220,441,478,220,177,397,505,369,389,521
"ENSG00000108349",410,336,359,241,266,288,308,340,336,243,444,298,312,394,532,567,236,483,118,605,396,288,298,110,178,290,394,323,253,338
"ENSG00000108370",51,14,102,5,50,25,33,82,25,23,45,35,34,51,10,30,45,18,15,21,43,18,14,26,28,61,67,11,6,34
"ENSG00000108375",176,161,219,84,101,233,185,103,133,246,141,114,217,180,205,209,196,219,155,126,409,135,182,293,98,188,93,275,198,160
"ENSG00000108379",2,2,3,12,6,16,2,3,22,24,5,5,8,15,18,23,0,17,9,12,0,10,9,3,8,3,1,20,3,5
"ENSG00000108389",1188,2403,1724,1157,1146,1639,1621,1530,1317,1107,1451,1318,1783,1433,2855,3196,730,2085,843,1582,1270,1784,1753,419,1321,1865,1756,1140,1572,1532
"ENSG00000108395",78,226,94,184,88,98,118,99,200,88,76,113,120,92,251,209,45,176,101,117,58,101,104,31,81,137,119,93,161,186
"ENSG00000108405",69,63,141,122,4,128,252,47,179,515,233,82,142,316,74,90,80,120,87,263,14,219,334,109,32,40,77,232,131,225
"ENSG00000108406",35,86,79,40,48,90,74,56,113,40,69,79,90,70,107,117,29,96,34,90,29,68,89,28,46,88,93,65,70,91
"ENSG00000108423",6,28,21,22,3,37,21,14,14,17,15,31,45,14,32,31,16,20,42,17,12,25,28,6,8,28,13,14,38,27
"ENSG00000108424",2974,5977,2604,3099,2368,2705,2947,2723,4004,1159,2126,2026,2652,2723,5090,4653,1412,4534,1408,2978,2159,2019,2336,843,1957,3066,5085,2176,3451,3754
"ENSG00000108433",125,141,124,76,108,99,116,182,120,57,110,118,102,123,138,112,73,147,79,160,76,123,111,74,60,104,135,141,108,120
"ENSG00000108439",331,1043,327,360,343,467,468,610,662,368,229,440,611,384,656,466,281,595,506,399,181,537,281,369,280,478,474,464,496,543
"ENSG00000108465",177,335,271,168,236,314,261,283,265,557,183,388,274,328,257,221,158,312,279,214,79,413,329,167,145,353,270,247,280,284
"ENSG00000108468",5,19,12,19,17,12,14,24,26,2,15,10,8,13,10,17,9,13,12,11,6,6,14,5,7,10,12,10,15,22
"ENSG00000108479",172,237,215,85,128,232,228,255,263,118,231,197,298,224,191,316,221,189,243,181,237,195,189,158,60,152,255,217,182,187
"ENSG00000108504",226,187,183,99,127,253,213,195,179,241,224,165,241,237,212,215,297,294,170,201,276,243,267,252,70,206,138,184,144,135
"ENSG00000108506",136,324,221,196,112,213,258,154,278,90,133,233,186,154,334,434,72,270,156,273,167,135,171,42,124,275,272,210,287,411
"ENSG00000108509",1127,995,945,461,622,1023,820,1254,671,1179,1211,1106,1095,1186,968,1064,1030,1053,728,920,988,1157,802,761,433,859,848,1110,608,622
"ENSG00000108510",371,843,759,703,494,510,605,557,686,413,459,699,611,484,1252,1213,294,1237,365,912,524,450,526,169,475,935,686,420,705,836
"ENSG00000108518",11918,16144,9151,5385,8251,11122,9103,14032,13396,7229,12047,9571,9954,9976,9678,9797,19592,13123,10166,11839,8121,9228,9347,11272,4393,9693,10726,15275,7993,8167
"ENSG00000108523",2243,1879,1200,680,875,1344,1280,1738,1232,1065,1570,1441,1649,1637,1463,1249,1844,1414,1296,1961,2393,1446,1197,1132,666,1316,1223,2332,1242,1264
"ENSG00000108528",526,1176,566,481,480,769,710,687,849,565,548,684,922,660,737,792,744,714,626,561,452,708,761,571,405,612,871,559,585,680
"ENSG00000108551",5,3,32,0,17,30,2,3,3,7,8,3,37,28,14,14,72,6,15,7,20,2,91,20,1,10,8,10,4,4
"ENSG00000108559",462,1178,886,694,624,1068,1095,771,1127,515,707,705,814,811,1213,1091,524,977,711,932,473,641,777,403,414,904,845,1081,895,1204
"ENSG00000108561",1029,2300,1478,859,1167,2177,1699,1426,1743,496,1042,922,2176,1351,1848,1882,1153,1662,1306,1064,1040,1420,1810,845,717,1855,1805,1344,1370,1558
"ENSG00000108576",16,124,37,28,51,55,29,58,21,10,15,38,46,39,105,44,47,76,15,19,36,18,28,31,65,74,83,21,28,28
"ENSG00000108578",716,1318,585,518,409,768,852,725,1025,386,480,520,903,463,1096,970,431,664,543,756,520,716,711,291,348,652,733,884,952,1046
"ENSG00000108582",102,235,218,133,121,212,243,151,396,45,175,189,211,164,347,491,81,290,97,251,241,178,135,72,124,283,366,217,248,320
"ENSG00000108588",316,896,588,563,472,604,536,547,840,303,379,404,507,371,1070,869,288,824,375,712,314,442,435,264,345,744,646,527,726,749
"ENSG00000108590",1,51,13,16,7,25,14,19,31,13,5,26,37,12,15,20,9,28,16,4,2,24,34,5,8,31,16,12,21,28
"ENSG00000108592",1075,2057,834,851,779,1225,931,1040,1166,809,523,947,1285,864,1143,1219,621,1145,840,860,572,1040,988,590,465,1128,1363,1039,938,1039
"ENSG00000108604",1093,1469,1373,786,830,1435,1533,1255,1537,942,1199,1101,1701,1372,1431,1265,983,1433,1084,1474,1047,1119,1166,857,589,1266,1435,1235,1233,1363
"ENSG00000108622",12,122,188,34,67,150,131,101,90,45,76,118,174,87,185,169,62,153,98,128,44,104,149,58,78,185,122,65,106,131
"ENSG00000108639",847,2630,2583,1143,1633,3411,2228,1658,1617,1874,2061,1698,2711,3172,1974,2623,2353,2758,1525,1955,1257,2864,2696,1093,952,2592,1498,1127,1100,1266
"ENSG00000108654",5200,7308,2950,4103,3680,4058,3733,4722,5781,4422,2833,4782,4898,3371,5294,4304,3013,7042,3224,4275,3774,4269,4947,2171,2140,5141,4259,4548,4435,4440
"ENSG00000108666",57,229,131,100,70,188,188,104,164,127,71,157,184,85,221,208,90,133,133,88,71,140,191,59,68,120,124,124,188,185
"ENSG00000108679",889,511,65,141,4,318,122,249,68,18,62,127,463,1768,220,190,165,33,320,326,72,1725,107,305,236,31,9,779,164,503
"ENSG00000108733",51,60,62,30,27,40,48,66,44,22,39,35,74,52,77,81,49,79,14,66,87,49,57,13,30,53,48,52,39,57
"ENSG00000108753",443,168,72,194,15,277,236,317,378,196,209,92,242,238,277,313,85,171,125,632,64,325,170,79,16,45,15,730,135,226
"ENSG00000108771",61,45,41,35,13,31,52,55,40,36,55,34,28,50,33,43,32,46,19,59,90,65,58,36,14,24,33,40,42,49
"ENSG00000108773",867,679,803,423,545,979,806,678,643,1349,723,612,917,902,853,719,786,849,817,745,522,1062,961,648,320,897,795,877,501,560
"ENSG00000108774",1069,1193,799,616,647,1135,722,1087,1032,643,803,648,1028,1008,765,1015,875,1040,508,1003,857,810,774,605,290,813,777,1181,587,724
"ENSG00000108784",256,460,293,234,243,446,314,373,426,809,314,311,382,483,402,380,294,396,374,320,187,459,331,276,166,381,364,241,296,248
"ENSG00000108786",156,133,78,51,64,107,100,107,98,58,98,85,117,145,98,102,101,107,73,100,95,97,93,70,33,81,124,78,60,71
"ENSG00000108788",95,92,77,44,50,77,79,97,67,74,74,65,83,81,94,75,72,84,39,107,134,74,70,35,32,73,90,77,44,65
"ENSG00000108797",1381,1163,746,801,778,770,999,894,948,1741,965,985,464,1103,789,908,486,1946,996,830,645,1898,660,1281,452,850,1616,1280,944,697
"ENSG00000108798",1569,1987,1211,949,1208,1215,998,1891,1844,728,1270,1043,1034,1523,1106,899,1179,1717,1176,1260,2629,1075,579,943,451,1072,1525,1386,768,734
"ENSG00000108799",295,379,554,302,319,408,518,420,336,913,446,492,425,529,573,478,343,681,316,492,332,644,466,296,232,627,375,464,375,362
"ENSG00000108826",39,152,53,55,30,122,68,52,89,31,18,48,76,55,55,89,48,98,76,40,17,96,70,55,15,40,84,59,66,95
"ENSG00000108828",25,36,206,19,65,67,35,49,46,42,62,29,220,90,92,155,49,56,15,24,70,39,64,8,46,62,57,27,38,38
"ENSG00000108829",1054,1501,775,594,727,945,895,1101,816,276,696,1056,1047,984,808,1106,488,946,595,755,711,713,782,340,308,878,1276,819,689,976
"ENSG00000108840",528,626,629,276,451,563,582,848,503,305,731,460,621,777,716,784,325,636,218,768,667,563,341,211,204,575,546,745,388,494
"ENSG00000108854",66,140,127,91,55,120,112,85,191,118,99,115,126,88,196,155,86,151,83,157,56,108,112,46,54,106,91,195,102,105
"ENSG00000108861",154,305,416,139,221,301,329,333,345,108,383,286,462,329,402,547,284,400,260,323,324,511,337,161,222,297,259,306,259,299
"ENSG00000108883",1246,2529,1415,1428,1126,1711,1545,1578,2106,1002,1055,1062,1816,1299,2075,2173,1108,1809,902,1489,795,1415,1506,807,945,1519,1894,1573,1486,1845
"ENSG00000108932",17,31,24,16,8,23,24,12,29,13,11,31,21,19,43,34,7,26,11,40,17,10,22,16,6,22,28,20,19,26
"ENSG00000108946",805,2174,1595,1032,1075,1629,1405,1565,2413,322,1215,1506,1653,1145,2122,2155,842,2015,1115,1998,1138,1157,1430,590,921,1809,1647,1574,1693,1995
"ENSG00000108960",70,472,175,212,120,266,243,219,299,246,156,295,364,153,481,426,114,400,233,210,80,196,448,111,146,140,229,145,422,320
"ENSG00000108963",147,176,306,97,167,181,176,135,250,221,189,138,221,240,203,232,137,269,82,225,147,231,180,76,87,194,162,149,124,130
"ENSG00000108984",110,426,79,147,86,63,78,346,78,84,103,193,65,102,91,56,50,263,127,111,64,39,56,119,68,108,213,53,228,103
"ENSG00000109016",68,213,93,96,68,236,161,148,205,118,90,176,179,133,208,230,98,128,198,124,66,252,211,155,65,115,151,156,125,135
"ENSG00000109062",971,699,409,405,299,664,530,887,812,405,642,552,716,648,612,498,594,523,514,557,518,490,590,351,181,505,831,881,476,700
"ENSG00000109063",30,37,17,12,29,44,17,21,16,53,20,18,78,23,37,28,26,19,24,25,26,46,55,29,9,38,33,48,37,32
"ENSG00000109065",299,500,347,288,239,580,432,363,386,814,290,418,550,544,538,387,275,637,434,286,201,626,645,316,271,473,472,244,373,372
"ENSG00000109066",80,62,27,36,37,43,34,53,28,45,45,45,33,48,53,41,25,71,19,33,47,40,40,25,33,62,63,29,29,29
"ENSG00000109079",315,537,483,249,281,407,384,419,345,228,365,298,530,439,462,562,313,478,243,363,395,442,449,153,177,421,331,345,282,348
"ENSG00000109083",13,50,42,20,28,53,45,23,55,23,23,59,55,36,36,39,30,57,47,13,10,49,57,32,22,37,34,14,54,36
"ENSG00000109084",373,523,659,216,334,504,655,381,551,148,341,369,620,371,703,815,346,528,323,455,631,268,361,235,198,718,433,463,452,459
"ENSG00000109103",332,354,262,159,140,297,244,351,271,447,349,274,330,346,374,394,598,363,141,299,411,437,561,166,143,177,203,360,231,184
"ENSG00000109107",209,517,1057,322,372,916,1145,1153,736,230,1072,425,912,1073,1110,1232,571,730,384,733,318,893,1033,230,623,802,923,553,938,1047
"ENSG00000109111",1730,1676,1194,975,1209,1087,1148,1566,1517,2081,1106,1353,1209,1335,1529,1442,975,1893,765,1721,1265,1312,793,968,629,1307,1384,1437,914,1018
"ENSG00000109118",126,138,105,122,89,98,136,170,85,122,144,125,104,156,145,139,53,189,53,154,138,104,113,75,51,137,143,114,77,107
"ENSG00000109133",1,14,11,2,2,6,3,8,7,1,3,8,8,5,16,11,0,10,4,5,6,3,12,1,4,9,6,3,8,12
"ENSG00000109220",13,18,21,13,9,36,17,16,22,8,12,19,21,25,27,29,25,15,15,11,14,25,24,6,8,16,21,14,13,21
"ENSG00000109270",37,198,92,91,58,124,100,81,129,27,30,111,204,60,175,174,69,71,121,62,38,109,178,43,65,147,68,100,127,152
"ENSG00000109390",44,37,29,10,29,88,38,71,76,68,35,56,60,65,47,53,32,42,103,37,36,62,61,81,3,41,48,107,26,33
"ENSG00000109445",31,75,69,34,40,71,79,38,53,15,61,33,72,39,67,107,79,60,40,51,49,52,72,25,38,54,37,39,49,54
"ENSG00000109475",4,13,9,6,19,26,10,6,13,9,24,2,19,6,15,6,26,12,10,4,4,16,32,17,17,8,3,5,15,6
"ENSG00000109519",77,129,127,59,63,206,143,91,137,45,77,114,165,113,184,178,80,91,126,123,52,114,138,64,40,129,137,96,101,137
"ENSG00000109534",118,183,75,67,64,128,67,56,146,25,64,70,162,25,111,124,43,93,45,64,71,65,101,30,31,109,99,114,57,90
"ENSG00000109670",465,1968,619,999,363,961,995,708,953,1567,436,1194,911,720,1349,1219,399,1169,1187,780,248,1770,660,569,335,897,709,920,1671,1221
"ENSG00000109674",34,35,17,24,11,41,31,34,42,7,25,26,10,17,40,56,22,36,28,44,26,8,16,18,3,22,34,104,42,53
"ENSG00000109771",5,6,7,6,5,12,13,3,10,50,9,45,9,11,8,2,9,18,28,5,1,13,4,18,6,21,6,17,17,16
"ENSG00000109787",19,10,6,9,27,5,10,7,9,14,35,13,23,32,14,6,12,17,5,13,4,6,12,1,4,14,44,3,12,3
"ENSG00000109846",1,4,4,6,6,23,9,3,12,12,0,0,21,5,9,9,34,4,14,26,6,16,31,7,1,2,0,28,1,7
"ENSG00000109854",159,502,251,211,145,497,197,365,335,71,158,319,476,225,377,360,192,276,329,218,132,392,390,216,133,239,240,238,303,394
"ENSG00000109861",432,605,530,646,936,949,653,863,1096,605,465,609,852,757,1247,993,378,1191,267,567,123,680,601,220,253,1035,1554,606,326,360
"ENSG00000109881",85,213,91,57,52,132,105,137,134,96,66,161,77,91,60,103,104,90,295,80,53,103,41,213,23,80,134,180,127,134
"ENSG00000109911",58,189,81,100,60,108,158,130,114,32,88,74,103,82,134,124,46,110,125,115,44,90,106,67,48,96,105,153,121,171
"ENSG00000109919",310,1054,422,395,342,537,437,527,618,377,246,491,577,300,574,543,482,606,542,387,214,461,516,383,292,525,549,560,554,682
"ENSG00000109920",1200,1091,1244,649,816,1289,1397,1112,1025,1797,1268,1709,1253,1198,1468,1286,998,1748,1269,1452,1217,1612,1349,1007,543,1604,1012,1302,1048,1248
"ENSG00000109929",182,479,375,224,194,491,326,300,399,120,306,282,456,250,579,876,146,474,270,269,317,286,404,119,183,456,281,324,425,425
"ENSG00000109944",3,7,35,0,24,7,6,0,2,5,7,34,1,2,5,2,17,10,3,4,40,5,3,10,1,28,0,29,0,0
"ENSG00000109971",2000,2225,961,1279,1654,935,864,1293,1123,269,1136,534,795,1003,1110,1098,668,1151,343,987,1249,622,998,307,469,1143,1711,1101,883,1047
"ENSG00000110002",13,11,5,18,1,6,9,7,34,1,10,6,14,4,2,4,4,9,3,11,3,9,3,0,5,4,29,25,6,6
"ENSG00000110011",418,281,340,110,245,336,441,485,313,674,789,487,538,556,276,300,778,407,480,482,494,547,337,635,126,346,293,455,235,204
"ENSG00000110013",12,21,8,10,8,8,4,9,19,11,6,10,6,17,10,11,3,16,9,17,8,5,4,5,3,19,25,8,19,14
"ENSG00000110025",124,166,195,109,134,172,185,202,191,70,142,219,262,251,140,111,151,205,157,165,224,129,132,142,75,153,198,189,108,102
"ENSG00000110031",2291,3804,1617,1957,1294,2049,1274,3371,2060,1282,1303,2057,1753,2276,2295,1568,1249,1429,1951,1467,1021,2983,1524,862,1537,2438,1102,1931,1944,2160
"ENSG00000110042",888,1109,1155,560,555,933,469,671,876,714,818,381,2183,462,3058,2021,831,1921,195,1557,1716,668,1381,239,1478,982,1506,390,615,354
"ENSG00000110048",625,1075,839,538,469,802,888,809,798,328,665,966,971,839,1064,981,444,1146,559,951,764,759,754,259,426,890,845,713,855,973
"ENSG00000110057",362,620,559,414,293,670,675,598,903,1034,568,478,510,697,689,587,294,774,415,679,339,663,568,374,191,641,541,341,519,521
"ENSG00000110060",86,254,208,117,88,214,205,163,194,81,99,185,253,198,221,177,135,239,208,151,87,202,186,112,86,228,136,188,152,205
"ENSG00000110063",483,1086,981,523,609,1352,1047,1477,873,481,741,901,1122,1161,878,1029,1028,843,1249,889,555,1098,917,898,264,747,1003,1258,665,777
"ENSG00000110074",236,452,146,171,156,261,262,226,221,212,158,190,189,227,206,201,134,188,175,189,109,212,187,145,97,196,376,210,208,250
"ENSG00000110075",256,301,208,200,165,257,233,233,257,177,144,190,241,184,356,371,133,343,155,323,320,160,164,120,100,216,237,215,217,258
"ENSG00000110080",14,42,41,23,27,31,65,32,31,5,9,12,37,10,41,24,16,30,21,33,7,29,14,5,6,13,14,36,41,27
"ENSG00000110090",172,171,173,186,12,206,134,241,231,14,88,156,145,90,328,322,52,179,67,150,80,157,170,48,34,38,162,192,154,280
"ENSG00000110092",175,374,345,26,168,286,212,367,73,133,374,161,642,585,239,308,628,469,47,45,110,390,641,45,442,364,187,49,156,70
"ENSG00000110104",842,547,340,243,411,496,363,451,369,168,309,286,600,462,369,408,522,427,323,463,499,358,393,216,132,327,478,535,191,234
"ENSG00000110107",1762,3594,1921,1450,1529,2286,2000,1828,2540,844,1014,1322,2429,1549,2328,2188,1143,2271,1242,1953,1319,1512,1793,887,847,1891,2233,1982,1463,2048
"ENSG00000110108",574,598,369,266,307,465,457,586,513,125,409,288,321,304,362,438,263,428,226,401,454,279,294,215,151,317,573,560,372,595
"ENSG00000110171",38,53,40,24,29,37,30,65,28,58,29,36,51,44,45,33,23,49,30,53,28,38,37,12,7,25,50,47,26,50
"ENSG00000110172",11,83,22,33,21,73,12,16,48,9,16,28,28,24,48,36,12,19,40,15,6,30,35,5,12,25,17,28,34,45
"ENSG00000110200",19,93,39,27,24,44,42,53,66,39,11,36,47,52,53,45,20,44,46,34,11,41,58,25,20,54,66,29,63,75
"ENSG00000110218",118,153,106,79,70,83,100,152,141,36,106,77,134,107,176,243,50,152,43,148,135,90,118,17,50,84,151,140,98,93
"ENSG00000110237",556,326,474,253,371,338,201,147,738,135,183,160,346,214,511,611,220,645,237,594,1417,252,540,157,285,432,94,655,491,348
"ENSG00000110274",294,278,118,126,217,166,193,207,154,223,158,204,120,204,148,232,115,228,126,190,225,179,117,98,77,162,276,259,138,118
"ENSG00000110315",51,174,80,75,64,102,87,77,143,56,55,74,141,72,156,161,57,114,83,55,36,53,110,34,66,132,136,62,104,96
"ENSG00000110321",5854,9335,4740,5425,4154,5189,4708,6522,6150,1746,3454,4339,5434,4040,7966,6257,2298,7110,2591,5797,3796,3912,4923,1744,2447,5810,6700,5146,5777,5973
"ENSG00000110324",433,566,535,306,323,614,554,712,431,620,568,523,528,486,636,845,431,620,275,454,534,552,557,277,247,509,510,393,513,458
"ENSG00000110328",61,61,261,85,51,202,189,9,369,67,217,73,127,174,188,189,15,128,153,139,130,157,96,15,35,94,259,78,40,99
"ENSG00000110330",163,566,273,213,211,305,341,290,312,146,199,355,376,240,462,440,176,447,275,292,188,294,415,163,187,356,281,255,468,392
"ENSG00000110344",573,646,528,463,387,425,578,498,645,332,392,564,440,416,831,823,222,676,275,725,449,523,480,170,262,626,625,517,488,794
"ENSG00000110367",636,1884,1052,663,645,941,1143,992,1099,394,664,1430,1041,728,1282,1315,471,1453,829,1048,555,839,617,441,581,1236,892,1142,1377,1645
"ENSG00000110375",11,3,9,0,2,10,17,20,3,28,13,20,58,32,11,19,85,14,56,1,6,21,13,16,13,4,17,35,19,19
"ENSG00000110395",841,1428,1081,807,644,949,1055,1013,1063,340,822,953,865,872,1728,1607,375,1526,482,1426,1326,946,714,228,830,1186,1145,813,1083,1464
"ENSG00000110400",69,60,387,63,58,213,134,71,147,23,151,62,126,130,233,273,142,137,50,112,116,247,116,12,101,154,67,86,75,98
"ENSG00000110422",328,508,581,343,292,334,323,419,384,169,358,266,307,387,602,531,146,533,135,615,454,314,292,110,288,520,525,305,379,447
"ENSG00000110427",20,18,40,13,34,20,21,5,9,1,15,12,33,27,93,59,29,47,4,29,89,23,12,11,37,21,26,12,4,19
"ENSG00000110429",32,96,59,44,16,64,66,47,72,76,44,46,58,42,96,83,15,91,57,77,26,64,60,23,20,52,67,80,88,115
"ENSG00000110435",26,265,79,112,66,183,158,66,223,43,65,118,187,69,197,238,25,109,166,70,44,122,134,30,111,152,108,107,177,219
"ENSG00000110442",139,385,312,186,150,224,295,267,299,227,129,238,325,250,261,224,213,302,261,177,88,255,140,226,70,232,212,249,246,214
"ENSG00000110446",1138,849,1768,195,640,1167,1047,961,723,468,1413,900,1253,1287,925,1323,1580,1018,721,888,1729,1061,758,881,846,1279,999,868,681,584
"ENSG00000110455",158,67,34,60,23,80,17,40,52,221,41,102,96,33,80,42,47,107,53,72,23,181,98,59,31,67,23,61,49,61
"ENSG00000110497",532,813,664,419,447,672,544,688,595,342,460,452,701,633,727,672,393,738,365,584,774,610,378,280,337,560,613,465,480,489
"ENSG00000110536",221,515,285,152,207,403,289,399,366,220,257,245,449,275,350,366,363,330,450,235,138,314,320,419,94,286,321,275,249,261
"ENSG00000110583",282,485,178,284,165,305,349,305,309,488,173,383,249,262,339,289,179,419,285,294,137,360,296,172,139,290,364,289,388,387
"ENSG00000110660",154,273,211,159,129,234,285,145,185,81,147,149,252,214,214,308,149,277,125,207,165,223,214,61,115,237,225,151,153,227
"ENSG00000110696",68,469,160,175,172,269,204,172,365,115,75,261,222,134,329,310,124,208,207,198,37,197,193,140,131,245,136,160,259,295
"ENSG00000110697",1463,1080,1277,407,1112,1365,980,1602,963,804,1833,1099,1650,1629,850,1364,973,1448,585,888,1337,1082,980,689,391,1176,1717,994,472,650
"ENSG00000110700",27,295,195,130,286,201,254,151,322,84,86,156,296,153,275,190,190,230,190,110,7,217,379,111,175,348,118,81,302,238
"ENSG00000110711",948,1844,2967,585,1248,2261,2017,2125,1593,971,2172,1467,2620,2038,1643,2124,2925,1644,1783,2008,1484,1928,1764,2073,810,2100,1529,2103,1181,1544
"ENSG00000110717",591,721,464,253,371,568,401,532,436,388,395,353,737,566,380,465,730,517,543,429,453,557,531,515,172,347,502,569,338,348
"ENSG00000110719",2925,2952,2085,1320,1400,2366,1979,4072,2053,7654,2959,3033,1985,3363,1691,1693,1397,2337,3124,2241,1710,3923,2339,3205,942,2311,2704,2720,2188,2150
"ENSG00000110721",308,502,410,292,278,549,345,362,494,983,312,442,677,439,547,455,383,696,486,384,260,576,527,426,256,513,303,430,367,344
"ENSG00000110723",2,6,6,2,9,11,12,2,2,2,25,10,4,11,21,7,1,16,9,2,16,4,7,2,3,6,10,7,11,5
"ENSG00000110756",211,786,366,358,190,372,407,347,480,235,221,460,415,294,642,497,151,396,321,269,157,351,376,182,291,465,426,259,502,558
"ENSG00000110768",165,437,247,214,172,293,253,216,282,191,138,221,272,185,450,385,181,321,179,309,128,185,260,109,136,303,239,234,287,306
"ENSG00000110777",5450,8291,10008,5348,6219,5672,6714,7763,11330,6097,6965,11136,6953,9058,9149,7126,8964,8757,6259,10221,9576,8636,5850,6737,4475,7923,6948,6082,9352,8250
"ENSG00000110801",267,525,269,220,273,328,245,368,378,160,189,185,311,273,329,283,197,318,192,254,200,267,256,178,113,352,365,249,229,247
"ENSG00000110841",96,299,231,181,375,167,173,152,350,84,143,220,247,155,461,270,57,563,120,275,233,154,183,72,177,367,216,113,209,214
"ENSG00000110848",29,89,104,89,98,234,192,186,211,87,178,157,174,209,186,213,56,228,129,97,75,152,222,75,66,59,100,86,147,170
"ENSG00000110851",239,455,427,261,252,461,340,403,358,213,274,336,508,372,471,547,237,439,218,475,311,279,373,195,160,442,350,429,251,337
"ENSG00000110852",26,128,54,29,51,74,223,251,93,25,62,154,199,107,53,95,85,151,274,76,41,83,165,128,36,41,72,25,220,100
"ENSG00000110871",227,252,157,84,98,242,161,170,185,96,179,177,199,230,171,197,139,150,147,195,372,164,158,124,65,169,152,182,212,261
"ENSG00000110876",258,300,752,81,259,373,748,579,183,73,624,907,276,779,343,399,369,400,234,577,524,391,212,226,242,381,545,301,518,430
"ENSG00000110880",1976,5733,3280,2202,2107,3360,3608,3542,3862,1208,2265,2707,3884,2886,3582,4006,1499,3398,2596,3042,2260,3440,2389,2259,1573,3017,3001,3008,3850,4397
"ENSG00000110881",14,15,40,0,7,6,19,3,5,10,10,3,7,11,1,14,29,12,3,7,5,5,12,2,8,10,7,4,7,7
"ENSG00000110888",69,106,76,64,52,81,77,114,56,155,76,122,99,85,107,85,49,127,76,79,52,106,113,86,29,79,70,102,112,97
"ENSG00000110900",75,30,69,6,114,32,14,84,106,79,12,26,83,59,94,53,108,55,15,29,145,232,79,59,49,29,79,6,27,9
"ENSG00000110906",630,997,519,464,409,597,534,654,751,382,506,627,732,561,806,690,317,851,375,600,505,560,536,349,257,564,640,579,589,612
"ENSG00000110911",28,73,56,56,17,80,77,45,79,84,28,66,75,52,85,95,15,77,37,47,25,68,112,25,40,71,73,35,81,100
"ENSG00000110917",2856,5205,2254,2231,1275,2723,2779,3871,4148,1614,2331,3232,3066,2424,3653,3914,1456,3147,2691,3291,2746,2511,3096,2894,1260,2234,3229,3606,3727,5184
"ENSG00000110921",363,579,414,284,284,613,637,544,490,434,534,350,739,642,531,483,455,654,397,364,460,655,544,579,190,458,580,489,319,418
"ENSG00000110925",112,225,199,128,124,195,139,159,143,213,122,172,288,174,224,255,114,285,101,165,167,210,202,119,117,252,149,169,148,136
"ENSG00000110931",129,195,235,90,177,216,118,179,161,69,146,91,143,214,165,290,69,239,45,102,152,122,151,34,119,214,191,103,94,135
"ENSG00000110934",125,124,144,95,126,69,132,65,155,190,154,182,99,125,89,65,146,199,118,211,128,105,81,335,42,156,130,170,122,94
"ENSG00000110944",65,60,200,21,46,126,118,27,22,76,85,74,96,54,47,64,131,98,92,27,66,74,169,131,23,114,28,25,29,59
"ENSG00000110955",2388,11154,5098,4721,3707,6640,5284,5613,7415,2488,2961,4559,7243,4446,8116,8579,2993,5784,4786,4003,2302,5141,6405,3447,3642,6267,7056,3975,6678,7412
"ENSG00000110958",1007,781,493,251,501,671,527,585,608,180,933,507,580,510,540,710,860,662,472,745,1094,384,451,693,169,427,554,813,511,528
"ENSG00000110987",367,209,680,221,393,275,403,74,168,477,505,28,403,570,412,677,460,362,129,268,136,532,125,252,374,618,84,131,175,157
"ENSG00000111011",538,494,518,286,385,534,575,586,321,757,710,798,384,636,449,433,754,613,866,716,564,644,317,990,231,587,451,1024,483,579
"ENSG00000111012",13,17,19,5,7,20,15,20,19,22,9,15,18,19,14,14,18,25,8,11,5,36,37,12,3,18,16,10,10,16
"ENSG00000111052",79,230,39,183,88,86,99,104,381,226,166,32,267,184,478,205,70,211,117,362,9,370,85,58,44,13,9,185,283,85
"ENSG00000111087",5,8,9,5,10,30,28,25,8,19,15,14,15,21,21,22,8,24,13,14,7,10,16,14,5,9,6,39,20,14
"ENSG00000111110",4,15,7,2,14,2,63,3,6,0,3,19,5,6,13,12,7,46,2,1,24,3,7,3,3,9,38,14,6,2
"ENSG00000111142",855,1423,908,585,578,1176,1272,713,1418,588,566,1104,1040,776,1301,1272,1093,1017,1707,917,981,899,616,1641,498,1100,793,1363,998,1203
"ENSG00000111144",55,127,109,65,53,105,100,69,148,19,80,104,134,119,138,150,47,122,54,93,46,89,117,22,52,68,132,75,111,142
"ENSG00000111145",58,66,13,24,21,17,46,73,39,31,64,43,32,37,28,46,30,64,19,43,22,27,25,23,15,20,102,42,19,11
"ENSG00000111186",147,266,106,95,148,218,205,331,162,298,247,118,214,331,133,208,189,178,198,163,76,312,122,319,92,187,114,168,162,156
"ENSG00000111196",8,133,29,30,26,47,49,35,83,12,24,57,67,31,42,44,38,50,64,21,14,31,39,69,12,32,35,29,58,65
"ENSG00000111203",92,144,112,71,98,159,113,129,136,129,91,115,117,113,169,116,128,185,100,155,61,113,113,142,64,152,94,124,72,84
"ENSG00000111206",1568,1895,1006,1024,669,1343,1358,1529,1542,717,1060,1082,807,1004,1366,1349,786,1460,1169,1900,1170,817,605,1215,366,851,1646,2317,1118,1639
"ENSG00000111215",17,12,9,2,2,13,8,26,6,46,25,12,2,14,7,3,23,11,23,20,19,18,10,44,3,4,9,25,9,7
"ENSG00000111231",66,410,181,160,91,270,205,139,269,54,78,160,293,101,304,334,95,159,245,114,46,156,251,127,131,227,186,117,272,336
"ENSG00000111237",399,861,300,332,282,422,424,521,459,847,308,604,518,385,456,394,483,543,630,557,227,473,411,686,137,436,367,783,551,499
"ENSG00000111245",2,5,21,6,2,5,6,4,2,2,5,0,10,8,5,9,3,4,11,4,2,2,6,14,6,11,18,1,4,4
"ENSG00000111247",16,179,53,109,25,113,96,41,161,45,27,82,61,35,123,136,16,71,144,56,13,49,70,56,31,78,65,67,133,188
"ENSG00000111252",1203,929,860,490,698,757,985,635,1214,725,554,747,870,1257,998,952,497,1189,582,459,697,652,583,286,477,730,884,723,698,564
"ENSG00000111254",16,17,8,7,9,4,6,11,8,9,8,8,4,16,7,5,7,18,1,0,5,1,8,4,4,11,11,6,32,6
"ENSG00000111262",15,8,11,2,21,11,4,1,28,19,10,2,5,2,20,5,14,23,0,7,126,2,18,0,8,14,19,2,1,3
"ENSG00000111266",654,970,1138,520,478,1129,1235,1316,628,304,1337,607,1192,1176,1749,1913,682,1561,455,1369,939,1118,872,502,666,766,1057,976,765,1084
"ENSG00000111269",179,531,327,159,199,311,291,296,370,113,238,334,412,264,429,490,221,313,251,275,233,354,297,178,219,310,268,188,448,385
"ENSG00000111275",316,582,175,300,154,327,924,292,936,641,676,420,480,451,864,932,357,574,462,838,465,814,654,406,306,270,61,849,774,472
"ENSG00000111276",1,36,28,7,9,26,35,9,14,8,3,34,16,8,43,37,2,24,24,11,6,27,31,2,19,37,16,7,46,60
"ENSG00000111300",66,170,145,175,110,211,164,102,175,121,82,106,134,90,313,345,28,238,60,126,75,99,157,41,98,185,186,80,162,208
"ENSG00000111321",18,36,24,10,5,52,11,3,179,44,3,15,71,12,134,41,28,32,10,24,77,35,88,4,15,13,4,98,24,43
"ENSG00000111325",34,35,19,17,23,19,31,26,30,24,26,22,28,43,27,28,33,29,18,25,17,24,13,25,12,24,39,22,25,25
"ENSG00000111328",539,548,154,241,103,182,308,189,341,170,239,233,258,289,282,217,266,273,419,341,417,318,231,231,106,171,353,394,365,366
"ENSG00000111331",4689,8830,5988,5834,1538,7387,5138,8849,5460,2318,4625,3331,6821,6597,9981,9179,2343,6318,2967,7913,8401,7508,2826,2600,2934,4972,1763,4958,5703,7541
"ENSG00000111332",48,123,130,44,99,162,180,85,210,94,92,167,163,159,99,113,166,156,131,85,38,196,110,86,20,140,124,113,90,138
"ENSG00000111335",229,598,397,537,155,379,491,460,610,83,225,213,374,343,731,657,69,413,161,430,360,352,260,79,198,390,333,155,460,658
"ENSG00000111344",5,0,32,0,3,23,14,1,1,2,7,15,13,28,2,5,22,11,26,1,8,19,19,22,8,5,15,17,5,9
"ENSG00000111348",5457,7536,6781,4466,5066,5856,8433,8545,9471,3837,5181,10554,4114,6285,5848,4206,7486,9358,10193,7604,3704,6765,3965,13267,2829,9344,7018,12877,7045,8248
"ENSG00000111358",139,287,217,195,184,192,202,172,342,50,103,162,201,129,357,310,110,249,107,239,177,139,191,93,123,224,245,156,220,302
"ENSG00000111361",123,351,178,145,101,214,186,150,241,94,86,128,251,134,247,249,113,237,70,120,98,157,243,76,77,200,168,110,179,223
"ENSG00000111364",195,202,152,110,110,204,186,137,148,135,129,108,192,137,197,162,130,187,134,144,131,160,160,107,72,190,171,149,116,156
"ENSG00000111371",497,784,1025,642,592,737,887,482,916,152,510,530,587,461,1644,1711,317,1286,315,1106,1010,517,661,199,570,898,750,516,672,814
"ENSG00000111412",90,314,416,183,135,237,186,250,269,43,134,212,234,168,298,289,67,241,97,165,150,270,200,51,83,252,196,135,193,226
"ENSG00000111424",255,222,321,61,140,111,472,286,93,170,393,352,204,799,36,88,161,342,177,176,145,134,51,498,68,106,496,113,227,171
"ENSG00000111450",22,41,27,28,33,38,43,41,40,37,34,31,34,24,52,45,11,45,29,30,17,41,32,26,9,27,24,23,26,18
"ENSG00000111452",9,77,77,24,62,117,7,38,32,274,52,44,83,14,76,137,75,77,41,28,62,102,79,52,74,44,39,18,8,34
"ENSG00000111481",191,907,519,383,337,578,547,614,538,148,386,815,755,410,721,589,415,750,614,432,264,641,701,419,306,638,395,467,727,717
"ENSG00000111490",1,62,5,1,15,9,1,1,60,3,14,69,3,35,15,3,5,28,0,11,18,0,46,21,6,25,269,6,14,4
"ENSG00000111530",545,2785,1399,1525,821,1173,1358,1058,1999,328,720,1064,1262,855,2466,2561,451,1643,652,1168,592,977,1013,346,1052,1617,1594,771,1871,2374
"ENSG00000111537",2,53,2,2,1,13,12,36,3,4,8,11,12,1,1,4,2,3,5,0,0,21,19,1,0,2,13,18,6,10
"ENSG00000111540",286,269,246,128,172,191,159,253,182,92,233,189,204,308,273,255,119,260,71,297,525,168,260,85,150,271,241,193,199,209
"ENSG00000111581",252,832,380,433,260,578,572,372,656,388,262,424,441,256,638,671,223,498,409,385,154,394,422,312,184,512,582,483,520,836
"ENSG00000111596",440,632,573,354,382,493,510,671,602,334,435,507,471,413,671,570,455,639,539,690,433,486,370,582,258,599,419,804,505,601
"ENSG00000111602",699,1040,444,411,382,728,697,665,701,479,602,798,447,446,659,610,466,789,745,719,443,497,345,800,233,654,934,963,657,781
"ENSG00000111605",867,781,532,415,486,743,729,703,741,314,543,583,834,602,855,763,547,795,466,805,691,429,645,384,198,598,793,1019,458,616
"ENSG00000111615",62,241,162,143,93,169,152,140,189,89,88,129,183,90,238,167,89,177,154,133,76,112,118,139,61,198,129,168,157,173
"ENSG00000111639",867,1688,638,640,643,1085,973,1082,1226,463,877,954,1292,798,1115,973,1571,1125,1208,1079,491,850,1109,1444,335,891,945,1340,978,1094
"ENSG00000111641",1235,2038,961,945,922,1587,1049,1016,1180,1428,648,1154,1665,993,1289,1459,969,1505,1119,921,767,1177,1370,1323,481,1302,1237,1123,861,949
"ENSG00000111642",4224,6898,3879,4422,3668,4006,5369,4440,6084,2530,3461,4164,4640,4180,6245,6144,3046,7298,3424,5849,3784,3707,2723,3636,2336,5376,6183,4997,4025,5393
"ENSG00000111644",18,11,35,2,3,28,19,9,16,8,44,59,40,32,14,24,15,26,9,18,34,13,28,26,1,29,11,9,6,24
"ENSG00000111647",73,83,110,53,46,57,99,64,79,23,103,43,79,66,122,186,34,87,27,84,103,46,56,19,62,76,98,53,77,77
"ENSG00000111652",613,857,500,339,438,518,544,702,464,458,564,612,686,549,472,578,427,686,475,538,569,601,544,594,207,483,458,668,446,551
"ENSG00000111664",28,25,15,19,14,23,42,17,20,69,21,33,7,34,11,15,13,38,40,18,4,28,20,61,6,22,44,45,32,39
"ENSG00000111665",397,643,336,310,204,652,515,514,462,304,407,440,354,476,386,516,405,390,699,539,240,368,461,821,134,283,532,818,461,723
"ENSG00000111666",41,153,119,92,56,60,118,138,254,38,155,33,219,43,189,234,73,142,71,67,91,46,110,99,42,134,58,71,122,140
"ENSG00000111667",1612,2307,969,1279,983,1272,1213,1638,1788,1184,1045,1029,1311,1177,1454,1493,956,1571,762,1465,1039,1153,1137,955,652,1114,1737,1552,1149,1336
"ENSG00000111670",15,23,21,12,11,21,16,11,26,12,29,9,34,21,39,64,11,26,7,7,15,21,43,4,16,23,33,5,23,26
"ENSG00000111674",478,3807,3262,1102,557,2472,1978,2596,1467,1445,2965,2446,2800,2577,2376,3757,1762,2511,2240,1247,1202,3110,3282,2245,1716,1812,1490,2382,2046,3636
"ENSG00000111676",1935,1443,1745,577,1247,1472,1576,1913,1207,1975,2553,1778,1748,2035,1192,1347,2069,1903,1258,1817,2134,1735,1012,2378,480,1374,1262,1890,815,836
"ENSG00000111678",622,1923,2968,1059,1636,1610,1493,1229,2124,2936,1238,1622,1487,1390,1995,1464,1928,2112,2441,1363,594,1411,2005,3083,822,2052,1307,1139,1635,1272
"ENSG00000111679",3730,9188,6229,4084,4820,9310,8047,9164,6367,6047,6532,7913,7164,7119,5396,6507,4009,8587,6821,5478,4292,8031,5224,9972,3137,7797,5890,7188,4689,5572
"ENSG00000111684",248,433,198,238,167,243,322,373,350,269,257,303,257,280,277,286,163,382,263,295,231,277,257,224,100,250,289,327,315,299
"ENSG00000111707",268,569,332,245,210,406,457,364,475,474,326,508,455,355,385,417,302,443,406,425,285,384,299,489,175,372,314,467,390,455
"ENSG00000111711",66,293,170,160,90,223,245,143,242,96,163,318,253,147,301,341,142,165,369,162,73,211,234,133,116,241,137,142,307,326
"ENSG00000111716",51,836,378,278,190,304,256,248,471,73,82,211,487,198,570,493,114,431,230,159,35,305,393,104,292,372,263,141,555,505
"ENSG00000111725",451,587,465,241,238,435,380,412,368,241,367,459,558,387,531,578,328,567,199,380,456,419,590,227,168,380,371,311,314,311
"ENSG00000111726",166,641,257,241,156,382,406,296,406,112,252,369,449,211,483,562,205,333,355,219,160,287,379,200,184,391,293,292,499,493
"ENSG00000111727",100,196,124,92,68,103,144,122,86,103,96,154,104,146,138,136,73,154,97,136,100,142,122,49,89,162,109,136,165,166
"ENSG00000111729",3,12,22,8,3,12,4,4,6,26,3,30,6,3,16,7,4,90,21,1,4,5,21,8,51,47,9,2,11,7
"ENSG00000111731",101,331,236,310,100,279,290,177,440,182,189,229,238,164,410,411,42,263,178,310,148,234,189,84,94,271,225,344,336,453
"ENSG00000111732",465,1184,850,454,1690,1928,3125,307,948,1449,1197,1372,2078,2144,1109,2221,725,1545,1225,1156,512,962,459,2364,534,2098,1564,740,1574,795
"ENSG00000111737",909,427,494,243,424,382,409,574,374,975,663,396,340,644,552,513,343,587,199,889,1053,295,324,299,139,443,529,617,272,287
"ENSG00000111775",10,40,15,20,11,35,14,10,35,7,6,13,14,12,27,26,3,24,18,11,13,26,23,13,11,15,7,15,24,32
"ENSG00000111780",58,79,45,41,26,72,53,58,64,23,44,29,65,53,78,86,36,83,21,79,46,62,79,30,30,64,60,57,42,40
"ENSG00000111785",9,34,16,18,9,20,15,18,29,8,13,28,27,15,43,33,11,35,10,23,21,22,25,6,12,19,15,18,23,26
"ENSG00000111786",699,1395,576,490,551,938,809,1084,1378,533,710,636,831,896,870,978,640,919,614,767,430,721,858,761,317,737,1072,685,702,840
"ENSG00000111790",48,78,74,34,41,69,68,89,73,33,76,65,64,62,78,55,41,77,59,80,21,70,52,78,36,86,74,99,73,77
"ENSG00000111816",8,36,6,37,4,23,10,22,10,31,9,17,15,21,23,46,6,19,12,23,10,19,14,22,10,17,14,25,63,41
"ENSG00000111817",36,56,37,40,25,35,22,32,52,8,46,21,25,38,74,72,9,44,14,51,39,27,48,9,53,34,55,21,43,42
"ENSG00000111832",10,53,48,18,39,28,25,55,45,17,25,31,41,35,41,28,46,45,88,43,23,51,29,58,20,46,14,72,40,44
"ENSG00000111837",17,25,7,18,1,13,11,22,16,31,16,26,10,10,9,19,5,22,19,8,0,25,3,19,3,3,6,28,10,22
"ENSG00000111843",1,65,10,9,7,39,14,18,42,5,4,17,40,12,29,34,7,15,35,8,4,18,54,8,14,23,17,7,39,48
"ENSG00000111845",104,496,138,161,109,323,246,148,275,111,114,260,360,141,327,367,178,285,369,118,66,168,329,146,116,227,234,178,193,324
"ENSG00000111850",39,72,32,41,17,43,30,46,69,22,35,45,48,15,64,59,29,67,68,44,19,40,42,29,23,18,37,54,59,85
"ENSG00000111875",10,93,31,39,15,34,26,37,68,12,9,46,40,24,54,41,16,43,39,38,15,32,48,9,26,41,43,28,50,68
"ENSG00000111880",85,157,94,99,69,106,108,121,145,30,99,64,94,95,164,167,57,150,38,149,97,62,93,38,87,117,184,73,109,159
"ENSG00000111885",498,589,657,323,168,550,453,477,405,106,493,776,521,447,691,901,177,496,290,901,312,391,571,115,192,366,680,285,684,740
"ENSG00000111886",3,5,6,5,1,7,14,19,2,7,9,27,6,6,3,4,3,10,7,7,0,22,5,4,1,9,12,11,14,15
"ENSG00000111897",168,734,625,374,313,535,434,413,811,168,257,526,502,284,993,887,235,650,309,463,241,548,460,131,419,746,341,409,705,744
"ENSG00000111906",36,128,65,35,46,60,52,71,57,42,49,71,83,76,80,73,38,59,81,46,38,71,122,20,43,65,72,40,59,76
"ENSG00000111911",71,222,145,126,91,117,113,103,218,32,114,99,165,97,271,314,96,130,95,156,103,115,156,31,99,163,117,112,165,178
"ENSG00000112029",89,179,88,103,54,134,125,115,182,42,66,134,79,52,141,141,67,141,155,177,71,57,58,95,37,102,144,228,136,203
"ENSG00000112033",122,121,108,75,88,108,101,117,111,136,109,109,100,131,132,148,53,138,57,99,128,95,92,53,46,123,144,110,103,101
"ENSG00000112039",126,200,102,51,71,125,132,106,148,52,73,95,82,79,180,131,63,129,71,116,104,86,104,50,42,131,151,113,127,142
"ENSG00000112062",6,30,25,17,10,19,16,20,20,6,10,7,22,12,30,21,5,20,7,17,16,11,18,2,15,25,24,13,16,18
"ENSG00000112078",13,5,14,7,5,8,9,6,8,6,12,2,9,19,12,18,9,11,2,11,9,6,9,1,2,8,21,2,5,2
"ENSG00000112079",236,478,363,307,208,315,316,416,538,485,282,590,312,280,367,354,207,523,509,432,193,353,259,255,115,513,359,484,507,575
"ENSG00000112081",185,488,220,282,241,372,290,249,469,81,165,226,333,215,391,372,128,357,201,353,109,192,288,91,114,306,377,313,291,359
"ENSG00000112096",114,131,112,66,76,118,85,141,145,47,91,33,131,102,112,159,87,87,39,105,87,80,102,31,36,88,139,106,89,101
"ENSG00000112110",117,335,171,136,121,304,187,183,232,81,117,210,282,204,207,243,124,203,285,137,81,250,306,143,72,220,198,221,181,216
"ENSG00000112144",110,149,116,118,72,148,188,107,185,104,75,107,168,114,317,266,83,158,72,260,144,94,178,40,65,114,128,162,177,151
"ENSG00000112149",455,1077,1124,422,593,1137,1025,164,445,140,773,481,852,972,893,1595,725,2032,318,252,147,374,1158,246,506,2262,1011,150,459,241
"ENSG00000112195",169,378,615,221,228,122,286,69,326,92,506,115,120,277,341,290,175,591,153,336,254,182,205,130,363,597,464,291,126,122
"ENSG00000112208",75,153,53,45,37,67,35,65,67,11,46,43,59,43,69,75,49,85,62,53,45,38,79,31,36,62,70,68,66,82
"ENSG00000112210",3,41,20,19,8,32,20,14,22,6,9,20,29,11,35,40,6,25,20,22,5,9,24,7,12,17,14,12,23,38
"ENSG00000112218",27,48,39,40,28,34,28,23,50,13,17,39,33,41,54,88,12,38,26,60,73,50,43,18,11,44,49,75,49,53
"ENSG00000112234",41,138,110,82,59,104,92,71,105,34,74,77,138,88,208,180,35,130,65,129,69,83,93,30,82,121,77,72,138,163
"ENSG00000112238",5,1,10,8,6,7,13,4,9,5,4,2,15,4,1,31,4,11,1,4,5,1,10,2,0,2,1,14,4,2
"ENSG00000112242",19,19,6,7,6,4,9,13,24,6,10,7,11,10,22,17,1,28,5,24,7,14,4,4,2,9,20,10,9,18
"ENSG00000112294",29,39,60,38,41,35,49,28,67,21,36,44,32,52,52,40,28,41,32,40,27,34,24,48,22,74,39,57,41,25
"ENSG00000112297",82,128,56,104,70,97,96,65,181,45,87,85,60,68,80,100,28,99,34,51,135,52,89,16,27,59,156,59,108,180
"ENSG00000112303",60,158,51,121,41,171,112,175,100,105,94,89,100,145,162,121,62,148,77,155,44,114,57,71,35,105,70,202,168,155
"ENSG00000112304",87,248,124,92,88,172,181,176,172,152,109,224,234,165,145,171,194,153,340,109,48,87,174,229,72,137,105,307,159,210
"ENSG00000112306",86,385,213,142,220,234,236,194,349,58,79,124,443,322,426,393,108,395,124,96,36,175,550,240,385,277,125,77,433,406
"ENSG00000112308",291,514,449,262,214,418,364,560,401,230,347,309,502,517,492,369,202,489,300,506,237,421,317,230,172,522,326,351,451,429
"ENSG00000112312",1,26,10,12,4,14,14,8,19,0,1,9,21,6,14,18,1,10,3,6,0,4,7,2,2,13,14,3,15,18
"ENSG00000112335",244,290,184,49,133,235,176,280,224,86,382,151,239,261,152,222,320,223,161,288,235,234,215,234,49,142,198,373,136,143
"ENSG00000112343",256,756,534,504,282,533,471,677,761,699,314,764,372,501,719,491,208,885,612,551,192,658,395,295,159,640,340,562,627,618
"ENSG00000112357",7,45,13,10,20,35,24,33,30,10,12,22,25,21,19,39,21,29,9,6,5,19,34,7,8,18,18,12,25,23
"ENSG00000112365",293,421,367,233,207,333,302,331,356,257,238,287,387,309,564,615,197,377,203,419,330,265,331,100,182,380,302,324,338,323
"ENSG00000112378",7,23,23,3,27,7,3,28,11,1,23,6,10,5,2,6,13,18,2,4,18,19,7,2,6,17,11,1,6,10
"ENSG00000112406",94,111,226,21,71,84,71,132,156,25,179,150,83,119,95,151,71,164,80,160,107,74,87,43,37,127,191,108,104,205
"ENSG00000112486",38,589,143,1030,99,275,205,419,2173,354,104,130,173,193,642,519,57,431,328,189,46,511,115,66,110,477,37,166,501,471
"ENSG00000112531",89,86,152,29,81,90,109,72,116,13,204,66,116,102,126,185,65,144,33,131,128,57,71,29,42,106,109,67,65,71
"ENSG00000112578",7,30,28,30,14,58,33,26,38,6,6,16,41,21,45,41,7,29,7,19,4,16,37,7,15,39,43,16,24,24
"ENSG00000112624",283,483,531,218,230,420,485,510,451,252,504,553,396,374,706,473,265,641,289,743,498,371,252,189,252,567,433,609,393,539
"ENSG00000112658",800,525,444,195,473,427,318,612,487,89,415,278,351,423,518,606,248,594,103,593,603,245,316,144,192,429,624,431,215,257
"ENSG00000112664",505,524,507,246,371,579,533,470,726,162,534,460,547,398,635,557,558,590,511,757,796,480,495,400,209,452,497,536,454,535
"ENSG00000112667",58,230,101,66,90,217,90,124,185,71,82,73,192,115,143,167,101,86,107,75,84,164,168,71,61,114,172,85,127,129
"ENSG00000112679",114,315,182,188,131,185,293,140,289,164,175,277,247,161,227,369,169,272,175,239,93,307,281,156,97,179,283,178,182,293
"ENSG00000112697",26,76,48,77,24,44,38,78,78,9,31,32,40,22,146,81,12,46,14,43,17,38,53,7,40,56,51,32,78,82
"ENSG00000112699",66,153,72,34,41,82,84,102,92,42,95,142,83,96,78,71,85,108,134,73,58,123,67,151,23,64,83,108,110,80
"ENSG00000112727",2,6,5,0,1,4,6,5,1,8,21,5,2,14,3,3,8,9,13,14,1,4,6,22,1,3,6,16,0,7
"ENSG00000112759",399,295,487,227,235,427,389,335,341,185,309,158,341,318,556,612,324,446,152,425,410,286,339,77,229,420,411,359,248,263
"ENSG00000112773",2,18,3,7,0,11,9,56,3,5,3,1,3,4,1,9,1,7,4,2,0,33,4,1,0,1,6,8,5,14
"ENSG00000112787",782,389,661,108,507,720,486,455,330,844,1292,665,826,888,362,752,1059,682,339,683,1261,881,620,660,224,576,381,458,213,208
"ENSG00000112799",314,645,709,280,213,471,369,851,839,700,517,777,962,716,727,655,843,747,762,884,433,794,528,830,166,581,496,1144,735,560
"ENSG00000113163",18,28,26,30,8,30,41,25,29,9,29,21,29,35,43,35,12,26,13,35,20,21,28,21,11,16,22,33,28,31
"ENSG00000113272",74,119,122,68,80,135,158,107,117,61,84,115,131,126,155,146,136,145,134,173,92,124,134,114,46,165,113,210,107,105
"ENSG00000113302",17,33,26,2,1,22,72,103,1,5,48,17,45,80,18,70,5,23,41,0,2,24,49,14,2,6,8,11,21,7
"ENSG00000113312",71,183,92,104,61,106,133,102,139,49,74,128,142,79,140,91,73,162,127,94,44,109,106,87,51,117,77,140,127,153
"ENSG00000113384",41,65,48,40,22,47,54,50,71,11,49,37,56,33,73,67,25,68,20,88,27,29,26,13,20,61,46,53,63,61
"ENSG00000113456",1,12,0,5,3,5,15,1,5,0,1,2,8,1,12,13,2,2,4,4,1,3,11,0,4,13,6,2,9,7
"ENSG00000113583",16,14,28,7,14,35,31,28,23,11,29,25,15,19,20,23,15,25,13,33,20,17,28,14,9,22,27,30,9,21
"ENSG00000113615",17,70,58,43,25,42,75,69,38,12,76,45,43,59,69,104,33,50,27,93,31,53,44,4,46,68,75,44,74,107
"ENSG00000113638",19,43,30,22,19,34,33,30,37,13,28,19,22,28,39,53,16,32,19,41,31,24,22,11,12,22,31,33,33,44
"ENSG00000113732",5,391,98,98,26,217,119,94,152,43,25,64,263,76,231,226,31,140,42,36,11,205,291,48,136,132,64,14,176,125
"ENSG00000113734",11,7,11,8,5,14,23,14,18,6,14,9,19,16,15,18,12,12,6,12,7,11,14,10,5,7,18,12,8,9
"ENSG00000113811",0,69,15,18,7,54,52,14,26,14,25,12,43,26,38,33,39,33,28,22,5,42,48,82,7,24,21,17,27,21
"ENSG00000114021",46,180,77,76,44,134,115,47,105,81,29,73,149,68,133,138,62,105,76,48,34,101,166,39,65,97,85,46,108,140
"ENSG00000114023",313,476,393,142,125,743,830,471,512,221,523,568,664,616,654,554,655,365,1100,497,292,747,644,511,181,411,375,908,593,830
"ENSG00000114315",22,37,75,30,67,86,56,29,64,65,44,39,54,57,75,74,178,61,140,65,49,52,46,168,57,97,19,37,72,52
"ENSG00000114383",66,148,48,30,65,120,55,105,92,53,76,84,119,121,70,113,65,99,79,49,46,96,112,62,35,68,124,64,60,59
"ENSG00000114395",17,27,18,23,18,37,29,47,25,23,10,12,24,38,26,35,7,36,15,15,4,33,17,4,7,25,31,17,23,28
"ENSG00000114405",16,20,11,11,10,0,5,9,7,0,3,10,13,1,0,16,9,6,11,14,9,7,0,7,1,3,5,15,6,19
"ENSG00000114631",37,38,31,40,157,38,60,14,100,54,48,18,22,69,21,18,54,67,37,22,20,9,34,23,15,82,27,43,15,16
"ENSG00000114737",93,142,59,50,31,214,155,108,73,87,97,37,171,158,88,211,49,52,129,96,56,198,135,29,11,53,62,182,49,105
"ENSG00000114739",6,20,60,14,30,31,40,18,28,8,23,32,25,22,46,63,11,24,9,34,42,20,19,6,9,34,11,17,13,32
"ENSG00000114767",554,969,478,348,390,794,604,439,657,382,296,420,930,546,759,858,588,627,497,429,365,477,643,390,200,556,581,401,381,445
"ENSG00000114784",60,156,144,58,49,158,95,112,120,52,110,92,275,124,180,171,127,173,98,148,100,131,153,42,80,152,87,117,135,103
"ENSG00000114850",54,140,227,91,88,121,152,249,165,31,157,148,245,163,230,161,117,175,150,262,88,188,150,80,70,227,82,162,189,196
"ENSG00000114853",36,99,24,24,16,58,73,63,120,45,39,22,72,26,81,104,25,54,17,46,86,72,44,2,7,22,7,55,48,45
"ENSG00000114902",164,262,146,81,78,158,141,135,147,90,151,277,204,178,144,125,185,176,154,155,111,164,199,126,61,144,123,167,210,190
"ENSG00000114948",3,3,3,1,48,1,17,3,4,4,4,2,0,0,0,0,0,10,0,0,1,0,0,0,2,46,31,0,1,0
"ENSG00000114956",116,230,168,93,115,294,223,163,217,100,179,203,283,213,200,242,205,236,221,145,134,208,290,138,114,184,201,134,154,151
"ENSG00000115008",56,39,100,11,0,13,41,124,14,2,38,53,66,12,8,101,38,53,18,57,61,12,71,69,3,53,91,100,25,28
"ENSG00000115073",54,135,164,72,86,160,142,168,147,98,126,97,176,153,162,165,70,187,65,87,57,162,170,46,89,127,204,44,122,107
"ENSG00000115107",99,72,68,52,28,99,63,46,38,9,59,20,90,89,94,178,32,70,20,55,112,91,102,25,31,36,95,37,43,65
"ENSG00000115128",186,404,302,174,252,351,311,305,366,97,214,194,439,294,412,386,431,384,352,278,109,262,434,282,152,372,230,327,219,259
"ENSG00000115138",43,193,71,33,67,62,187,83,86,147,74,57,107,1,132,184,11,116,89,21,3,171,76,173,2,46,3,68,3,7
"ENSG00000115163",68,159,83,63,38,132,124,98,72,22,80,55,99,83,96,115,77,78,119,80,38,42,86,91,23,52,123,146,86,131
"ENSG00000115165",142,21,55,10,24,25,63,56,13,4,77,31,31,64,38,21,84,27,26,67,223,37,16,2,14,31,33,81,19,17
"ENSG00000115257",73,13,27,8,4,38,43,50,24,59,30,67,65,30,10,18,47,44,42,35,34,48,50,48,7,9,21,79,15,23
"ENSG00000115266",17,17,27,5,12,21,23,12,29,31,23,38,39,35,19,37,10,58,13,25,12,21,17,7,5,45,48,12,24,13
"ENSG00000115268",56,101,63,59,120,117,104,62,62,61,93,51,76,140,49,89,191,121,109,76,54,97,81,147,69,89,87,64,66,55
"ENSG00000115274",32,105,77,49,55,102,82,80,104,41,46,95,110,51,101,77,72,88,68,82,32,138,109,37,47,96,59,32,76,97
"ENSG00000115286",100,204,193,60,137,200,151,233,178,84,185,102,228,216,152,225,164,168,104,151,109,220,155,96,84,133,169,170,115,123
"ENSG00000115317",54,138,90,72,65,117,96,81,114,83,56,72,126,101,107,131,46,110,59,62,34,165,181,42,82,107,190,45,85,81
"ENSG00000115350",11,36,14,21,11,16,15,19,31,4,5,21,25,15,15,20,7,14,21,13,6,23,21,6,10,18,17,10,23,23
"ENSG00000115446",3,48,9,7,5,25,26,8,39,18,8,18,39,7,38,29,11,23,29,14,4,20,26,13,11,23,9,15,26,22
"ENSG00000115540",4,37,17,26,7,23,12,10,37,8,1,13,17,5,34,44,1,13,20,6,1,18,13,1,12,19,15,12,31,39
"ENSG00000115594",1,6,2,10,1,10,9,4,11,0,1,0,4,4,18,6,0,12,1,4,0,3,5,0,1,2,3,1,4,1
"ENSG00000115596",3,7,4,2,2,11,4,11,7,8,11,2,7,11,9,11,6,1,3,10,7,10,9,4,2,2,1,24,0,6
"ENSG00000115649",269,543,244,299,190,328,247,368,507,220,168,225,336,269,415,385,100,263,137,284,198,326,396,67,103,289,332,288,273,381
"ENSG00000115661",13,69,62,28,27,55,45,38,49,20,21,23,61,57,47,53,25,52,21,29,4,39,38,17,27,32,52,17,43,55
"ENSG00000115738",1,16,2,1,4,12,10,8,8,8,1,3,7,14,11,10,4,5,3,5,2,19,22,2,6,4,3,7,2,5
"ENSG00000115758",76,227,116,109,99,141,131,116,234,31,62,93,119,91,210,187,35,158,51,88,56,69,144,16,46,147,169,71,126,207
"ENSG00000115808",29,62,52,52,31,35,45,35,50,13,28,40,36,46,90,79,20,87,26,62,30,27,33,10,23,54,86,42,47,67
"ENSG00000115884",5,3,5,7,1,3,2,20,7,3,22,38,6,6,55,16,7,15,11,1,5,3,6,16,17,22,100,9,12,15
"ENSG00000115902",110,97,91,77,108,77,94,132,129,71,74,82,50,67,115,58,49,196,31,244,122,79,56,22,29,135,119,90,96,106
"ENSG00000115919",8,39,17,30,7,38,39,19,25,17,5,20,19,14,31,42,9,29,16,18,2,15,21,7,4,18,10,17,13,20
"ENSG00000115944",125,98,140,67,152,101,131,139,123,41,123,164,169,199,174,110,168,149,77,195,246,126,178,64,73,130,85,202,102,104
"ENSG00000115956",664,450,369,238,326,399,317,230,468,170,254,274,373,345,617,510,346,646,110,437,1159,263,457,83,308,458,270,274,382,239
"ENSG00000116014",9,9,50,0,5,45,35,12,13,5,50,30,35,18,22,51,65,27,51,23,21,23,33,30,3,29,14,20,6,21
"ENSG00000116017",2704,1452,1552,632,1170,1342,1228,1597,914,977,2014,1259,1309,2160,1110,2223,1524,1409,1067,1854,3174,1431,739,1468,588,1237,1521,1694,888,795
"ENSG00000116096",34,173,27,42,29,128,26,69,137,8,28,44,70,72,28,113,34,50,51,18,68,57,79,18,16,28,29,89,62,43
"ENSG00000116120",292,1311,551,501,393,695,709,533,723,304,278,539,754,378,831,840,410,743,766,359,183,524,549,443,322,678,675,599,645,841
"ENSG00000116133",574,1140,529,715,543,639,513,507,942,244,282,327,441,487,844,817,146,936,207,429,590,500,455,154,210,671,973,452,588,683
"ENSG00000116157",105,26,36,1,5,45,6,51,5,5,85,16,31,35,56,69,102,54,61,22,75,30,25,111,19,39,94,73,7,9
"ENSG00000116199",13,32,19,24,22,26,25,17,42,7,15,14,23,24,39,41,2,32,9,18,9,10,22,2,22,42,48,8,23,33
"ENSG00000116205",60,53,32,25,22,49,48,45,33,19,39,31,35,39,64,39,27,40,30,59,35,36,45,23,14,45,46,54,44,60
"ENSG00000116221",285,275,225,164,142,192,215,248,205,76,200,194,248,205,258,210,210,237,112,325,274,158,161,64,92,217,200,357,197,236
"ENSG00000116251",3,8,7,3,14,9,5,2,16,3,13,13,12,4,7,9,3,3,10,3,2,6,19,6,8,3,5,5,8,4
"ENSG00000116273",73,93,82,28,33,76,61,63,79,24,99,65,79,72,78,93,48,96,34,71,106,80,79,28,28,60,84,45,73,78
"ENSG00000116288",69,635,225,249,160,335,226,256,399,110,129,219,424,166,432,354,229,417,188,208,48,321,390,197,144,289,205,233,335,343
"ENSG00000116455",32,122,36,61,46,62,61,56,60,37,34,30,57,44,79,64,20,62,41,41,7,57,45,24,31,60,69,30,41,56
"ENSG00000116473",96,439,238,99,239,289,234,168,226,56,131,218,276,163,211,259,183,309,168,216,141,240,253,118,154,267,212,166,322,295
"ENSG00000116514",706,529,397,155,217,374,280,476,356,155,341,283,413,397,431,462,604,520,148,464,813,354,488,135,221,350,390,417,416,361
"ENSG00000116663",25,73,28,25,23,57,21,50,38,19,31,35,44,36,31,28,11,29,19,17,23,65,54,12,14,37,30,27,29,31
"ENSG00000116670",46,145,93,45,47,145,86,121,105,56,66,46,132,81,79,108,41,75,57,51,38,94,108,37,45,70,115,65,86,105
"ENSG00000116685",13,46,55,14,34,54,21,29,53,20,19,26,42,38,48,47,16,33,15,24,25,49,50,14,27,41,38,25,38,39
"ENSG00000116701",95,187,71,24,42,207,102,84,79,45,53,99,230,93,129,204,135,192,70,77,54,220,254,75,86,58,69,85,44,92
"ENSG00000116704",154,375,128,205,155,208,261,244,370,76,84,273,180,181,278,320,63,305,178,206,105,204,188,68,102,199,253,230,306,311
"ENSG00000116741",8,36,43,38,39,31,18,23,51,41,15,15,23,61,25,38,28,19,7,19,9,41,34,3,6,21,17,108,8,15
"ENSG00000116752",42,191,69,65,55,104,64,82,122,33,35,83,114,57,112,130,27,88,71,76,24,62,106,24,33,88,79,108,92,117
"ENSG00000116771",28,123,76,39,74,114,69,69,124,29,42,55,83,73,103,58,41,124,51,52,24,47,64,29,33,105,105,97,56,112
"ENSG00000116815",105,236,207,104,169,232,169,136,236,93,110,175,165,118,272,238,97,196,175,117,106,183,250,32,120,267,118,197,185,208
"ENSG00000116819",12,24,10,25,12,30,16,44,25,76,17,17,36,42,42,41,15,20,37,18,10,37,30,18,9,18,11,43,14,27
"ENSG00000116863",89,349,272,132,118,288,226,222,293,112,150,174,299,255,255,248,123,264,142,142,84,261,228,96,134,260,268,130,207,254
"ENSG00000116883",13,11,8,2,16,11,15,10,9,50,25,17,9,8,26,11,3,20,14,8,12,20,3,33,3,15,11,24,9,12
"ENSG00000116898",355,442,422,149,315,492,422,423,327,346,393,574,618,438,331,315,670,452,934,340,320,530,408,1070,148,365,276,745,272,332
"ENSG00000116903",46,237,176,135,98,179,166,140,213,106,69,174,163,142,249,259,54,186,147,148,38,141,171,36,89,240,171,131,169,241
"ENSG00000116918",6,57,31,38,18,37,20,22,41,16,10,24,30,17,71,63,8,54,23,14,4,11,46,8,26,44,32,12,44,60
"ENSG00000116962",350,244,128,505,333,285,134,113,398,118,399,34,220,122,529,653,196,377,64,843,772,165,327,43,255,200,158,233,253,342
"ENSG00000116981",1,0,36,0,2,11,27,3,0,0,34,0,2,11,0,41,3,7,0,1,2,1,3,1,2,3,22,3,2,6
"ENSG00000116985",0,4,16,0,17,24,6,4,4,2,8,3,18,7,5,18,7,3,2,0,30,4,4,7,2,7,7,16,0,3
"ENSG00000117000",6,7,3,3,2,8,3,4,9,1,9,6,4,5,19,14,0,10,0,10,3,5,5,0,4,7,9,2,5,11
"ENSG00000117016",18,26,7,66,1,11,22,63,38,18,13,3,11,22,43,61,1,25,9,47,3,38,25,1,5,5,15,49,18,12
"ENSG00000117090",697,751,1046,647,621,1273,895,753,847,897,908,601,1244,900,1363,1441,1165,1389,538,1209,1707,866,1715,224,779,840,602,635,947,628
"ENSG00000117091",587,1995,3447,1354,943,3225,3475,1803,2600,887,2153,2174,3685,2111,3416,2914,2075,2019,1770,2999,1091,2647,3323,1125,1982,3734,1766,1484,2633,2906
"ENSG00000117133",120,171,146,67,109,179,106,109,127,61,95,87,175,115,130,151,195,158,136,157,134,101,122,183,41,118,114,164,81,90
"ENSG00000117151",39,59,79,26,35,67,65,81,49,31,44,82,103,99,50,65,37,69,39,71,35,41,58,24,29,71,84,33,42,69
"ENSG00000117174",192,516,244,283,249,313,249,216,396,242,155,371,398,185,480,401,234,383,282,302,130,269,313,185,197,419,234,290,407,402
"ENSG00000117222",8,27,16,19,11,21,20,13,11,0,10,7,20,15,29,42,7,22,2,12,14,8,16,3,10,17,32,7,23,27
"ENSG00000117318",57,52,128,3,45,57,61,77,21,5,77,67,50,62,18,34,151,81,64,23,77,41,53,57,46,132,130,23,66,36
"ENSG00000117450",3,20,11,10,19,26,25,11,25,12,6,14,8,12,10,20,9,9,14,8,4,10,13,1,16,9,14,5,16,13
"ENSG00000117475",16,51,21,38,14,24,34,32,41,11,25,19,31,15,44,29,9,48,15,39,7,30,15,11,10,25,28,29,48,52
"ENSG00000117479",39,138,51,94,35,88,85,65,207,73,22,45,79,61,140,140,26,71,54,56,15,112,71,25,17,40,60,57,131,96
"ENSG00000117500",45,115,103,77,56,65,75,121,79,17,85,95,68,69,123,129,52,139,50,139,67,43,57,24,43,100,85,100,105,96
"ENSG00000117505",68,103,97,59,63,76,95,96,71,28,128,50,58,95,100,81,132,107,54,162,70,60,66,51,28,112,85,126,58,78
"ENSG00000117533",14,16,17,9,10,23,13,31,17,7,40,26,20,31,21,21,33,15,11,28,49,19,13,4,6,14,17,35,17,21
"ENSG00000117592",1,58,23,27,12,44,23,20,44,10,3,14,53,19,31,44,9,44,27,7,4,33,54,9,14,27,18,7,44,52
"ENSG00000117593",2,44,10,15,9,13,8,16,13,1,4,8,11,8,15,21,2,14,5,4,2,7,12,2,9,7,11,5,20,25
"ENSG00000117597",35,99,99,58,49,108,73,49,94,11,44,67,72,87,133,119,51,100,30,88,44,63,75,15,65,117,79,50,66,71
"ENSG00000117614",35,97,129,33,88,149,129,90,157,107,102,102,207,100,127,131,112,109,159,82,35,126,80,153,47,154,90,106,67,80
"ENSG00000117616",0,9,18,3,5,9,13,5,5,8,5,10,8,5,17,9,3,21,14,4,4,15,13,3,5,13,8,6,20,6
"ENSG00000117632",112,405,324,250,194,475,474,287,553,125,224,470,305,315,353,316,242,477,559,404,154,234,285,299,102,296,459,502,374,558
"ENSG00000117691",38,40,29,5,29,50,34,35,29,33,51,57,60,74,28,30,55,45,45,23,34,46,53,20,6,41,48,24,16,22
"ENSG00000117697",12,75,38,46,21,38,42,54,64,6,24,43,78,22,67,55,31,60,31,55,18,39,51,31,17,40,34,61,42,55
"ENSG00000117748",8,26,18,16,23,23,17,21,18,9,11,14,29,12,16,28,10,29,11,25,4,15,15,6,5,17,25,20,13,21
"ENSG00000117751",62,62,52,22,24,56,55,58,45,30,32,37,50,56,47,60,30,39,31,57,37,34,33,24,23,53,47,44,32,34
"ENSG00000117862",25,29,20,14,14,37,45,28,20,10,53,20,22,47,32,31,38,29,27,39,26,24,21,19,7,19,26,53,19,22
"ENSG00000117877",355,501,281,188,256,437,356,287,395,333,162,294,416,320,382,343,308,396,464,279,214,267,281,381,109,320,320,427,202,272
"ENSG00000117899",246,101,82,29,68,54,55,130,80,51,147,112,56,98,51,52,118,90,52,140,122,67,60,61,21,69,117,160,55,55
"ENSG00000117906",84,142,70,52,99,138,102,85,144,43,94,129,154,90,123,184,68,89,109,105,50,81,156,47,39,129,145,142,71,112
"ENSG00000118046",1617,1573,1006,546,923,1563,1108,1555,1328,1692,1385,1156,1893,1740,1188,1285,1379,1600,1112,1276,981,1426,1337,1188,373,1121,1362,1216,761,794
"ENSG00000118096",100,185,126,123,83,163,196,137,103,82,89,108,227,109,189,154,156,147,123,232,65,143,145,87,46,123,109,122,123,148
"ENSG00000118162",99,191,74,76,49,116,80,123,90,97,56,68,151,106,64,95,108,97,82,86,49,143,114,63,50,87,108,78,81,94
"ENSG00000118181",316,1108,1387,536,1294,994,1222,1245,919,296,777,468,2372,708,1444,1003,1354,1287,802,2125,312,1011,1617,850,602,1656,432,2599,996,797
"ENSG00000118193",140,494,224,284,141,361,377,235,471,71,211,308,188,171,508,541,60,370,284,313,107,168,148,133,121,261,406,332,414,704
"ENSG00000118217",46,82,66,51,41,56,88,48,92,26,47,66,46,49,128,91,34,130,57,102,23,57,57,33,53,79,70,63,89,94
"ENSG00000118242",10,96,62,59,54,81,55,44,88,32,3,38,94,40,97,99,13,75,20,31,4,121,100,11,56,77,54,17,62,56
"ENSG00000118276",139,254,82,209,102,128,144,91,257,146,158,143,116,129,295,421,71,223,71,235,188,141,136,53,166,107,216,144,296,210
"ENSG00000118292",5,27,15,7,23,9,79,36,6,13,8,84,25,24,39,44,6,36,43,23,21,94,46,27,9,25,7,18,68,48
"ENSG00000118308",1092,2233,3336,1093,840,3033,2716,1302,1714,1379,2846,2129,1663,2927,3453,2794,1464,3062,2326,2238,886,1991,1661,2334,583,4260,1491,2921,1547,1968
"ENSG00000118363",11,64,9,20,21,31,29,10,44,24,6,52,15,14,29,28,10,25,27,16,2,26,15,24,10,27,19,9,46,36
"ENSG00000118369",94,137,176,58,124,167,124,210,98,119,153,234,294,182,142,202,172,154,126,147,137,446,278,104,84,203,123,139,110,82
"ENSG00000118407",14,62,2,57,9,17,24,27,47,12,1,6,4,7,18,30,4,49,47,33,1,7,2,4,4,12,9,108,46,9
"ENSG00000118412",20,45,26,22,14,24,37,20,16,15,16,32,28,20,15,28,11,37,20,20,18,19,11,17,5,30,19,34,26,31
"ENSG00000118418",95,456,130,226,146,207,202,187,285,237,93,342,250,170,245,260,158,220,575,149,69,309,272,274,104,254,190,235,313,313
"ENSG00000118432",14,75,15,100,32,13,35,29,45,118,9,13,4,96,49,44,6,95,19,41,5,33,8,12,6,3,22,17,87,16
"ENSG00000118496",93,281,248,169,135,236,236,137,242,74,112,200,208,161,369,331,67,212,144,265,75,161,246,57,127,334,216,172,317,304
"ENSG00000118508",5,17,6,11,4,16,4,30,86,1,14,0,41,11,20,134,4,33,3,15,1,5,24,2,4,1,0,20,2,12
"ENSG00000118513",153,95,561,51,153,150,113,56,115,62,81,89,86,95,299,103,151,170,42,262,135,92,112,36,102,317,142,113,79,93
"ENSG00000118557",5,19,13,20,8,11,22,15,2,59,12,34,4,15,7,9,3,17,40,27,10,16,4,14,3,13,20,20,23,18
"ENSG00000118579",31,133,107,45,53,172,137,71,109,24,65,66,183,89,124,145,92,125,55,67,26,124,146,47,57,98,67,43,82,79
"ENSG00000118596",9,63,38,57,21,28,38,33,47,9,19,40,22,26,90,109,7,43,15,58,24,41,34,10,31,42,51,36,61,77
"ENSG00000118600",69,197,75,96,70,170,99,90,201,83,63,148,195,83,191,175,87,127,112,99,63,126,178,106,55,118,105,112,146,181
"ENSG00000118620",9,48,38,21,22,32,33,28,24,9,10,26,28,9,39,50,8,44,31,26,6,30,20,12,15,56,20,18,32,44
"ENSG00000118640",345,1141,591,433,374,773,718,728,884,482,464,886,863,566,754,869,719,862,914,501,264,857,1071,646,382,658,598,540,941,913
"ENSG00000118655",188,339,192,119,133,202,181,174,213,49,106,134,193,138,190,221,98,180,117,224,123,111,133,64,58,143,265,241,136,236
"ENSG00000118680",46,266,163,130,159,248,232,194,233,116,116,344,247,185,242,179,246,251,346,183,88,242,249,245,84,205,118,222,205,281
"ENSG00000118689",11,19,9,34,20,4,16,4,23,29,4,5,4,20,5,23,1,23,1,13,30,5,5,5,6,14,9,6,13,3
"ENSG00000118707",507,803,939,433,434,1059,1035,637,858,516,734,647,1093,904,1110,1276,707,1091,494,1053,673,775,939,365,465,862,646,709,612,740
"ENSG00000118894",10,19,7,7,9,9,9,11,12,4,5,8,10,4,10,14,9,12,7,11,7,12,6,9,4,7,14,12,12,2
"ENSG00000118900",796,1297,911,809,688,932,979,974,1075,817,620,851,1226,919,1330,1290,498,1192,682,1028,698,924,786,440,513,1006,1062,835,843,935
"ENSG00000118939",35,196,60,65,63,90,60,88,126,25,35,61,133,44,141,101,75,106,98,86,28,66,106,52,44,123,70,100,112,99
"ENSG00000118971",6283,18020,6160,6819,3314,11022,9886,9229,7538,5739,6130,7682,11871,8782,11544,13023,4697,12333,8070,9443,2456,14090,9970,5320,5972,6752,4344,5446,9532,12077
"ENSG00000118976",9,14,17,11,11,17,9,9,15,4,5,15,6,11,26,33,5,16,2,18,13,8,10,3,6,16,19,8,16,15
"ENSG00000119013",29,55,15,24,19,29,30,28,38,16,29,30,41,24,20,23,47,40,51,19,17,21,38,40,8,20,30,32,30,33
"ENSG00000119138",71,132,143,43,29,113,231,154,55,30,249,126,176,96,220,226,44,133,87,137,90,150,132,51,68,67,79,171,110,164
"ENSG00000119242",212,247,199,116,275,129,127,329,284,154,222,259,217,221,221,189,321,368,109,186,385,193,163,193,39,199,123,355,177,69
"ENSG00000119392",90,228,153,138,101,217,162,236,197,102,117,105,144,158,205,235,59,213,74,176,83,163,125,48,83,187,235,129,162,207
"ENSG00000119396",84,230,159,117,86,141,132,127,203,44,116,133,140,97,253,231,62,236,74,203,109,86,107,50,66,172,134,161,161,179
"ENSG00000119401",37,63,32,42,26,41,35,55,44,3,27,26,24,49,44,62,11,62,13,51,30,38,29,9,14,37,65,36,30,39
"ENSG00000119408",987,395,740,284,486,525,640,309,288,223,848,227,634,881,590,735,775,523,155,614,1977,455,433,186,460,752,460,323,310,273
"ENSG00000119411",17,57,123,7,22,68,50,77,28,27,135,29,54,37,23,61,21,30,59,47,17,68,127,83,25,15,52,195,39,110
"ENSG00000119414",11,171,82,90,27,84,73,65,135,32,17,65,118,39,133,112,10,106,54,37,11,66,84,4,49,106,66,28,114,136
"ENSG00000119421",187,836,379,290,275,584,464,471,573,237,231,487,796,370,505,530,383,436,674,229,129,545,621,413,202,405,424,400,421,495
"ENSG00000119431",67,177,156,47,60,190,111,166,120,118,97,81,173,140,121,117,88,140,84,89,37,135,160,82,43,141,141,111,88,105
"ENSG00000119446",76,92,106,34,47,72,49,80,61,22,54,45,77,77,88,72,58,76,69,104,100,63,56,32,29,78,43,123,62,75
"ENSG00000119471",8,151,25,53,22,53,64,46,66,10,39,60,52,38,78,76,5,35,49,29,12,43,37,10,47,115,46,27,115,119
"ENSG00000119508",54,12,105,4,38,63,79,41,8,8,138,42,66,90,10,77,52,59,10,39,108,103,39,12,36,60,29,25,23,39
"ENSG00000119523",177,431,342,216,221,344,361,282,310,196,265,548,388,249,407,447,222,339,390,313,173,338,359,197,158,417,347,277,473,408
"ENSG00000119537",86,394,290,167,157,351,241,189,465,118,123,211,323,160,526,444,158,264,182,228,114,275,316,71,204,273,165,203,338,411
"ENSG00000119541",153,536,324,337,247,389,335,326,512,109,150,375,403,258,599,519,137,532,244,351,164,229,344,94,168,429,315,188,354,454
"ENSG00000119559",65,122,58,44,51,82,76,86,103,65,52,53,121,75,83,99,40,83,50,60,36,80,81,45,21,66,86,41,78,66
"ENSG00000119574",396,299,227,80,174,241,202,306,252,153,229,245,244,249,227,261,279,245,153,280,279,209,200,151,56,197,268,244,175,148
"ENSG00000119596",1603,1234,961,801,714,889,1036,1104,1238,492,1037,799,973,856,1414,1406,879,1464,455,1885,1819,694,521,433,477,1040,1220,1249,811,1019
"ENSG00000119608",11,17,3,9,8,4,5,12,7,12,7,13,4,7,15,4,13,14,6,14,6,7,8,3,4,8,10,5,5,6
"ENSG00000119616",34,121,73,61,50,109,84,72,108,43,50,76,105,58,114,99,44,84,60,67,23,63,68,32,35,85,71,72,91,117
"ENSG00000119630",5,11,8,2,7,14,5,24,3,8,2,2,7,17,5,6,8,7,11,1,0,18,15,6,0,0,14,4,9,6
"ENSG00000119632",77,428,226,144,216,354,284,436,356,365,157,441,301,402,240,175,169,289,540,230,107,476,361,408,98,299,204,244,354,253
"ENSG00000119638",964,2051,1065,1057,833,1365,1147,1151,1584,659,847,1051,1315,1126,1728,1750,567,1640,889,1211,956,1331,1156,517,776,1357,1409,978,1398,1556
"ENSG00000119640",25,104,90,27,30,117,86,66,53,61,66,88,103,41,79,108,82,89,154,67,23,81,82,105,25,71,68,88,81,97
"ENSG00000119650",48,115,44,37,40,49,59,52,48,58,32,48,80,63,78,54,69,77,69,39,32,82,85,61,32,47,35,69,47,40
"ENSG00000119655",576,479,654,156,174,736,600,730,221,221,699,447,913,645,482,622,710,322,449,493,1147,701,799,294,187,504,221,655,336,443
"ENSG00000119661",29,93,35,55,18,47,47,49,68,37,16,53,61,34,66,71,27,67,50,35,28,40,41,16,22,66,38,53,46,70
"ENSG00000119669",1060,1364,1013,343,614,1001,1010,924,933,500,1386,544,1003,889,894,1277,788,1029,499,960,1209,654,791,583,429,696,751,1036,682,612
"ENSG00000119673",25,81,34,38,3,59,54,61,77,35,31,50,97,69,124,49,60,56,53,38,38,67,66,29,42,53,45,53,51,50
"ENSG00000119681",10,13,3,7,4,8,9,2,7,8,2,9,12,11,9,7,2,14,6,2,2,5,5,4,4,8,5,5,5,6
"ENSG00000119684",91,345,258,170,152,304,301,180,307,253,138,295,268,180,404,335,165,339,252,244,110,293,235,179,135,336,265,221,281,312
"ENSG00000119686",44,95,78,66,71,48,70,36,70,70,27,47,74,58,195,106,53,84,26,73,89,86,110,35,65,69,53,21,67,32
"ENSG00000119689",150,545,468,332,290,448,393,400,568,274,229,295,535,410,540,545,206,469,250,382,160,372,441,153,303,537,417,225,414,450
"ENSG00000119699",17,25,18,11,11,14,43,16,22,34,18,34,17,22,16,19,18,26,33,26,9,23,17,19,2,18,23,27,23,25
"ENSG00000119703",5,7,13,9,3,9,9,12,3,6,4,16,4,5,15,9,15,8,10,17,12,7,10,8,3,10,10,17,3,8
"ENSG00000119705",124,502,191,168,156,394,294,183,307,224,131,308,321,182,233,287,254,264,628,94,77,293,318,442,94,233,264,225,275,320
"ENSG00000119707",1647,2705,1318,1473,1308,1889,1652,1741,1797,3076,1201,3010,1233,1498,1806,1448,1846,2657,3218,1735,981,1933,939,2670,805,2090,1403,3077,1723,1876
"ENSG00000119711",55,145,142,58,67,51,189,95,124,31,76,121,94,88,184,178,42,118,80,164,77,90,95,50,62,102,105,119,138,162
"ENSG00000119714",42,55,19,94,72,66,35,60,283,82,7,31,20,30,82,26,23,76,27,61,6,50,17,37,23,31,31,44,46,43
"ENSG00000119718",293,639,319,286,245,405,392,382,393,184,220,280,490,336,479,419,343,374,216,325,265,353,395,148,166,339,372,342,346,372
"ENSG00000119720",117,365,175,166,180,244,184,210,231,164,116,192,186,171,277,264,123,292,214,184,93,188,130,143,104,189,217,199,173,220
"ENSG00000119723",64,187,103,78,85,124,99,126,156,134,48,101,141,74,140,151,67,139,133,68,63,148,125,114,61,120,135,114,121,146
"ENSG00000119725",51,149,124,103,65,96,115,97,144,23,63,70,135,88,210,179,39,132,32,88,53,91,123,16,64,152,110,71,117,140
"ENSG00000119737",34,13,22,29,24,9,27,20,16,87,8,31,18,20,35,23,4,41,22,24,4,24,16,20,6,26,23,23,20,20
"ENSG00000119760",234,146,187,97,166,166,169,212,107,149,181,129,200,200,226,143,209,195,107,314,204,177,172,160,67,188,117,287,106,100
"ENSG00000119844",153,401,391,166,208,392,392,342,369,183,291,411,344,285,482,454,302,425,379,384,157,362,233,253,171,449,269,528,380,456
"ENSG00000119878",10,90,38,22,25,49,37,35,61,18,22,77,46,35,94,72,42,48,76,50,17,44,54,30,19,62,28,52,72,70
"ENSG00000119899",7,31,28,18,17,18,14,17,8,12,12,10,24,23,28,41,12,30,8,24,15,20,29,0,28,26,15,10,24,26
"ENSG00000119900",2,7,10,9,0,7,9,2,14,4,11,9,10,5,11,35,6,8,4,26,4,7,7,5,0,1,1,10,6,7
"ENSG00000119917",1998,2573,1579,2526,1098,2250,2075,1451,3944,1575,829,666,2236,1077,4415,3390,1071,2858,1713,3036,4259,1957,1525,629,328,1078,626,1713,1947,2106
"ENSG00000119922",194,688,635,859,217,619,535,315,1072,286,302,179,871,306,1823,1110,183,773,297,750,375,424,742,143,139,409,157,307,731,524
"ENSG00000119929",60,89,81,40,50,82,104,63,68,33,65,72,110,68,103,111,45,83,58,70,62,72,90,28,34,84,70,94,81,106
"ENSG00000119950",60,25,220,10,82,75,102,103,28,24,305,46,97,162,86,128,189,40,37,169,185,100,77,22,117,164,60,170,51,86
"ENSG00000119953",59,74,40,38,32,79,79,41,55,24,48,51,72,53,90,90,47,53,59,67,51,55,72,12,35,68,55,63,62,61
"ENSG00000119986",0,19,11,1,3,16,13,8,13,0,7,4,14,9,9,14,15,2,9,8,6,23,17,0,1,6,12,25,5,6
"ENSG00000120055",7,17,12,7,5,11,23,5,13,12,19,6,24,13,24,17,18,29,21,6,12,10,14,13,8,11,17,10,14,19
"ENSG00000120063",413,1057,1344,673,525,793,1024,709,1124,180,600,707,853,699,1782,2161,363,842,478,1286,651,832,747,93,833,1396,1009,776,926,1471
"ENSG00000120071",477,599,776,402,355,598,829,638,546,487,543,634,576,680,835,738,334,844,323,987,612,624,392,254,310,682,486,682,476,564
"ENSG00000120087",18,22,6,14,8,24,13,38,17,43,17,24,21,20,17,18,18,15,33,30,11,30,40,46,9,9,11,59,16,21
"ENSG00000120129",31,44,117,10,68,153,65,70,31,45,52,41,187,80,82,146,151,62,46,69,49,93,202,18,58,72,48,72,59,67
"ENSG00000120162",10,61,5,15,1,19,20,14,20,15,11,1,11,24,66,61,2,29,10,54,3,35,19,11,4,12,5,26,17,19
"ENSG00000120217",6,17,17,19,20,33,18,26,21,12,12,8,33,19,34,63,13,37,9,30,12,46,35,10,17,18,15,14,20,12
"ENSG00000120253",12,10,8,9,2,5,12,8,11,6,6,7,5,4,10,6,2,13,3,12,12,3,4,1,6,6,8,13,13,8
"ENSG00000120280",116,415,182,296,55,225,387,409,369,194,135,368,272,157,386,405,111,542,365,292,44,302,245,201,40,275,160,289,573,439
"ENSG00000120306",210,212,336,137,108,327,330,423,219,158,258,322,545,380,282,383,408,188,226,184,542,385,456,405,70,225,97,508,252,312
"ENSG00000120314",98,110,72,50,55,119,73,98,83,117,71,65,87,75,81,91,31,68,54,58,77,77,82,27,40,84,109,84,64,98
"ENSG00000120332",14,99,0,228,6,67,73,45,86,283,16,36,14,42,22,51,2,35,24,56,9,93,16,12,0,10,8,144,8,20
"ENSG00000120333",55,142,59,67,54,138,67,112,110,35,43,61,136,77,102,100,76,80,123,52,62,98,93,33,31,78,100,77,84,83
"ENSG00000120334",14,12,8,4,4,9,5,9,10,1,6,2,6,6,9,8,5,10,6,11,8,4,3,1,2,6,14,11,2,13
"ENSG00000120437",16,17,9,7,4,16,18,10,10,8,14,11,4,12,8,9,18,19,9,8,23,16,12,8,6,6,20,11,14,17
"ENSG00000120438",49,192,66,107,89,77,85,97,123,38,54,48,83,52,137,134,58,83,44,66,16,53,112,16,61,98,103,52,105,125
"ENSG00000120451",71,54,36,42,47,36,37,49,58,24,22,45,41,25,60,61,12,65,19,49,69,30,49,9,40,52,67,22,55,44
"ENSG00000120458",51,75,16,32,21,56,45,53,65,92,37,88,46,45,50,51,28,78,64,53,21,52,31,44,21,34,59,67,58,61
"ENSG00000120509",6,5,5,6,12,10,6,5,10,3,7,5,13,9,13,6,13,12,3,23,4,7,7,8,3,7,4,15,10,9
"ENSG00000120526",48,236,103,133,69,103,116,79,152,6,38,84,129,54,166,239,28,114,69,104,48,86,136,19,56,116,96,98,172,239
"ENSG00000120539",84,313,162,165,84,227,317,161,230,82,110,213,199,108,266,262,72,276,284,172,91,149,125,122,69,216,138,232,215,272
"ENSG00000120594",66,44,2,209,4,10,19,76,231,301,13,39,16,88,88,39,1,35,75,134,1,106,21,7,3,6,4,129,82,12
"ENSG00000120647",96,245,108,90,52,150,132,133,175,103,102,150,147,107,160,132,78,159,156,158,49,116,92,149,46,116,121,172,149,217
"ENSG00000120656",42,73,36,30,27,52,48,67,38,24,37,52,68,66,39,43,39,49,84,83,28,59,47,47,16,60,48,96,50,64
"ENSG00000120659",20,68,32,56,86,25,32,2,204,4,34,45,32,19,80,77,27,89,69,41,35,9,11,25,63,63,49,3,113,45
"ENSG00000120675",47,266,132,118,70,199,170,136,159,112,47,105,148,107,162,194,74,174,147,75,37,175,147,131,75,128,144,83,139,154
"ENSG00000120688",175,531,292,195,209,375,312,366,396,313,213,427,399,257,407,373,362,404,681,276,212,318,242,450,133,322,219,539,334,401
"ENSG00000120690",6,77,103,55,17,71,80,49,92,21,27,56,62,42,133,118,10,102,16,54,12,59,79,2,33,95,68,28,85,110
"ENSG00000120696",37,111,55,70,38,64,64,45,72,18,44,45,50,49,94,133,19,60,53,64,32,38,52,22,34,60,80,53,90,98
"ENSG00000120738",141,32,382,1,115,115,100,47,47,119,477,142,101,269,64,68,534,118,45,155,476,101,103,78,196,233,113,70,50,81
"ENSG00000120798",79,112,113,87,93,119,148,92,111,198,121,160,101,137,114,86,84,175,129,163,74,169,128,135,49,157,110,169,130,142
"ENSG00000120800",315,552,270,532,223,324,389,243,409,146,167,245,316,215,541,572,121,510,173,325,220,192,252,164,161,324,517,220,293,435
"ENSG00000120802",918,653,372,244,298,507,471,436,649,131,633,375,416,406,466,806,313,493,189,715,633,271,382,281,133,315,826,530,346,443
"ENSG00000120805",264,799,457,346,301,547,548,605,635,199,432,591,725,413,614,702,380,556,613,492,254,450,533,427,255,539,395,527,551,602
"ENSG00000120832",25,85,48,46,32,67,66,54,69,116,40,83,89,32,65,63,30,74,66,51,21,49,75,57,15,49,40,61,53,74
"ENSG00000120833",95,268,72,17,56,98,141,93,61,31,86,89,149,77,62,151,91,146,57,106,41,97,214,39,116,106,122,20,207,89
"ENSG00000120837",28,145,43,68,30,60,89,48,117,56,44,81,78,25,114,145,38,84,87,54,31,52,52,37,34,68,65,75,113,112
"ENSG00000120853",19,23,10,9,17,38,30,11,13,90,29,55,22,23,18,12,13,32,60,15,10,39,19,68,1,22,14,34,14,15
"ENSG00000120860",69,158,85,63,36,150,188,136,133,112,118,133,131,129,124,136,95,115,243,120,60,163,97,220,32,112,64,126,120,131
"ENSG00000120868",108,295,120,173,72,141,153,158,214,130,122,273,123,111,189,244,57,160,181,184,83,175,136,72,75,126,174,133,235,333
"ENSG00000120875",207,19,23,4,7,46,86,18,11,11,138,15,33,84,25,45,66,22,14,20,135,47,25,11,9,16,20,24,15,19
"ENSG00000120925",5,42,7,25,10,15,15,26,43,5,15,21,13,10,16,21,4,37,11,15,9,8,19,5,6,18,23,9,21,24
"ENSG00000120942",30,24,13,16,9,28,22,14,28,6,3,14,23,11,20,15,5,14,16,16,27,12,21,5,10,22,14,23,16,9
"ENSG00000120949",84,54,67,24,43,62,61,43,37,40,52,41,39,75,38,57,59,50,31,30,97,46,36,25,48,45,89,39,42,40
"ENSG00000121031",2458,4515,2267,4015,1965,2422,2736,2199,3704,1149,1434,1774,1796,1572,4374,4517,768,3972,1228,3142,1931,1530,1433,657,1702,2587,5345,2234,2598,4084
"ENSG00000121057",468,294,337,192,284,291,292,213,366,79,223,230,198,301,450,545,138,406,78,349,379,202,238,60,164,322,494,259,181,278
"ENSG00000121058",85,128,74,58,72,103,93,85,111,48,72,132,87,73,98,81,101,74,117,51,83,93,75,71,37,103,74,116,85,135
"ENSG00000121060",3213,3537,2650,2431,1615,1926,2433,2654,3162,1571,1922,1624,2305,2195,3528,3602,1106,3283,1622,3383,2648,2432,1859,1179,1025,2404,2632,2128,2329,2762
"ENSG00000121064",214,780,778,307,429,552,740,572,548,498,347,624,534,528,690,493,309,675,419,388,248,823,660,230,389,1056,437,382,676,611
"ENSG00000121083",287,571,346,185,267,473,367,447,467,117,222,216,497,328,469,535,195,400,206,291,199,304,359,139,161,424,544,281,302,352
"ENSG00000121101",7,16,14,4,9,5,15,25,4,65,12,15,14,15,12,4,6,25,12,11,3,12,10,12,6,15,13,7,12,12
"ENSG00000121211",1,10,9,6,1,5,10,5,6,2,0,4,6,1,9,11,0,5,5,3,0,3,4,7,4,6,1,6,15,18
"ENSG00000121274",182,359,248,136,176,229,228,205,214,117,229,367,208,220,257,333,212,250,325,169,285,201,217,220,162,245,347,202,278,254
"ENSG00000121281",1027,977,957,805,644,1064,806,990,1326,1212,833,1087,636,971,1081,1466,362,1025,854,873,920,1288,955,562,520,984,1185,845,970,1457
"ENSG00000121289",51,49,36,24,28,39,35,55,32,16,29,27,59,30,36,49,27,48,29,45,57,34,32,20,12,35,42,35,27,29
"ENSG00000121316",9,25,4,61,6,1,5,0,0,0,15,1,11,1,5,19,6,3,6,5,6,15,11,7,4,3,2,5,4,12
"ENSG00000121350",5,31,7,9,4,17,19,8,24,5,13,15,10,15,23,14,12,19,4,9,3,7,9,14,6,8,12,9,16,14
"ENSG00000121406",33,80,99,72,55,51,92,30,95,46,40,42,110,53,168,119,24,142,41,98,4,52,79,17,48,110,87,58,71,88
"ENSG00000121410",40,81,114,31,17,99,143,116,88,137,135,76,231,182,43,120,243,37,199,82,49,247,114,132,15,86,95,78,100,53
"ENSG00000121413",16,30,20,18,7,15,27,3,9,23,18,10,85,31,61,86,16,70,75,43,5,5,35,19,6,9,19,10,9,10
"ENSG00000121417",35,72,95,52,65,89,104,56,67,192,81,78,87,79,109,85,37,127,63,75,44,86,77,35,28,130,80,109,93,109
"ENSG00000121454",18,9,7,13,11,12,7,11,7,25,8,15,3,18,13,19,5,26,4,8,8,16,13,11,3,13,11,13,6,8
"ENSG00000121579",3,85,17,27,8,33,19,16,32,3,2,27,21,15,38,40,5,24,18,14,4,15,36,1,18,35,52,10,21,59
"ENSG00000121594",95,228,270,154,144,328,256,184,177,120,122,196,340,212,389,477,205,326,146,191,64,319,540,65,238,244,252,86,210,185
"ENSG00000121621",70,296,145,197,67,216,249,136,258,51,112,185,140,108,284,276,54,177,213,195,54,123,129,83,51,172,176,274,246,418
"ENSG00000121680",300,436,363,169,243,408,322,392,349,514,287,305,470,437,316,338,302,417,273,271,225,409,380,321,155,290,367,273,234,269
"ENSG00000121690",3,5,15,16,1,29,29,22,19,8,4,2,23,8,27,26,3,6,10,25,0,18,37,2,1,4,6,48,8,22
"ENSG00000121691",440,819,364,556,257,441,571,685,810,221,444,500,553,538,463,538,285,394,537,704,394,440,417,256,192,483,624,560,696,751
"ENSG00000121742",1,0,0,1,0,3,9,1,39,2,2,1,0,0,29,14,0,36,6,4,0,2,0,0,1,1,0,44,1,3
"ENSG00000121743",31,78,33,133,16,89,123,94,228,72,57,38,79,43,113,260,14,47,54,187,12,231,70,7,6,13,17,176,29,76
"ENSG00000121766",14,94,23,38,7,54,45,22,71,10,11,53,51,20,55,72,14,35,44,27,8,44,38,28,18,40,47,28,72,72
"ENSG00000121769",11,95,147,2,31,200,214,22,13,62,56,25,296,225,118,150,71,102,75,45,99,157,69,27,24,102,10,179,22,29
"ENSG00000121774",1149,1984,1779,1017,1082,1896,1808,1714,1740,496,1510,1171,1716,1694,1975,1992,1108,1811,907,1852,1103,1187,1279,759,611,1385,1923,1611,1085,1662
"ENSG00000121775",7,15,12,3,9,11,7,10,20,13,9,16,12,16,20,13,4,15,11,11,5,12,11,4,8,16,19,8,8,8
"ENSG00000121848",24,77,45,40,36,41,38,81,38,29,20,30,54,33,54,61,31,83,39,51,21,44,50,24,25,59,40,81,54,57
"ENSG00000121851",55,206,85,78,59,119,103,152,142,109,74,180,126,114,101,89,108,121,158,119,44,110,81,141,44,80,81,141,128,126
"ENSG00000121858",3,19,8,15,2,9,12,21,11,0,2,3,7,14,10,10,2,9,6,9,11,11,6,4,4,5,3,4,16,14
"ENSG00000121864",11,28,56,17,26,38,44,32,46,9,17,26,37,23,52,45,23,44,12,33,20,19,34,8,10,44,25,44,25,25
"ENSG00000121895",8,12,15,4,7,8,19,12,11,24,28,35,17,35,16,23,17,13,29,20,4,14,15,24,2,24,2,15,32,21
"ENSG00000121897",5,25,17,10,8,17,30,11,16,5,7,23,22,14,31,18,7,21,19,9,4,20,20,5,8,20,12,9,12,24
"ENSG00000121931",10,132,106,71,51,154,138,71,125,72,32,132,162,37,205,180,44,145,131,87,16,135,146,82,50,153,47,69,124,140
"ENSG00000121966",278,298,2532,395,276,1724,1609,720,624,333,406,365,778,901,1195,1720,1064,447,549,1430,168,1924,1695,221,757,1322,293,778,839,1092
"ENSG00000122033",17,15,10,8,5,17,21,37,20,16,24,29,33,10,19,19,43,24,18,29,29,28,18,38,9,34,12,46,14,22
"ENSG00000122042",32,115,85,39,47,65,109,56,128,24,53,89,78,57,172,116,17,89,57,65,36,56,85,14,63,92,69,55,142,134
"ENSG00000122122",598,408,207,300,248,222,262,447,456,240,320,242,252,323,302,511,211,463,92,358,558,200,298,61,182,285,476,238,207,255
"ENSG00000122140",44,50,61,16,34,66,57,41,43,11,65,22,82,57,73,69,75,65,9,64,39,34,47,30,22,63,54,47,23,42
"ENSG00000122188",8,18,25,13,4,11,16,71,8,0,14,24,8,35,11,16,3,13,20,11,2,22,3,10,3,26,41,10,16,20
"ENSG00000122223",12,9,2,14,0,27,3,27,22,2,19,3,25,6,42,17,5,10,7,25,13,29,13,2,17,1,4,46,9,25
"ENSG00000122257",20,48,27,28,32,33,31,29,25,41,31,43,30,29,54,51,10,61,41,24,29,32,26,17,11,39,52,28,33,48
"ENSG00000122299",533,1316,1112,611,738,1204,1082,944,1084,865,634,1203,1072,860,1752,1258,608,1431,1002,948,399,1390,1061,552,648,1250,1001,835,1390,1174
"ENSG00000122376",3,11,3,5,7,8,15,5,8,3,3,7,10,7,18,9,2,10,6,3,2,10,4,3,7,3,4,5,11,11
"ENSG00000122378",49,76,109,17,21,123,66,114,31,16,85,60,94,90,74,96,63,51,30,32,60,75,76,48,27,49,89,80,56,59
"ENSG00000122386",11,18,16,8,10,34,10,10,6,16,22,14,15,15,34,17,13,10,8,25,0,17,4,5,10,12,2,1,11,6
"ENSG00000122390",285,112,78,55,69,66,136,175,99,76,117,96,90,141,123,112,91,146,46,202,190,81,91,58,42,97,100,160,81,103
"ENSG00000122687",166,436,213,192,134,349,263,269,256,126,125,192,363,267,282,247,152,295,182,213,104,237,251,130,82,283,252,231,245,291
"ENSG00000122692",109,354,206,173,149,242,227,218,312,133,114,251,362,169,422,309,83,289,183,182,102,211,249,123,114,307,205,182,321,280
"ENSG00000122707",7,3,3,7,6,1,17,12,9,3,0,6,10,4,5,10,1,7,4,5,1,5,11,5,2,4,20,7,9,4
"ENSG00000122728",47,69,55,60,47,45,66,35,63,34,44,31,44,59,101,85,17,112,17,97,46,52,33,4,35,61,65,43,57,60
"ENSG00000122729",38,51,42,67,31,61,65,76,98,17,30,32,72,24,122,130,10,92,12,59,25,41,47,5,31,45,58,64,62,68
"ENSG00000122741",9,22,14,18,12,14,31,17,18,7,20,15,16,16,31,27,12,37,7,23,8,25,10,6,11,28,18,28,14,21
"ENSG00000122778",49,7,8,15,7,41,83,21,179,9,29,15,87,20,54,111,7,43,7,119,50,52,17,8,13,14,16,129,31,19
"ENSG00000122859",2,0,17,1,0,6,14,20,3,1,35,0,5,7,0,2,5,4,13,5,7,19,7,8,0,2,3,9,0,5
"ENSG00000122862",2749,6810,4015,1654,2547,7503,3091,4015,3069,1324,3337,5011,9023,3902,6568,7940,4876,5453,3382,4012,3935,7213,7983,1553,5124,4445,2229,3347,5724,4160
"ENSG00000122863",88,107,42,30,0,152,53,74,7,20,36,8,126,2,212,20,38,92,18,30,8,166,23,15,1,18,20,85,82,5
"ENSG00000122873",8,74,23,28,24,31,29,18,58,6,11,20,38,9,49,62,9,48,34,19,6,26,43,15,15,33,27,13,51,55
"ENSG00000122877",7,30,25,4,29,25,50,10,24,10,19,24,16,32,23,21,5,39,8,12,9,26,12,2,12,55,19,7,8,10
"ENSG00000122884",21,16,37,7,13,42,67,20,25,8,79,44,36,43,51,55,39,35,43,56,26,41,30,19,13,41,34,37,48,71
"ENSG00000122965",718,921,958,485,803,984,615,751,452,381,779,682,1114,1228,772,1025,624,848,380,696,767,1076,594,536,627,867,795,574,506,535
"ENSG00000122970",19,48,24,38,25,34,36,26,52,42,12,33,32,15,55,32,14,45,44,16,7,35,18,23,27,38,19,45,37,35
"ENSG00000122971",116,296,203,118,62,382,365,331,453,524,193,250,518,427,222,275,210,275,259,217,60,362,374,351,80,182,189,265,251,343
"ENSG00000122986",1726,1758,2084,559,1200,1866,1809,961,793,826,1767,1700,2028,2482,1452,1929,1801,1489,1464,1455,4833,1512,1857,2332,829,2101,1067,1550,1166,1065
"ENSG00000123009",403,764,517,331,516,737,555,723,595,316,596,508,906,703,609,692,1045,681,655,563,242,655,789,825,261,525,522,777,445,491
"ENSG00000123064",2303,2659,1840,985,1529,2283,2010,2014,2260,1243,1922,1608,2269,2172,2001,2400,1713,2086,1373,2298,2070,1721,1340,1892,837,1721,2340,1966,1239,1619
"ENSG00000123066",357,158,1556,128,640,160,433,52,340,335,324,327,140,282,633,260,144,685,96,397,493,242,90,86,169,1095,283,125,339,142
"ENSG00000123080",174,308,211,227,218,207,346,428,464,229,207,270,192,247,319,268,225,246,245,386,86,262,281,246,85,251,134,404,429,321
"ENSG00000123091",18,79,59,19,41,71,43,49,62,18,35,55,70,55,69,77,14,75,26,44,12,59,64,15,47,95,60,36,57,73
"ENSG00000123095",384,105,105,137,146,61,37,811,141,252,402,159,98,187,82,97,136,63,195,125,84,110,35,142,76,334,31,40,192,208
"ENSG00000123096",13,14,3,33,8,4,6,40,13,19,18,19,13,7,31,8,7,4,19,11,4,6,4,9,5,25,1,10,19,6
"ENSG00000123104",63,65,39,85,32,44,16,62,100,44,72,67,40,59,67,83,26,94,30,94,25,78,21,57,31,40,100,24,57,51
"ENSG00000123106",27,163,74,97,52,75,75,60,113,103,45,145,48,36,130,91,34,91,137,79,19,88,51,73,66,117,51,67,116,111
"ENSG00000123131",2,57,15,36,6,43,40,17,41,7,7,32,48,24,56,49,5,27,30,11,4,29,41,8,13,19,24,7,53,69
"ENSG00000123136",422,780,521,484,414,694,678,613,694,416,310,384,496,529,608,617,352,460,413,501,241,478,499,241,222,580,693,522,427,542
"ENSG00000123143",2618,3187,2533,1105,1753,3226,2758,2984,2746,2377,2879,1944,3517,3687,3121,3169,2763,2815,2166,2966,2576,2882,1744,2460,1049,2277,2755,2895,1712,2062
"ENSG00000123144",4194,3006,2587,1101,2249,2753,2985,3665,2590,2523,3711,3350,3327,3539,2186,2497,4878,3550,3402,4043,3651,3012,2597,4984,718,2555,2064,5033,1985,1843
"ENSG00000123146",1060,1663,1860,776,1195,2264,1685,1770,1516,1683,1417,1298,1858,1809,1523,2337,1239,1699,978,1686,1496,2481,1542,799,738,1504,1412,1168,1268,1450
"ENSG00000123154",180,253,147,110,129,191,174,177,183,259,123,170,214,162,145,159,133,213,264,145,91,185,140,178,42,130,151,177,149,118
"ENSG00000123159",318,370,141,131,173,246,173,488,284,212,119,318,399,146,76,196,182,299,149,172,437,412,307,58,47,134,118,391,130,133
"ENSG00000123179",2,20,24,10,10,43,26,19,27,5,14,11,46,22,17,50,13,15,6,3,6,41,37,8,8,33,17,7,14,13
"ENSG00000123268",124,223,224,125,141,258,211,172,204,53,187,156,270,171,310,321,162,212,160,295,211,153,224,129,86,213,174,282,206,227
"ENSG00000123297",6,24,5,11,3,19,20,6,21,6,5,8,13,8,22,14,6,11,8,2,3,12,9,4,7,7,10,7,16,12
"ENSG00000123329",998,1072,887,436,627,863,1323,1480,1503,795,1066,1322,811,832,1155,737,597,1573,825,1253,626,847,644,853,364,872,862,1055,822,916
"ENSG00000123338",2405,4618,2856,2193,1542,2127,3234,3574,2820,2303,2511,2701,2123,2612,2945,2928,1671,3479,1940,2860,1650,3034,1909,3048,1740,2873,2978,2707,3061,3152
"ENSG00000123349",483,1312,1044,554,817,1582,1241,1173,1084,1624,1275,1635,1884,1437,1228,1173,1838,1230,1970,1185,472,2078,1819,2903,598,1404,661,1251,1103,1200
"ENSG00000123352",347,621,445,447,259,515,645,586,538,898,532,771,533,582,689,590,414,677,825,987,387,742,515,736,302,452,382,768,752,754
"ENSG00000123353",95,503,199,160,119,271,212,318,241,180,101,185,329,218,271,313,154,300,257,176,72,255,305,231,108,287,215,184,236,257
"ENSG00000123358",115,25,347,16,85,255,276,60,59,15,262,130,160,229,114,274,215,148,39,159,301,216,196,80,92,198,101,133,45,115
"ENSG00000123360",82,40,112,31,63,122,97,128,49,377,68,177,99,114,66,36,45,124,78,134,409,198,67,127,15,80,46,157,65,144
"ENSG00000123374",942,1431,611,576,493,866,980,790,766,579,721,875,736,762,790,805,510,1101,915,952,1399,548,665,733,267,806,1018,963,862,1108
"ENSG00000123395",289,663,389,248,271,522,291,468,544,226,263,341,566,433,449,572,300,436,223,376,215,314,486,215,163,441,354,343,405,375
"ENSG00000123411",91,128,105,62,65,118,155,109,135,78,76,115,97,101,171,147,101,146,95,157,101,143,110,104,53,99,97,134,111,129
"ENSG00000123416",90,675,113,263,145,279,184,155,406,53,63,146,84,89,152,223,61,184,211,98,40,148,139,116,108,141,302,140,265,440
"ENSG00000123427",3,19,23,6,2,15,21,8,8,5,13,10,4,9,9,21,2,5,5,8,4,8,4,1,5,9,9,8,7,12
"ENSG00000123444",61,165,90,78,43,122,80,113,115,53,58,74,115,96,95,137,41,106,48,82,48,100,93,22,51,105,147,76,97,101
"ENSG00000123545",5,47,32,40,17,55,23,8,35,14,5,56,49,16,54,40,18,19,61,17,17,31,47,4,15,27,28,26,39,40
"ENSG00000123570",8,9,1,11,1,8,8,16,64,19,3,9,8,5,14,17,2,15,12,21,0,6,6,2,4,4,2,20,11,19
"ENSG00000123575",64,147,87,94,76,102,125,96,174,49,57,105,90,75,182,160,39,133,92,146,73,92,76,31,53,131,132,106,137,136
"ENSG00000123595",176,432,232,244,192,503,440,336,449,196,266,299,488,307,571,737,386,704,249,367,206,414,552,198,163,212,229,401,385,293
"ENSG00000123609",108,138,69,74,79,90,114,119,131,65,122,90,127,94,128,116,105,138,59,137,111,96,59,97,19,74,62,156,78,81
"ENSG00000123685",213,382,160,233,213,393,284,192,527,302,146,137,369,173,518,308,322,362,208,337,296,205,337,297,58,141,140,338,220,154
"ENSG00000123689",16,31,362,2,23,389,285,93,30,25,134,35,326,584,73,178,435,81,120,41,97,238,262,24,81,90,14,40,25,37
"ENSG00000123810",54,112,48,39,52,102,63,79,106,83,54,68,101,84,86,121,55,101,66,65,34,93,71,73,25,70,43,79,60,70
"ENSG00000123815",247,377,278,128,195,366,370,334,243,307,369,266,463,390,264,350,316,380,283,311,241,372,311,284,128,264,333,311,258,277
"ENSG00000123892",35,175,41,166,80,243,67,38,577,62,12,16,204,135,465,253,22,196,19,149,10,231,76,6,61,93,41,144,55,51
"ENSG00000123975",411,557,412,181,235,520,441,413,256,57,623,295,502,388,270,454,675,243,402,284,197,284,350,410,122,320,363,827,287,400
"ENSG00000123989",182,150,95,60,71,107,223,250,225,49,161,193,142,207,169,257,46,251,69,197,188,157,114,28,32,78,277,146,103,162
"ENSG00000124067",367,429,336,206,195,277,327,414,170,369,380,546,275,402,251,411,251,352,228,284,309,422,319,192,184,331,636,311,299,339
"ENSG00000124074",58,70,61,34,51,83,72,61,125,197,55,58,103,80,75,76,115,83,130,81,36,111,91,136,32,50,57,94,47,47
"ENSG00000124126",50,144,113,68,80,76,105,186,100,50,59,80,96,115,117,125,21,149,39,94,69,65,68,28,61,118,114,67,74,92
"ENSG00000124145",57,251,58,98,73,238,308,57,154,322,93,77,294,152,537,714,124,202,153,243,10,296,119,51,20,50,64,134,83,83
"ENSG00000124155",190,90,84,53,66,65,73,146,72,68,123,72,80,90,97,68,94,83,37,150,143,85,60,42,26,74,88,138,48,63
"ENSG00000124160",173,192,87,138,92,102,96,152,185,74,63,120,101,122,181,164,72,190,44,146,91,64,110,32,36,114,180,116,94,104
"ENSG00000124164",42,127,95,64,78,81,79,99,107,19,75,79,94,66,116,132,53,135,37,135,71,78,73,25,22,106,61,98,78,98
"ENSG00000124172",55,871,621,411,604,706,410,758,733,354,150,715,839,515,753,438,228,699,886,403,94,622,849,396,380,1091,559,410,734,679
"ENSG00000124193",118,95,87,49,149,86,76,108,108,44,59,39,78,86,91,88,56,140,33,84,105,77,63,18,38,137,88,82,39,44
"ENSG00000124198",8,36,21,19,7,17,14,22,16,10,6,13,12,12,30,42,2,37,5,28,7,25,12,7,14,18,18,11,20,24
"ENSG00000124203",36,80,20,51,1,14,33,98,14,10,25,46,8,12,5,13,5,19,45,34,14,44,21,5,24,68,51,32,30,59
"ENSG00000124209",19,36,35,23,23,67,38,48,45,15,29,39,54,39,48,64,29,52,25,36,18,23,35,16,6,43,44,22,32,28
"ENSG00000124214",71,163,96,108,92,93,137,127,139,51,99,68,99,95,214,213,69,202,37,258,52,82,91,34,55,116,141,94,103,148
"ENSG00000124216",6,3,24,1,9,40,6,5,8,3,12,4,83,9,18,55,74,5,17,12,32,7,102,28,2,8,9,14,4,5
"ENSG00000124217",80,124,104,54,59,126,106,81,105,21,56,48,141,74,140,97,76,102,51,99,77,58,114,35,37,106,97,86,67,83
"ENSG00000124226",144,213,202,79,88,200,143,203,149,56,87,130,240,144,197,251,101,136,108,205,207,167,213,55,83,172,120,290,152,201
"ENSG00000124243",59,249,208,70,79,230,209,196,182,41,189,119,250,222,166,282,179,170,116,208,122,194,289,69,152,255,149,156,141,246
"ENSG00000124257",7,34,22,11,26,67,36,40,41,27,12,15,80,31,46,48,32,60,21,25,26,42,24,18,16,26,24,19,24,21
"ENSG00000124299",406,493,234,166,204,259,240,358,335,245,208,238,343,281,198,224,343,330,211,249,333,266,229,248,136,214,356,258,217,215
"ENSG00000124333",20,117,69,68,40,56,63,48,81,15,39,35,78,33,81,84,21,92,19,47,22,57,59,20,40,70,69,26,81,116
"ENSG00000124374",11,25,51,21,22,28,47,43,26,29,32,46,52,49,28,90,13,28,41,41,31,23,22,20,11,16,14,58,33,31
"ENSG00000124429",3,3,0,0,1,11,16,29,2,0,18,18,0,7,2,3,1,4,1,1,14,3,0,3,1,2,5,21,1,2
"ENSG00000124444",116,194,90,82,74,112,100,142,116,46,71,92,139,99,90,121,128,119,79,88,101,86,109,53,47,87,107,106,78,111
"ENSG00000124455",5,65,26,20,13,31,28,24,24,21,30,49,130,44,41,26,59,53,90,47,29,102,13,31,22,92,20,7,61,130
"ENSG00000124459",59,123,65,59,34,64,76,96,100,84,51,81,83,61,124,93,29,120,42,100,33,76,75,26,37,80,106,70,86,104
"ENSG00000124496",687,161,544,21,264,211,300,304,455,346,443,354,334,390,89,296,288,292,135,464,1115,323,149,132,242,621,210,403,336,311
"ENSG00000124523",55,118,90,49,33,148,106,72,97,30,105,77,146,80,127,130,88,102,83,84,64,96,94,71,49,93,93,138,96,112
"ENSG00000124529",2,15,3,1,2,10,9,9,10,9,3,3,2,3,7,3,2,8,18,7,2,4,8,7,4,3,3,14,12,11
"ENSG00000124532",16,51,32,31,42,52,24,54,76,15,18,30,47,36,57,47,15,41,19,36,19,36,39,15,15,35,34,60,44,35
"ENSG00000124535",313,313,296,184,197,319,273,380,414,211,258,250,295,309,320,263,312,276,249,336,360,240,273,265,83,273,256,453,224,185
"ENSG00000124541",561,858,334,309,436,456,349,570,501,336,317,384,507,488,454,393,491,671,328,415,235,412,427,269,168,505,468,539,393,360
"ENSG00000124562",199,129,109,69,100,135,135,190,103,67,140,110,140,143,111,98,288,121,130,211,130,76,129,162,43,103,123,323,87,92
"ENSG00000124570",3,19,14,2,37,16,1,30,67,5,11,22,6,17,11,8,15,9,43,1,7,5,7,7,3,16,8,37,3,2
"ENSG00000124575",10,20,32,17,11,41,26,6,18,31,65,24,25,37,21,9,29,65,59,29,20,26,15,69,7,16,6,51,16,25
"ENSG00000124587",444,447,482,195,308,510,336,410,469,276,398,328,461,604,525,589,342,439,331,422,384,577,310,231,221,520,526,446,400,418
"ENSG00000124588",54,44,45,19,17,13,23,70,47,29,8,17,14,18,5,18,18,22,25,22,97,21,9,12,1,27,33,90,20,8
"ENSG00000124602",9,5,6,1,1,9,9,10,1,16,19,15,6,13,1,5,9,4,12,5,7,18,10,14,0,7,4,11,12,13
"ENSG00000124608",41,77,45,28,17,74,26,35,45,47,25,20,43,35,54,56,23,52,42,36,15,44,32,40,21,40,66,36,24,49
"ENSG00000124635",11,26,5,34,7,17,22,52,3,55,13,18,21,13,9,13,4,19,17,15,1,6,11,7,3,6,5,15,12,35
"ENSG00000124657",2,4,3,17,0,10,5,14,2,88,0,4,5,5,1,4,3,13,20,6,1,5,0,3,0,4,2,2,4,13
"ENSG00000124659",297,406,344,178,194,400,387,387,270,241,300,384,442,410,381,379,341,299,388,415,289,427,401,258,125,373,273,400,272,312
"ENSG00000124688",49,89,68,44,36,67,71,77,90,29,41,53,84,40,89,79,40,69,37,70,21,60,87,17,28,79,57,87,67,74
"ENSG00000124693",1,7,8,1,5,6,7,6,4,10,9,8,3,11,2,5,11,2,10,9,7,5,3,7,1,1,4,22,2,11
"ENSG00000124702",322,489,375,253,259,343,429,441,441,247,294,347,419,453,395,353,225,427,262,460,247,382,340,174,141,378,397,459,362,388
"ENSG00000124713",5,7,10,1,8,7,7,7,6,28,7,6,8,8,10,8,6,19,5,4,3,8,9,15,1,6,5,6,7,11
"ENSG00000124731",1,13,5,7,8,4,2,10,11,2,3,3,4,10,17,1,10,37,3,1,7,1,2,1,2,27,11,0,1,0
"ENSG00000124733",678,942,593,369,406,728,601,741,621,451,579,747,691,694,585,540,1015,679,963,791,474,632,563,872,238,625,583,1117,542,647
"ENSG00000124766",1322,1114,960,517,525,775,920,653,896,1502,596,505,691,971,895,1045,1079,934,1513,1156,533,869,462,775,134,274,709,685,598,708
"ENSG00000124767",413,1446,647,570,395,901,709,532,1178,263,443,721,1206,382,1380,1166,739,937,901,509,503,676,1191,382,575,836,740,744,1346,1299
"ENSG00000124772",114,57,110,55,66,29,62,114,91,59,44,74,12,122,52,42,43,92,33,84,60,45,54,43,65,117,96,45,72,45
"ENSG00000124785",19,3,13,2,11,3,30,1,1,8,10,17,2,2,32,16,204,20,6,54,1,16,20,1,1,22,39,56,21,3
"ENSG00000124786",22,72,32,39,12,44,65,43,54,24,31,43,51,26,70,80,19,60,39,43,21,63,51,21,20,45,40,26,62,54
"ENSG00000124789",1254,2086,1473,1399,785,1704,1712,1381,1584,873,1097,1246,1491,1154,2549,2508,714,2239,772,1902,1173,1042,1116,465,761,1678,1656,1512,1342,1925
"ENSG00000124920",13,58,22,18,8,122,56,143,51,29,36,4,73,69,129,220,6,78,9,36,30,99,73,5,19,6,18,106,13,51
"ENSG00000125107",1615,1627,1618,1802,913,990,1539,1544,1522,311,1278,790,1004,1128,2638,3116,425,2070,274,2449,1874,761,913,203,987,1596,2511,1068,1244,1912
"ENSG00000125124",76,146,148,88,87,150,124,143,99,144,100,132,187,145,219,177,107,145,87,63,95,194,155,49,45,99,134,122,122,66
"ENSG00000125148",69,285,69,187,70,475,86,134,279,540,232,114,308,221,237,406,347,96,171,143,114,493,339,229,65,43,79,177,112,132
"ENSG00000125149",136,292,249,175,142,229,223,249,197,260,152,208,258,166,202,260,169,235,206,192,122,232,206,139,119,232,173,163,178,196
"ENSG00000125170",192,139,131,59,87,69,47,156,141,36,76,123,80,86,51,62,70,256,61,27,25,105,130,42,66,71,273,53,93,25
"ENSG00000125245",1,20,10,1,2,0,11,8,25,0,5,11,1,0,24,3,2,18,0,0,0,3,6,0,2,20,14,4,1,9
"ENSG00000125249",67,150,146,158,50,180,135,97,144,39,77,65,148,127,226,293,50,117,49,106,113,122,140,11,79,125,95,71,133,178
"ENSG00000125255",6,6,0,2,2,12,7,17,18,12,1,0,91,3,16,56,0,37,12,35,0,14,13,5,2,2,0,89,9,9
"ENSG00000125266",16,14,7,10,2,34,9,5,105,68,14,14,30,33,58,22,11,32,9,52,4,25,13,1,2,24,1,15,17,8
"ENSG00000125319",57,36,40,18,22,43,53,34,33,8,45,23,30,37,42,47,20,40,14,58,44,23,25,19,9,28,58,58,25,36
"ENSG00000125351",74,105,63,62,70,105,83,87,136,165,83,184,97,70,107,90,180,107,203,124,64,77,67,142,32,91,51,199,80,79
"ENSG00000125352",286,403,500,190,256,414,528,518,412,281,490,508,519,520,467,420,650,387,598,596,383,541,442,519,186,457,338,629,384,443
"ENSG00000125354",250,330,236,199,182,240,408,335,411,219,240,589,333,319,362,279,270,517,440,356,273,353,303,323,226,348,358,353,535,358
"ENSG00000125356",572,1313,598,402,615,1096,1003,1286,801,609,823,1063,1454,730,760,850,1329,1042,1535,858,479,1233,1183,1516,365,934,767,1364,918,842
"ENSG00000125375",7,35,24,19,18,43,18,18,27,12,4,18,30,12,33,46,13,24,31,14,4,25,38,17,9,33,21,19,32,25
"ENSG00000125378",0,1,1,1,81,3,2,1,36,5,6,115,0,28,3,7,20,192,2,36,0,1,16,4,0,50,120,1,1,0
"ENSG00000125384",2,61,1,3,0,1,14,21,1,1,6,7,1,1,2,9,5,7,8,2,0,15,5,1,0,1,33,8,19,30
"ENSG00000125398",558,322,857,94,264,609,335,683,279,363,583,276,1813,759,521,921,1373,744,251,1192,5906,633,1023,292,201,244,120,990,296,249
"ENSG00000125430",17,7,34,0,7,5,35,14,1,1,23,0,8,4,13,6,1,8,12,4,14,48,2,32,0,32,5,1,11,3
"ENSG00000125434",33,52,31,22,34,33,37,46,32,79,26,57,32,30,21,32,24,39,40,29,20,53,30,28,14,31,46,57,46,40
"ENSG00000125445",381,904,519,347,368,617,433,488,643,336,362,427,592,501,562,574,370,521,515,409,277,611,603,397,319,591,586,502,486,569
"ENSG00000125447",1281,1442,1944,776,1157,1413,1230,1485,923,1263,1111,1282,1224,1458,1383,1375,1002,1778,876,1504,1943,1584,1254,735,1023,2059,1371,1515,1008,1134
"ENSG00000125449",238,329,168,127,201,206,195,284,228,162,152,198,352,275,241,274,222,348,134,268,278,188,212,193,74,285,193,253,180,149
"ENSG00000125450",139,238,126,167,83,145,182,198,219,133,114,134,128,127,190,184,97,182,91,191,76,131,136,67,73,151,234,170,143,196
"ENSG00000125454",272,500,335,183,208,421,441,333,283,273,249,338,430,425,277,332,286,362,445,287,194,381,313,403,164,415,432,405,303,325
"ENSG00000125457",246,431,325,189,229,378,366,336,442,187,317,270,420,374,362,445,365,358,161,274,479,363,334,146,175,414,313,309,307,308
"ENSG00000125458",589,742,524,292,514,816,749,704,611,1261,762,732,843,938,691,630,999,755,976,722,426,816,638,1379,220,661,735,858,522,393
"ENSG00000125482",36,36,35,16,18,42,50,35,46,21,45,39,22,32,36,22,48,32,52,34,15,34,21,40,3,24,41,63,45,46
"ENSG00000125484",318,594,442,358,243,360,313,260,513,113,234,229,450,282,675,792,191,513,165,338,300,238,377,90,213,438,473,247,359,400
"ENSG00000125485",38,38,36,28,31,39,31,40,36,16,29,44,47,28,58,49,36,55,19,52,23,37,52,10,20,47,25,41,25,38
"ENSG00000125503",1468,1093,695,465,809,1145,888,1234,1004,2202,1012,1315,942,1299,756,743,962,1099,973,1055,923,1089,832,1002,287,938,1009,1327,601,664
"ENSG00000125531",1,4,10,7,4,19,6,9,8,15,20,12,13,22,17,21,6,11,14,6,6,15,7,13,8,9,3,24,8,4
"ENSG00000125534",334,321,343,58,213,623,571,367,253,316,1427,399,564,774,278,444,871,265,466,508,822,361,372,602,45,245,340,274,128,143
"ENSG00000125611",383,235,167,77,111,172,151,219,168,150,225,166,204,251,143,167,187,133,189,279,548,202,191,127,67,126,143,241,129,133
"ENSG00000125629",1,39,36,11,2,20,44,16,26,17,4,47,25,9,32,46,1,13,37,2,4,24,15,0,41,27,23,2,71,83
"ENSG00000125648",372,728,569,323,385,1057,693,1354,428,152,680,346,552,1000,418,912,209,620,240,350,560,559,479,233,247,537,986,697,391,589
"ENSG00000125651",1743,2222,1955,919,1266,1857,2021,2250,2074,1262,1772,1867,2220,2196,1759,1955,1666,1790,1470,2067,1483,2230,1462,1431,744,1782,1617,2164,1335,1591
"ENSG00000125652",281,457,754,161,423,771,641,625,506,426,763,536,1225,843,613,907,1007,640,489,475,455,1042,852,523,203,636,505,362,387,352
"ENSG00000125656",1367,1832,1495,650,1005,1933,1488,1933,1479,797,1569,1432,2249,1700,1379,1749,2100,1400,1213,1475,1398,1703,1531,1348,568,1171,1444,1646,1087,1226
"ENSG00000125657",937,1045,1278,462,671,1558,1080,1518,893,891,1234,1009,1791,1296,1296,1822,1166,1273,1168,890,906,1691,1835,810,510,883,811,1021,782,921
"ENSG00000125686",191,166,210,173,82,102,173,136,114,66,122,94,105,111,296,328,59,200,44,243,207,93,102,22,99,166,308,107,117,165
"ENSG00000125691",536,862,766,208,639,1530,1173,586,576,611,1225,556,1130,1280,672,743,2478,1522,1406,668,409,962,1152,1761,399,816,902,546,694,578
"ENSG00000125695",78,258,122,152,86,149,137,159,152,188,65,103,134,115,182,158,37,181,83,100,34,185,153,45,102,196,176,89,226,203
"ENSG00000125726",2997,2629,3412,940,1242,3956,3055,4244,1533,2981,3877,3006,4468,3809,2385,3352,4770,2473,3208,3351,4603,4819,4099,3823,1036,2272,1867,3479,1654,2044
"ENSG00000125731",149,139,140,68,67,149,138,161,147,148,153,199,117,159,104,129,87,247,141,109,93,183,145,108,53,117,111,166,109,117
"ENSG00000125734",537,525,749,317,456,710,915,682,518,835,834,670,867,914,593,734,775,730,828,649,472,638,655,575,354,662,590,694,537,632
"ENSG00000125735",40,234,103,78,61,185,138,101,91,86,118,58,119,94,168,151,88,125,112,59,95,136,108,95,94,138,138,44,83,82
"ENSG00000125741",35,26,24,15,19,33,31,50,25,21,31,22,39,45,30,57,24,37,16,44,33,25,21,18,14,27,37,34,12,20
"ENSG00000125743",856,1579,1256,642,848,1598,1482,1491,1446,918,1123,1010,1735,1570,1337,1157,2310,1381,2132,1244,649,1485,1657,2502,466,1438,1034,1501,1083,1186
"ENSG00000125744",122,77,107,31,37,98,139,54,62,79,170,164,129,171,45,74,181,112,168,165,350,95,76,130,39,75,74,101,107,90
"ENSG00000125746",969,1638,1375,760,819,1479,1105,1563,1295,1177,1028,943,1699,1303,1680,1748,1139,1108,1131,1356,1163,1516,1383,824,804,1211,970,1488,1213,1178
"ENSG00000125753",4014,4089,2531,1915,2261,4758,3796,4345,5570,2076,3330,3289,4195,3770,3235,4594,3283,4711,3017,4317,5866,3403,3012,2092,1163,2937,2512,4689,2469,2453
"ENSG00000125755",2033,1987,1813,1181,1147,1714,1728,1861,1552,1371,2081,1272,1712,2265,1849,2279,972,2057,799,2349,1963,1694,1410,902,1058,1549,2284,1839,1267,1596
"ENSG00000125779",18,65,18,29,20,31,35,25,47,14,18,32,46,31,66,52,22,40,23,20,9,27,29,12,16,44,31,42,54,60
"ENSG00000125814",7,8,17,7,3,13,11,9,9,8,10,12,7,13,28,12,6,12,7,9,5,10,17,3,4,11,18,5,9,13
"ENSG00000125817",1336,2019,866,752,856,1185,1234,1404,1802,950,666,956,1332,1075,1397,1246,809,1615,924,1042,1005,1016,805,747,388,926,1470,1124,1085,1068
"ENSG00000125821",138,291,223,201,131,301,289,240,388,107,170,147,313,199,380,309,174,291,166,257,104,263,277,96,99,262,238,225,245,251
"ENSG00000125827",16,23,26,13,5,39,23,41,47,14,26,7,50,22,28,43,10,51,15,34,18,19,14,9,6,16,44,19,17,20
"ENSG00000125834",42,31,38,17,16,15,21,29,37,6,36,16,28,31,48,68,11,40,8,31,35,21,15,6,5,25,48,24,16,22
"ENSG00000125835",1018,2033,1484,917,1165,2406,1570,1917,2040,959,973,1234,1988,1832,1513,1723,1648,1502,1942,1348,762,1625,1861,1701,536,1434,1550,1597,1019,1563
"ENSG00000125841",35,43,30,27,15,54,55,30,16,17,25,25,29,45,43,48,13,36,26,34,30,30,9,8,18,38,66,20,19,20
"ENSG00000125843",58,70,28,29,29,29,28,66,55,32,45,24,33,48,50,50,36,58,19,49,21,32,25,20,15,38,47,33,29,23
"ENSG00000125845",136,54,3,34,30,126,19,163,535,52,13,9,30,97,269,151,24,73,9,128,1,291,49,1,16,5,3,124,73,35
"ENSG00000125863",18,106,51,73,45,97,80,64,114,56,35,68,112,32,99,69,26,82,88,40,25,71,76,36,43,85,56,56,117,134
"ENSG00000125868",17,44,30,23,26,32,27,28,33,6,10,38,44,21,43,31,32,27,48,36,9,28,42,11,20,44,33,42,53,38
"ENSG00000125869",144,233,5,35,0,9,146,88,4,1,54,300,11,66,16,22,24,170,28,59,1708,14,48,32,27,68,2194,38,259,39
"ENSG00000125870",8,83,59,40,33,48,71,39,73,27,16,58,81,25,109,79,26,70,94,29,10,72,54,30,24,80,40,30,66,59
"ENSG00000125871",43,127,82,83,53,81,95,94,82,72,55,67,77,57,82,106,45,112,77,91,34,73,52,51,19,55,78,95,94,74
"ENSG00000125875",60,123,105,83,59,104,87,122,99,79,89,109,93,89,101,108,31,104,71,111,60,114,86,40,55,99,117,77,98,128
"ENSG00000125878",7,3,24,0,1,12,1,8,1,0,10,64,5,13,2,0,20,2,25,0,6,1,3,6,0,0,3,0,5,2
"ENSG00000125885",190,380,168,221,119,319,233,171,249,153,117,256,170,143,273,310,118,279,332,224,117,144,123,137,81,220,271,365,228,395
"ENSG00000125898",154,163,148,52,62,210,185,185,147,110,270,141,147,187,115,172,192,203,150,164,148,159,115,99,41,136,178,237,75,153
"ENSG00000125901",483,812,515,268,371,897,599,483,721,433,409,499,893,556,640,766,644,620,665,394,402,564,723,607,216,580,654,568,454,492
"ENSG00000125910",450,640,1025,393,294,1118,858,1028,1126,952,976,889,942,1280,800,1006,628,611,762,1127,379,1757,1060,828,210,887,682,565,878,608
"ENSG00000125912",1385,1695,1229,679,1012,1610,1011,1389,1500,1649,990,1057,1610,1356,1345,1618,857,1329,925,1028,990,1417,1436,826,455,1254,1667,911,904,949
"ENSG00000125945",8,15,26,21,15,23,21,10,20,12,7,14,14,13,38,37,2,25,11,18,11,7,32,1,4,20,18,8,11,21
"ENSG00000125952",116,62,60,46,71,57,53,114,70,32,92,56,62,84,76,64,81,88,43,166,114,50,56,52,33,65,60,134,56,54
"ENSG00000125966",36,83,64,28,41,78,60,48,70,163,49,83,78,57,68,47,60,88,70,45,36,83,56,76,23,46,67,55,46,82
"ENSG00000125971",62,185,138,52,34,103,167,132,104,54,120,51,154,82,123,136,188,158,99,160,71,139,104,169,46,98,72,183,104,74
"ENSG00000125977",46,249,169,97,139,247,195,134,313,97,93,176,267,163,228,224,136,221,171,125,63,172,258,138,88,191,156,101,176,215
"ENSG00000125995",201,420,215,117,147,277,217,325,333,317,192,197,386,319,204,268,284,261,358,230,108,366,313,347,115,247,221,227,237,208
"ENSG00000126003",430,521,429,213,366,387,310,325,357,98,284,273,439,328,508,389,264,629,164,405,432,238,312,125,207,423,477,311,261,343
"ENSG00000126010",4,25,6,75,17,9,25,20,101,20,2,13,13,20,150,72,2,39,5,41,4,37,6,5,1,11,6,62,22,14
"ENSG00000126062",280,364,320,156,237,351,285,295,307,240,246,286,400,409,339,431,319,399,197,270,297,361,324,191,120,270,268,307,208,237
"ENSG00000126067",1273,1914,1014,1035,711,1220,1037,1647,1283,560,1119,951,1261,1012,1156,1359,1334,1138,866,1349,847,948,1212,634,420,886,1505,1574,897,1184
"ENSG00000126215",651,645,272,309,264,638,449,566,427,664,329,458,515,444,381,496,356,563,517,460,337,416,340,509,121,444,544,537,348,457
"ENSG00000126243",125,204,131,24,49,98,209,206,92,8,64,169,235,120,52,120,69,148,75,85,343,63,41,11,31,135,196,136,27,38
"ENSG00000126246",85,406,319,80,141,379,237,304,173,487,352,298,715,485,234,392,320,267,255,137,147,634,575,268,165,333,202,103,187,224
"ENSG00000126247",4270,4947,3109,1970,2375,3492,3855,4533,3515,3333,3657,3917,3859,3967,3022,3133,5633,4685,3937,4271,3411,4333,3005,4325,1428,3191,2872,6434,2711,2526
"ENSG00000126249",133,309,194,99,148,330,225,140,230,142,127,173,270,164,229,279,176,206,173,133,135,244,198,122,134,318,172,166,121,131
"ENSG00000126254",989,1466,996,539,831,1373,1032,1157,1147,1057,859,1025,1628,1252,996,1128,1103,1186,1273,1137,676,1162,1005,1350,313,883,1139,1376,668,885
"ENSG00000126261",248,427,496,256,288,491,479,387,550,141,334,350,520,339,616,568,261,446,251,541,245,324,417,165,237,503,368,478,377,495
"ENSG00000126262",8,25,20,15,10,56,41,1,7,1,32,28,97,15,83,46,94,129,68,37,32,49,102,42,104,26,11,0,53,49
"ENSG00000126264",220,238,325,120,156,450,466,1268,279,291,716,484,310,406,283,237,603,434,563,501,212,800,252,683,175,486,186,472,274,256
"ENSG00000126266",3,14,29,8,11,11,10,10,8,336,2,12,32,24,5,9,7,9,1,7,5,22,21,18,74,18,5,7,3,7
"ENSG00000126267",423,1154,869,492,531,1182,1252,1099,706,1166,670,932,1224,1255,743,877,1375,769,1861,654,324,1340,1376,1612,434,822,835,943,668,811
"ENSG00000126351",16,28,30,10,26,21,37,13,18,13,33,9,39,43,46,72,25,21,7,42,52,31,46,2,16,23,19,39,10,10
"ENSG00000126353",6558,3068,4405,959,3265,3643,4151,1125,1788,2055,1753,2390,2988,6026,1797,4475,9036,3635,1762,1600,828,6400,3883,1619,2570,4053,4494,3226,1445,1075
"ENSG00000126368",155,138,303,72,112,303,246,230,113,104,300,122,414,352,306,355,339,113,112,264,460,360,307,74,134,176,96,230,129,108
"ENSG00000126391",216,595,205,209,163,289,209,396,368,230,154,221,324,266,272,211,117,409,142,188,163,284,333,117,88,249,306,199,249,256
"ENSG00000126432",507,1392,641,302,695,903,842,1149,1041,496,733,938,1178,717,891,942,921,1064,774,769,498,1089,928,754,303,676,841,923,725,738
"ENSG00000126453",241,469,219,168,146,362,328,335,316,181,245,253,332,227,232,329,311,237,415,319,148,251,239,296,71,218,292,303,246,324
"ENSG00000126456",1018,1366,739,459,633,1008,830,1311,936,1578,909,1075,1082,1177,757,731,784,984,1117,815,553,1131,895,1209,304,766,896,983,756,882
"ENSG00000126457",1118,1905,1474,1057,1038,1882,1150,1488,1373,583,770,899,1644,1357,1603,1871,864,1374,913,1168,1163,1220,1524,580,731,1450,1669,1304,951,1362
"ENSG00000126458",60,128,91,44,57,108,116,206,125,79,114,95,179,122,67,95,130,116,130,83,98,148,133,97,20,52,55,137,82,60
"ENSG00000126460",10,40,14,9,5,14,18,20,10,12,25,10,12,19,13,8,6,15,27,12,7,10,15,16,2,10,19,12,11,15
"ENSG00000126461",2729,2489,1917,802,1356,2213,1805,2672,1731,1724,2478,2020,2409,2467,1761,2175,1876,2275,1495,2458,2160,2173,1242,1881,569,1635,2171,2535,1073,1288
"ENSG00000126464",1157,697,628,314,481,565,605,995,666,719,824,587,517,685,590,582,624,777,371,994,1149,637,290,536,195,507,780,1054,383,502
"ENSG00000126524",7,10,11,8,14,9,7,10,17,9,7,9,23,6,19,9,14,17,5,17,12,13,14,2,4,12,9,22,16,11
"ENSG00000126581",437,573,250,271,261,337,265,394,461,194,245,250,335,290,405,405,212,389,136,329,385,294,368,99,189,391,412,245,301,297
"ENSG00000126602",3472,3544,2771,1462,2236,3712,3159,2572,2904,1972,3380,1859,3645,3370,2885,3908,3570,3030,2317,3321,3478,2633,2650,2363,1419,2639,3206,3712,1926,2668
"ENSG00000126603",36,54,60,23,23,140,66,78,36,51,191,17,207,140,247,288,72,195,57,84,60,104,142,41,17,39,21,138,48,71
"ENSG00000126709",2153,2817,924,1365,557,2014,1463,6239,3624,1713,1355,1371,1915,1892,1653,1580,1195,1497,2664,2161,3262,5373,1018,2141,297,1153,619,1740,2265,1895
"ENSG00000126746",737,698,778,408,412,733,688,723,576,599,654,624,672,688,887,725,534,728,399,849,756,652,693,526,304,784,675,867,498,621
"ENSG00000126749",324,410,226,168,252,250,295,262,261,136,272,193,301,355,247,336,373,282,141,380,194,199,217,255,102,219,303,340,206,214
"ENSG00000126756",61,143,138,56,78,193,135,89,132,122,82,153,194,154,145,150,120,138,220,80,90,169,220,97,51,131,123,111,140,145
"ENSG00000126767",25,14,25,3,18,9,11,15,13,4,33,8,8,22,12,27,36,50,6,31,19,5,9,7,6,11,31,29,5,6
"ENSG00000126768",4,14,5,4,12,19,19,9,16,7,9,5,8,7,16,14,15,17,9,12,1,15,10,4,6,10,7,5,14,12
"ENSG00000126775",76,140,124,94,102,151,123,90,146,242,91,140,146,128,162,166,65,172,124,108,79,148,123,80,74,175,103,123,153,137
"ENSG00000126777",885,3221,1346,1785,1041,2663,2604,2017,3768,1736,1133,3124,1595,1396,3469,2660,1317,2780,4116,2515,775,2850,962,2234,994,2200,1244,4398,3036,3480
"ENSG00000126787",228,794,371,458,230,561,626,446,802,83,334,478,345,260,632,695,198,487,457,487,187,255,264,222,239,403,633,620,590,1137
"ENSG00000126803",79,70,97,16,20,135,25,37,96,13,61,43,118,81,66,79,99,30,54,23,39,39,243,16,5,25,42,85,27,47
"ENSG00000126804",381,736,891,414,536,661,795,711,675,326,699,784,631,548,1016,796,359,772,591,752,744,898,463,250,541,1080,660,798,823,898
"ENSG00000126814",125,320,156,150,118,233,219,112,201,107,101,148,232,111,314,271,85,256,134,135,103,168,213,80,92,184,163,142,189,245
"ENSG00000126821",270,433,728,220,302,626,557,391,647,201,426,332,412,382,680,877,187,422,389,747,306,514,333,84,279,733,305,588,349,602
"ENSG00000126858",132,375,234,122,113,213,230,174,229,112,132,174,296,100,292,280,164,196,248,224,160,248,187,103,135,195,159,290,282,302
"ENSG00000126860",18,305,405,86,131,310,430,162,303,94,261,561,371,132,306,372,158,262,339,182,92,417,235,305,107,573,106,127,329,338
"ENSG00000126861",1,5,3,6,2,14,6,3,3,11,1,14,9,2,8,9,8,6,13,3,0,8,4,3,1,5,7,11,13,3
"ENSG00000126882",335,217,278,170,199,175,238,379,229,141,276,181,206,271,264,261,210,231,144,491,392,140,135,174,86,213,230,299,140,177
"ENSG00000126903",99,118,107,69,68,121,121,161,140,51,85,97,100,128,123,122,39,145,68,121,40,117,93,38,36,127,137,81,70,89
"ENSG00000126945",313,472,215,280,220,348,216,347,568,122,196,268,347,269,411,404,217,307,187,382,263,244,289,119,154,284,293,472,330,398
"ENSG00000126947",21,41,6,5,3,37,7,10,5,1,2,11,19,8,35,11,8,5,7,49,3,34,14,0,7,1,2,1,12,8
"ENSG00000126953",14,29,11,11,19,43,22,21,17,3,11,8,33,20,28,36,15,16,32,18,8,22,26,10,8,30,35,20,12,20
"ENSG00000127074",10,52,13,115,6,20,50,90,163,106,13,18,3,145,37,49,2,26,4,10,1,41,21,3,2,3,7,99,8,14
"ENSG00000127081",12,52,40,32,29,51,44,45,32,29,22,45,28,26,66,55,12,43,39,43,8,50,28,11,29,52,30,30,61,64
"ENSG00000127184",4,74,16,28,26,32,25,10,46,6,10,33,55,3,40,29,15,40,34,8,3,30,60,7,42,47,11,10,64,64
"ENSG00000127220",195,228,196,61,146,221,178,185,186,196,259,189,377,361,180,239,261,299,167,194,234,190,216,232,78,192,247,183,175,123
"ENSG00000127226",308,327,150,140,100,270,160,231,173,219,164,183,280,235,137,219,234,183,177,126,224,190,246,209,51,143,213,200,123,153
"ENSG00000127311",43,108,85,66,62,93,75,103,70,37,74,62,80,75,123,116,33,116,50,115,52,88,61,25,17,90,44,68,82,121
"ENSG00000127314",15,30,13,7,17,16,19,23,26,6,22,6,12,10,13,21,18,27,6,27,8,15,11,13,3,12,27,19,5,9
"ENSG00000127334",215,469,296,174,280,172,324,308,453,131,291,179,178,202,298,293,109,384,78,177,214,124,125,87,117,452,399,168,266,190
"ENSG00000127337",83,298,181,130,108,195,176,129,283,40,108,158,235,123,263,291,142,226,208,154,91,143,152,152,69,190,136,229,228,231
"ENSG00000127359",158,258,274,278,137,254,194,242,271,93,219,125,168,229,545,585,93,361,63,341,303,230,233,49,293,228,341,164,210,209
"ENSG00000127423",8,25,9,7,7,16,14,11,18,3,8,11,9,8,17,15,6,15,16,3,1,7,9,6,1,8,14,11,10,10
"ENSG00000127452",281,368,311,181,189,334,301,386,352,315,237,279,367,355,369,314,246,343,297,346,282,323,350,209,91,239,314,427,249,246
"ENSG00000127511",1082,748,842,499,606,916,746,822,547,1629,843,837,987,1033,904,1007,843,1109,580,919,947,1211,982,724,447,845,811,811,606,533
"ENSG00000127527",502,581,803,354,386,659,612,657,489,298,748,506,658,683,715,669,416,569,413,691,653,572,446,363,384,671,604,745,428,545
"ENSG00000127528",477,73,664,19,108,247,281,107,168,229,1009,697,68,448,93,79,263,255,327,250,135,82,82,512,16,671,328,60,134,73
"ENSG00000127533",54,75,34,91,112,109,85,104,172,220,44,88,22,78,117,91,55,190,58,101,30,65,56,111,41,34,102,93,67,82
"ENSG00000127540",326,1017,554,222,352,970,772,637,730,555,387,904,980,952,565,667,540,658,945,297,238,1004,987,566,282,663,758,397,589,590
"ENSG00000127554",412,422,381,190,245,449,348,453,462,384,395,376,527,479,397,441,523,381,396,474,450,441,337,425,118,341,319,555,240,275
"ENSG00000127561",4,15,31,5,6,50,27,39,32,0,31,34,38,32,47,63,17,27,17,13,10,48,46,4,2,31,28,20,26,15
"ENSG00000127564",520,534,276,202,171,457,419,405,467,291,306,233,244,309,277,438,228,392,420,382,217,217,194,258,63,255,547,451,234,456
"ENSG00000127580",173,242,248,115,137,213,213,252,172,192,236,130,278,242,198,211,90,181,91,185,161,180,197,89,68,175,277,159,146,141
"ENSG00000127585",7,9,106,3,19,29,31,52,64,18,77,55,58,66,36,48,40,23,45,27,70,37,29,26,6,22,12,116,22,23
"ENSG00000127616",3890,3924,3830,2022,2259,3232,3917,3746,4103,2597,3165,2878,2701,3359,3792,4166,2615,3632,3411,4273,3343,2981,1675,3779,1449,3619,4764,4603,2502,3292
"ENSG00000127663",302,162,334,96,151,227,271,377,270,209,397,181,151,388,294,374,136,213,82,509,480,302,206,77,142,228,378,261,173,237
"ENSG00000127666",546,772,1026,246,617,936,797,1014,568,285,985,672,1016,1153,632,873,1004,864,399,907,1823,857,682,564,395,1028,485,1073,382,483
"ENSG00000127688",34,47,45,35,23,27,30,33,51,8,34,30,48,30,76,86,13,36,22,38,32,30,32,7,20,26,42,46,40,55
"ENSG00000127720",8,74,48,55,20,40,40,27,70,25,21,62,38,18,32,45,21,43,31,17,7,27,21,20,20,43,42,18,67,71
"ENSG00000127774",498,560,349,146,278,450,416,471,353,296,429,439,616,444,354,481,688,494,567,482,328,445,480,431,119,375,424,578,295,328
"ENSG00000127804",37,78,98,38,36,43,62,45,52,17,42,36,62,60,125,122,28,77,32,78,50,39,45,7,54,94,41,32,53,37
"ENSG00000127863",0,5,6,0,9,0,12,3,0,3,14,7,1,2,5,0,2,19,0,7,2,0,4,0,5,25,53,0,4,0
"ENSG00000127884",489,1460,827,665,593,1137,1125,1060,1386,546,576,1056,1261,995,1177,906,683,1016,1081,695,489,1593,957,766,449,955,897,987,965,1092
"ENSG00000127920",2,172,4,16,17,11,9,25,21,17,4,15,53,10,7,16,5,11,29,15,34,38,20,57,21,14,10,4,42,13
"ENSG00000127951",27,109,13,99,29,38,20,79,130,85,27,95,22,20,68,47,13,38,62,82,71,49,15,42,12,20,14,75,178,124
"ENSG00000127993",11,10,12,5,8,13,14,19,11,8,33,10,17,13,17,21,22,17,8,16,9,8,8,20,4,8,7,16,9,15
"ENSG00000128000",0,13,4,7,4,1,4,1,12,2,1,5,1,1,16,9,0,13,0,4,0,7,1,1,5,6,2,1,10,9
"ENSG00000128011",32,26,84,5,19,60,77,30,32,54,144,72,53,77,19,35,61,79,52,40,71,58,30,61,12,53,69,37,29,40
"ENSG00000128016",1789,1641,1926,621,825,2230,3546,3431,938,3179,5395,3969,2424,3538,1266,1562,2903,2520,2695,2950,2893,4260,1829,2595,1006,2006,1092,3066,1563,2059
"ENSG00000128039",9,12,4,10,3,8,9,6,13,3,5,7,7,3,8,11,3,8,4,5,5,6,4,2,5,6,11,9,4,2
"ENSG00000128165",12,5,10,2,3,15,9,16,22,15,23,1,31,12,45,23,9,40,1,41,9,30,26,3,3,4,0,15,1,5
"ENSG00000128185",6,30,14,17,13,17,24,16,35,19,8,24,25,16,12,19,11,30,15,9,10,29,20,16,6,15,15,13,14,15
"ENSG00000128203",169,138,79,111,54,164,131,217,143,55,148,121,208,171,209,204,112,195,83,200,159,121,113,51,36,93,170,193,114,135
"ENSG00000128218",39,13,96,13,19,27,40,9,21,27,50,12,36,76,22,33,139,91,96,14,23,12,49,55,26,243,26,5,57,25
"ENSG00000128228",261,597,82,93,69,183,145,333,203,107,85,222,169,228,110,224,54,116,185,68,62,186,186,76,21,122,258,84,169,216
"ENSG00000128245",79,98,23,26,15,41,47,14,60,19,38,25,34,43,36,67,40,30,19,23,40,25,21,18,10,32,50,21,41,52
"ENSG00000128268",131,60,56,57,37,60,60,103,77,30,127,46,33,109,75,121,30,97,13,222,109,55,52,21,32,73,61,121,30,64
"ENSG00000128272",403,467,763,238,523,976,883,366,907,532,555,690,998,655,926,853,376,822,632,582,892,664,1018,431,253,592,382,485,514,500
"ENSG00000128309",364,193,367,83,210,420,392,139,490,183,421,268,428,472,314,451,660,409,244,413,413,301,288,154,58,254,272,447,181,191
"ENSG00000128311",27,39,21,20,22,52,22,20,108,10,12,15,51,38,48,53,28,60,24,32,14,21,26,7,7,32,40,26,26,42
"ENSG00000128463",155,322,170,131,151,281,216,260,237,107,148,161,265,201,215,310,164,208,137,191,124,240,255,110,87,210,204,180,145,181
"ENSG00000128524",359,555,461,240,387,550,489,630,442,427,450,593,731,572,435,450,873,611,693,479,330,677,530,738,186,473,350,686,380,394
"ENSG00000128534",146,291,179,127,79,216,209,238,204,113,120,184,277,163,228,242,175,198,249,201,135,184,192,194,84,207,133,253,200,211
"ENSG00000128578",9,12,5,5,3,13,12,5,6,10,2,3,10,5,12,23,3,3,3,3,1,7,18,2,4,5,7,10,10,1
"ENSG00000128581",19,47,16,16,19,17,27,20,26,14,12,16,36,20,36,36,21,31,25,26,6,23,30,9,13,16,28,19,38,33
"ENSG00000128590",20,14,33,7,13,10,16,42,8,2,23,22,14,37,26,32,24,22,10,56,36,12,22,2,5,17,17,36,23,16
"ENSG00000128595",109,124,114,101,73,119,98,166,124,52,120,131,121,100,164,149,89,139,77,207,92,84,97,52,55,135,160,164,140,158
"ENSG00000128604",62,137,106,79,129,105,120,209,111,84,131,52,215,271,170,184,85,214,35,153,132,168,129,44,76,141,122,102,48,91
"ENSG00000128607",12,21,23,15,7,8,23,17,23,10,7,15,30,19,22,29,12,17,13,23,16,32,10,9,12,32,10,15,24,14
"ENSG00000128626",433,865,553,271,333,888,627,524,647,345,456,510,871,688,558,630,609,717,581,427,315,576,705,426,212,571,650,339,364,444
"ENSG00000128654",52,162,82,47,55,109,84,95,103,31,64,56,114,95,116,127,89,92,76,51,61,71,104,44,47,75,94,60,84,90
"ENSG00000128694",0,21,12,16,3,19,17,7,16,7,2,17,17,2,31,22,1,16,4,3,1,15,16,3,6,11,9,8,17,31
"ENSG00000128731",190,447,184,243,175,271,225,262,344,428,144,274,263,195,285,197,160,277,302,235,100,324,221,242,118,226,228,307,301,279
"ENSG00000128739",259,395,303,163,186,262,353,487,335,330,463,376,366,486,262,275,439,284,378,440,210,415,340,460,95,191,217,454,211,266
"ENSG00000128789",120,698,453,310,208,659,769,338,614,226,258,467,719,335,721,620,321,613,754,311,117,497,570,361,234,488,362,424,589,704
"ENSG00000128791",194,592,711,135,625,336,410,191,339,115,401,494,551,364,680,744,239,551,280,459,903,311,498,236,493,854,449,195,449,483
"ENSG00000128829",663,1223,1100,732,622,850,1021,803,1290,441,648,668,1131,817,1317,1390,582,1062,602,1298,917,918,933,517,432,817,951,933,883,1067
"ENSG00000128833",10,37,10,44,7,21,28,23,46,53,14,17,28,23,61,30,16,28,16,43,21,35,45,21,21,20,19,36,22,46
"ENSG00000128849",12,11,5,8,3,14,11,12,8,8,9,6,10,7,25,15,1,6,8,15,0,8,3,2,6,0,8,9,6,29
"ENSG00000128872",100,297,97,425,147,118,140,110,408,328,133,216,153,108,432,341,101,186,88,168,180,172,239,65,79,144,121,176,291,179
"ENSG00000128881",4,18,41,18,11,11,25,22,22,12,15,19,14,12,33,34,7,28,13,19,18,16,23,6,16,24,30,22,25,26
"ENSG00000128891",318,965,557,243,242,647,522,476,466,499,454,650,831,660,701,588,678,673,550,482,643,769,718,456,272,678,322,399,545,588
"ENSG00000128908",291,358,270,246,206,258,265,241,327,148,194,230,261,201,527,462,114,522,134,449,298,166,212,102,134,305,359,272,207,308
"ENSG00000128915",90,274,116,135,71,162,170,123,215,97,101,170,173,85,246,209,55,199,146,121,56,114,143,65,83,136,149,139,263,287
"ENSG00000128917",13,11,7,19,8,18,6,7,29,151,10,8,18,12,42,26,6,12,7,46,7,10,41,3,9,2,5,17,46,17
"ENSG00000128923",29,118,109,55,58,78,96,94,76,97,80,148,58,93,100,117,50,80,138,78,55,96,36,79,50,92,80,80,97,134
"ENSG00000128944",197,462,261,211,157,458,363,266,349,108,232,258,374,238,344,412,210,326,412,313,128,216,257,244,120,254,296,439,318,520
"ENSG00000128951",155,726,252,186,183,652,454,299,634,155,198,478,381,265,440,613,177,330,483,217,79,272,353,223,120,315,519,245,453,579
"ENSG00000128965",23,27,63,15,45,88,31,48,130,20,24,14,206,54,164,130,18,108,25,88,23,22,187,11,20,19,35,47,26,22
"ENSG00000128973",514,1225,863,501,468,902,864,652,744,567,451,522,865,544,898,988,537,860,829,645,520,594,703,786,414,969,711,500,666,859
"ENSG00000128989",170,839,265,275,244,403,328,313,440,148,230,399,473,228,549,669,249,404,338,332,162,360,430,139,249,339,275,313,473,541
"ENSG00000129003",250,582,605,630,331,508,501,406,673,212,403,501,340,387,975,1116,148,870,230,778,398,553,341,95,421,694,739,336,652,808
"ENSG00000129007",11,20,33,8,13,32,30,21,15,21,25,40,24,18,11,19,36,22,66,18,9,18,31,31,4,34,15,31,25,37
"ENSG00000129028",5,26,8,18,18,7,12,20,21,9,10,17,11,18,13,11,11,10,11,17,15,8,14,0,9,16,29,13,13,6
"ENSG00000129055",15,81,30,35,18,47,31,24,63,14,15,33,34,37,57,70,7,26,44,44,11,45,69,10,29,49,50,30,39,44
"ENSG00000129083",735,2174,1282,1205,764,1304,1457,1459,1791,507,1006,1461,1424,977,2222,1904,627,1603,1052,1561,697,1296,1380,536,863,1630,1338,1438,1748,2276
"ENSG00000129084",91,329,213,168,192,263,288,267,226,138,196,196,305,259,286,298,202,261,232,241,67,229,286,129,93,195,240,283,217,261
"ENSG00000129128",3,58,17,30,9,38,32,18,57,6,7,34,30,19,51,54,6,16,34,9,3,24,42,3,21,40,29,7,69,74
"ENSG00000129158",44,190,151,97,83,192,192,184,191,131,105,166,199,137,184,197,78,163,200,108,66,190,178,94,71,138,123,168,197,214
"ENSG00000129173",243,310,227,198,69,254,308,311,377,126,166,213,109,176,235,227,124,288,274,424,95,128,159,143,57,174,332,640,258,417
"ENSG00000129187",12,37,59,17,31,50,37,44,41,11,25,23,75,26,68,63,32,100,17,45,24,42,59,23,27,47,37,25,34,31
"ENSG00000129195",37,55,53,42,15,160,122,31,77,9,74,19,105,91,91,138,79,84,80,74,44,25,43,54,28,30,75,113,92,89
"ENSG00000129197",94,183,122,79,78,197,175,92,186,139,105,168,204,220,158,184,119,125,135,77,97,189,223,99,87,142,102,117,153,174
"ENSG00000129219",214,207,158,190,184,242,281,204,198,620,137,224,237,246,271,271,147,355,148,223,115,412,304,105,107,212,242,240,183,157
"ENSG00000129226",105,94,282,42,70,189,125,161,67,129,150,114,370,217,115,277,254,126,61,167,375,165,105,86,83,176,54,120,69,116
"ENSG00000129235",458,533,165,228,164,247,259,436,393,150,211,195,241,194,244,259,388,307,357,254,158,251,255,319,95,297,235,369,324,336
"ENSG00000129244",1,13,42,1,7,6,12,13,2,3,8,53,6,63,2,4,60,18,20,4,16,4,2,4,3,23,13,2,6,1
"ENSG00000129245",518,642,612,249,435,556,485,667,484,370,590,655,751,716,552,672,588,660,369,539,542,507,550,259,225,511,543,610,384,424
"ENSG00000129250",2294,2788,1311,1144,1243,1870,1669,2076,1879,1465,2083,1500,2131,1916,1684,2371,1436,2046,903,1439,973,1931,1559,932,618,1162,2103,1277,1353,1271
"ENSG00000129255",10,72,17,23,19,34,37,51,36,14,11,26,31,16,35,27,12,19,19,22,5,29,40,12,19,37,16,28,26,40
"ENSG00000129277",139,135,74,15,70,607,159,267,38,4,181,76,630,263,176,291,212,135,75,80,185,552,459,53,35,188,46,136,53,189
"ENSG00000129282",199,273,184,104,134,309,233,188,139,93,163,215,378,216,240,257,232,216,256,161,149,200,223,174,72,229,249,226,131,231
"ENSG00000129315",20,22,44,37,14,22,25,14,42,12,12,14,10,17,51,80,7,32,6,36,29,16,21,4,18,19,40,11,25,27
"ENSG00000129317",56,190,94,115,58,100,153,79,137,36,44,117,97,52,158,164,30,142,133,121,30,78,78,39,50,108,106,84,155,203
"ENSG00000129347",283,158,175,104,188,238,203,137,176,190,197,174,194,218,201,168,234,262,139,310,229,172,145,170,73,184,156,308,113,121
"ENSG00000129351",4812,3989,2878,2729,2224,3395,3007,3398,3211,2393,3292,2482,2569,2964,3545,3890,1924,3805,1563,3839,3383,2581,2347,1589,1275,2758,4581,3704,2160,3088
"ENSG00000129353",183,337,356,285,90,464,396,482,539,290,326,218,440,410,593,635,160,419,208,543,195,512,450,114,153,272,274,288,384,483
"ENSG00000129355",75,80,146,36,45,109,86,92,104,67,199,106,103,126,95,137,127,131,157,87,147,64,113,140,43,113,90,107,142,92
"ENSG00000129460",222,405,333,227,222,417,312,314,385,217,164,253,497,232,462,368,242,282,359,314,146,265,415,234,148,359,236,450,285,289
"ENSG00000129465",39,52,25,24,19,49,37,62,37,55,29,60,29,61,29,30,15,51,27,28,7,49,48,25,8,34,51,51,29,26
"ENSG00000129472",5,16,9,5,6,8,3,11,7,8,2,10,10,7,18,13,1,6,4,4,2,7,5,0,10,7,10,2,8,11
"ENSG00000129473",244,553,418,282,267,452,394,429,470,475,378,429,477,384,708,591,251,507,341,518,301,516,445,232,266,474,342,372,469,513
"ENSG00000129474",1,11,16,7,3,24,14,68,24,8,13,15,22,8,13,16,6,9,13,9,12,19,18,5,4,9,24,16,22,30
"ENSG00000129480",33,146,46,73,74,67,68,47,118,38,35,93,98,43,126,133,39,97,98,71,38,67,73,34,39,100,60,80,89,127
"ENSG00000129484",136,371,229,175,131,228,235,270,260,219,152,226,216,195,256,244,141,240,255,278,72,188,206,121,60,215,259,359,241,327
"ENSG00000129515",59,413,220,223,101,273,234,151,328,80,83,197,333,123,391,336,78,267,149,177,60,190,274,72,134,287,157,113,312,277
"ENSG00000129518",82,289,283,147,234,285,259,241,314,185,160,227,366,210,423,321,259,352,171,252,109,219,314,140,136,359,174,267,248,270
"ENSG00000129535",10,10,8,7,4,14,8,17,15,11,8,9,7,11,10,7,7,21,9,14,10,5,8,11,2,9,13,7,10,5
"ENSG00000129559",171,398,139,133,128,291,295,189,254,199,191,222,219,244,215,198,291,174,339,181,119,254,226,243,109,196,212,198,280,292
"ENSG00000129566",35,91,45,62,24,82,42,88,63,96,58,55,49,98,62,82,18,74,30,48,24,118,49,29,20,49,82,28,71,78
"ENSG00000129625",30,89,35,31,14,41,78,44,59,20,21,39,58,60,57,68,34,51,43,25,18,33,51,25,28,25,43,15,52,57
"ENSG00000129636",74,414,162,158,125,238,187,251,275,88,115,214,257,194,323,292,92,245,174,194,81,191,230,68,122,220,202,196,328,340
"ENSG00000129646",26,8,6,9,9,13,3,8,7,4,6,7,6,5,9,6,3,9,8,7,3,11,7,44,1,8,2,14,6,2
"ENSG00000129654",10,3,2,25,1,2,18,10,0,4,12,7,10,6,4,22,9,12,9,1,2,2,5,4,2,3,25,1,0,17
"ENSG00000129657",622,629,530,290,199,374,460,721,218,162,599,515,466,553,481,431,272,607,301,662,371,399,323,226,381,417,907,435,459,494
"ENSG00000129667",668,783,919,534,491,911,903,1146,838,2612,891,1296,1050,1261,874,939,672,761,846,1189,988,1211,966,900,309,950,734,631,809,695
"ENSG00000129675",426,642,390,486,198,347,506,466,781,255,345,566,299,254,567,358,156,562,347,673,298,309,280,185,173,265,323,51,809,665
"ENSG00000129824",120,547,0,218,426,480,0,0,467,363,0,344,0,322,473,1,0,0,0,337,0,470,0,1,264,0,0,482,0,437
"ENSG00000129911",852,822,622,243,419,924,693,503,697,240,596,627,991,863,755,948,637,858,355,721,821,688,523,494,291,634,647,425,421,421
"ENSG00000129932",331,510,303,147,288,473,319,406,375,286,256,362,500,422,308,407,321,324,350,263,244,461,282,281,124,318,415,323,235,196
"ENSG00000129933",683,716,682,464,511,726,601,749,677,1211,550,605,636,770,777,721,518,890,457,791,710,740,539,409,308,714,636,705,509,527
"ENSG00000129990",1,12,4,6,5,3,1,3,11,8,29,3,1,1,7,3,35,13,3,5,12,1,3,14,3,3,1,0,2,1
"ENSG00000129993",281,136,253,90,173,296,177,293,231,106,461,197,452,405,224,408,260,171,102,214,456,386,209,221,118,311,229,193,100,174
"ENSG00000130005",117,225,71,47,27,91,142,92,81,19,70,51,123,84,146,131,140,188,69,103,29,139,139,66,41,95,115,110,52,84
"ENSG00000130021",10,19,7,6,3,21,23,9,19,0,17,7,10,11,6,28,10,20,14,8,18,1,14,5,1,10,19,11,18,11
"ENSG00000130023",19,21,18,12,10,25,12,29,21,50,10,22,25,22,30,22,14,25,27,24,10,25,22,18,10,21,13,19,26,22
"ENSG00000130038",61,69,55,75,56,76,67,56,81,16,39,42,30,46,99,112,25,76,19,79,65,40,41,22,34,56,113,47,55,57
"ENSG00000130119",68,88,59,63,72,38,50,51,72,25,23,47,29,48,73,75,30,92,23,65,54,35,10,13,21,81,70,35,47,72
"ENSG00000130158",225,230,459,91,293,328,379,268,338,229,464,381,458,262,832,363,188,597,222,228,1704,373,381,277,227,472,481,435,160,274
"ENSG00000130159",165,357,327,115,167,329,394,278,230,181,246,275,347,308,214,302,302,283,394,199,208,345,213,431,96,144,309,251,202,262
"ENSG00000130164",741,967,1238,468,388,1314,1344,926,980,606,1185,620,1073,1106,1432,2081,505,1612,583,1098,1540,791,1282,470,333,899,1062,874,908,891
"ENSG00000130165",810,1057,712,245,568,795,803,870,578,554,685,965,912,998,500,669,1254,726,960,602,846,990,640,1154,339,618,663,1040,440,571
"ENSG00000130175",4062,2922,5142,1388,2815,3795,4068,4097,3172,3606,5855,3916,5223,4640,3837,4130,6429,3917,2951,6067,5712,4186,3155,4913,1575,4237,3081,5616,2464,2901
"ENSG00000130193",100,67,70,40,48,58,76,65,125,34,65,45,57,57,76,98,44,58,28,118,88,34,41,28,26,62,53,81,40,57
"ENSG00000130204",214,413,158,181,261,265,237,188,271,215,147,121,320,191,219,245,271,312,218,166,208,264,250,251,72,185,242,237,127,184
"ENSG00000130208",0,5,6,0,5,13,8,2,0,0,2,2,6,6,51,13,17,4,7,11,10,18,2,2,1,13,2,5,1,0
"ENSG00000130222",6,5,21,0,3,16,2,6,1,4,4,2,28,11,5,17,42,8,6,6,44,12,62,4,6,10,3,5,5,2
"ENSG00000130244",114,99,94,41,57,153,109,166,128,171,160,152,184,130,98,106,194,97,139,141,119,185,181,120,34,91,76,153,92,100
"ENSG00000130254",1765,1459,707,545,806,956,810,1463,991,1609,1191,1291,968,1120,859,759,1115,1109,1439,1089,1038,1233,633,1407,277,932,1005,1645,699,826
"ENSG00000130255",969,2423,2918,1103,2139,3073,2595,1652,2539,2011,2123,2943,3469,2727,2093,2789,3791,1647,2690,1214,1281,3295,3846,2650,1677,3576,1635,1288,1778,1645
"ENSG00000130270",22,13,77,7,4,29,83,42,53,34,71,21,29,27,18,19,26,36,52,46,21,41,33,14,5,13,37,109,27,64
"ENSG00000130287",1,17,6,0,62,3,1,2,1,10,2,2,0,6,1,3,3,16,3,1,4,35,6,0,2,2,7,0,0,1
"ENSG00000130299",329,356,224,149,180,406,356,207,270,401,214,220,384,261,319,370,194,361,301,214,256,256,278,207,86,265,389,213,201,270
"ENSG00000130303",1868,2456,1108,1519,1254,1535,1331,2849,2520,918,1560,906,1619,1920,1950,1624,1513,1729,1101,2118,1621,1813,1893,1005,716,1791,1502,1462,1587,1193
"ENSG00000130309",277,298,313,177,221,279,292,206,312,254,271,203,210,323,340,394,135,383,151,329,260,226,239,109,104,360,463,219,194,250
"ENSG00000130311",754,567,420,166,343,448,360,525,397,564,424,469,590,538,299,351,651,551,503,377,636,468,433,681,106,351,365,559,214,243
"ENSG00000130312",354,705,472,189,387,694,481,576,419,311,454,593,903,596,458,510,646,531,692,359,410,589,657,559,180,409,484,463,390,400
"ENSG00000130313",1062,1016,1000,384,929,1086,1066,846,1042,929,1238,1024,1386,1490,797,810,1992,1372,1176,1038,1706,1069,910,1785,402,1105,1013,1032,665,569
"ENSG00000130332",578,826,710,316,526,1080,851,1059,1006,730,757,557,945,789,692,749,1025,775,1104,799,439,860,769,1134,164,756,698,1095,525,682
"ENSG00000130338",88,158,111,158,67,134,152,156,136,138,74,105,118,147,182,355,51,170,51,194,144,189,81,30,69,117,120,157,128,172
"ENSG00000130340",114,389,382,235,74,408,681,852,310,195,322,321,497,531,590,785,252,517,196,543,105,645,501,33,74,403,115,517,431,481
"ENSG00000130348",8,13,9,12,8,5,3,15,12,2,4,1,8,8,24,13,6,18,3,12,4,7,14,3,8,13,13,11,10,18
"ENSG00000130349",3,33,11,15,11,29,16,12,26,7,6,9,30,8,17,20,10,20,29,10,8,21,18,13,7,17,16,20,24,14
"ENSG00000130363",32,11,27,8,19,16,13,16,17,10,8,26,16,35,14,18,24,23,17,18,37,22,12,25,9,24,29,29,18,20
"ENSG00000130382",1198,653,712,337,441,503,637,763,480,224,717,318,506,724,613,826,439,701,206,915,1316,494,418,210,246,512,796,667,335,420
"ENSG00000130449",62,59,89,19,59,50,56,75,18,30,72,64,36,44,74,57,39,116,25,55,40,66,50,26,84,143,84,15,25,40
"ENSG00000130475",429,426,640,221,428,676,537,513,388,448,786,564,609,701,554,602,626,608,395,563,851,434,418,446,247,674,609,641,357,345
"ENSG00000130479",1619,1107,1219,393,859,1331,1110,1464,837,763,1595,974,1352,1769,947,1361,1375,1101,832,1310,1733,1161,783,989,268,639,1200,1713,552,614
"ENSG00000130487",75,117,39,53,14,43,94,44,109,126,52,22,69,63,124,42,49,93,63,104,17,47,46,73,25,42,29,22,64,50
"ENSG00000130489",164,217,83,64,83,209,135,139,151,170,121,119,267,168,163,193,137,166,142,117,98,164,155,101,31,133,161,154,76,95
"ENSG00000130511",143,178,135,21,90,198,141,123,113,106,176,200,114,202,121,144,126,146,197,66,85,184,95,168,51,119,150,97,72,101
"ENSG00000130513",148,81,141,45,55,379,158,265,77,92,188,115,166,348,42,207,160,152,357,154,62,896,111,69,134,124,67,128,90,104
"ENSG00000130517",134,200,168,124,90,101,182,217,221,105,115,124,114,184,225,180,65,240,72,164,116,147,125,30,128,163,202,136,171,198
"ENSG00000130520",826,2173,984,767,840,1714,1504,1278,1640,878,841,1498,1689,1377,1319,1260,1125,1511,2114,1115,495,1355,1425,1366,601,1394,1919,1293,1463,1669
"ENSG00000130522",1494,2229,3631,241,1808,3390,3146,2335,1476,2105,4002,3749,3898,3981,1519,2311,3350,3370,2718,2049,2163,3418,2432,3292,611,3008,1874,2388,1185,1218
"ENSG00000130544",84,146,125,96,72,120,129,99,132,98,44,126,119,88,179,135,62,146,102,136,67,84,80,42,42,155,108,139,110,121
"ENSG00000130545",8,10,10,5,4,22,17,20,1,21,15,12,15,16,15,13,6,9,18,11,6,16,9,7,3,6,3,24,4,10
"ENSG00000130590",123,92,84,32,50,52,92,71,62,92,89,129,28,56,127,36,133,68,99,227,108,85,77,56,95,123,79,100,41,19
"ENSG00000130669",302,249,270,101,140,319,271,287,255,154,308,239,298,289,211,324,309,303,240,303,248,195,220,229,69,195,242,402,152,221
"ENSG00000130684",25,36,19,10,20,31,25,27,22,35,31,42,22,25,29,31,17,40,23,31,27,38,20,19,10,42,20,41,17,30
"ENSG00000130724",702,1483,870,540,707,1462,1115,1243,1172,953,919,1339,1689,1103,1014,1099,1222,1020,1457,893,638,1303,1293,1152,520,1059,935,1307,919,981
"ENSG00000130725",542,578,481,111,455,487,475,526,406,286,660,387,586,588,414,501,732,468,392,416,428,471,323,496,130,365,486,505,259,252
"ENSG00000130726",3771,6570,4150,2894,2973,5368,4785,4761,5116,2635,3355,2877,5342,4380,4564,5474,2932,4801,3542,4092,2565,3383,3396,3553,1527,4077,6004,4829,3254,4182
"ENSG00000130733",398,565,618,180,395,703,549,599,443,632,625,757,725,759,545,669,655,607,703,555,590,694,546,600,200,549,463,645,311,380
"ENSG00000130734",202,216,157,105,139,205,143,175,182,324,169,165,279,238,183,247,165,206,134,181,168,151,207,130,71,149,192,168,123,130
"ENSG00000130748",109,302,161,80,75,361,217,253,264,302,143,226,361,230,156,234,165,215,432,122,78,276,344,341,55,146,251,137,184,226
"ENSG00000130749",2930,2118,1094,952,965,1328,1401,1774,1607,1179,1154,1408,1472,1515,1541,1396,776,1858,921,1976,1971,902,811,913,396,1135,1968,1891,990,1300
"ENSG00000130751",11,5,9,0,3,17,15,6,8,14,12,10,21,20,1,7,7,14,14,7,3,16,8,12,2,11,7,8,5,8
"ENSG00000130755",281,601,583,210,315,657,686,453,763,430,396,884,577,479,515,345,652,706,728,481,230,567,487,632,214,721,430,431,786,770
"ENSG00000130758",333,280,345,80,238,484,346,488,204,531,473,537,404,458,198,302,382,275,354,286,451,715,246,359,99,321,327,411,192,230
"ENSG00000130764",37,119,59,36,62,84,70,75,105,52,29,67,114,63,98,121,39,108,35,59,32,65,78,22,38,81,66,54,73,76
"ENSG00000130766",1131,1300,929,741,771,1291,952,811,1156,294,786,603,1578,1074,2490,1357,681,2030,485,1806,1185,805,1273,360,414,692,953,1119,607,594
"ENSG00000130770",439,454,238,103,421,455,263,473,346,394,494,620,459,539,186,239,530,418,753,275,515,480,348,717,55,263,438,715,221,220
"ENSG00000130772",5,20,12,14,2,18,13,10,8,7,5,16,17,10,18,19,6,12,7,9,8,8,25,3,8,13,18,3,15,13
"ENSG00000130803",40,32,55,33,24,50,47,46,32,49,56,21,49,48,55,97,31,80,20,54,65,28,32,8,28,47,53,32,39,32
"ENSG00000130811",471,623,418,324,349,509,495,530,593,313,585,445,623,506,574,553,770,620,332,677,458,490,610,312,220,519,470,626,403,423
"ENSG00000130812",333,257,471,143,353,628,494,441,437,351,926,556,561,763,446,575,464,506,368,500,539,615,516,524,326,586,451,305,353,409
"ENSG00000130813",997,866,701,597,491,776,711,1214,792,2035,788,945,680,1019,812,634,796,1335,837,827,740,1175,632,864,239,821,593,848,585,515
"ENSG00000130816",3440,4034,2140,2207,1870,3004,2959,2991,3160,2334,2329,2219,1802,2612,2710,2770,1530,2967,2393,3104,2115,1988,1360,2193,976,2162,4063,3626,2103,3376
"ENSG00000130818",35,110,67,61,47,41,58,42,36,37,17,49,71,39,121,106,18,90,55,54,24,51,74,25,39,65,66,18,70,59
"ENSG00000130856",171,217,220,127,143,208,227,169,139,225,197,226,133,247,286,270,113,255,160,257,225,194,100,227,113,237,232,261,124,212
"ENSG00000130921",74,125,135,60,66,139,144,133,82,92,139,161,158,143,128,129,173,173,164,144,63,117,122,226,58,120,92,181,124,101
"ENSG00000130935",247,310,189,170,172,237,242,155,219,99,140,155,233,151,279,259,163,262,152,252,187,131,221,83,82,209,256,246,166,246
"ENSG00000130956",50,138,82,50,111,199,137,131,144,149,117,108,201,106,165,143,96,123,60,122,75,159,157,98,26,128,57,193,87,90
"ENSG00000131013",12,67,78,31,45,88,54,45,63,83,28,114,80,45,111,80,44,67,112,62,10,51,53,31,32,84,45,98,53,72
"ENSG00000131023",209,225,324,187,142,201,213,204,208,161,191,191,234,219,408,398,140,289,102,326,331,197,217,78,161,248,192,251,157,263
"ENSG00000131037",4,2,20,3,1,11,9,7,10,2,16,2,6,10,2,14,5,4,9,1,15,3,17,3,0,1,4,3,4,3
"ENSG00000131043",220,262,236,147,191,205,215,239,257,90,159,128,259,269,276,286,147,291,67,224,172,160,209,66,93,227,264,205,144,152
"ENSG00000131061",27,43,45,28,30,35,33,79,37,38,48,50,50,58,38,54,48,66,57,27,34,66,36,31,28,46,72,54,26,53
"ENSG00000131080",33,36,31,32,18,21,18,45,6,20,29,10,27,24,28,18,13,47,15,34,15,63,28,12,18,19,29,29,28,22
"ENSG00000131115",82,174,136,75,72,149,144,131,153,82,105,136,160,127,225,175,72,157,92,190,53,112,118,42,59,177,114,181,179,171
"ENSG00000131116",247,225,135,86,135,158,165,145,192,191,153,145,228,120,142,131,326,237,196,221,212,145,142,286,60,150,100,245,118,94
"ENSG00000131143",1502,4112,2961,1563,2048,3744,3106,2675,3363,3294,2055,2847,4819,3061,3309,3273,3340,3039,3657,2001,1464,4109,4532,3287,1802,3609,2866,2190,3080,2575
"ENSG00000131148",313,543,268,228,279,490,300,322,410,212,209,261,567,296,402,449,285,418,245,277,286,303,456,185,144,345,302,299,282,317
"ENSG00000131152",28,74,18,19,20,39,56,21,51,9,30,41,52,34,33,50,26,54,71,37,16,43,38,33,9,31,58,58,56,46
"ENSG00000131153",186,585,237,201,159,337,416,215,409,63,157,232,322,141,277,362,258,304,272,295,104,165,216,194,104,228,300,464,415,472
"ENSG00000131165",1080,2010,1102,923,815,1497,1211,1394,1310,1078,803,1041,1546,1287,1379,1462,797,1308,899,1092,741,1192,1220,682,536,1282,1366,1053,1068,1127
"ENSG00000131171",568,822,555,331,367,498,583,751,660,204,550,576,475,630,643,620,736,786,675,1035,544,585,413,510,321,634,336,1004,719,657
"ENSG00000131174",78,367,208,169,143,324,360,239,214,118,111,246,293,205,232,225,202,180,376,131,63,329,290,189,85,278,260,241,278,307
"ENSG00000131188",92,71,122,16,49,194,136,107,134,96,176,76,245,145,114,210,167,104,92,116,208,269,165,78,37,108,102,106,43,87
"ENSG00000131196",108,129,357,27,131,274,208,207,104,25,354,128,375,223,291,294,132,212,109,204,172,272,142,177,69,400,201,114,157,177
"ENSG00000131238",32,46,30,26,34,28,16,56,40,10,18,22,29,24,41,45,15,36,10,53,29,32,39,9,10,50,27,61,35,41
"ENSG00000131242",95,340,382,83,207,216,212,369,214,42,373,440,162,251,198,208,155,411,184,73,143,267,108,82,109,383,509,230,239,268
"ENSG00000131263",45,73,80,51,53,50,98,35,80,23,47,49,47,40,84,130,27,109,22,91,60,49,52,13,44,77,86,45,61,86
"ENSG00000131323",860,1533,1374,728,961,1900,1553,1596,1063,1548,1650,1495,1903,1786,1955,1938,1134,1668,1037,1578,1206,2196,1641,746,1469,1763,1217,1140,1084,1364
"ENSG00000131351",36,129,62,74,33,115,90,70,142,61,46,117,70,90,80,95,36,86,116,102,48,63,63,78,21,96,105,113,88,123
"ENSG00000131373",3,33,15,18,6,14,8,12,21,6,5,5,15,13,31,21,1,10,1,8,1,15,17,1,7,17,17,3,19,17
"ENSG00000131400",16,28,9,16,16,31,11,83,18,34,23,190,9,29,12,10,7,22,119,15,9,32,16,39,11,53,22,26,36,21
"ENSG00000131401",203,481,462,45,576,301,193,510,331,258,423,983,367,684,56,116,225,481,1111,66,231,155,322,1178,137,955,483,28,397,103
"ENSG00000131408",276,645,706,253,350,859,572,747,613,270,632,494,874,748,710,729,541,711,425,558,391,937,722,429,240,613,445,448,489,493
"ENSG00000131462",352,901,266,262,238,385,309,541,319,307,177,350,318,362,255,337,268,315,528,261,154,397,302,428,180,344,381,614,349,470
"ENSG00000131467",1817,3253,1131,1529,1311,1808,1597,1692,1981,817,990,1378,1908,1274,2145,2044,1342,2727,1178,1454,871,1218,1642,877,701,1705,2065,1585,1494,1596
"ENSG00000131469",1325,2206,2489,726,1894,2657,3440,2108,1570,1553,2565,1662,2445,3113,1528,1867,4459,2059,2542,1501,1090,2333,2587,1783,1163,2291,2343,1385,1675,1575
"ENSG00000131470",68,132,42,49,38,80,69,63,72,58,43,70,36,51,54,39,33,56,76,57,24,55,33,33,23,54,86,103,55,65
"ENSG00000131471",10,14,6,7,8,18,6,7,2,20,10,17,26,15,11,13,9,7,10,3,6,23,25,8,8,14,2,15,11,7
"ENSG00000131473",2640,3855,2908,2090,1975,2836,3220,3598,2859,947,2584,1683,2716,2987,3302,4307,1610,3455,1382,2956,3324,2376,2446,1023,1552,2654,3863,2980,2427,3234
"ENSG00000131475",562,1050,616,450,409,833,706,749,674,486,481,629,1143,649,708,691,766,775,720,585,562,730,925,499,309,654,635,747,625,671
"ENSG00000131480",22,15,16,18,12,31,19,24,1,34,15,31,38,24,19,23,14,18,14,11,10,32,19,16,8,23,21,23,21,19
"ENSG00000131495",9,30,25,12,14,56,22,20,24,28,17,41,51,29,26,20,7,14,49,10,10,29,37,19,11,27,29,16,14,27
"ENSG00000131626",330,296,333,224,253,263,238,284,238,299,270,238,358,235,458,432,263,442,136,359,407,212,288,137,182,347,299,270,213,266
"ENSG00000131634",2,1,1,8,3,6,7,1,52,8,1,12,10,7,52,25,2,27,2,3,0,12,2,2,5,3,3,1,28,19
"ENSG00000131650",12,12,21,19,33,24,22,7,30,22,8,13,9,19,40,93,15,34,28,3,5,17,15,12,3,13,23,37,6,4
"ENSG00000131652",111,243,197,124,126,338,351,188,243,168,148,170,237,201,231,281,169,248,323,169,135,213,192,270,69,232,171,304,152,306
"ENSG00000131653",1513,1761,1659,833,1104,1809,1396,1733,1598,1070,1756,934,1754,2146,1660,2207,1302,1637,781,1659,2440,1390,1429,771,935,1599,1700,1441,1178,1194
"ENSG00000131732",4,11,5,6,2,11,2,1,7,3,5,1,6,1,12,5,7,9,7,7,1,9,12,6,5,11,3,8,6,7
"ENSG00000131747",1306,3992,2100,2115,1104,3234,3944,1926,3999,1063,1690,3068,1753,1745,3288,3614,1795,3326,5328,2740,875,2003,1419,2698,1036,2456,2720,3829,3141,5309
"ENSG00000131759",15,73,72,51,26,98,43,94,67,39,36,56,71,89,91,86,31,40,43,41,23,146,58,18,49,62,70,32,62,101
"ENSG00000131779",59,328,158,110,93,186,152,167,192,177,66,167,250,149,192,163,150,214,201,119,48,169,168,125,110,163,129,95,207,153
"ENSG00000131795",14,25,8,35,21,14,12,10,31,1,10,14,21,6,21,18,17,30,10,26,2,24,21,7,10,25,10,23,16,13
"ENSG00000131797",30,9,20,15,11,33,25,18,5,54,28,27,19,17,21,30,14,28,19,46,15,48,31,21,8,21,20,34,17,10
"ENSG00000131845",139,230,225,119,107,192,184,165,167,150,119,125,204,188,303,218,104,250,103,209,162,127,152,67,76,220,206,206,182,184
"ENSG00000131848",20,34,19,10,13,18,10,21,6,14,13,21,33,29,29,14,13,14,27,14,6,18,20,20,8,11,25,23,28,13
"ENSG00000131849",13,21,27,17,10,16,17,11,17,9,9,15,14,11,37,18,4,21,10,23,5,15,12,6,10,15,14,7,24,20
"ENSG00000131871",112,338,195,170,140,322,229,259,247,214,132,369,301,225,401,307,188,300,276,236,167,317,271,153,124,213,229,195,226,222
"ENSG00000131873",258,606,504,194,182,393,409,711,467,133,416,461,410,328,724,588,132,473,327,630,449,392,298,153,174,514,406,389,415,601
"ENSG00000131876",6,51,48,27,36,54,36,53,62,67,20,31,42,18,55,51,29,44,50,19,5,46,41,28,23,38,37,38,37,55
"ENSG00000131899",100,140,77,35,102,67,58,144,80,43,44,63,65,69,33,94,48,157,42,33,81,61,46,13,23,84,222,134,45,51
"ENSG00000131931",96,173,130,76,88,147,115,134,129,20,101,127,103,116,133,120,84,137,129,149,77,91,110,59,54,120,128,190,89,138
"ENSG00000131941",8,31,21,6,2,33,31,17,30,2,27,5,35,11,35,25,6,12,29,31,7,29,21,4,3,10,10,74,6,33
"ENSG00000131943",27,37,34,22,20,42,38,36,22,17,37,21,45,36,29,58,34,47,13,34,34,33,24,21,9,29,33,17,34,24
"ENSG00000131944",25,99,51,31,27,71,89,78,48,32,28,32,49,42,62,62,36,70,71,44,26,31,33,57,14,49,54,46,53,56
"ENSG00000131966",106,262,128,125,86,167,163,140,209,111,81,145,232,99,207,194,122,176,196,112,125,117,188,71,76,159,130,84,155,202
"ENSG00000131979",105,156,75,45,47,87,47,93,77,21,63,57,100,114,102,133,56,89,32,76,89,69,134,16,41,84,87,33,71,77
"ENSG00000131981",240,681,828,320,382,1514,1180,1102,650,529,474,570,2228,626,779,1414,939,437,2055,423,364,1806,1242,775,413,810,282,890,264,679
"ENSG00000132002",286,467,1781,219,1379,2331,423,288,208,90,217,255,1458,783,983,1483,2021,362,247,488,632,705,2279,114,291,1082,340,512,206,267
"ENSG00000132003",437,321,409,194,308,527,371,357,354,555,589,409,666,613,428,655,566,476,254,490,655,372,564,343,223,295,446,482,202,299
"ENSG00000132004",129,109,104,40,111,145,108,83,130,96,80,74,160,119,106,128,132,132,83,83,122,104,127,52,49,112,129,106,67,92
"ENSG00000132005",365,385,457,125,216,420,374,509,242,257,502,318,385,451,301,432,380,352,254,445,432,435,202,410,125,359,285,502,228,312
"ENSG00000132016",11,9,16,2,12,6,8,8,9,46,8,14,15,10,8,6,0,13,13,9,6,8,11,9,1,3,6,10,12,11
"ENSG00000132017",952,908,803,418,576,1135,833,1146,733,1529,810,746,914,1105,732,826,792,831,942,928,607,901,698,1007,242,727,885,1260,554,718
"ENSG00000132024",219,154,134,88,121,201,149,205,151,277,172,146,154,166,135,171,112,216,97,172,198,159,121,106,48,146,214,261,109,131
"ENSG00000132109",848,1052,657,638,358,724,737,949,989,387,577,674,862,730,810,744,624,853,661,779,610,806,604,471,189,629,493,1024,606,794
"ENSG00000132141",6,11,14,10,10,8,20,3,24,36,6,11,17,9,8,15,5,24,9,8,4,16,7,3,12,28,5,7,23,17
"ENSG00000132199",91,180,211,115,110,257,226,135,311,285,102,177,191,179,324,171,131,231,272,204,55,228,177,181,113,162,154,195,196,315
"ENSG00000132205",160,134,192,70,14,146,114,85,174,160,207,129,216,142,180,237,215,103,99,163,151,179,275,125,62,144,67,11,107,116
"ENSG00000132254",552,638,524,296,380,584,569,683,411,492,505,610,655,619,542,471,395,757,374,558,408,588,523,306,224,604,593,563,436,508
"ENSG00000132275",212,396,291,210,217,358,333,305,266,270,261,278,396,307,372,349,298,364,265,306,209,245,270,136,103,329,278,323,292,286
"ENSG00000132286",18,107,99,53,43,104,77,98,83,27,42,45,56,52,100,135,28,80,27,82,38,74,111,25,42,78,86,55,70,72
"ENSG00000132313",17,142,49,69,30,58,52,33,96,20,23,61,70,34,83,88,25,91,64,33,18,64,68,27,39,51,43,48,83,100
"ENSG00000132329",0,0,1,0,6,2,19,12,0,1,11,0,19,20,26,2,28,1,1,0,35,59,6,1,1,1,16,4,0,0
"ENSG00000132341",30,275,132,134,110,189,188,89,195,38,45,93,116,63,211,208,62,133,91,71,22,134,189,63,109,154,131,105,164,229
"ENSG00000132357",5,18,3,8,5,3,4,19,13,4,5,13,6,4,10,6,1,14,5,11,6,4,7,2,2,3,10,6,10,6
"ENSG00000132359",34,33,45,8,11,7,21,0,18,13,55,66,1,37,14,7,7,35,26,23,2,4,6,37,38,63,11,1,12,11
"ENSG00000132361",4307,3611,2446,1886,2072,2993,2456,3197,2429,2433,1975,1727,2925,2458,2571,3303,1539,2713,1445,2372,3085,2365,1942,1364,954,2489,3715,2439,1401,1785
"ENSG00000132382",427,491,485,348,325,481,365,415,440,181,264,288,435,438,553,532,135,562,134,372,323,387,368,92,215,476,674,218,253,308
"ENSG00000132383",1667,2833,1530,1401,1084,1881,1643,1925,2288,659,1330,1088,1899,1652,2097,1947,1194,2180,1115,2084,1324,1381,1294,892,815,1817,1938,2121,2074,2295
"ENSG00000132386",9,21,21,15,7,14,16,26,15,62,25,30,22,9,14,16,35,28,34,33,23,32,17,65,2,13,11,28,16,16
"ENSG00000132388",545,1512,1290,444,787,677,681,729,1070,226,538,1132,884,880,1324,774,404,1545,663,811,537,576,567,302,539,1385,1041,705,983,1140
"ENSG00000132394",35,64,46,37,39,43,44,79,76,19,42,34,43,48,45,61,27,73,34,55,36,58,30,24,18,49,82,52,37,69
"ENSG00000132406",17,98,39,44,18,56,43,46,63,33,24,36,89,40,76,63,54,75,36,26,18,51,74,10,23,34,40,14,59,58
"ENSG00000132432",14,99,22,29,28,41,38,52,84,22,20,74,44,21,79,78,36,25,91,30,9,40,56,14,26,53,40,43,107,92
"ENSG00000132436",8,23,15,8,5,11,19,14,8,2,9,2,9,6,15,16,3,19,9,9,3,8,12,3,3,4,16,13,16,14
"ENSG00000132463",0,63,8,5,8,25,33,8,51,13,1,57,58,7,65,42,2,23,33,7,0,36,40,8,23,34,18,3,83,73
"ENSG00000132465",75,400,274,333,157,175,270,998,179,86,137,1091,177,372,159,102,91,411,332,654,9,376,169,157,14,220,186,410,669,607
"ENSG00000132467",787,1220,594,416,591,839,792,708,1039,422,440,1023,843,662,887,719,597,832,780,936,504,695,720,444,241,802,705,1078,805,909
"ENSG00000132470",11,10,12,7,3,12,18,9,21,5,17,6,16,22,12,11,25,7,9,17,19,6,12,21,3,4,14,11,11,4
"ENSG00000132471",170,239,309,137,142,321,263,268,244,127,265,194,341,253,338,401,252,236,101,243,340,257,334,91,163,317,181,260,219,277
"ENSG00000132475",995,1464,713,625,635,1078,758,937,1269,479,709,750,1196,961,1186,1036,1034,994,891,791,538,710,1112,716,288,916,917,948,956,841
"ENSG00000132478",719,532,713,302,454,617,629,685,601,809,783,448,577,604,603,667,567,687,496,928,810,659,466,531,237,635,533,759,434,491
"ENSG00000132481",5,91,114,17,18,15,15,6,48,68,66,37,112,141,116,96,128,153,151,141,126,62,80,174,40,124,95,53,113,18
"ENSG00000132485",72,81,60,67,48,68,72,89,68,74,58,88,81,66,100,62,40,93,80,84,40,60,99,50,43,82,70,66,91,83
"ENSG00000132510",1069,630,1184,394,516,1011,1180,1102,574,618,2224,747,1160,1506,881,1445,899,1300,326,1697,1524,1379,905,399,469,819,768,1072,620,652
"ENSG00000132522",454,375,265,147,287,294,284,419,244,692,226,415,344,379,221,205,448,369,417,336,349,331,252,559,85,257,269,572,176,150
"ENSG00000132570",6,15,10,4,9,19,16,20,13,6,3,15,21,9,9,13,3,11,19,6,2,8,9,4,4,11,6,10,11,14
"ENSG00000132589",747,432,233,123,354,270,395,616,510,156,385,375,100,421,88,335,155,475,95,315,275,308,138,111,34,332,1025,312,150,229
"ENSG00000132591",128,120,137,58,88,109,124,135,99,63,84,87,108,79,94,110,98,114,49,145,86,72,92,38,41,111,107,158,59,84
"ENSG00000132600",373,603,289,304,290,376,291,364,409,595,193,311,357,408,297,272,292,369,481,347,169,363,245,469,112,381,475,340,305,331
"ENSG00000132603",186,521,238,245,191,369,267,224,391,108,124,246,452,162,485,383,180,403,211,206,93,213,373,105,146,293,238,209,219,290
"ENSG00000132604",561,653,468,315,436,609,485,592,582,258,478,472,658,510,630,657,452,715,371,660,514,422,482,234,204,543,513,719,439,498
"ENSG00000132612",929,1651,1209,756,924,1335,1170,1455,1463,1085,959,1121,1702,1181,1392,1627,1150,1474,899,1357,848,1290,1244,733,628,1123,1173,1323,1066,1179
"ENSG00000132623",8,26,5,2,3,4,6,21,3,0,4,22,0,4,7,5,1,2,5,16,2,5,4,0,1,7,28,3,5,2
"ENSG00000132646",1607,2513,1092,1238,880,1682,1558,1670,1624,512,871,876,1250,1113,1196,1374,896,1456,1228,1081,718,732,1110,720,282,1100,2040,1709,1263,1646
"ENSG00000132661",98,206,151,62,92,215,194,161,188,67,123,119,271,167,195,184,171,205,117,137,73,157,237,108,61,143,154,182,124,132
"ENSG00000132664",1,23,14,10,6,14,6,12,14,6,2,4,9,7,15,17,0,8,7,5,0,8,10,1,5,8,13,5,3,5
"ENSG00000132670",129,92,64,81,71,62,80,102,108,39,112,78,68,89,146,138,57,179,44,228,122,57,93,30,29,111,98,128,86,97
"ENSG00000132718",355,535,419,362,377,417,463,630,607,180,390,361,319,413,851,789,247,749,229,538,484,472,454,135,346,461,413,461,735,580
"ENSG00000132740",280,339,314,184,199,433,315,316,353,330,303,233,418,307,343,450,239,314,313,305,204,311,337,201,127,268,354,240,209,280
"ENSG00000132744",85,72,98,80,12,156,83,107,63,59,143,91,34,226,27,65,82,110,174,55,330,98,15,131,11,189,41,394,26,95
"ENSG00000132749",1,7,32,0,3,12,15,8,17,0,7,6,16,4,12,6,10,5,9,8,7,2,18,5,0,5,15,6,1,8
"ENSG00000132773",102,137,68,64,69,86,71,97,63,39,19,56,62,61,103,62,37,92,28,80,34,31,63,26,15,74,94,74,42,70
"ENSG00000132801",49,136,110,60,37,94,96,79,88,70,54,67,120,84,114,108,47,118,52,82,79,75,86,39,27,84,97,95,91,94
"ENSG00000132819",1029,613,1766,169,974,1029,868,624,520,327,1211,523,862,1398,852,895,1483,982,283,1175,1861,381,818,422,479,1267,975,831,341,370
"ENSG00000132823",152,375,616,207,261,551,537,337,351,355,409,373,571,421,617,618,413,461,402,441,224,663,540,237,290,575,249,468,424,515
"ENSG00000132825",68,139,111,67,61,140,125,157,127,44,102,129,134,113,151,198,42,145,99,145,82,103,127,43,35,115,115,112,125,140
"ENSG00000132879",75,28,19,20,24,30,17,44,33,59,50,20,38,41,31,16,47,38,25,46,54,57,40,24,16,36,35,64,19,11
"ENSG00000132950",2,10,10,8,14,11,14,2,16,6,5,20,9,2,25,18,3,8,23,11,1,12,9,4,8,9,7,14,19,17
"ENSG00000132952",14,63,89,43,18,81,48,24,32,15,35,43,54,42,95,94,18,47,28,37,21,48,81,13,28,97,52,46,56,55
"ENSG00000132953",5,11,4,11,6,2,6,5,3,0,4,1,4,1,13,17,4,12,1,11,4,2,6,3,3,5,7,3,5,7
"ENSG00000132963",379,1608,747,740,402,1196,942,730,1382,510,281,929,1572,576,1283,989,458,917,1367,346,204,896,1414,723,441,820,626,560,985,1101
"ENSG00000132964",14,5,8,5,8,7,12,6,8,3,9,9,8,5,7,10,13,6,3,22,29,7,7,8,2,4,7,14,14,12
"ENSG00000132965",0,27,13,6,3,21,25,3,35,11,7,3,7,8,26,27,7,33,16,8,3,6,5,0,14,19,58,7,5,9
"ENSG00000133028",225,575,281,266,246,418,316,254,438,134,207,266,437,226,394,487,212,430,219,272,153,258,323,125,163,331,293,245,247,391
"ENSG00000133055",7,9,5,4,2,25,10,18,6,4,10,1,19,26,26,54,13,0,16,6,17,37,7,8,2,3,5,49,4,7
"ENSG00000133059",22,24,107,16,27,28,65,18,81,26,16,73,29,44,24,55,41,122,36,36,43,25,30,17,26,78,69,38,39,27
"ENSG00000133106",136,195,297,173,124,345,336,349,396,133,273,166,288,339,272,375,181,290,157,268,245,346,201,104,45,252,186,128,222,184
"ENSG00000133111",1,14,9,11,6,7,9,4,14,10,2,20,20,5,17,17,4,15,9,8,0,8,13,8,3,8,9,7,15,5
"ENSG00000133116",5,18,20,16,6,35,6,5,33,21,8,7,14,13,28,66,10,39,4,31,27,14,23,1,3,9,8,23,22,15
"ENSG00000133119",63,356,172,208,69,261,195,160,241,41,56,102,141,80,240,273,50,235,107,175,34,84,136,51,81,166,203,136,221,342
"ENSG00000133134",2,5,13,0,9,7,15,4,8,2,6,2,16,11,7,4,5,11,8,5,4,11,8,3,6,7,5,18,2,2
"ENSG00000133136",14,98,51,48,22,89,88,53,57,31,40,53,127,34,73,64,31,56,126,38,16,100,107,67,35,65,60,34,60,80
"ENSG00000133193",545,1163,774,418,409,898,777,1064,803,553,705,810,989,721,908,860,774,900,764,947,464,864,738,561,308,772,651,1144,639,881
"ENSG00000133195",92,442,163,127,114,174,174,204,129,111,96,186,188,157,197,187,76,222,131,119,158,230,187,81,186,179,211,107,230,163
"ENSG00000133243",1287,1563,2047,481,1098,2086,2536,1880,1744,1319,2643,1439,2386,2552,2114,2055,2138,1791,1646,2141,1996,1859,1296,1917,583,1904,1881,1906,1247,1381
"ENSG00000133246",6,5,7,7,9,7,2,5,7,13,4,3,4,9,2,2,15,7,10,2,65,5,6,5,16,9,5,3,4,0
"ENSG00000133250",455,225,256,86,196,274,258,298,210,326,382,224,290,359,185,220,573,267,210,345,629,222,160,431,67,237,256,418,127,151
"ENSG00000133265",327,635,247,262,133,515,344,480,404,245,243,258,529,308,347,467,305,321,389,325,265,364,374,358,65,164,343,551,209,327
"ENSG00000133275",1183,701,739,387,621,903,861,1010,712,1594,1067,836,724,1054,669,738,606,943,568,969,1017,909,813,624,201,800,929,848,480,577
"ENSG00000133313",1462,2708,1103,1758,1179,1720,1534,2023,2682,957,965,1073,1541,1972,2258,2192,1088,2221,858,1568,864,1874,1506,684,893,1688,1595,1560,1857,1689
"ENSG00000133315",41,60,155,9,73,130,127,38,64,34,110,43,156,86,102,159,157,80,88,69,90,99,115,47,16,66,75,164,30,71
"ENSG00000133316",219,316,311,115,205,366,295,260,321,164,210,188,435,281,340,402,272,293,151,284,172,263,283,113,83,309,247,272,139,191
"ENSG00000133318",20,12,29,13,26,25,24,34,40,6,47,26,25,36,35,33,15,29,14,48,26,27,23,10,9,33,26,49,16,19
"ENSG00000133321",28,57,60,42,31,57,76,52,38,38,59,53,85,54,49,51,87,80,44,55,72,44,55,25,21,43,35,26,105,54
"ENSG00000133328",4,19,58,5,9,8,19,2,1,1,22,22,16,10,8,6,98,23,35,7,14,4,14,40,13,28,9,2,40,16
"ENSG00000133392",36,58,14,25,22,29,18,22,22,114,26,124,26,22,17,22,21,34,20,25,27,30,12,33,5,57,78,21,21,17
"ENSG00000133393",172,376,186,162,146,286,249,173,378,92,198,266,298,163,345,303,150,216,348,271,187,204,218,86,148,273,216,386,328,455
"ENSG00000133454",8,18,27,3,13,13,4,3,6,13,2,14,3,12,14,5,40,20,2,3,32,5,20,17,21,9,33,0,9,3
"ENSG00000133561",45,35,52,21,50,13,14,54,52,3,13,29,6,8,27,10,16,61,1,24,64,12,17,3,53,68,59,11,21,17
"ENSG00000133574",9,7,45,0,8,2,9,25,34,0,5,32,1,4,0,2,3,7,0,2,23,7,2,0,5,24,0,1,2,4
"ENSG00000133597",15,82,44,30,26,69,69,65,86,33,32,50,81,43,93,95,24,58,34,37,23,42,48,24,27,61,51,49,71,80
"ENSG00000133639",2879,3245,2964,1260,2134,3103,3710,2387,3339,2241,5547,4036,3382,4015,3461,4065,3518,2292,2273,3825,3571,4092,3157,1558,1970,3613,1831,2602,4083,3731
"ENSG00000133641",6,32,12,14,11,44,36,12,28,16,13,23,35,15,38,55,14,21,29,7,6,20,28,13,14,31,21,12,24,28
"ENSG00000133687",6,66,1,42,1,14,60,22,2,14,12,0,13,25,64,8,12,37,5,31,2,44,20,3,5,1,4,27,15,29
"ENSG00000133703",18,24,22,21,7,38,53,32,35,17,47,21,27,17,54,62,24,32,17,56,29,18,17,16,12,21,13,67,26,41
"ENSG00000133704",270,827,454,524,262,483,496,443,762,181,327,430,489,322,793,834,173,597,341,497,262,359,369,178,291,593,643,363,648,756
"ENSG00000133739",9,33,14,15,4,10,22,28,28,12,13,39,15,13,15,15,16,27,20,26,14,18,14,20,7,17,8,40,29,63
"ENSG00000133773",69,156,119,77,90,130,108,110,144,68,75,145,162,74,146,125,143,136,157,117,69,118,131,175,45,123,56,210,107,98
"ENSG00000133789",1534,3109,1910,1769,1221,2200,2758,2077,2647,921,1027,1290,1642,2162,2554,4337,1232,2204,1161,2133,1294,2305,1328,596,1373,3060,1677,1460,2461,1992
"ENSG00000133805",336,379,370,226,422,311,220,345,352,405,630,351,221,523,264,303,509,400,125,215,352,273,257,158,422,591,532,226,356,222
"ENSG00000133816",12,94,8,69,38,21,14,30,83,24,7,12,22,6,67,27,5,54,8,51,15,23,24,4,8,10,24,39,14,29
"ENSG00000133818",17,42,27,18,26,33,16,23,43,12,23,35,24,13,50,49,13,36,22,31,25,29,36,14,24,41,15,36,51,47
"ENSG00000133858",122,160,142,132,110,118,159,132,125,129,182,233,105,149,191,233,63,214,109,180,118,177,144,143,56,136,201,101,133,149
"ENSG00000133874",116,156,371,38,85,174,293,271,128,109,242,280,145,306,148,159,202,226,199,282,215,248,145,121,114,255,153,183,234,272
"ENSG00000133884",394,459,523,272,255,478,475,484,428,286,389,389,581,561,492,489,320,449,262,480,528,431,350,222,199,441,377,476,306,416
"ENSG00000133935",175,933,429,328,155,662,716,490,521,343,306,615,615,363,530,578,348,563,711,262,173,756,600,540,209,480,411,367,682,612
"ENSG00000133961",697,1260,757,639,490,1072,1072,1252,1054,871,910,1172,928,852,1215,1228,607,1133,858,1336,557,1230,807,498,384,878,666,1453,985,1276
"ENSG00000133983",55,502,215,188,137,389,368,182,303,149,133,250,479,121,401,424,158,326,427,171,63,264,406,247,143,313,178,207,409,389
"ENSG00000133985",946,1239,662,430,391,922,962,1398,865,335,1049,952,880,1021,939,950,881,941,594,1227,1454,1087,627,443,261,565,506,1334,941,899
"ENSG00000133997",23,105,97,55,47,84,70,68,91,30,17,67,98,39,110,97,34,83,36,52,16,63,91,17,29,98,64,74,87,106
"ENSG00000134001",72,313,140,156,92,211,160,128,235,20,85,122,149,115,247,255,74,194,105,140,36,130,180,51,101,192,196,117,161,242
"ENSG00000134030",91,83,124,7,66,83,103,140,59,35,149,110,150,117,173,101,61,99,37,151,148,155,71,58,77,118,108,97,58,81
"ENSG00000134046",1064,1417,957,360,798,1260,925,1285,1104,718,1176,1289,943,1154,881,981,1023,1291,840,854,609,1004,754,726,217,720,1245,972,647,684
"ENSG00000134049",96,307,205,129,110,278,243,216,264,97,172,280,262,236,233,262,173,207,356,191,60,229,209,151,77,201,223,202,261,280
"ENSG00000134061",2,28,22,13,1,23,15,47,25,3,15,35,5,19,16,17,0,21,14,27,0,26,5,8,2,19,6,20,41,35
"ENSG00000134070",99,143,406,88,75,193,147,188,121,89,212,151,264,320,350,297,178,258,57,323,252,165,277,37,179,198,114,47,133,160
"ENSG00000134086",21,145,124,88,75,122,138,82,192,77,48,188,127,109,223,176,42,165,73,86,27,85,92,54,80,182,96,66,146,127
"ENSG00000134107",70,40,225,4,63,106,128,81,24,11,149,105,94,167,89,111,184,72,50,157,495,168,73,35,59,145,38,134,57,76
"ENSG00000134138",11,30,13,19,17,9,15,116,11,23,38,134,5,92,4,48,4,49,14,113,37,59,7,19,15,22,120,234,12,27
"ENSG00000134146",6,41,15,15,13,39,26,16,23,16,9,12,36,15,34,46,22,30,18,23,6,22,33,7,14,19,27,24,26,34
"ENSG00000134152",3,39,13,12,9,16,27,8,32,12,12,19,29,15,28,42,12,18,32,9,12,25,17,8,16,23,11,7,47,39
"ENSG00000134153",369,717,411,252,308,542,422,555,511,300,333,521,666,376,551,671,528,411,494,457,343,573,636,334,240,508,290,655,481,550
"ENSG00000134202",5,50,54,6,6,10,14,23,16,0,1,3,75,11,14,11,0,7,18,6,4,18,16,1,14,10,10,0,14,25
"ENSG00000134222",33,39,32,19,11,98,48,49,48,23,61,29,42,56,33,43,35,51,36,77,27,20,44,24,5,28,41,73,26,48
"ENSG00000134248",95,535,336,207,235,505,353,393,386,285,202,371,615,317,459,473,199,307,671,202,131,441,508,243,206,535,268,299,419,399
"ENSG00000134265",154,402,225,160,179,306,277,275,298,189,129,458,375,258,374,351,201,282,341,205,185,281,278,154,165,363,299,296,263,366
"ENSG00000134283",190,502,327,277,219,383,376,372,513,162,198,392,418,257,476,380,255,451,349,348,137,315,397,340,149,311,307,426,455,541
"ENSG00000134285",20,116,66,41,31,56,101,80,54,28,40,121,94,57,60,61,36,95,99,50,16,66,114,80,23,77,90,33,116,128
"ENSG00000134291",345,584,371,205,240,230,358,470,437,161,249,359,328,308,315,323,301,449,436,304,155,306,277,359,143,358,452,525,472,602
"ENSG00000134294",266,422,595,404,295,490,499,233,636,136,346,385,373,292,1394,1102,108,685,180,726,702,324,710,106,268,455,417,307,494,685
"ENSG00000134297",13,33,14,17,8,19,13,15,28,19,10,24,24,8,38,35,4,13,17,18,7,26,13,8,17,15,16,17,21,27
"ENSG00000134326",6,18,21,27,5,20,12,42,39,9,3,5,26,13,61,31,4,24,7,46,17,16,16,0,5,11,3,7,13,23
"ENSG00000134343",6,6,9,7,1,6,0,16,6,3,0,0,1,7,2,38,0,11,1,0,3,1,1,1,3,10,20,6,1,0
"ENSG00000134419",11,162,119,50,196,136,120,83,146,59,36,107,144,108,111,111,69,125,80,45,15,113,247,45,98,136,68,65,125,137
"ENSG00000134440",204,556,399,367,250,486,376,349,565,225,231,303,561,249,903,688,257,509,253,547,198,335,467,189,221,462,305,406,325,443
"ENSG00000134444",207,369,222,311,161,268,255,239,301,371,185,348,255,206,393,356,94,360,245,236,161,354,312,121,138,286,258,180,339,356
"ENSG00000134461",6,22,27,10,8,30,27,17,20,14,10,13,31,22,29,24,13,22,16,22,4,15,24,18,10,24,20,13,15,15
"ENSG00000134463",14,49,8,10,9,13,12,17,36,5,7,12,19,1,9,19,16,16,4,25,19,11,15,8,4,4,18,1,19,7
"ENSG00000134470",43,19,16,11,8,17,36,35,12,8,44,17,30,12,11,32,35,21,9,58,32,25,28,22,8,10,7,40,12,18
"ENSG00000134504",17,69,21,25,14,33,43,35,32,14,17,24,28,41,31,28,12,19,36,36,4,65,22,35,15,27,44,48,32,30
"ENSG00000134508",568,921,1292,823,457,1146,1134,798,862,706,897,536,1464,1032,1340,1127,1026,981,746,1614,944,1043,854,579,645,1118,863,1063,942,1350
"ENSG00000134569",13,13,2,1,16,0,5,2,5,0,6,3,6,0,3,6,8,10,2,3,1,0,4,6,2,7,17,4,4,6
"ENSG00000134574",633,988,559,423,332,604,749,709,570,971,832,685,876,718,528,562,628,700,714,748,358,994,510,508,233,491,682,745,718,802
"ENSG00000134575",38,43,18,22,39,29,14,61,30,25,22,39,20,45,28,35,24,52,24,48,46,39,24,13,12,53,60,61,38,36
"ENSG00000134590",45,77,66,37,64,85,60,90,78,57,70,89,118,53,65,50,94,69,80,61,70,79,85,77,24,60,50,105,41,54
"ENSG00000134594",72,278,393,63,95,317,442,295,308,57,209,286,286,220,305,274,170,241,359,156,92,206,327,170,142,304,284,165,267,428
"ENSG00000134602",220,316,296,234,312,231,177,298,514,72,201,280,256,213,387,427,124,286,125,317,363,138,201,89,190,259,263,236,235,286
"ENSG00000134627",8,29,9,14,4,52,13,11,13,38,6,6,26,15,63,48,10,37,32,17,1,21,45,7,2,10,4,18,24,14
"ENSG00000134690",721,1141,651,560,377,1080,906,791,896,265,597,572,622,634,867,876,385,837,638,878,531,489,577,322,270,651,1038,964,800,1203
"ENSG00000134716",1,3,4,18,0,2,11,8,12,8,1,2,1,3,4,2,0,0,3,10,0,7,5,0,1,1,0,12,1,7
"ENSG00000134748",15,79,48,49,24,45,61,49,51,12,27,41,62,47,87,77,16,74,28,35,8,40,65,7,20,66,63,28,55,82
"ENSG00000134755",50,65,5,1,188,15,0,10,33,2,4,7,14,7,26,34,7,291,1,44,1,25,20,5,51,3,20,13,11,4
"ENSG00000134758",61,114,89,66,61,60,71,62,88,25,69,64,81,67,105,120,49,96,54,92,64,41,64,36,42,74,86,90,96,96
"ENSG00000134759",79,624,446,304,205,551,497,327,558,256,180,423,670,291,808,796,193,490,424,223,80,510,581,171,379,558,365,200,682,682
"ENSG00000134762",46,59,2,4,120,1,0,6,34,1,2,3,5,1,3,5,2,446,0,20,0,5,11,3,16,0,48,0,2,3
"ENSG00000134775",95,132,112,31,112,327,210,704,67,177,184,133,123,321,181,839,124,604,52,87,326,526,116,106,157,74,379,296,100,156
"ENSG00000134779",261,471,226,220,143,264,289,317,354,91,153,238,189,203,271,321,133,278,252,267,153,217,189,130,74,198,322,366,270,374
"ENSG00000134802",1003,833,946,522,600,1118,1106,776,692,461,1018,494,741,876,1397,1669,718,985,352,1275,1335,1000,903,269,689,879,839,768,564,744
"ENSG00000134809",522,810,275,263,245,578,462,403,484,371,231,351,406,482,539,405,335,392,618,363,248,507,574,466,185,388,411,432,300,399
"ENSG00000134825",181,778,660,251,301,712,712,787,571,229,380,504,923,456,712,731,615,610,715,598,196,610,899,434,291,758,396,607,681,800
"ENSG00000134884",2,16,11,9,7,23,26,10,20,37,6,24,14,8,14,15,7,22,16,13,2,20,16,7,5,13,23,13,17,20
"ENSG00000134910",726,1904,1556,958,684,1388,1369,1729,1297,562,1057,1931,1264,1014,1977,1875,764,1387,1181,1640,670,1247,1010,707,563,1688,1212,1477,1627,2064
"ENSG00000134954",2043,3060,2012,2736,1980,2349,3507,2964,7000,1611,1882,2916,2032,2102,4687,3054,1015,4730,1662,4646,1282,1770,1962,797,991,2374,3039,3121,3978,4484
"ENSG00000134955",54,190,132,161,47,154,104,306,311,100,101,70,142,211,180,251,26,157,40,144,24,267,74,38,58,113,90,110,99,200
"ENSG00000134996",233,621,236,247,158,317,217,452,484,125,184,419,392,239,382,363,177,376,317,267,207,375,265,193,209,342,253,370,474,474
"ENSG00000135018",526,1114,1050,735,557,975,712,914,973,308,775,677,976,839,1192,1437,512,1150,444,947,691,647,830,215,470,1004,989,756,687,944
"ENSG00000135040",7,52,16,41,27,30,24,17,53,14,1,35,27,17,66,69,9,38,23,24,10,24,34,5,17,34,46,10,46,51
"ENSG00000135045",286,405,205,153,120,378,259,306,319,79,343,252,321,292,237,337,204,233,392,249,207,193,178,264,74,213,358,381,226,332
"ENSG00000135069",71,160,198,50,163,276,216,126,457,15,178,73,277,102,505,329,121,321,111,305,104,59,262,50,62,137,134,188,108,223
"ENSG00000135077",14,13,60,8,32,7,26,26,18,1,41,53,12,39,13,6,11,46,17,46,33,4,15,16,38,32,41,16,12,20
"ENSG00000135090",804,1381,864,622,592,1158,1092,1499,989,680,1039,1197,947,872,1204,1130,642,1219,1302,1279,774,1114,603,1362,438,897,771,1770,1066,1251
"ENSG00000135108",146,412,306,209,189,325,267,232,436,169,227,224,324,242,339,388,130,352,176,225,177,210,301,118,98,336,303,220,230,313
"ENSG00000135114",147,186,191,108,23,307,298,293,83,43,163,91,359,233,195,277,90,174,115,151,184,268,260,97,39,171,60,176,105,143
"ENSG00000135119",10,18,13,21,15,22,14,26,35,31,12,36,22,25,19,35,12,24,14,10,14,25,13,17,8,14,19,26,26,19
"ENSG00000135124",150,236,524,86,182,578,413,425,290,459,363,357,524,553,277,558,358,343,251,292,201,496,432,324,150,455,285,384,177,328
"ENSG00000135127",108,85,63,174,9,158,60,46,82,83,72,52,96,199,173,179,10,66,100,128,26,236,83,75,12,42,37,148,65,84
"ENSG00000135144",61,189,202,55,542,151,98,208,300,125,407,116,577,191,678,118,254,456,134,103,147,235,32,145,242,276,270,159,158,229
"ENSG00000135148",901,1819,808,1060,664,1755,1343,1507,1479,1182,1023,934,1659,1449,1645,1836,595,1265,839,1287,921,1596,1449,804,515,923,791,1087,1337,1262
"ENSG00000135211",25,182,107,72,26,153,138,67,131,76,58,140,190,51,154,189,67,102,180,60,29,136,139,79,65,124,71,63,176,208
"ENSG00000135245",1,3,9,2,3,3,8,6,4,4,3,17,6,10,7,5,1,2,26,9,6,37,3,4,13,6,8,9,27,30
"ENSG00000135334",931,934,1216,323,740,906,724,830,765,538,1167,731,928,862,941,942,1143,904,556,1093,1870,911,735,482,421,1068,676,940,588,523
"ENSG00000135341",86,281,160,153,114,261,145,185,286,149,101,275,221,149,259,228,101,198,190,192,70,186,220,94,102,275,138,203,269,310
"ENSG00000135365",810,1065,1146,476,674,841,1105,1304,893,1363,1220,1199,1042,1160,1148,1000,900,1077,844,1374,1343,1366,617,758,522,997,730,1213,947,1154
"ENSG00000135372",1630,2220,1917,1206,1247,1777,1927,1464,1906,1029,1255,1299,2004,1531,2410,2216,1220,2011,1268,2164,1808,1731,1311,893,1103,1870,1692,1609,1321,1626
"ENSG00000135378",34,95,42,31,23,193,73,84,110,50,40,50,116,65,76,147,77,40,94,65,19,123,74,16,4,44,31,101,42,87
"ENSG00000135387",2120,1527,1341,984,985,1292,1165,1286,1212,323,1398,758,1242,1349,1697,1667,863,1520,509,1750,2051,931,940,361,604,1264,1654,1535,925,1282
"ENSG00000135390",201,1147,1081,469,650,1284,1139,894,1097,733,894,967,2034,912,1396,1281,1318,1137,1158,727,302,1431,1552,1713,653,1197,597,678,1047,1085
"ENSG00000135392",163,212,196,119,163,194,159,245,215,106,175,203,168,236,262,239,101,263,92,267,171,175,153,97,82,194,237,169,154,134
"ENSG00000135404",600,1380,602,473,510,1391,1029,1060,1079,611,762,1248,1637,818,1081,1196,840,983,1192,770,645,1325,1432,827,368,1057,600,931,969,1141
"ENSG00000135407",12,18,10,10,13,16,25,12,17,36,5,29,6,17,30,16,1,38,9,9,10,21,22,25,4,30,12,10,26,13
"ENSG00000135414",416,259,206,157,96,202,349,230,209,70,183,217,216,299,265,234,131,367,244,233,287,211,141,214,81,156,224,379,286,266
"ENSG00000135424",15,12,8,13,5,9,17,12,17,23,10,16,8,11,7,6,4,14,13,12,7,8,5,8,6,13,16,12,13,18
"ENSG00000135426",551,517,551,292,699,643,504,491,621,227,718,394,619,712,604,411,572,856,394,652,532,509,576,736,202,616,602,433,428,331
"ENSG00000135436",6,18,18,17,23,21,10,11,12,68,10,24,16,16,25,17,13,35,18,5,22,18,17,24,5,22,17,9,16,17
"ENSG00000135437",38,35,12,18,31,27,34,26,27,154,23,34,25,19,16,9,17,39,45,23,19,18,17,61,5,31,46,34,18,20
"ENSG00000135439",967,890,663,401,411,596,678,1153,698,512,761,744,521,734,544,566,465,621,512,935,765,663,351,807,180,498,850,864,443,569
"ENSG00000135441",167,803,422,314,203,621,793,672,602,585,363,682,577,522,401,441,378,536,1077,451,167,549,451,1208,163,519,487,588,592,590
"ENSG00000135446",586,1698,791,753,588,1289,1189,758,1350,502,606,786,1299,721,1446,1227,707,1165,909,900,344,836,1193,924,433,961,1122,708,893,1138
"ENSG00000135451",145,107,107,72,80,244,204,198,112,90,152,189,171,130,84,158,77,160,194,151,56,129,149,221,33,63,193,184,81,219
"ENSG00000135452",32,133,49,63,47,129,90,72,84,30,76,68,118,81,112,154,48,84,33,66,34,102,146,39,79,121,67,37,109,116
"ENSG00000135457",300,499,256,271,236,306,215,284,414,144,216,241,356,195,411,366,170,354,164,315,255,241,314,175,148,278,312,264,299,255
"ENSG00000135469",15,66,34,37,32,61,70,55,79,100,18,61,68,37,50,43,28,65,53,31,21,65,54,33,12,51,30,57,56,62
"ENSG00000135473",404,548,852,399,267,822,850,645,477,1120,814,1017,638,786,817,816,273,676,726,801,378,1167,701,562,320,824,617,847,730,1071
"ENSG00000135476",955,853,713,568,507,942,997,936,914,559,970,758,569,812,826,1040,391,1095,616,1136,574,727,487,836,264,698,1387,1305,742,1042
"ENSG00000135480",60,139,22,25,59,43,25,42,41,106,43,28,33,81,63,53,174,54,51,38,51,55,76,135,39,35,91,71,44,19
"ENSG00000135482",68,148,118,78,63,124,114,132,116,58,84,87,135,118,133,135,77,99,62,117,96,103,101,55,50,99,114,95,132,141
"ENSG00000135486",46,128,23,35,54,74,112,19,63,50,27,93,43,30,57,86,26,38,129,19,21,53,46,51,46,56,48,26,95,94
"ENSG00000135503",7,13,5,10,2,6,6,7,9,4,3,2,9,11,6,20,1,6,2,7,31,3,3,1,17,2,2,3,2,4
"ENSG00000135506",1048,1926,1218,980,901,1305,1692,1794,1606,1742,1272,2195,1513,1791,1556,1527,1244,1705,1143,1909,830,1880,1253,1511,666,1442,1341,1546,1450,1559
"ENSG00000135519",11,12,10,4,9,6,3,13,6,26,21,18,34,22,40,8,33,24,8,13,13,9,10,36,10,15,13,3,10,8
"ENSG00000135521",245,643,263,273,289,460,359,327,388,192,131,345,525,252,458,434,258,466,318,289,159,247,436,187,166,396,348,370,327,393
"ENSG00000135604",559,667,619,309,353,824,622,925,614,162,727,461,758,609,664,973,514,690,302,742,452,579,686,264,205,424,789,767,345,468
"ENSG00000135638",4,32,5,15,8,46,6,43,26,34,13,9,22,10,17,34,10,18,10,3,3,36,14,6,2,7,3,30,10,4
"ENSG00000135643",6,11,8,20,4,11,11,7,26,11,13,9,13,3,6,11,4,21,6,4,0,4,9,3,3,5,5,10,11,7
"ENSG00000135655",72,206,105,145,88,97,120,118,194,115,99,127,100,85,226,192,51,169,49,136,61,124,112,50,73,142,130,109,149,195
"ENSG00000135677",50,33,46,36,32,25,34,35,50,14,50,23,29,50,52,85,22,73,11,62,66,33,39,13,12,44,54,26,27,30
"ENSG00000135678",16,60,65,185,3,45,19,9,156,118,11,16,44,15,51,147,18,65,96,132,85,122,77,24,10,8,3,94,133,116
"ENSG00000135686",107,150,241,74,125,227,264,282,236,287,204,161,201,271,203,237,166,224,247,193,126,312,181,267,96,186,191,257,122,164
"ENSG00000135697",10,34,2,40,4,61,30,175,68,13,16,4,31,27,60,50,12,15,38,90,1,42,18,11,1,2,0,199,29,74
"ENSG00000135698",18,110,52,58,61,66,71,49,152,54,22,124,69,49,83,84,33,91,118,44,18,54,74,47,29,89,61,66,91,111
"ENSG00000135709",152,202,67,144,58,41,64,256,105,157,88,144,94,63,217,40,74,213,64,75,228,61,87,100,100,93,113,39,150,91
"ENSG00000135720",13,27,22,13,11,14,15,14,16,30,7,11,14,9,33,33,4,19,3,15,9,23,22,2,3,15,22,3,12,9
"ENSG00000135723",23,44,23,24,24,15,42,31,50,36,36,20,25,29,20,57,10,45,9,30,10,34,31,9,20,24,65,7,18,31
"ENSG00000135736",289,194,108,64,177,95,87,194,126,64,192,199,159,170,92,71,174,185,94,111,87,113,82,160,52,136,289,117,90,56
"ENSG00000135740",40,11,31,9,68,57,43,34,28,63,35,106,29,35,31,26,41,44,57,23,12,60,32,51,22,50,57,52,17,41
"ENSG00000135750",2,15,8,4,1,23,25,16,21,8,7,6,29,10,4,12,7,12,7,0,8,14,0,6,3,9,15,8,3,6
"ENSG00000135763",17,63,20,28,25,37,26,25,32,10,5,15,44,25,38,42,11,27,20,21,6,22,30,7,15,27,28,18,24,24
"ENSG00000135766",13,32,75,22,33,32,45,44,64,16,43,53,31,42,68,57,30,30,41,40,24,38,20,18,36,75,48,37,61,56
"ENSG00000135823",33,30,40,27,18,39,24,27,41,21,40,21,31,39,47,51,32,40,10,63,48,18,27,22,26,27,18,35,26,29
"ENSG00000135828",85,196,142,105,68,148,94,114,114,42,110,155,132,135,129,122,78,150,76,126,81,147,103,55,54,147,128,139,124,119
"ENSG00000135847",39,269,191,97,109,210,185,158,180,172,65,180,211,144,232,208,159,216,226,166,39,228,157,179,81,158,129,150,168,173
"ENSG00000135898",115,187,61,71,267,49,101,134,75,33,83,82,28,56,50,78,75,175,27,39,81,84,65,44,86,139,236,44,82,54
"ENSG00000135900",326,705,468,266,343,609,507,658,518,90,376,517,763,447,507,581,440,426,436,439,297,473,510,284,180,475,411,512,471,517
"ENSG00000135916",553,436,180,270,200,158,309,323,455,60,325,362,140,311,186,213,137,326,71,419,157,281,267,94,160,323,221,261,454,319
"ENSG00000135929",2,10,1,12,5,25,5,3,209,11,2,4,16,11,131,96,2,24,33,24,0,56,11,0,4,3,0,82,19,25
"ENSG00000135940",267,627,373,170,278,621,419,493,404,353,288,536,708,520,435,449,426,390,722,306,286,647,567,571,179,453,444,424,347,377
"ENSG00000135956",181,129,142,87,99,113,106,198,111,44,133,89,115,150,133,167,90,157,20,227,262,87,74,29,54,152,133,159,68,80
"ENSG00000135966",454,632,587,385,346,485,470,488,531,169,329,237,402,437,838,861,174,632,115,480,413,332,392,71,240,551,739,299,317,434
"ENSG00000135972",164,297,132,137,145,158,154,194,198,119,106,166,89,135,172,144,166,178,178,186,139,160,146,144,74,139,169,355,156,200
"ENSG00000135974",95,109,131,51,45,100,133,83,69,45,133,123,124,132,120,124,181,90,92,128,102,131,124,75,48,110,54,150,80,106
"ENSG00000136003",154,861,229,249,184,625,299,350,338,480,263,410,582,425,390,629,239,422,365,316,138,547,627,249,177,308,282,238,492,342
"ENSG00000136010",3,7,19,5,7,7,21,1,16,1,12,0,4,2,15,21,5,10,3,25,27,6,29,0,0,0,1,0,6,5
"ENSG00000136021",11,52,24,17,8,21,21,10,33,9,9,20,30,7,61,45,3,35,7,19,7,13,30,6,30,43,23,10,28,33
"ENSG00000136026",706,1027,457,414,166,557,760,215,893,541,510,714,591,483,682,747,543,867,553,773,370,778,496,1060,245,324,752,1146,612,911
"ENSG00000136040",317,510,529,326,375,269,338,449,872,314,500,496,188,334,430,218,226,658,266,477,280,467,286,228,295,604,734,329,467,529
"ENSG00000136044",82,92,96,81,90,109,127,112,120,190,93,130,131,141,117,92,72,145,103,142,45,87,85,108,41,84,75,121,95,137
"ENSG00000136045",246,876,454,375,374,604,658,446,687,315,236,495,691,363,738,631,215,598,440,419,178,445,552,271,250,648,502,361,528,638
"ENSG00000136048",302,746,417,372,298,751,781,367,470,464,352,422,689,572,879,984,494,782,420,496,199,682,708,258,296,580,370,256,586,486
"ENSG00000136051",149,343,248,395,153,206,321,236,561,132,163,250,245,236,671,533,46,440,88,422,150,248,250,47,137,287,253,222,293,448
"ENSG00000136122",1,8,3,12,5,10,10,5,17,0,0,2,9,3,15,10,1,6,3,6,2,5,10,1,6,7,18,3,10,11
"ENSG00000136141",16,64,118,57,38,65,59,59,50,14,67,39,61,55,110,137,39,80,14,75,71,63,59,11,78,88,43,41,61,89
"ENSG00000136146",63,198,143,88,62,149,170,137,128,112,41,120,175,107,130,136,85,144,163,65,50,123,129,65,48,134,124,89,117,146
"ENSG00000136156",7,116,24,58,29,40,64,161,154,120,96,228,79,72,84,52,14,52,158,136,5,116,30,70,18,109,16,115,114,110
"ENSG00000136158",35,99,29,45,8,182,75,121,155,48,34,31,146,66,317,260,15,128,20,94,5,186,72,17,22,33,24,148,47,100
"ENSG00000136159",88,256,69,112,38,172,105,107,179,58,81,133,137,96,158,140,85,83,188,89,67,115,87,89,29,95,111,139,132,137
"ENSG00000136169",1,14,5,3,1,13,6,4,6,3,6,5,6,8,18,8,2,10,1,7,4,10,5,2,2,12,11,2,4,6
"ENSG00000136213",307,366,195,196,28,283,270,626,406,225,213,418,229,368,229,210,77,234,315,416,177,319,208,189,38,157,322,349,220,259
"ENSG00000136238",5,19,12,8,13,15,15,13,27,18,6,14,8,11,11,11,6,14,18,9,2,15,14,13,3,14,6,8,12,17
"ENSG00000136273",16,11,13,9,8,18,12,14,10,4,11,13,31,12,14,20,18,10,4,21,12,18,14,6,8,19,14,25,9,8
"ENSG00000136319",45,130,61,49,53,97,83,76,99,24,35,49,65,48,84,107,28,74,24,56,34,71,93,18,35,81,69,57,84,83
"ENSG00000136378",10,6,4,15,4,12,7,23,33,28,11,12,11,10,9,8,4,17,5,47,4,37,7,5,3,1,16,11,7,11
"ENSG00000136379",16,85,42,38,3,108,66,15,93,27,32,36,61,67,56,105,34,55,32,72,3,19,84,14,5,20,14,61,44,50
"ENSG00000136381",454,1018,503,552,313,533,594,424,785,269,320,553,532,347,1053,922,319,712,384,572,483,389,526,164,362,609,622,514,743,901
"ENSG00000136404",20,17,69,30,20,100,91,10,144,5,75,6,69,7,58,91,15,49,41,74,36,3,61,4,72,43,36,69,10,26
"ENSG00000136425",17,49,28,22,17,22,44,31,55,2,26,15,15,27,41,25,51,27,29,36,19,19,23,23,13,27,34,53,23,14
"ENSG00000136448",1740,3510,2115,1784,1852,2615,2142,2310,2857,1966,1849,2151,2369,2298,3134,3027,2417,2699,2854,2237,1797,2320,1878,2562,1033,2314,2398,2885,1957,2134
"ENSG00000136450",655,2570,1004,1456,639,1603,1213,1181,1981,742,495,1061,1141,931,1973,1873,359,1402,835,839,388,994,1246,469,490,1357,2133,691,1382,1812
"ENSG00000136451",44,140,128,61,61,120,105,71,134,49,70,86,102,76,137,126,73,168,80,160,47,60,82,55,37,121,68,122,108,125
"ENSG00000136463",316,509,316,203,253,509,377,406,403,239,232,279,577,404,384,504,362,395,314,353,199,356,360,200,132,326,374,423,282,295
"ENSG00000136478",326,361,190,177,155,177,202,199,286,94,160,231,237,178,317,313,151,409,135,221,381,186,203,73,164,253,380,245,216,236
"ENSG00000136480",99,123,124,102,94,149,162,100,122,211,113,139,148,138,171,171,86,156,144,144,85,148,176,82,66,143,144,136,131,154
"ENSG00000136485",200,129,202,73,113,154,195,195,155,82,276,103,152,209,150,250,122,214,81,243,259,100,113,75,47,146,309,142,96,124
"ENSG00000136490",3220,5111,2745,2184,2144,3784,4866,4875,4205,7128,4689,4039,4091,4658,3689,2995,4697,5575,4211,3733,2175,5089,3162,7004,1408,3567,3164,3599,2612,2515
"ENSG00000136492",74,146,61,117,30,75,94,52,82,53,61,72,44,42,114,111,18,125,48,144,69,32,51,18,36,83,137,93,116,155
"ENSG00000136514",69,158,62,114,27,74,60,134,168,73,41,47,102,72,91,98,65,85,81,93,62,133,68,37,20,66,43,125,115,77
"ENSG00000136522",58,322,142,148,126,256,190,152,250,110,45,263,298,94,242,183,109,186,325,143,50,191,229,167,73,205,121,211,202,268
"ENSG00000136573",555,788,3054,311,2053,1834,1995,1382,919,2308,3028,3278,2112,2703,1301,633,2280,1860,933,872,1618,1045,1070,2352,714,3380,2352,1018,526,520
"ENSG00000136634",43,17,35,25,27,15,24,59,15,14,28,13,13,37,18,25,10,9,12,56,1,21,15,30,17,12,40,50,12,23
"ENSG00000136653",247,183,138,137,128,111,130,261,167,62,212,86,101,222,158,184,67,206,42,259,207,92,77,52,69,141,224,135,114,145
"ENSG00000136709",3,51,39,26,6,32,27,23,35,4,6,29,35,23,75,74,5,27,18,15,2,32,41,5,31,40,18,19,41,69
"ENSG00000136710",177,411,322,157,156,395,299,264,404,284,195,263,490,348,399,376,256,378,205,218,229,320,402,177,127,309,221,218,256,231
"ENSG00000136717",31,126,70,37,3,173,73,110,187,24,72,87,194,80,143,171,40,119,47,103,25,93,65,22,60,36,87,61,142,181
"ENSG00000136754",75,159,152,74,90,115,114,75,102,23,89,110,116,85,203,208,33,133,34,133,115,65,95,29,100,139,78,74,127,134
"ENSG00000136783",1,21,16,15,4,41,16,8,24,9,11,18,24,6,23,29,6,26,16,15,1,31,37,14,12,15,12,14,28,42
"ENSG00000136810",5,44,14,11,25,28,9,10,30,13,17,78,24,13,29,34,12,4,54,8,10,27,31,9,14,28,23,6,17,49
"ENSG00000136813",121,107,116,38,83,119,96,125,82,47,123,129,153,135,108,96,170,121,109,220,127,112,85,78,45,122,78,203,99,102
"ENSG00000136842",150,263,151,97,178,108,111,75,72,154,183,52,146,229,199,86,330,175,138,107,233,42,211,117,111,201,365,34,121,63
"ENSG00000136866",5,28,0,7,0,3,19,5,15,7,3,28,10,16,34,8,9,7,4,11,14,3,10,1,1,20,4,9,24,13
"ENSG00000136868",2,14,5,8,5,9,14,8,11,3,4,7,4,6,10,22,0,5,1,3,3,6,3,2,8,4,6,4,14,9
"ENSG00000136870",102,275,121,145,79,216,178,194,230,74,119,182,231,108,252,194,68,252,178,169,108,187,163,81,84,226,128,163,206,198
"ENSG00000136874",180,371,176,195,136,174,219,207,280,128,148,177,166,160,309,335,112,269,183,242,190,238,166,122,113,236,205,220,288,318
"ENSG00000136875",31,43,21,11,16,24,13,13,16,4,13,5,27,10,39,29,10,26,9,25,5,13,20,2,10,26,25,9,21,27
"ENSG00000136888",66,103,81,40,82,104,78,67,86,28,111,81,91,101,71,75,105,93,74,90,95,80,102,58,44,108,83,88,52,39
"ENSG00000136897",63,176,94,79,61,154,109,88,157,50,72,131,128,95,157,161,90,154,152,100,67,99,120,59,37,105,82,135,128,158
"ENSG00000136908",39,63,52,25,39,39,54,90,45,15,39,48,53,28,49,45,67,49,31,96,51,44,53,29,14,46,44,91,30,54
"ENSG00000136933",53,164,87,64,69,103,88,77,86,56,44,50,101,81,100,125,46,114,50,73,43,59,82,49,44,86,92,79,72,79
"ENSG00000136938",246,261,319,155,260,396,354,312,319,75,418,327,347,283,395,308,533,293,381,489,255,227,229,359,127,301,276,562,275,282
"ENSG00000136940",125,80,32,39,32,53,42,66,56,15,53,44,52,59,33,55,31,32,26,66,61,60,38,33,22,51,64,83,49,59
"ENSG00000136942",2,24,16,17,32,46,48,2,28,11,31,14,24,21,17,24,55,46,20,17,4,23,37,64,15,9,18,18,20,22
"ENSG00000136950",497,1186,515,473,578,735,700,901,1009,728,387,758,748,481,797,629,456,873,747,368,323,518,780,637,290,847,914,364,739,729
"ENSG00000136982",34,71,23,27,20,38,50,49,57,9,23,32,41,15,44,44,23,39,22,48,12,17,21,11,4,29,66,40,33,36
"ENSG00000136986",55,100,67,59,57,118,95,98,108,94,78,129,86,104,103,112,45,100,115,70,34,110,102,84,38,75,105,78,102,119
"ENSG00000136997",709,142,678,98,392,396,394,168,305,33,833,124,473,452,450,570,722,474,82,760,2029,214,403,121,150,380,178,410,147,154
"ENSG00000137038",17,178,114,74,75,130,151,113,163,37,67,101,154,64,149,126,78,149,107,149,15,91,103,96,61,150,61,145,123,166
"ENSG00000137040",7,38,20,28,14,24,27,14,31,17,16,22,22,18,40,39,7,22,17,13,6,20,29,6,15,29,36,16,28,35
"ENSG00000137054",32,170,189,84,97,106,180,62,184,39,60,81,166,72,245,172,23,174,44,113,21,81,131,26,77,141,132,63,103,128
"ENSG00000137075",35,22,40,18,23,8,32,25,10,9,50,18,20,27,35,38,20,33,3,58,63,8,15,8,10,31,33,22,17,11
"ENSG00000137078",343,548,536,213,138,692,449,969,748,362,1088,753,183,1082,550,608,972,419,728,439,552,805,219,1058,409,531,517,1252,349,630
"ENSG00000137094",18,25,17,17,8,17,17,19,12,4,19,18,14,20,7,35,7,22,6,17,8,14,14,6,8,14,16,24,20,14
"ENSG00000137101",10,7,20,4,3,19,10,15,23,22,36,7,13,37,18,10,7,24,17,15,1,26,17,15,4,23,10,11,16,18
"ENSG00000137124",460,874,531,417,361,771,798,525,704,106,414,306,755,485,903,1057,308,709,322,468,484,470,474,142,230,502,576,530,469,612
"ENSG00000137133",34,142,70,42,49,74,121,91,99,79,52,92,125,69,77,58,69,102,130,47,29,79,105,123,38,68,96,66,97,87
"ENSG00000137145",15,72,56,48,24,53,62,21,66,25,31,41,53,44,112,109,21,53,24,46,18,54,33,11,86,96,45,30,69,86
"ENSG00000137166",25,41,39,8,28,28,32,19,23,7,31,25,27,48,28,44,19,56,8,17,21,20,38,8,17,21,57,17,20,20
"ENSG00000137168",176,574,223,264,147,344,252,232,370,73,111,213,457,161,393,348,188,327,307,195,97,244,294,134,110,267,223,260,282,328
"ENSG00000137185",44,74,82,35,36,77,58,50,63,91,42,72,76,76,92,63,75,58,84,63,35,85,75,31,32,92,41,87,43,64
"ENSG00000137193",4,7,18,5,4,15,9,4,3,4,3,5,12,9,16,24,2,8,1,13,7,15,18,1,5,12,7,11,16,10
"ENSG00000137198",72,119,22,120,2,80,96,51,161,26,70,21,296,131,459,94,66,79,67,145,64,195,77,56,64,42,18,54,143,262
"ENSG00000137221",21,24,17,12,12,37,17,24,22,28,22,25,40,44,21,23,16,28,14,16,9,20,23,9,20,21,24,28,12,20
"ENSG00000137225",37,12,17,2,2,22,7,16,7,7,6,1,8,11,8,4,0,12,4,4,16,7,15,13,4,30,12,5,26,4
"ENSG00000137251",0,18,1,8,0,25,6,12,15,23,0,8,15,11,21,16,0,12,23,15,0,37,8,2,1,3,0,35,20,20
"ENSG00000137265",1790,788,850,548,529,540,836,797,804,532,1082,554,507,965,1030,1105,796,1082,223,2023,882,553,574,250,361,546,1360,1005,560,641
"ENSG00000137267",17,52,6,2,13,6,8,7,7,6,22,7,19,16,6,24,15,39,3,7,11,16,26,15,7,5,27,8,6,3
"ENSG00000137275",29,39,30,29,28,22,29,57,49,43,19,31,29,26,40,32,17,57,17,46,30,19,20,15,11,35,36,57,15,17
"ENSG00000137285",5,199,31,12,7,6,14,7,16,10,51,16,21,33,71,193,53,80,29,13,9,57,63,65,14,2,79,7,86,39
"ENSG00000137288",60,518,179,139,121,450,323,309,288,136,188,280,420,240,264,409,217,172,547,112,86,388,369,375,139,251,232,200,256,347
"ENSG00000137309",365,313,255,189,222,332,216,280,268,57,262,123,278,273,279,358,218,247,86,306,571,155,212,88,177,257,279,376,184,273
"ENSG00000137310",309,639,240,175,142,191,303,429,365,78,197,245,173,310,193,205,206,414,391,469,199,188,111,237,70,241,574,536,303,326
"ENSG00000137331",920,379,206,55,111,532,264,214,144,149,650,405,748,458,234,372,979,472,254,274,518,335,449,642,59,114,195,454,95,136
"ENSG00000137338",37,105,57,62,30,80,57,57,109,65,38,82,114,71,106,76,42,73,44,68,24,59,89,35,21,34,55,89,70,88
"ENSG00000137364",19,128,22,41,68,31,26,30,81,63,19,37,44,34,38,39,16,77,39,29,11,49,18,37,34,36,30,22,64,38
"ENSG00000137404",480,559,446,275,184,597,763,616,580,616,545,450,533,507,535,478,618,555,839,959,468,448,353,866,159,375,375,1067,529,583
"ENSG00000137409",9,37,44,37,15,63,27,41,30,41,10,31,64,47,45,38,18,17,25,14,5,40,53,8,21,42,36,6,26,31
"ENSG00000137413",10,33,37,21,10,27,16,29,29,9,14,12,30,16,35,31,11,28,14,28,13,23,15,6,18,22,19,30,25,32
"ENSG00000137414",68,85,143,57,67,87,108,112,111,102,156,119,98,100,122,135,32,116,92,124,82,99,86,42,41,121,75,125,147,126
"ENSG00000137462",0,12,2,30,0,5,10,2,65,15,2,5,7,8,43,27,4,23,6,19,1,15,4,1,0,3,2,24,12,1
"ENSG00000137486",71,134,21,86,45,58,13,4,310,76,20,16,170,35,179,153,23,180,12,160,293,122,122,10,70,21,3,90,75,23
"ENSG00000137491",55,37,5,19,4,19,9,93,16,167,10,5,20,24,8,25,6,5,21,23,2,39,46,18,3,7,18,66,107,32
"ENSG00000137494",18,20,11,14,15,11,6,20,32,12,7,15,34,13,19,32,10,18,9,20,20,25,25,8,6,19,15,13,16,18
"ENSG00000137496",63,68,41,68,43,90,21,181,34,99,42,65,33,24,38,35,20,66,32,61,64,63,35,53,20,43,40,50,20,33
"ENSG00000137497",2641,1714,2049,1018,1101,1628,1782,1991,1751,1842,2183,1520,1752,2283,1595,1791,1557,1827,1142,2800,2517,2070,1123,1254,804,1672,1914,2759,1237,1557
"ENSG00000137500",60,173,73,66,47,77,73,116,116,42,41,142,125,56,111,70,64,95,118,85,67,91,78,63,30,91,65,109,85,106
"ENSG00000137502",128,209,247,134,53,177,299,275,99,72,274,158,199,292,216,248,144,261,112,361,65,218,211,81,44,226,159,180,175,235
"ENSG00000137504",123,147,161,116,102,208,183,109,112,240,172,141,125,162,205,171,83,167,101,169,86,185,176,80,72,150,202,132,137,155
"ENSG00000137509",270,505,263,258,166,302,300,333,445,181,357,278,444,243,489,399,248,419,204,486,243,318,332,134,161,261,252,377,439,489
"ENSG00000137513",168,284,192,126,97,269,249,126,251,70,170,106,311,161,251,339,155,198,144,178,159,165,216,103,101,246,222,246,225,318
"ENSG00000137522",55,88,68,55,53,75,56,77,86,27,58,48,49,62,77,96,50,132,19,82,39,52,76,27,30,64,62,69,78,74
"ENSG00000137547",83,119,67,67,66,112,119,74,89,29,45,66,108,71,112,85,70,82,47,67,42,44,98,30,32,79,90,63,77,76
"ENSG00000137571",173,227,311,261,64,381,291,273,466,219,195,269,385,269,624,587,268,362,248,432,357,396,526,84,158,163,182,333,312,243
"ENSG00000137574",66,134,66,72,59,74,106,77,116,34,26,43,82,51,132,81,54,113,52,109,45,52,60,40,40,86,78,110,68,82
"ENSG00000137642",2955,5306,5367,5585,5090,3751,4027,3617,5895,2912,3354,3432,3306,3920,10136,7964,1540,5864,2714,6324,5414,3779,2718,1641,4176,4726,4334,3156,5093,5009
"ENSG00000137656",107,215,94,71,91,164,123,117,147,89,94,141,127,86,100,162,117,95,138,145,121,103,89,111,44,113,98,213,115,176
"ENSG00000137673",14,23,21,46,5,204,162,12,21,1,16,14,210,121,405,317,22,236,253,34,1,125,170,41,8,11,13,64,65,139
"ENSG00000137692",252,623,343,223,232,496,413,264,428,64,294,262,631,269,494,547,346,444,274,270,262,338,415,186,178,375,361,290,371,370
"ENSG00000137700",33,54,61,27,23,78,53,53,52,47,41,45,72,83,54,62,22,48,52,35,28,70,65,16,34,45,60,33,51,75
"ENSG00000137709",68,18,3,1,3,38,40,104,4,20,23,18,28,20,12,31,16,13,12,36,16,86,50,28,14,0,13,14,15,10
"ENSG00000137710",60,90,57,38,52,89,85,58,79,39,95,60,85,60,87,143,121,100,71,100,96,64,37,87,37,42,54,86,53,59
"ENSG00000137713",220,271,132,165,117,182,167,159,203,55,104,133,140,129,209,240,69,171,94,236,139,110,131,57,70,118,198,222,170,233
"ENSG00000137714",31,115,28,57,32,88,68,50,174,34,39,43,82,33,77,92,42,94,59,53,31,96,52,21,29,37,72,45,93,65
"ENSG00000137720",118,250,341,94,163,209,246,182,124,107,161,247,306,302,275,163,361,255,255,202,168,275,186,217,122,273,129,333,194,150
"ENSG00000137726",3,14,11,1,11,42,20,18,0,13,15,12,109,78,13,39,48,3,20,7,51,11,16,6,3,14,4,7,3,3
"ENSG00000137727",3,6,0,75,10,1,6,0,132,37,1,0,0,3,64,14,2,19,0,40,24,15,1,0,2,0,1,8,14,4
"ENSG00000137731",100,347,31,207,13,673,636,257,453,2631,211,168,1554,457,294,591,110,83,577,341,17,1418,639,189,41,27,13,254,110,276
"ENSG00000137760",3,12,7,8,1,10,5,7,14,1,5,8,4,4,15,12,0,9,3,8,1,5,2,2,4,5,9,4,15,14
"ENSG00000137766",0,71,16,3,35,22,17,23,8,2,9,44,18,16,52,89,5,50,11,15,9,36,5,13,10,47,133,53,10,18
"ENSG00000137767",195,1253,422,456,282,608,672,649,916,297,401,514,664,553,782,628,392,664,461,492,266,617,630,347,312,507,601,562,708,810
"ENSG00000137770",127,324,292,176,148,220,279,175,277,91,183,235,235,135,445,389,92,241,190,314,159,176,178,55,164,264,225,246,312,442
"ENSG00000137804",755,1527,1123,853,577,1773,1700,1051,1598,580,1047,1268,1278,1009,1804,1618,867,1280,1658,1802,575,926,1149,878,474,1097,1355,2499,1445,2234
"ENSG00000137806",86,238,84,97,74,144,115,110,165,58,55,118,136,87,127,140,71,118,114,66,44,129,127,75,47,114,102,138,141,172
"ENSG00000137807",286,521,336,294,164,456,485,366,417,149,291,386,273,274,442,450,144,420,355,405,128,219,212,194,116,334,469,580,408,547
"ENSG00000137809",13,10,2,41,2,2,3,62,61,45,4,3,1,25,29,13,0,19,7,44,0,36,5,0,8,0,0,74,8,3
"ENSG00000137812",151,305,173,323,88,102,214,191,254,73,114,183,81,96,338,391,29,283,76,346,104,82,74,33,108,163,326,189,198,439
"ENSG00000137814",143,395,218,183,157,280,257,175,301,125,124,247,290,187,334,342,136,235,212,197,107,192,241,82,119,271,212,208,281,347
"ENSG00000137817",213,233,361,111,224,281,279,238,179,267,195,255,323,261,403,366,192,355,139,354,347,216,280,88,162,395,191,211,237,191
"ENSG00000137821",1,14,5,14,23,4,7,9,14,7,2,23,6,4,7,2,6,8,13,12,10,19,3,1,9,21,46,21,15,8
"ENSG00000137822",184,380,308,221,188,396,362,269,300,144,259,233,304,240,369,484,172,310,261,291,158,240,211,110,170,283,294,324,317,485
"ENSG00000137824",185,290,177,132,172,225,152,250,283,192,187,168,309,185,318,324,202,229,114,242,216,226,309,99,133,234,226,215,173,200
"ENSG00000137831",11,72,24,16,42,16,35,28,4,6,21,27,24,8,2,11,14,12,34,19,67,23,22,10,11,34,50,25,19,30
"ENSG00000137841",514,376,364,375,143,340,513,501,558,1400,436,349,287,546,428,331,362,571,232,526,453,649,464,434,48,295,271,692,435,426
"ENSG00000137842",98,248,113,131,87,188,180,184,247,341,87,162,240,161,313,196,64,210,142,154,74,182,193,126,67,140,167,139,168,184
"ENSG00000137843",25,21,18,64,7,10,30,42,121,32,12,19,45,13,38,42,6,29,25,45,10,17,21,19,2,13,57,180,3,11
"ENSG00000137857",5,4,35,9,2,19,11,3,5,21,18,5,3,10,6,47,3,19,6,21,6,30,17,4,3,10,3,14,6,2
"ENSG00000137871",39,55,54,26,28,37,44,42,24,18,36,40,41,39,52,47,19,58,37,62,58,35,47,37,26,45,45,62,46,58
"ENSG00000137875",107,41,59,39,12,94,13,196,64,7,81,84,160,120,95,86,157,87,36,174,164,146,100,248,37,42,126,127,71,115
"ENSG00000137876",35,185,168,67,155,210,244,119,229,82,109,236,303,200,279,205,167,178,239,135,35,154,281,167,92,183,107,149,208,189
"ENSG00000137877",20,15,2,8,13,8,16,4,51,72,3,23,5,14,30,11,2,32,11,24,8,24,6,15,2,24,21,7,13,4
"ENSG00000137880",57,130,214,66,68,245,233,122,253,41,214,126,265,219,110,224,144,95,191,82,71,159,194,86,97,229,205,172,105,144
"ENSG00000137944",32,151,104,94,71,118,101,108,142,43,79,113,112,86,216,160,35,148,62,92,57,77,81,17,40,111,109,102,138,163
"ENSG00000137947",38,45,31,22,23,25,12,40,35,10,10,18,40,23,39,39,36,35,9,42,25,25,29,6,10,35,32,67,37,37
"ENSG00000137992",8,52,43,36,18,25,33,24,68,12,21,19,40,29,75,69,12,53,13,21,20,27,46,7,27,40,36,19,60,50
"ENSG00000137996",329,85,71,47,90,105,71,119,97,31,193,75,97,179,103,104,165,81,61,165,358,79,83,50,34,79,118,116,53,51
"ENSG00000138030",4,30,5,7,7,4,8,10,9,9,8,2,6,2,4,16,1,6,1,10,3,6,1,5,1,1,8,13,10,9
"ENSG00000138050",4,26,9,12,11,18,11,9,20,17,4,17,13,8,14,21,8,14,10,12,3,15,10,7,3,22,6,9,22,16
"ENSG00000138071",51,257,77,58,72,84,62,114,243,23,52,57,90,50,145,223,50,124,19,97,36,78,68,18,66,92,147,58,112,114
"ENSG00000138080",61,50,11,51,18,16,32,15,47,218,23,18,30,9,28,15,21,413,16,366,8,9,23,14,9,8,27,13,118,25
"ENSG00000138083",80,174,42,10,3,177,77,571,12,165,19,182,457,134,69,106,191,10,153,206,6,768,137,776,30,5,4,229,198,340
"ENSG00000138138",4,50,36,31,17,45,36,19,47,4,13,20,26,16,55,83,14,51,24,30,6,33,41,7,42,51,21,20,65,69
"ENSG00000138160",459,1220,527,555,397,784,846,627,1027,134,419,798,475,368,966,915,292,741,751,830,335,349,388,351,230,677,933,1162,842,1413
"ENSG00000138161",0,9,10,3,1,14,8,5,5,5,2,11,8,3,11,8,3,6,17,5,0,19,9,15,4,7,6,19,11,12
"ENSG00000138166",74,189,175,165,139,211,184,425,176,100,118,165,297,218,226,377,98,267,42,262,61,131,259,47,97,136,189,137,205,189
"ENSG00000138175",143,430,130,155,97,187,182,264,312,105,166,199,239,162,271,305,197,216,242,260,119,194,238,123,92,185,239,295,301,318
"ENSG00000138180",3,37,12,12,5,26,29,10,22,3,3,12,10,4,22,23,3,21,20,14,3,7,12,8,8,18,22,18,25,36
"ENSG00000138293",244,128,107,87,90,90,85,125,130,34,108,64,99,127,159,121,87,134,28,224,384,62,87,26,61,94,114,171,81,100
"ENSG00000138303",11,18,23,10,13,16,21,17,23,9,14,23,16,24,23,18,11,31,15,15,7,19,22,3,9,22,29,16,16,25
"ENSG00000138336",17,18,34,32,8,9,9,22,14,11,25,24,8,7,17,17,3,11,10,30,23,8,2,11,17,30,16,22,19,37
"ENSG00000138381",160,187,116,89,96,128,123,96,143,37,71,73,88,72,205,194,102,123,59,145,145,55,86,40,53,110,106,153,107,101
"ENSG00000138439",10,12,18,4,5,14,25,19,29,8,22,9,15,13,22,28,15,12,3,15,13,11,4,6,8,16,17,18,9,20
"ENSG00000138587",18,65,23,38,39,15,38,8,51,48,17,69,65,21,37,57,10,40,64,28,7,39,17,60,16,42,35,60,43,22
"ENSG00000138592",54,99,38,46,51,87,56,39,86,72,45,67,78,41,80,69,57,86,79,61,31,63,59,62,28,74,39,63,100,111
"ENSG00000138593",306,365,558,343,240,318,419,393,396,274,418,493,321,414,743,689,194,572,165,740,551,393,274,167,260,543,464,342,377,427
"ENSG00000138594",418,932,564,440,349,547,556,525,725,234,407,547,474,451,741,700,262,613,446,607,489,488,395,235,312,643,568,577,686,831
"ENSG00000138600",32,128,56,76,60,111,62,78,115,69,53,94,112,70,148,202,29,118,56,52,29,94,96,21,65,93,98,39,88,67
"ENSG00000138604",22,37,10,73,15,14,31,31,121,35,8,18,12,20,120,95,10,45,15,51,13,35,23,1,6,15,13,76,45,40
"ENSG00000138606",18,62,105,5,138,65,47,44,32,25,71,113,90,155,38,58,131,170,63,22,37,103,36,38,34,131,61,22,55,32
"ENSG00000138613",9,85,68,34,33,56,48,46,35,26,33,48,70,43,84,59,27,66,40,38,13,51,57,29,21,42,36,51,47,55
"ENSG00000138614",302,552,440,328,317,478,435,382,495,276,261,302,520,321,604,534,348,524,318,523,274,341,373,164,178,521,366,575,407,521
"ENSG00000138617",74,176,154,77,62,136,173,142,130,97,118,114,149,107,159,172,126,113,150,131,108,132,119,57,49,133,146,118,164,181
"ENSG00000138621",178,245,141,114,158,161,185,167,285,164,124,297,154,199,255,150,153,273,248,208,95,137,146,259,111,183,275,125,255,155
"ENSG00000138623",4048,6972,4166,2923,2476,5485,4221,9849,5952,3807,6770,5858,6928,5792,3897,6188,4867,7323,3604,4919,3763,9275,7070,2976,2810,4180,3740,2894,5133,4620
"ENSG00000138629",572,1179,757,375,626,638,562,855,765,451,510,847,856,903,660,592,744,785,682,538,495,658,749,712,435,748,797,545,668,564
"ENSG00000138685",25,127,18,60,5,9,41,12,63,8,20,22,18,14,98,56,37,17,12,20,26,17,18,16,19,28,14,11,18,34
"ENSG00000138755",35,20,5,0,38,0,0,3,6,3,1,5,1,0,4,1,13,242,3,5,4,2,5,15,1,29,55,3,3,0
"ENSG00000138802",287,535,529,326,268,408,400,427,422,156,269,365,499,344,624,690,228,601,176,577,474,364,332,108,239,591,375,382,405,531
"ENSG00000138834",1250,727,1455,415,1008,1345,1120,1299,584,5278,2213,1699,1163,1719,914,1073,1475,1773,1408,1050,1166,2048,1292,2027,515,1598,1513,1048,961,764
"ENSG00000139044",3,2,2,12,2,3,10,7,32,2,2,1,2,4,4,6,2,1,0,11,6,0,2,4,0,1,15,9,2,4
"ENSG00000139055",9,8,4,9,6,8,11,10,12,23,3,5,3,6,7,1,5,14,10,9,2,5,3,16,4,12,11,15,6,6
"ENSG00000139083",630,480,771,337,527,395,522,477,477,2073,504,451,357,646,688,565,499,758,302,939,965,466,270,444,336,508,533,499,382,332
"ENSG00000139116",133,889,270,329,367,529,354,607,606,39,387,480,268,442,502,883,136,458,958,478,233,532,171,1200,345,404,473,805,503,357
"ENSG00000139117",171,377,86,197,92,194,194,164,237,158,104,118,145,107,298,377,69,201,155,235,75,271,152,29,158,167,73,201,206,278
"ENSG00000139131",118,402,188,169,149,301,358,201,296,65,181,221,347,204,295,340,165,220,235,150,110,222,300,201,148,263,285,204,194,301
"ENSG00000139133",2,19,13,9,5,12,11,1,15,5,5,6,6,8,17,33,1,12,7,8,0,8,6,2,8,11,15,2,16,12
"ENSG00000139146",5,23,50,11,18,64,30,6,34,3,19,21,42,34,49,84,10,24,16,10,18,33,55,5,25,43,20,2,28,39
"ENSG00000139154",207,432,332,233,237,352,358,270,393,73,222,321,417,203,462,466,301,422,233,337,294,211,233,159,197,468,303,327,276,392
"ENSG00000139160",3,11,1,5,5,12,15,10,5,8,3,6,6,10,3,4,2,2,19,6,1,11,2,9,2,4,7,4,8,6
"ENSG00000139163",152,135,157,125,110,133,161,181,212,60,206,110,110,146,181,299,119,174,58,247,194,156,126,59,76,149,181,182,84,107
"ENSG00000139168",127,250,185,85,171,267,288,225,217,235,230,274,256,197,241,230,386,230,462,255,119,273,171,547,70,182,143,397,219,226
"ENSG00000139173",2,34,24,17,21,12,23,16,16,13,15,19,20,20,16,19,11,29,8,21,10,13,9,16,21,51,25,14,25,20
"ENSG00000139174",30,88,15,42,3,40,17,72,27,15,23,32,40,40,38,27,8,44,34,61,25,64,16,14,6,15,17,123,35,69
"ENSG00000139178",105,109,52,73,79,99,74,107,77,177,86,81,89,83,87,77,36,102,58,115,83,83,68,78,34,78,90,68,91,65
"ENSG00000139180",180,837,373,349,213,497,383,398,519,190,191,263,485,275,503,473,230,414,331,298,150,381,415,359,236,421,401,276,536,597
"ENSG00000139182",315,342,111,134,171,225,171,375,176,482,185,395,130,273,105,148,139,231,267,183,115,298,94,482,66,183,200,341,161,157
"ENSG00000139190",74,47,74,55,62,52,65,57,67,165,86,66,80,65,54,37,59,77,37,48,69,88,69,59,20,49,81,58,56,77
"ENSG00000139192",29,31,14,22,15,30,23,37,26,23,11,33,25,29,33,32,29,42,21,39,17,30,73,25,12,46,18,17,13,29
"ENSG00000139193",1066,810,2999,647,960,1394,2072,1922,1290,3883,3702,3065,1367,2754,929,1158,1123,805,2023,1383,1297,2638,729,6277,680,2361,1607,2764,614,1588
"ENSG00000139194",25,12,17,42,27,25,20,17,23,43,9,43,12,13,15,14,6,42,13,10,7,41,11,11,23,44,41,11,33,37
"ENSG00000139197",127,203,185,122,122,181,226,126,229,68,130,90,247,179,310,295,101,230,53,175,164,161,193,52,144,193,214,133,162,119
"ENSG00000139233",29,59,15,31,30,28,26,16,39,19,5,34,40,12,52,41,28,39,28,22,20,24,31,24,15,37,25,26,40,38
"ENSG00000139263",38,33,43,27,21,22,55,15,46,13,26,18,31,17,5,32,14,62,3,73,24,7,36,3,4,24,24,5,19,9
"ENSG00000139266",338,546,481,173,170,643,561,454,401,464,674,568,544,663,415,590,579,500,528,440,390,718,449,935,117,274,297,719,301,363
"ENSG00000139269",10,14,36,20,33,129,132,46,67,6,119,7,103,57,269,134,23,115,39,100,33,40,81,21,20,16,20,75,34,45
"ENSG00000139278",184,334,183,147,158,140,180,218,263,111,106,175,186,95,170,103,117,260,176,209,144,142,124,150,102,243,127,137,238,184
"ENSG00000139289",78,90,61,22,18,82,40,197,60,17,72,7,152,83,99,101,103,79,44,105,42,104,47,49,13,26,17,226,11,37
"ENSG00000139291",56,189,94,93,69,69,76,179,158,47,62,98,56,75,100,93,33,111,42,114,41,58,65,53,48,130,144,79,171,139
"ENSG00000139318",6,2,0,14,0,2,1,5,118,99,0,6,1,0,14,6,1,6,3,36,0,10,3,3,2,1,4,9,23,8
"ENSG00000139323",4,11,20,5,11,8,13,12,15,6,18,1,18,10,14,22,8,19,4,9,7,17,10,5,3,5,11,9,10,11
"ENSG00000139324",27,46,42,37,22,60,38,25,46,26,34,48,38,23,71,62,8,47,47,33,20,47,33,22,25,50,29,56,43,45
"ENSG00000139343",207,593,309,222,181,554,435,301,425,269,242,328,462,321,442,429,295,316,716,214,169,379,473,588,155,342,323,347,362,470
"ENSG00000139350",211,541,236,214,132,390,268,222,289,120,239,246,267,188,369,404,170,309,211,341,243,189,234,198,143,243,219,346,288,357
"ENSG00000139352",73,1039,184,121,322,578,517,392,264,256,619,93,645,1783,465,619,257,744,162,435,184,1124,279,84,56,259,31,698,49,376
"ENSG00000139354",20,20,67,20,31,98,75,33,72,23,80,42,47,44,49,80,22,39,50,73,51,47,14,38,25,40,28,194,17,78
"ENSG00000139370",220,568,1031,294,497,792,466,477,476,452,644,381,625,702,705,702,356,743,268,459,425,429,620,181,508,950,648,251,426,558
"ENSG00000139372",22,35,17,13,23,32,18,16,22,24,17,27,12,21,14,25,18,34,28,11,10,17,16,26,4,21,34,20,24,16
"ENSG00000139405",297,286,220,124,172,222,175,273,217,104,186,120,222,265,204,231,246,218,114,300,206,165,172,152,73,172,246,221,140,140
"ENSG00000139410",42,231,25,54,44,47,45,98,50,86,48,33,68,101,46,54,35,27,57,47,33,52,40,75,47,46,72,48,44,45
"ENSG00000139428",233,517,376,200,221,719,602,381,419,367,372,322,637,428,490,509,335,421,565,248,299,462,443,473,181,427,389,344,410,435
"ENSG00000139433",138,210,129,92,112,149,178,255,174,108,155,161,148,143,150,149,128,150,149,218,101,174,109,107,43,140,132,227,151,174
"ENSG00000139436",261,249,339,98,157,221,300,280,197,81,317,203,182,321,261,266,166,257,148,292,349,177,177,129,137,276,297,237,201,254
"ENSG00000139437",356,490,206,219,233,358,241,296,377,383,206,372,278,247,319,296,200,337,349,386,313,257,198,439,114,285,294,485,305,304
"ENSG00000139505",4,29,13,14,11,6,14,10,23,8,1,4,7,5,25,29,3,22,1,11,1,6,13,0,2,13,12,3,7,12
"ENSG00000139508",2,17,9,9,10,7,7,7,19,10,6,16,8,6,11,12,0,15,6,4,5,8,4,5,3,19,10,1,18,12
"ENSG00000139515",17,88,4,9,1,87,69,17,121,5,19,15,60,59,7,83,83,13,19,26,8,106,41,13,6,2,11,129,33,59
"ENSG00000139517",67,108,91,71,29,80,84,82,107,51,59,63,96,93,169,165,35,108,37,142,83,59,78,23,61,97,93,74,111,107
"ENSG00000139531",267,287,153,142,133,191,174,240,246,231,160,225,186,183,202,135,98,223,174,232,137,209,171,176,67,116,210,215,218,202
"ENSG00000139546",229,351,209,195,179,291,215,272,237,277,176,162,320,272,231,225,193,258,170,195,206,252,239,167,102,227,253,228,177,177
"ENSG00000139572",39,41,19,17,63,22,39,8,95,64,15,29,17,13,62,23,31,41,11,20,76,23,41,47,42,28,17,11,33,20
"ENSG00000139574",15,6,3,5,7,10,0,9,11,100,4,17,8,7,7,4,7,17,17,8,2,10,2,33,1,3,7,19,9,3
"ENSG00000139579",364,426,206,155,187,244,187,283,274,123,181,143,283,247,269,232,222,296,116,228,265,175,237,124,95,221,291,283,204,216
"ENSG00000139613",41,75,56,35,29,29,47,51,49,31,50,38,30,43,49,80,18,57,14,66,32,17,30,19,25,42,72,40,41,41
"ENSG00000139618",38,60,18,46,12,49,50,41,19,34,35,43,34,38,58,65,18,66,30,51,38,31,16,25,17,36,45,61,39,80
"ENSG00000139620",76,153,133,99,82,145,124,102,149,88,76,98,167,100,187,207,54,172,45,129,87,109,143,42,54,153,126,92,113,136
"ENSG00000139624",142,392,263,171,194,402,308,354,313,581,181,375,318,316,398,287,203,361,421,269,106,389,296,399,159,437,213,300,341,279
"ENSG00000139625",112,194,112,75,91,92,182,167,116,185,91,182,55,130,108,92,51,150,109,92,58,174,76,110,52,97,125,130,142,93
"ENSG00000139626",2774,5207,1719,1039,3545,1558,1737,6518,2915,3210,1812,4174,893,2586,1139,907,1204,3523,2878,2138,1495,2753,828,3909,1127,3305,3767,3137,2751,2786
"ENSG00000139629",359,437,305,314,378,287,546,219,632,368,296,239,332,302,605,436,219,554,220,487,473,308,275,398,209,433,346,339,400,388
"ENSG00000139636",21,102,120,45,36,76,120,93,98,84,77,74,122,93,129,101,39,81,50,56,47,142,130,32,66,93,72,36,120,110
"ENSG00000139637",405,683,645,218,330,684,709,532,509,424,636,515,808,656,525,575,816,563,585,519,445,712,619,970,219,528,423,585,369,433
"ENSG00000139641",1469,2701,1318,1240,931,1499,1597,1505,2377,635,1244,1550,1010,1359,2107,2145,699,2189,1018,1992,1503,1479,1080,1005,759,1925,2044,1662,1621,2141
"ENSG00000139644",645,1414,1212,801,874,1314,1142,1402,1534,331,984,943,1198,1191,1650,1627,925,1587,935,1366,759,975,1247,666,606,1429,1118,1137,1049,1288
"ENSG00000139645",626,861,444,726,331,316,320,662,566,360,325,291,385,350,760,961,145,716,143,525,506,359,370,169,254,419,948,343,354,382
"ENSG00000139651",233,456,428,270,334,441,454,395,470,415,402,395,505,409,794,598,288,690,253,592,210,443,418,317,213,487,388,388,396,455
"ENSG00000139668",2,10,18,11,4,3,8,8,18,21,3,7,10,7,17,6,3,11,13,6,3,12,11,7,19,17,12,5,14,11
"ENSG00000139684",13,72,77,40,44,83,75,57,72,31,18,38,114,53,74,62,44,71,90,49,17,52,66,34,16,59,49,47,54,79
"ENSG00000139697",457,996,715,508,418,600,828,613,772,376,548,851,735,494,1180,1028,458,922,626,845,448,581,361,709,398,806,636,737,685,899
"ENSG00000139718",1063,691,539,413,444,479,499,650,580,826,580,603,559,639,608,584,329,859,239,840,817,476,352,350,160,530,734,605,342,392
"ENSG00000139719",239,555,225,246,179,291,258,327,399,171,154,303,341,248,341,316,185,447,181,231,169,258,292,216,117,288,379,276,312,311
"ENSG00000139722",834,924,687,202,409,235,522,574,261,289,966,1034,745,842,286,512,872,810,786,554,933,679,271,1313,188,308,1427,242,710,565
"ENSG00000139725",221,203,228,81,163,210,230,240,211,104,388,155,258,284,209,340,198,212,87,201,230,229,211,156,116,188,266,180,131,122
"ENSG00000139726",94,421,179,175,203,291,215,202,429,157,134,328,375,160,385,309,122,289,298,193,83,194,281,220,145,315,230,162,308,329
"ENSG00000139737",6,43,21,37,8,28,36,11,36,9,8,16,25,6,57,35,10,59,8,29,3,16,30,2,15,33,39,13,28,25
"ENSG00000139826",35,202,114,97,84,114,100,82,208,50,65,126,130,76,197,209,43,155,94,101,50,108,120,24,75,119,124,94,143,181
"ENSG00000139832",21,149,254,19,102,159,177,107,52,44,180,54,160,305,267,253,307,96,102,133,48,333,59,92,187,275,75,136,80,291
"ENSG00000139880",16,5,3,2,4,4,6,11,7,27,13,6,15,2,4,7,15,7,9,4,5,14,16,5,3,3,7,5,4,7
"ENSG00000139890",7,11,8,7,12,13,11,7,9,35,25,29,16,9,6,6,12,11,20,4,4,16,11,18,3,10,12,18,11,12
"ENSG00000139899",184,199,135,161,57,157,165,158,94,656,143,168,128,180,78,120,122,241,152,162,86,398,173,135,61,158,168,233,82,104
"ENSG00000139914",9,15,8,4,4,12,10,5,6,32,11,14,9,11,6,8,3,16,12,5,3,12,3,20,3,8,4,16,6,9
"ENSG00000139921",29,241,102,105,65,110,109,97,258,23,46,108,123,46,248,237,31,110,146,89,36,104,135,31,83,158,114,81,248,253
"ENSG00000139926",6,54,8,3,13,15,15,39,27,6,17,30,28,14,22,19,0,48,0,13,22,3,8,0,2,45,169,2,36,3
"ENSG00000139946",0,1,19,6,2,2,14,1,16,5,4,4,10,21,23,66,5,8,1,22,8,2,4,1,4,3,0,7,3,2
"ENSG00000139974",1,14,9,6,6,7,7,3,5,6,2,4,3,4,6,10,4,13,13,4,3,11,13,2,7,8,7,4,17,13
"ENSG00000139977",79,374,138,164,101,185,155,159,289,53,115,147,211,142,312,309,58,176,123,180,89,168,163,38,98,182,208,130,260,280
"ENSG00000139990",103,155,129,95,71,116,136,160,140,80,107,100,106,146,162,226,51,201,71,155,70,179,122,55,81,148,158,131,147,135
"ENSG00000139998",117,63,48,97,32,52,58,84,86,56,37,52,56,48,152,39,121,139,34,102,132,70,105,23,34,24,38,81,96,45
"ENSG00000140006",24,181,56,85,31,136,85,50,114,18,33,75,110,39,130,151,21,65,71,54,25,81,76,19,29,83,74,54,140,155
"ENSG00000140009",6,8,39,15,0,10,26,4,3,40,4,6,32,15,22,21,3,6,12,14,6,47,25,3,19,3,3,11,11,13
"ENSG00000140025",17,77,21,21,16,39,54,18,23,27,21,42,61,13,30,57,22,24,44,35,11,27,26,27,14,28,35,38,65,70
"ENSG00000140030",61,210,159,73,98,186,240,144,174,41,93,164,198,84,109,225,132,284,186,106,57,109,183,74,64,136,186,132,138,165
"ENSG00000140043",22,59,40,28,34,47,55,37,59,57,75,61,54,48,68,36,32,57,47,82,39,99,47,63,21,18,43,77,130,84
"ENSG00000140044",396,202,334,72,108,265,271,489,259,105,466,250,458,392,322,319,365,251,206,575,410,275,299,246,165,253,326,513,154,177
"ENSG00000140092",6,9,6,8,4,7,8,9,15,9,10,17,12,16,4,6,12,14,11,12,7,1,2,20,5,10,9,8,11,7
"ENSG00000140104",12,33,23,23,42,22,17,17,27,44,11,22,35,30,45,21,21,36,17,14,3,34,35,11,15,19,19,19,16,11
"ENSG00000140105",6108,9660,6280,2584,4458,7531,7522,7254,6532,1294,7530,4170,11276,6029,7654,8842,6430,9914,3422,9084,6909,5170,7429,2192,2516,5289,4219,7679,3994,3924
"ENSG00000140153",7,38,26,17,16,22,27,25,27,13,18,22,31,17,28,42,10,36,9,18,8,24,28,2,13,31,18,17,21,28
"ENSG00000140157",231,939,364,419,253,312,439,367,812,156,226,362,460,305,814,726,139,595,268,369,188,406,490,114,319,564,552,255,558,642
"ENSG00000140199",426,734,1399,446,757,483,801,493,563,429,648,1385,369,835,1060,625,384,1403,390,820,523,627,481,399,925,1480,945,372,935,630
"ENSG00000140259",247,285,154,151,140,257,171,214,248,102,218,199,289,240,215,186,194,213,153,227,160,153,216,124,103,183,232,245,166,230
"ENSG00000140262",333,785,468,452,279,585,756,474,678,272,373,383,525,390,1239,905,250,755,271,835,293,610,445,219,325,487,448,718,746,843
"ENSG00000140263",99,68,50,52,54,62,60,68,91,40,87,25,81,97,68,77,41,92,22,35,82,48,64,11,17,67,100,16,42,44
"ENSG00000140265",92,326,270,184,159,258,249,185,266,195,143,288,281,161,406,338,107,284,171,221,79,183,230,99,122,308,215,189,243,240
"ENSG00000140280",55,370,151,240,109,217,187,133,505,182,69,171,344,94,412,388,101,217,158,91,70,208,419,81,143,153,124,96,307,237
"ENSG00000140284",12,14,14,2,1,10,27,16,22,1,7,10,6,19,16,3,9,10,12,10,4,5,8,1,8,6,15,22,9,33
"ENSG00000140297",5,38,12,0,2,72,30,3,2,4,15,14,36,111,113,78,12,5,5,25,0,53,27,16,4,10,3,122,112,28
"ENSG00000140307",33,60,24,15,22,51,40,24,33,15,44,38,70,28,30,32,72,35,34,27,33,18,46,64,8,32,27,42,35,36
"ENSG00000140319",138,418,148,127,210,266,271,271,299,218,158,229,316,168,202,278,276,191,359,208,96,279,216,437,116,190,176,451,235,171
"ENSG00000140320",760,904,726,463,465,698,560,597,695,316,568,454,961,709,865,1044,366,828,232,687,1210,490,590,189,301,637,767,447,490,485
"ENSG00000140326",179,236,192,131,161,251,214,208,217,236,217,208,291,234,267,287,139,247,194,245,157,235,194,124,79,189,249,210,188,212
"ENSG00000140332",1667,1140,1456,702,727,1340,1157,2280,2037,1079,1260,1331,1713,1573,1458,2067,1183,1255,852,2731,1667,1411,1151,777,511,1171,826,1854,1399,1417
"ENSG00000140365",126,306,135,124,109,230,206,182,212,294,113,208,190,189,125,136,171,225,315,119,69,238,207,293,70,159,187,143,171,178
"ENSG00000140367",48,276,67,133,75,128,97,78,318,33,52,156,97,42,202,189,35,147,139,80,25,102,123,24,67,138,91,79,210,267
"ENSG00000140368",52,46,36,16,12,59,66,15,29,52,86,22,55,71,29,63,26,73,28,61,19,37,37,54,16,35,54,76,25,47
"ENSG00000140374",178,1641,674,665,441,1144,890,667,1217,256,329,685,1065,508,1358,1386,305,750,617,360,179,800,1343,188,677,894,870,350,1147,1445
"ENSG00000140379",270,787,566,171,501,751,959,275,556,206,427,534,998,782,818,919,804,1113,580,351,713,501,927,390,397,722,436,486,684,336
"ENSG00000140382",262,424,460,360,276,397,457,332,399,167,344,301,361,389,547,521,198,476,213,538,280,358,318,166,225,494,494,355,400,490
"ENSG00000140386",91,138,122,108,62,94,151,92,109,224,133,186,130,129,153,159,118,199,155,263,121,147,68,171,85,118,103,234,151,188
"ENSG00000140391",290,536,266,228,262,277,317,164,509,287,318,397,332,245,550,368,423,499,336,397,185,436,473,458,185,518,268,335,493,342
"ENSG00000140395",145,664,285,305,252,337,300,344,490,214,178,262,309,213,487,349,255,424,259,253,112,339,404,133,252,371,345,263,432,563
"ENSG00000140398",67,65,250,52,14,66,54,195,227,137,96,225,77,61,111,119,87,142,181,56,12,230,110,24,75,265,109,130,108,125
"ENSG00000140400",43,28,41,21,52,68,50,52,27,216,65,51,58,58,48,48,33,69,40,34,45,73,53,18,19,48,60,41,21,29
"ENSG00000140406",1035,937,773,194,520,911,575,750,748,241,632,674,863,844,681,846,757,926,471,645,701,481,738,404,206,736,978,803,406,429
"ENSG00000140443",7,7,126,13,7,41,30,6,26,6,12,8,10,19,10,50,5,21,2,20,52,7,8,0,2,9,13,8,3,18
"ENSG00000140451",90,95,132,46,52,186,126,110,91,44,229,101,77,93,78,188,80,124,131,88,54,201,82,112,34,124,139,132,58,106
"ENSG00000140455",170,453,609,276,233,468,566,297,577,261,390,559,415,436,753,615,257,536,409,501,288,475,505,230,231,561,452,437,508,663
"ENSG00000140463",91,158,93,77,55,105,91,100,122,151,82,105,89,117,116,111,78,158,119,113,36,121,87,64,41,92,72,128,122,107
"ENSG00000140464",1486,968,923,467,465,812,822,1212,904,397,1238,514,822,1204,983,1084,733,867,271,1055,1806,838,639,357,309,746,848,863,499,627
"ENSG00000140465",15,144,20,243,7,94,25,59,108,45,13,14,30,81,254,101,5,70,85,19,4,23,9,25,12,24,16,141,37,64
"ENSG00000140471",20,88,83,61,31,87,89,60,58,31,32,65,78,41,94,85,11,60,46,44,22,79,71,19,65,97,73,31,68,85
"ENSG00000140474",319,409,347,200,295,399,234,559,325,1034,200,471,395,359,348,347,298,446,321,269,261,521,429,243,182,466,351,276,313,213
"ENSG00000140488",17,17,22,19,14,16,19,16,9,83,8,52,13,11,19,13,16,22,24,17,7,43,29,35,8,42,15,9,18,13
"ENSG00000140497",1871,2023,1395,940,1166,1492,1845,3060,1782,1473,1599,2039,1311,1937,1320,1436,1468,1929,1434,1607,1376,1657,1048,1259,685,1806,1747,1598,1413,1598
"ENSG00000140511",32,186,19,28,13,119,85,182,151,78,111,41,96,54,135,133,32,89,54,41,24,246,145,29,14,21,80,100,41,50
"ENSG00000140521",972,987,867,665,714,1115,675,937,959,569,879,687,1026,981,958,1223,453,965,416,855,817,816,750,288,392,984,1335,806,663,776
"ENSG00000140525",640,1244,511,711,275,597,860,670,1119,601,414,625,396,469,954,834,325,783,830,938,385,410,302,490,265,618,1152,951,1056,1407
"ENSG00000140526",155,244,109,224,76,172,109,117,190,72,85,97,119,89,273,273,48,192,79,181,119,142,127,41,94,108,305,71,166,198
"ENSG00000140534",442,534,405,292,203,479,540,359,454,167,411,355,270,333,494,553,181,508,344,617,439,273,218,208,130,359,598,591,369,613
"ENSG00000140543",14,25,21,12,9,33,31,12,38,39,16,18,29,24,43,35,7,39,21,37,19,26,32,10,11,36,16,34,38,28
"ENSG00000140545",36,52,26,19,5,52,38,69,234,79,20,18,59,30,121,126,15,143,70,95,43,94,23,13,8,30,25,88,59,36
"ENSG00000140548",722,524,659,317,332,553,523,750,443,281,699,493,611,721,537,821,496,766,241,662,989,354,500,353,335,555,761,445,359,481
"ENSG00000140563",40,90,81,74,1,102,171,179,61,61,100,65,114,92,171,130,28,57,89,207,9,154,135,25,21,16,51,151,128,248
"ENSG00000140564",840,737,1589,209,1245,748,530,728,723,340,1436,1163,1373,1131,848,1230,1518,1100,545,617,4132,539,999,665,737,1224,1375,294,545,409
"ENSG00000140575",2792,4488,3001,2958,2097,2441,2959,3245,3883,875,2314,2815,2116,2218,4504,4288,1729,3901,1978,4273,2983,2185,1669,1316,1616,3290,3880,3634,3285,4462
"ENSG00000140577",763,969,880,494,528,801,846,961,885,555,847,672,889,772,1226,1158,547,1031,647,1426,1064,668,620,370,489,824,880,702,806,972
"ENSG00000140598",119,338,209,163,147,255,250,209,266,117,141,193,264,187,306,235,174,234,204,231,134,188,189,98,140,209,213,236,233,288
"ENSG00000140612",146,495,372,270,214,545,653,330,670,303,296,629,540,297,578,509,346,452,681,392,193,489,468,503,224,534,311,458,632,683
"ENSG00000140632",415,541,341,382,298,348,300,441,416,364,262,321,373,375,489,391,166,520,162,455,367,252,318,152,193,367,440,358,294,335
"ENSG00000140650",941,919,561,408,460,760,708,785,610,417,541,757,863,802,783,749,561,876,553,660,642,659,748,423,255,684,685,599,492,594
"ENSG00000140660",52,56,85,48,39,35,46,44,49,36,33,25,49,64,95,109,21,81,26,76,41,46,69,5,48,39,66,25,52,57
"ENSG00000140678",64,205,445,2,391,87,72,20,14,30,475,139,79,309,14,45,227,590,119,25,162,207,28,214,97,1388,70,9,71,23
"ENSG00000140682",90,68,50,88,40,76,125,9,378,340,56,7,151,46,351,202,46,343,27,213,152,60,60,25,18,22,6,134,51,21
"ENSG00000140691",444,277,172,126,186,223,209,279,426,326,260,282,258,273,241,222,189,328,166,253,249,246,217,183,55,197,229,249,142,168
"ENSG00000140694",366,885,441,476,397,513,519,573,666,406,292,487,571,382,779,579,267,622,337,601,315,514,405,354,250,522,476,715,449,619
"ENSG00000140718",56,58,39,36,31,31,35,57,43,13,33,21,27,50,47,46,23,42,14,59,57,37,35,13,40,38,66,52,51,50
"ENSG00000140740",1429,2909,2441,1466,1761,2695,2020,2600,2145,916,1800,1580,3160,2260,2937,2679,1950,2486,1682,2309,1497,2120,2677,978,1294,2427,2165,2877,2133,2390
"ENSG00000140743",386,767,381,368,267,558,493,668,529,241,452,575,805,490,581,653,267,421,384,537,290,540,710,167,195,322,498,525,552,640
"ENSG00000140750",1675,1000,1489,507,769,1281,1027,1500,1250,1259,2019,853,1411,1563,1586,1644,2546,1689,684,2062,3180,1193,1194,1187,559,1067,1330,2612,629,581
"ENSG00000140807",1,8,10,1,10,21,8,3,3,2,4,4,10,2,2,9,11,22,6,2,18,16,11,2,5,9,1,3,3,3
"ENSG00000140829",586,1100,728,545,514,881,651,851,766,1151,477,660,877,730,851,774,475,739,709,642,384,865,720,529,317,836,840,719,612,751
"ENSG00000140830",197,244,186,108,108,180,214,187,180,98,126,176,237,157,245,209,242,180,178,225,158,182,285,159,58,194,153,297,175,222
"ENSG00000140836",492,627,466,300,287,344,588,213,301,344,504,344,413,516,445,566,395,674,374,540,790,287,187,399,267,561,437,531,378,424
"ENSG00000140848",84,121,122,17,99,60,85,29,109,53,57,70,103,107,82,61,190,164,42,112,95,45,125,67,49,104,107,77,172,34
"ENSG00000140853",1099,1208,1227,1094,590,1203,886,1388,1255,1429,982,794,1016,1229,1311,1779,483,1056,543,1429,1344,1561,1096,444,696,989,1116,1218,962,1035
"ENSG00000140854",475,477,407,172,283,291,327,325,375,231,247,167,318,285,334,350,281,356,204,322,241,301,241,170,117,243,484,319,263,282
"ENSG00000140859",4,5,2,5,2,13,3,3,11,8,5,1,11,15,6,16,3,12,5,2,0,3,7,3,1,5,4,4,1,0
"ENSG00000140876",9,25,21,9,8,15,30,14,17,16,35,31,22,20,21,25,11,18,28,19,14,8,18,11,7,17,29,13,23,24
"ENSG00000140931",22,49,83,0,117,69,91,54,31,2,49,72,99,52,111,47,33,185,87,15,21,57,31,136,48,173,83,38,9,50
"ENSG00000140939",51,75,134,25,67,198,123,153,64,244,184,149,202,205,123,138,221,84,234,110,109,246,193,176,63,77,104,115,99,122
"ENSG00000140941",199,371,252,164,273,388,287,263,300,120,298,220,533,368,490,398,445,462,222,375,154,297,371,171,181,357,169,363,252,313
"ENSG00000140943",414,500,323,429,253,355,369,461,684,445,318,348,299,400,518,509,185,456,326,615,372,362,361,183,146,319,462,416,369,423
"ENSG00000140948",132,33,33,44,44,103,97,19,71,84,63,30,85,95,137,142,48,152,30,166,48,87,64,42,31,47,44,126,26,44
"ENSG00000140950",87,164,107,79,105,212,119,171,249,98,82,155,132,108,169,214,76,216,134,121,54,152,155,43,51,140,145,188,128,162
"ENSG00000140961",8,16,13,3,3,38,26,17,6,11,34,7,43,18,10,28,13,7,11,10,24,13,24,10,3,7,5,21,2,13
"ENSG00000140968",1251,2750,3242,660,2175,4045,3314,2628,893,371,4002,1649,3815,3280,2209,3738,2383,4086,1044,2215,1463,1727,3373,737,1436,4154,3305,1057,1664,2173
"ENSG00000140983",1556,1539,1006,621,944,1424,1096,1315,941,2800,1089,1232,1357,1482,1024,956,1107,1406,1085,939,763,1544,1442,971,416,1188,1515,1060,696,831
"ENSG00000140987",13,2,6,3,4,6,22,13,7,4,14,5,13,10,13,4,3,12,7,23,9,2,5,3,4,8,15,12,6,4
"ENSG00000140988",202,285,202,92,375,295,230,189,209,137,145,231,222,309,187,215,342,276,173,162,173,258,387,215,154,227,188,177,181,197
"ENSG00000140990",1004,906,739,320,628,923,1055,1194,802,815,797,920,1077,907,622,775,1188,778,1031,824,805,800,766,1164,262,788,840,1229,545,667
"ENSG00000140993",9,47,32,24,10,32,26,30,35,62,10,28,54,27,67,31,16,37,50,30,20,27,37,19,12,34,10,18,45,33
"ENSG00000140995",25,33,35,16,25,52,35,26,33,34,19,26,50,51,30,38,16,45,31,28,14,32,38,15,6,38,46,18,25,30
"ENSG00000141002",669,453,444,265,441,462,504,591,435,832,508,539,487,569,516,528,605,647,416,738,628,515,296,503,204,484,455,662,333,364
"ENSG00000141012",52,83,66,31,45,43,48,78,31,115,53,51,74,70,61,43,41,112,51,124,64,67,44,67,27,82,62,22,46,38
"ENSG00000141013",70,115,159,80,49,327,149,134,188,181,134,24,349,19,298,224,133,149,114,275,83,149,78,61,36,46,24,140,85,127
"ENSG00000141026",210,303,222,137,110,302,241,221,186,137,185,232,409,212,245,257,181,243,191,191,154,253,252,142,118,202,260,207,193,214
"ENSG00000141076",385,905,571,408,323,654,678,452,518,252,228,383,674,436,832,718,302,657,391,453,225,475,566,247,257,628,615,394,435,643
"ENSG00000141084",94,71,69,38,61,59,56,78,59,33,47,46,49,48,72,93,36,88,17,83,79,60,40,18,39,91,73,40,40,43
"ENSG00000141086",48,42,12,18,9,50,24,42,24,162,26,46,24,23,26,18,27,29,40,23,14,44,19,47,12,27,39,45,38,18
"ENSG00000141098",99,265,108,99,71,178,175,205,140,127,83,124,190,183,164,188,75,159,151,128,50,172,164,81,61,144,176,141,127,169
"ENSG00000141101",149,390,488,173,319,548,448,312,478,165,249,237,597,347,534,477,327,358,297,404,174,462,454,175,218,418,300,383,305,324
"ENSG00000141140",655,830,446,420,334,633,527,633,487,975,391,559,479,511,565,562,315,652,596,553,367,579,446,460,185,506,661,690,481,589
"ENSG00000141141",52,58,38,43,29,30,41,22,36,12,18,37,41,19,59,61,13,40,22,44,57,22,27,5,21,29,26,33,32,38
"ENSG00000141179",190,488,117,183,126,181,180,321,329,71,129,202,350,175,263,196,111,321,118,276,220,157,227,59,44,216,434,243,289,324
"ENSG00000141198",34,91,23,36,26,34,64,21,105,39,28,21,44,72,168,126,12,86,22,83,58,47,107,20,20,24,4,140,108,111
"ENSG00000141219",83,193,112,120,62,139,139,109,141,70,71,131,133,95,211,168,41,184,69,122,74,77,107,30,53,120,118,119,139,151
"ENSG00000141232",117,101,134,62,82,98,73,130,66,47,94,138,136,77,85,99,145,95,88,89,172,85,91,61,32,113,101,160,81,92
"ENSG00000141252",167,172,167,101,95,104,150,188,120,74,145,135,147,167,192,172,104,206,74,178,173,108,67,47,84,131,170,168,131,127
"ENSG00000141258",355,300,374,183,328,252,341,310,265,427,309,373,192,343,329,184,113,554,191,342,246,476,268,194,158,432,640,269,279,200
"ENSG00000141279",534,1280,766,657,607,900,827,736,999,840,648,874,1036,777,1141,962,689,1121,883,740,552,1074,785,525,499,921,783,713,1058,1119
"ENSG00000141293",353,719,887,206,308,1120,771,936,562,321,941,543,1137,655,987,754,833,817,1103,832,510,713,773,474,569,738,450,944,491,765
"ENSG00000141294",12,8,2,5,5,2,4,3,11,24,3,5,7,8,2,8,4,14,8,58,5,10,9,11,2,5,5,7,6,7
"ENSG00000141295",177,333,296,147,178,420,410,366,314,328,270,254,551,312,237,246,283,310,309,278,232,496,309,284,123,206,362,276,189,273
"ENSG00000141298",26,34,97,18,45,35,62,56,35,31,64,58,53,39,71,74,55,58,36,97,59,47,46,29,26,44,54,62,29,59
"ENSG00000141314",11,5,8,1,3,11,1,3,2,6,2,1,20,8,4,39,14,9,10,1,9,13,16,10,0,5,6,3,11,1
"ENSG00000141325",208,238,219,163,168,293,250,195,222,360,197,343,329,200,328,208,185,373,301,333,139,230,236,211,94,283,148,417,208,245
"ENSG00000141337",23,41,27,22,11,42,49,50,44,63,39,50,66,37,51,49,46,51,61,86,23,52,39,38,28,41,46,53,36,49
"ENSG00000141349",429,663,347,261,307,485,437,561,536,509,267,479,427,473,446,490,405,470,494,409,309,478,350,578,153,415,489,561,381,409
"ENSG00000141380",734,1346,700,859,451,867,717,1350,951,772,747,842,703,725,959,993,462,818,673,1090,613,845,637,422,268,789,843,1540,771,994
"ENSG00000141384",80,312,257,150,85,208,158,264,171,49,192,106,140,197,327,444,56,164,42,214,103,240,141,53,87,167,247,237,105,163
"ENSG00000141385",570,1265,573,518,507,1080,721,525,1262,400,509,501,1208,662,1196,1239,537,786,673,648,598,754,753,354,426,747,824,651,840,893
"ENSG00000141391",86,50,53,25,32,73,59,35,71,8,47,26,82,60,98,69,55,71,60,65,70,69,76,26,27,49,66,59,48,70
"ENSG00000141401",20,24,8,12,9,16,23,9,108,2,16,19,14,14,20,27,8,17,14,11,5,7,20,4,1,19,36,23,46,31
"ENSG00000141424",103,346,267,188,170,357,217,210,382,71,123,178,302,187,505,496,101,338,85,276,188,197,261,52,153,330,218,184,266,289
"ENSG00000141425",48,94,49,68,35,76,89,51,66,32,50,69,56,62,128,111,16,70,37,75,84,53,95,22,41,74,68,64,111,131
"ENSG00000141428",30,139,120,64,65,120,157,75,106,73,69,122,161,82,157,120,115,142,132,145,38,149,124,87,50,116,74,163,116,124
"ENSG00000141429",290,640,375,426,219,395,464,480,682,180,337,246,460,307,641,658,220,655,230,503,272,372,317,120,211,382,460,427,441,597
"ENSG00000141441",0,2,0,8,1,11,1,5,46,21,1,1,0,8,4,13,0,1,6,4,0,12,4,1,1,0,0,26,0,1
"ENSG00000141446",86,267,213,186,106,221,282,191,247,75,116,280,256,166,371,321,135,265,175,294,140,200,181,67,140,295,176,202,325,364
"ENSG00000141452",341,666,451,366,238,702,557,532,513,548,472,498,737,551,902,656,457,630,467,574,309,551,646,376,198,527,362,750,507,686
"ENSG00000141456",1787,1629,1316,636,863,1402,1423,1348,1200,1086,1418,1276,1577,1414,1295,1514,1662,1302,1205,1568,1403,1107,828,1409,412,1071,1271,2249,775,1139
"ENSG00000141458",232,431,568,471,180,902,690,513,544,430,427,364,670,483,914,1218,197,598,415,613,321,1165,634,237,237,602,375,483,500,672
"ENSG00000141480",588,572,610,370,456,762,708,637,660,519,538,641,858,697,690,757,602,714,515,554,543,680,667,499,213,605,450,745,567,756
"ENSG00000141503",1611,1306,1700,668,1296,1189,1427,1982,1113,1463,2189,1569,1520,2042,1572,1622,1157,1737,874,1924,1763,1803,1404,790,719,1616,1691,1805,1145,1226
"ENSG00000141504",107,287,348,137,118,451,337,323,256,464,332,326,472,417,373,306,420,301,369,274,151,450,434,279,138,398,186,315,279,270
"ENSG00000141506",637,695,1740,562,1340,583,848,1143,1112,1582,1260,1302,731,1694,815,1442,1559,1624,601,1365,1577,953,1194,537,667,1444,1696,367,1634,590
"ENSG00000141522",5399,3831,2455,1511,2012,2550,2302,3877,2344,1144,2563,1876,2495,2590,2722,3052,2511,2693,1056,3904,5009,2129,2244,1041,993,2570,3135,3470,1628,2043
"ENSG00000141526",790,1023,2994,180,521,1755,1710,2765,1917,687,2519,2348,1679,2527,1370,2324,2432,781,2326,1923,2218,2929,1176,1630,1054,2286,1663,1862,1910,2083
"ENSG00000141540",47,79,192,25,123,70,55,83,61,143,42,103,150,95,238,138,505,180,26,46,793,91,108,48,91,66,55,66,153,46
"ENSG00000141542",26,39,39,18,44,84,20,68,30,123,27,46,172,68,106,116,32,73,70,66,31,133,39,45,8,33,41,85,24,44
"ENSG00000141543",629,1435,1658,705,527,1563,1337,1015,1286,346,636,611,2060,1134,1746,1783,1053,1249,953,1203,472,1084,1744,473,534,1204,1247,1096,974,1268
"ENSG00000141551",1143,709,690,282,528,586,658,817,705,493,1088,534,768,780,610,751,873,878,371,985,1080,675,587,412,255,632,682,866,407,504
"ENSG00000141552",145,891,458,304,230,835,581,487,694,282,256,360,784,400,497,750,330,422,581,217,114,580,727,346,184,465,532,275,525,603
"ENSG00000141556",111,330,186,144,100,151,175,166,355,78,107,80,172,171,255,267,54,161,49,203,72,128,204,56,143,156,320,116,232,199
"ENSG00000141560",380,731,375,313,156,486,402,434,478,377,279,418,473,321,536,510,285,444,360,470,222,352,341,265,156,405,373,528,448,597
"ENSG00000141562",72,422,348,237,154,341,392,360,547,569,139,381,504,297,361,385,200,277,393,180,108,564,386,271,167,358,285,173,422,354
"ENSG00000141564",804,936,607,454,524,534,578,730,654,493,766,498,587,650,640,694,400,757,445,734,995,614,366,481,295,537,846,687,430,563
"ENSG00000141568",392,267,588,120,251,364,327,388,225,128,402,222,425,437,383,521,402,437,125,467,725,343,371,128,156,377,345,342,199,280
"ENSG00000141569",218,303,238,140,192,350,258,225,313,176,204,246,408,267,364,419,155,372,216,219,239,228,246,153,109,301,415,200,246,218
"ENSG00000141570",15,6,14,7,6,17,10,7,5,3,11,9,24,10,8,19,25,18,9,15,24,14,13,8,3,17,12,20,5,3
"ENSG00000141574",4,2,5,1,4,4,3,16,9,8,13,6,9,3,3,13,9,12,5,12,7,56,5,2,1,6,3,14,2,3
"ENSG00000141576",472,207,56,229,37,194,346,353,167,96,388,93,151,242,251,219,88,170,93,414,170,139,103,78,62,52,205,564,235,340
"ENSG00000141577",523,518,320,161,333,423,328,367,379,553,358,333,426,432,297,364,331,455,397,383,372,415,260,347,131,327,474,455,220,254
"ENSG00000141580",126,263,572,131,286,500,321,455,207,448,454,402,426,401,421,507,251,287,324,357,215,564,401,208,194,465,360,363,305,407
"ENSG00000141622",11,1,0,3,1,11,7,1,7,26,9,0,5,3,19,8,16,4,5,36,0,18,2,3,1,1,0,0,1,29
"ENSG00000141627",438,480,505,214,283,473,580,405,460,131,546,445,530,508,643,529,502,517,301,572,657,469,344,277,238,415,381,633,533,607
"ENSG00000141642",30,157,56,65,68,67,56,70,142,54,23,52,84,51,115,83,40,127,36,51,23,53,55,25,25,102,91,56,80,60
"ENSG00000141644",985,422,537,218,335,359,552,662,387,267,772,604,337,721,327,376,472,540,298,636,639,435,340,337,151,545,868,583,325,400
"ENSG00000141646",7,62,41,40,16,44,41,13,58,10,7,34,47,16,109,117,3,24,15,24,16,25,44,3,43,70,27,25,68,71
"ENSG00000141655",64,175,28,148,39,147,76,184,285,258,63,39,131,113,224,329,31,123,100,108,25,208,160,61,26,18,49,123,52,81
"ENSG00000141664",367,533,339,388,286,445,321,581,458,243,331,240,373,318,642,550,175,436,198,432,521,433,277,117,194,615,282,399,320,387
"ENSG00000141682",360,1230,1192,613,633,1562,985,673,961,234,654,725,1960,924,2485,2275,503,1193,862,1041,496,1148,2133,319,630,982,803,629,1194,1220
"ENSG00000141699",501,1145,779,503,471,831,880,820,1027,924,644,974,745,832,1078,909,390,1120,857,873,538,1030,612,475,378,965,642,753,1047,985
"ENSG00000141720",125,204,143,136,103,121,153,180,183,104,135,80,123,122,180,302,55,183,41,214,120,70,96,41,54,134,220,114,104,131
"ENSG00000141736",115,143,107,41,68,135,91,121,68,120,125,94,156,170,102,94,104,103,108,111,83,122,116,140,54,101,123,126,97,86
"ENSG00000141741",147,433,321,164,202,419,352,367,264,241,202,413,599,399,354,349,384,408,515,241,143,456,400,438,125,334,171,377,276,241
"ENSG00000141753",492,453,242,78,106,624,340,121,129,24,298,92,898,815,308,497,403,264,140,227,58,362,475,81,163,201,77,181,322,124
"ENSG00000141759",135,554,260,166,201,397,314,413,446,136,190,211,465,242,349,403,181,369,246,183,87,303,313,182,118,290,320,250,332,325
"ENSG00000141854",6,1,15,0,4,5,9,10,11,7,10,11,35,23,1,15,30,7,16,5,3,17,15,9,3,6,6,40,6,5
"ENSG00000141858",1146,1206,809,295,685,1263,960,1050,907,631,1157,1276,1299,1258,730,893,1268,952,1308,900,918,922,862,1207,246,768,1410,1611,564,739
"ENSG00000141867",1612,1442,2079,641,1402,1535,1630,1721,1552,1773,1635,1553,1285,1902,1899,1861,2056,2023,1926,2634,2322,1710,644,1867,605,1631,1209,2662,976,1253
"ENSG00000141873",81,174,141,77,120,154,145,134,161,86,94,122,157,146,144,161,60,163,93,126,106,128,116,74,55,166,169,109,97,113
"ENSG00000141905",478,375,225,59,151,230,174,390,232,182,353,120,129,186,311,248,201,328,116,448,590,240,118,65,122,261,172,271,143,121
"ENSG00000141933",89,185,116,31,77,131,101,99,154,177,61,109,141,139,82,86,108,121,85,81,63,155,77,100,34,94,107,50,61,63
"ENSG00000141934",0,1,9,0,9,4,4,61,0,1,10,3,2,53,2,0,8,2,13,1,1,3,2,0,0,10,5,0,2,0
"ENSG00000141965",150,345,248,138,194,243,187,208,269,101,98,185,277,229,266,279,120,246,152,138,165,180,274,65,104,238,226,165,170,160
"ENSG00000141968",753,1282,806,607,493,791,1000,1153,1001,787,724,1039,668,848,749,836,385,960,997,718,611,1042,668,676,502,946,1055,814,790,989
"ENSG00000141971",259,335,232,113,141,313,280,273,333,385,263,282,395,331,222,271,317,279,329,236,178,389,267,299,93,219,282,249,190,261
"ENSG00000141985",1191,979,727,429,634,1001,804,1165,801,1525,1503,939,921,983,756,1024,1617,959,1065,982,1237,1344,852,1328,397,585,806,1264,625,671
"ENSG00000141994",28,33,19,15,18,30,21,23,46,13,14,12,23,31,44,34,13,23,8,26,29,28,24,9,7,33,19,30,14,22
"ENSG00000142002",946,823,513,435,498,564,517,838,593,683,556,566,522,733,581,608,409,693,238,659,919,484,510,240,223,603,841,624,416,517
"ENSG00000142039",1362,1124,724,545,663,718,835,1081,898,671,729,750,985,1073,780,708,612,1230,482,1114,944,675,611,459,306,951,1024,699,607,610
"ENSG00000142046",15,20,17,5,13,42,34,20,26,153,94,23,80,38,27,25,48,28,34,30,12,41,45,33,14,28,7,29,39,40
"ENSG00000142065",16,56,24,35,11,37,43,28,29,55,20,33,39,20,46,43,21,68,45,49,23,25,37,30,13,38,18,44,48,52
"ENSG00000142082",34,37,31,13,35,38,30,54,45,44,40,41,37,49,24,43,29,38,19,34,40,38,35,17,14,34,51,30,30,26
"ENSG00000142089",92,23,19,16,3,20,37,24,23,2,42,11,47,29,20,9,33,19,13,163,216,94,49,42,11,4,1,9,81,122
"ENSG00000142102",7,6,12,3,5,19,18,11,10,47,33,30,8,32,27,11,39,26,27,30,5,48,29,32,5,20,8,6,9,10
"ENSG00000142166",3,9,6,10,4,12,16,3,17,7,8,13,9,12,18,15,5,6,9,0,1,7,10,3,7,11,10,3,10,16
"ENSG00000142168",483,1154,589,468,607,881,507,1067,873,424,527,820,813,565,657,783,672,563,810,678,314,610,758,516,220,924,817,1259,531,765
"ENSG00000142178",13,16,37,12,13,28,30,40,12,20,5,11,17,19,25,38,7,12,7,17,8,33,36,4,17,35,42,41,23,13
"ENSG00000142186",634,545,337,242,383,506,397,521,492,397,499,387,570,558,461,502,378,508,396,535,606,479,414,387,208,347,482,476,306,326
"ENSG00000142207",36,19,20,10,13,20,5,20,20,8,5,7,9,21,22,17,5,22,1,28,9,8,11,7,7,17,43,10,9,9
"ENSG00000142208",1785,2286,1296,1219,1166,1917,1926,2049,2096,1654,1439,1713,2035,1755,1786,1842,1190,1878,1668,1732,966,1505,1478,1513,640,1554,1940,1942,1311,1639
"ENSG00000142227",1021,1234,1423,609,737,1635,1419,1678,865,1458,1370,1179,2094,1248,1411,1768,2180,1271,1768,1406,1125,1998,1541,2266,610,1221,632,1927,761,898
"ENSG00000142230",584,1039,564,515,505,777,688,903,904,342,494,502,613,641,732,782,556,833,501,897,435,459,497,416,281,676,929,827,642,751
"ENSG00000142235",13,4,30,0,1,10,32,29,14,0,24,57,30,17,8,24,19,7,29,13,26,33,13,61,4,12,18,32,19,11
"ENSG00000142252",70,198,147,70,98,151,164,154,183,122,157,124,224,149,148,165,193,154,182,140,60,208,174,171,94,143,103,135,157,143
"ENSG00000142279",5,14,12,4,4,15,6,15,4,8,10,16,11,14,4,8,5,8,5,8,11,22,1,9,7,7,5,8,8,10
"ENSG00000142327",11,61,30,20,6,58,32,31,52,15,22,24,40,49,48,34,20,28,18,25,13,44,43,10,17,31,35,13,45,42
"ENSG00000142347",354,119,245,7,69,61,191,37,77,3,168,671,53,132,33,82,246,351,117,86,325,31,79,286,67,419,294,73,113,45
"ENSG00000142409",852,819,1011,207,650,1287,1066,899,1036,640,1235,836,1246,1124,997,1180,1411,932,827,1053,972,1102,667,963,322,778,778,967,494,528
"ENSG00000142444",110,299,201,113,136,344,264,208,276,140,177,194,321,230,253,325,152,238,194,138,81,219,242,92,86,202,254,138,187,178
"ENSG00000142453",3693,3123,3627,1318,2461,3314,3197,2551,2487,1986,3355,2146,3466,3518,3072,4039,5012,3389,2212,3188,4786,2651,2554,2808,1297,2518,3090,3080,1614,1958
"ENSG00000142459",510,414,373,179,511,246,293,368,258,454,304,327,420,341,322,318,399,535,191,331,1671,302,205,260,234,371,370,298,224,143
"ENSG00000142507",495,1523,728,619,539,1066,825,958,1031,646,433,634,1168,789,824,887,722,878,1068,516,323,922,995,588,377,804,830,789,787,923
"ENSG00000142528",66,90,117,38,77,106,110,90,87,58,75,54,127,140,143,119,75,116,46,146,71,72,112,44,22,86,89,84,74,73
"ENSG00000142534",1302,2735,3270,1320,2701,3131,2553,2744,2588,2201,2550,2409,3973,3458,3012,2549,3709,2346,3067,2299,1765,3676,4657,2997,1693,3767,1897,2101,2642,2282
"ENSG00000142539",434,1355,937,700,500,1581,1268,578,1064,752,1191,972,2235,1455,1264,2086,895,1649,1051,649,839,1236,1376,1148,517,873,786,651,939,578
"ENSG00000142544",99,128,183,24,109,248,141,148,140,82,122,114,292,133,179,203,163,137,141,98,105,180,201,152,44,135,106,100,67,84
"ENSG00000142546",102,177,120,85,85,141,150,161,165,129,102,80,128,171,94,119,103,124,108,136,59,101,96,104,37,102,130,137,105,105
"ENSG00000142552",6,2,11,4,3,13,19,16,17,6,29,35,12,28,9,8,8,14,15,6,9,34,4,8,1,13,12,6,7,4
"ENSG00000142556",8,27,18,11,9,20,15,14,15,3,10,21,20,12,23,27,4,24,7,8,4,8,16,1,9,19,20,3,17,14
"ENSG00000142634",1263,1077,457,309,684,675,576,972,858,615,822,1109,548,757,482,502,665,956,647,562,1061,755,511,549,218,528,1016,793,504,552
"ENSG00000142655",19,24,20,9,14,13,16,28,19,8,9,17,15,23,19,31,13,21,9,22,24,18,14,9,7,19,26,22,13,21
"ENSG00000142669",879,1400,445,335,408,833,496,957,727,486,479,790,817,983,442,460,653,684,817,318,590,1138,678,987,277,548,469,590,650,691
"ENSG00000142676",1178,4177,3605,1671,2048,4217,6300,1931,2688,1781,4184,1794,4259,3940,3705,4004,6541,5276,2719,3205,1212,3496,3709,3091,2444,4627,2399,2844,3497,2385
"ENSG00000142684",438,398,347,130,320,565,417,227,303,183,310,245,609,478,380,350,676,461,483,324,317,421,449,361,107,345,304,394,202,179
"ENSG00000142686",17,12,5,12,14,15,2,19,15,3,8,4,4,8,15,15,4,13,3,17,17,4,6,2,6,6,10,9,10,6
"ENSG00000142694",22,24,56,8,28,42,37,40,58,16,29,34,56,34,45,30,37,33,32,36,33,53,35,15,15,18,18,16,30,20
"ENSG00000142751",93,28,39,19,29,20,36,41,29,29,38,34,36,41,37,33,80,43,18,46,84,23,26,31,9,34,23,62,16,35
"ENSG00000142867",130,353,247,159,156,278,345,216,294,106,213,222,289,251,320,358,154,306,197,223,143,224,163,108,118,314,249,208,238,266
"ENSG00000142892",16,49,15,25,21,22,24,25,44,10,19,37,28,17,20,33,12,28,36,19,6,17,25,10,15,16,33,21,33,38
"ENSG00000142959",6,5,10,3,4,4,4,5,12,12,14,10,8,9,7,9,7,11,5,3,5,11,8,12,3,12,6,3,7,4
"ENSG00000142961",62,56,72,43,58,57,69,92,58,69,63,49,72,86,71,87,25,97,33,91,48,53,81,20,29,62,78,26,51,52
"ENSG00000143013",17,247,58,61,26,140,81,181,127,77,49,145,120,100,91,133,18,79,113,49,20,137,105,61,12,88,81,74,80,131
"ENSG00000143067",96,225,51,91,65,288,123,139,159,99,83,152,107,84,401,269,23,131,80,372,83,198,121,65,73,74,120,235,162,245
"ENSG00000143110",18,6,6,13,3,3,4,2,8,27,37,4,21,5,11,7,14,13,26,13,4,2,20,58,0,5,2,5,8,5
"ENSG00000143153",32,200,88,159,31,363,164,115,341,72,56,57,320,57,427,419,62,254,92,272,30,237,249,22,60,82,20,382,164,237
"ENSG00000143155",197,286,153,128,124,259,209,183,235,76,176,185,265,181,282,295,165,197,214,225,200,208,252,73,127,231,195,246,194,275
"ENSG00000143157",198,151,100,110,74,115,83,105,117,35,85,65,107,123,155,166,34,154,28,129,186,53,100,18,58,98,121,99,53,100
"ENSG00000143158",91,238,99,117,70,196,125,218,265,90,94,148,180,113,178,135,88,142,229,142,40,189,149,50,48,111,112,201,200,254
"ENSG00000143178",3,10,24,4,10,17,13,17,3,16,14,17,8,27,8,11,11,23,10,9,7,15,14,9,12,29,10,7,20,17
"ENSG00000143179",178,140,135,80,79,133,184,167,109,69,120,68,184,140,171,142,246,139,168,236,161,119,116,147,49,91,127,320,97,129
"ENSG00000143183",131,185,186,124,125,210,221,228,226,107,94,203,195,190,238,209,100,205,185,196,94,171,208,122,79,189,162,193,195,227
"ENSG00000143195",5,1,3,14,4,6,9,7,20,11,5,4,2,8,28,10,2,13,4,42,0,5,4,1,5,6,1,8,13,12
"ENSG00000143222",30,116,47,34,41,91,73,68,64,30,53,66,54,87,70,70,57,62,72,43,34,103,86,48,34,91,53,47,88,99
"ENSG00000143228",5,44,16,22,4,24,29,10,35,6,6,22,16,7,31,39,7,20,23,11,3,12,16,9,6,18,29,14,33,52
"ENSG00000143256",141,448,340,154,207,561,311,392,368,269,213,356,603,283,399,433,535,394,760,269,153,478,572,642,140,325,219,496,299,410
"ENSG00000143315",46,176,121,120,87,135,114,106,181,111,47,142,97,76,143,130,28,171,130,76,27,105,97,38,53,136,120,80,151,159
"ENSG00000143321",783,596,370,344,429,493,446,597,625,189,516,451,343,468,487,498,389,554,235,724,837,319,307,233,214,386,586,703,415,428
"ENSG00000143333",1900,2306,1039,582,1078,1063,993,833,793,711,583,1314,846,1128,1270,997,1847,1317,1786,941,1461,1503,1161,923,831,741,1257,830,1437,938
"ENSG00000143344",228,739,95,268,233,265,225,221,586,286,171,296,170,295,308,324,72,554,170,339,289,323,194,221,44,164,386,294,228,254
"ENSG00000143368",84,141,75,64,92,79,63,68,75,37,46,72,81,69,97,76,54,89,47,88,61,59,96,51,22,70,94,101,72,89
"ENSG00000143376",0,8,16,2,3,8,13,8,10,4,3,13,8,2,19,13,1,7,2,5,0,3,8,2,2,14,10,0,14,20
"ENSG00000143384",315,562,409,324,234,447,445,611,389,207,443,413,329,466,439,481,151,509,222,526,269,354,383,111,165,517,411,461,586,398
"ENSG00000143387",4,5,6,5,10,4,4,9,5,45,3,17,4,10,5,1,1,4,9,7,2,14,7,9,3,14,3,13,6,4
"ENSG00000143401",54,263,68,145,85,149,145,73,310,67,57,174,96,52,266,237,68,127,305,110,54,116,83,125,129,128,147,173,257,336
"ENSG00000143443",3,7,6,3,1,4,6,15,11,9,5,5,5,12,8,2,9,5,7,15,9,8,2,10,4,7,8,17,2,8
"ENSG00000143457",14,43,44,32,19,31,37,45,37,10,34,34,29,25,71,47,14,45,29,59,19,32,30,16,10,46,44,39,48,52
"ENSG00000143458",2,13,16,8,3,7,7,4,13,4,6,8,12,8,20,16,3,9,6,15,2,6,7,3,7,11,15,15,10,16
"ENSG00000143499",8,28,21,30,3,32,27,30,51,22,12,23,29,22,30,24,13,29,23,20,8,30,30,18,8,17,29,14,31,40
"ENSG00000143507",195,549,298,138,131,557,590,307,293,104,244,181,510,405,459,604,226,374,222,363,297,362,451,119,158,279,244,238,200,218
"ENSG00000143543",75,308,223,107,174,292,283,295,218,139,205,292,338,254,217,222,250,267,284,167,52,276,297,240,82,283,234,118,205,242
"ENSG00000143545",20,23,7,4,0,12,15,7,9,7,16,11,23,21,7,25,18,11,9,11,14,27,15,19,10,6,1,11,16,6
"ENSG00000143553",153,184,139,68,113,189,131,205,178,112,130,134,229,246,98,162,187,185,131,204,105,155,154,110,43,120,129,191,112,103
"ENSG00000143570",100,152,151,92,73,201,124,114,140,45,195,52,181,143,150,281,89,155,39,133,109,137,192,39,88,111,119,45,95,87
"ENSG00000143575",13,36,16,24,12,39,26,23,37,16,18,38,44,44,37,26,9,15,17,15,17,25,62,11,12,12,25,23,22,33
"ENSG00000143590",0,1,13,0,4,7,11,4,4,1,16,7,7,6,4,6,6,6,11,4,4,15,1,5,2,6,3,3,4,5
"ENSG00000143603",484,785,385,340,264,404,506,1321,201,299,453,613,365,663,212,404,216,324,793,429,612,710,169,758,160,302,552,850,484,569
"ENSG00000143614",932,1293,1604,708,1010,1122,1322,1044,1184,1068,1248,1358,1347,1321,1674,1527,1131,1939,917,1519,1571,1108,758,636,689,1606,1156,1345,1151,1194
"ENSG00000143622",5,40,32,20,6,65,41,32,41,19,15,25,51,35,59,83,10,23,24,36,4,76,48,10,26,34,23,33,46,55
"ENSG00000143653",125,591,315,204,183,374,249,134,496,79,111,186,416,223,508,563,203,297,263,197,125,292,329,106,186,321,321,188,339,420
"ENSG00000143751",62,126,186,75,89,171,139,122,123,67,114,147,199,151,233,267,88,172,103,183,98,137,165,66,72,176,131,112,113,136
"ENSG00000143756",24,47,30,15,28,28,28,25,38,9,14,24,20,15,38,52,14,37,6,26,12,11,44,7,15,35,27,20,22,34
"ENSG00000143761",48,230,168,142,105,229,250,213,180,63,142,128,176,191,266,282,103,226,117,125,39,173,183,58,92,208,259,79,169,231
"ENSG00000143772",283,250,254,121,196,204,254,55,123,119,482,63,164,277,289,340,298,339,87,243,260,135,198,59,291,452,261,113,120,121
"ENSG00000143793",42,46,54,8,39,80,56,45,56,91,52,54,90,61,51,63,72,43,89,41,30,63,55,62,13,62,55,55,28,36
"ENSG00000143862",2,35,29,9,12,30,22,32,13,11,7,21,26,20,34,24,14,16,17,11,3,28,30,7,24,23,5,26,19,22
"ENSG00000143878",314,201,816,10,366,637,392,471,496,37,455,143,1154,323,337,872,679,229,154,541,1542,506,1029,60,168,307,145,731,277,379
"ENSG00000143942",28,172,26,67,37,59,46,56,75,27,25,88,44,33,52,71,14,52,73,40,18,35,43,37,13,53,67,37,77,65
"ENSG00000143970",14,7,31,14,8,4,14,13,12,7,8,5,5,11,32,34,4,20,1,40,28,10,6,1,9,13,12,15,5,11
"ENSG00000143971",11,39,17,11,14,32,28,19,19,16,10,39,39,15,25,28,17,31,32,26,9,17,20,11,8,22,23,45,23,25
"ENSG00000144021",26,69,77,28,33,81,85,57,87,73,32,58,109,78,69,112,40,70,37,18,16,99,86,36,24,66,84,27,42,53
"ENSG00000144048",7,49,25,31,15,29,20,12,47,7,13,34,44,11,59,46,8,22,20,23,2,26,49,6,17,34,33,20,41,36
"ENSG00000144118",1,60,16,23,8,27,21,21,32,9,18,10,34,6,42,41,6,20,12,8,6,26,19,7,17,26,22,7,40,38
"ENSG00000144214",3,8,6,4,4,17,4,8,4,19,5,12,14,9,9,7,3,7,18,4,5,16,7,13,2,8,3,7,12,6
"ENSG00000144231",9,35,33,22,18,28,27,31,36,9,16,17,32,23,30,39,16,39,16,19,9,18,22,10,10,36,37,16,25,36
"ENSG00000144233",285,431,320,304,190,388,334,309,317,209,178,346,426,260,507,519,147,455,192,358,346,339,342,96,197,379,273,234,326,406
"ENSG00000144354",121,91,73,77,32,122,143,44,116,40,83,36,51,37,86,66,45,103,56,122,143,24,66,50,20,82,126,65,93,101
"ENSG00000144476",85,72,404,193,115,204,107,95,358,141,149,40,177,51,512,486,266,387,34,158,244,84,329,13,222,147,146,148,60,70
"ENSG00000144597",138,163,216,80,95,153,115,193,109,50,145,85,141,171,198,258,56,146,47,191,204,95,144,29,70,145,141,124,105,146
"ENSG00000144647",11,12,6,11,13,3,5,23,38,23,2,3,7,6,3,19,2,7,2,11,5,8,4,0,0,3,8,54,4,4
"ENSG00000144655",142,107,199,77,105,151,169,165,145,143,234,109,198,243,194,261,218,215,66,233,233,239,243,67,132,172,101,107,150,159
"ENSG00000144659",53,88,71,41,62,69,49,68,78,45,79,37,86,64,95,97,51,96,30,76,64,51,65,25,30,84,68,35,52,35
"ENSG00000144713",9,52,36,27,101,59,60,22,55,11,32,32,62,42,51,46,55,58,44,28,10,58,94,28,46,66,29,42,60,52
"ENSG00000144741",7,53,46,18,27,47,43,29,42,13,16,37,55,60,64,52,23,47,19,22,5,47,47,7,21,54,26,11,44,49
"ENSG00000144746",48,237,214,117,148,184,102,218,230,34,115,79,163,175,167,178,76,222,57,85,48,160,188,79,70,188,127,91,96,90
"ENSG00000144785",289,742,338,279,341,469,407,592,526,297,284,496,527,337,451,418,513,486,419,507,212,430,536,676,152,439,388,591,390,386
"ENSG00000144791",21,26,42,21,27,23,31,39,34,25,25,36,18,37,21,42,9,33,15,70,31,20,15,9,30,31,47,25,27,43
"ENSG00000144827",24,37,19,20,16,15,17,41,44,4,18,7,27,20,24,36,14,16,13,22,16,18,21,5,13,17,28,21,9,17
"ENSG00000144840",1,15,12,8,1,9,17,6,22,2,5,20,16,5,16,15,1,8,10,7,1,6,18,2,7,15,12,3,14,26
"ENSG00000144843",11,16,9,16,6,23,13,31,19,12,14,11,13,22,27,26,1,28,7,21,6,12,11,7,8,10,19,10,17,14
"ENSG00000144909",53,320,153,198,96,171,140,152,248,63,57,160,152,111,255,232,44,189,106,135,55,114,96,34,74,205,142,148,223,243
"ENSG00000145022",8,36,19,11,16,9,8,21,25,9,5,18,22,13,23,19,9,23,2,15,4,9,8,7,7,21,11,13,21,12
"ENSG00000145029",17,22,20,15,24,17,24,26,21,23,21,26,15,12,15,17,13,40,8,31,21,16,13,12,12,21,18,21,16,18
"ENSG00000145050",45,143,50,33,22,85,98,79,51,34,36,109,73,72,49,74,52,73,143,50,11,94,81,32,17,54,60,49,74,95
"ENSG00000145088",91,108,26,30,10,22,54,52,69,32,49,54,26,49,41,40,42,32,44,69,39,35,31,47,13,29,46,124,62,74
"ENSG00000145103",44,30,25,19,18,33,41,53,19,19,43,40,25,66,38,44,10,37,20,49,78,21,41,14,24,26,58,37,23,38
"ENSG00000145284",10,29,4,4,1,30,17,37,38,1,7,19,15,8,28,6,2,6,4,15,13,10,25,2,12,25,26,30,3,33
"ENSG00000145287",24,184,84,74,69,145,73,80,314,49,32,107,37,108,130,134,42,111,80,162,48,70,223,10,39,206,41,252,146,90
"ENSG00000145293",308,614,328,253,253,532,398,441,497,167,308,337,503,315,538,560,288,357,394,438,278,364,384,205,215,379,369,495,430,572
"ENSG00000145332",2,13,9,7,2,3,3,4,18,1,2,3,7,0,10,9,0,9,3,3,0,9,6,0,9,10,9,3,10,10
"ENSG00000145337",79,311,176,98,241,252,200,168,288,81,109,133,266,142,317,287,155,299,151,201,75,192,248,98,76,224,180,187,233,229
"ENSG00000145354",41,67,28,25,15,18,26,49,43,11,20,41,47,12,59,53,38,39,22,65,44,23,22,14,18,52,29,72,32,46
"ENSG00000145365",90,489,444,268,178,498,468,202,336,102,191,335,489,205,655,687,161,479,272,253,126,269,592,107,240,459,377,234,514,477
"ENSG00000145375",29,63,24,51,26,36,30,28,54,10,17,26,33,27,64,64,12,49,13,47,12,30,22,12,14,34,34,39,39,45
"ENSG00000145386",758,1449,833,684,366,1186,1138,795,1358,196,838,652,679,632,1041,1252,507,759,951,1012,687,412,565,424,319,675,1336,1327,990,1631
"ENSG00000145476",2,20,6,26,3,9,7,3,22,16,3,13,10,3,13,19,1,11,11,10,0,5,4,3,2,8,8,9,9,14
"ENSG00000145494",81,235,65,61,97,213,132,149,180,90,108,128,193,115,98,166,121,158,154,70,35,158,132,171,44,103,194,104,96,103
"ENSG00000145545",21,34,45,10,24,28,31,39,37,10,41,12,62,38,27,61,30,36,12,44,47,39,50,20,11,41,28,51,17,18
"ENSG00000145604",8,32,15,20,9,19,15,14,25,4,10,11,18,13,33,32,8,17,10,13,5,7,16,7,3,9,32,15,17,26
"ENSG00000145715",11,38,27,13,26,10,23,13,23,6,35,32,14,26,34,22,14,80,8,28,20,10,27,8,9,28,34,11,19,15
"ENSG00000145779",288,317,324,140,188,312,340,256,236,73,325,230,274,247,310,320,237,334,135,398,343,176,259,116,80,325,248,495,219,232
"ENSG00000145780",152,358,505,185,243,294,339,290,231,131,319,277,406,278,506,651,212,312,189,365,324,376,359,44,247,543,258,298,365,403
"ENSG00000145781",6,24,14,8,7,16,11,13,14,3,5,12,8,11,19,20,7,7,9,17,5,12,9,7,3,14,5,17,14,19
"ENSG00000145817",5,86,54,51,28,46,30,35,66,6,22,31,36,25,69,70,14,77,33,28,13,31,52,15,24,58,53,15,64,73
"ENSG00000145850",23,40,33,10,5,27,30,174,15,44,30,146,46,63,33,15,0,58,148,87,4,63,37,64,6,6,93,49,70,126
"ENSG00000145882",14,6,8,7,5,12,6,9,13,12,5,5,12,12,9,19,10,8,6,10,13,8,13,3,5,5,16,9,4,11
"ENSG00000145907",89,53,27,29,41,44,38,39,54,13,36,22,26,38,62,46,21,26,12,59,75,31,35,7,26,54,83,22,27,46
"ENSG00000145908",0,15,2,1,0,16,2,0,8,5,4,1,2,15,15,16,0,8,5,3,0,16,13,2,0,26,0,1,24,11
"ENSG00000145911",318,368,379,227,226,685,859,562,362,474,1342,490,418,742,630,861,661,542,661,697,864,1112,335,417,397,436,479,867,296,794
"ENSG00000145936",22,28,8,11,13,2,3,0,3,10,0,1,2,3,22,3,4,48,0,11,4,2,22,0,6,5,6,0,31,1
"ENSG00000145945",193,234,242,107,94,298,208,192,206,120,239,233,257,206,188,87,153,214,143,244,164,123,250,262,53,137,166,242,120,143
"ENSG00000145979",7,82,75,37,29,73,58,48,60,22,19,33,77,46,53,85,13,34,30,20,9,54,72,8,31,72,45,21,61,98
"ENSG00000145982",25,33,21,26,18,25,23,27,22,5,22,19,20,19,25,27,20,18,15,15,17,24,10,15,11,30,18,24,20,38
"ENSG00000145990",361,1154,1172,343,434,1117,510,1071,817,243,721,791,842,550,1241,1229,446,1068,739,654,866,1173,702,487,565,876,584,1119,582,928
"ENSG00000145996",46,73,33,34,21,41,38,37,42,20,46,40,42,25,58,44,25,41,21,65,43,38,34,22,24,36,40,64,48,54
"ENSG00000146007",93,310,183,126,123,267,253,134,217,119,127,248,255,163,225,230,175,141,193,148,73,165,163,121,104,190,182,130,179,186
"ENSG00000146066",135,326,328,144,185,459,394,248,270,279,227,282,570,406,232,298,550,303,464,187,164,488,525,473,176,257,249,236,275,257
"ENSG00000146072",54,41,1,85,8,128,89,129,41,111,13,8,62,52,56,209,8,55,46,260,9,281,24,10,6,12,5,280,18,42
"ENSG00000146085",92,345,250,221,126,281,274,188,392,137,162,260,279,175,396,311,117,285,206,236,107,234,252,79,115,284,297,221,321,353
"ENSG00000146109",373,710,501,325,271,578,526,554,668,288,354,449,669,454,550,615,465,522,435,522,299,487,600,286,188,494,420,542,379,426
"ENSG00000146112",37,242,146,92,55,164,126,134,149,60,44,116,175,162,172,137,55,149,124,57,35,173,170,49,64,110,113,49,165,173
"ENSG00000146197",6,6,7,2,2,4,8,2,3,27,4,11,1,4,6,4,0,15,25,7,5,11,2,10,3,6,10,15,6,7
"ENSG00000146232",347,1061,1409,521,684,2217,1672,708,737,1137,982,966,2662,1783,1819,2254,1352,1518,1201,793,609,2516,1808,659,1023,1649,676,531,820,680
"ENSG00000146242",28,183,28,34,104,31,91,148,34,48,120,345,58,28,14,48,24,168,9,21,222,29,74,36,11,71,325,58,45,11
"ENSG00000146243",32,39,16,25,19,21,24,21,40,13,26,31,43,22,37,32,30,24,18,26,30,23,32,11,5,26,18,40,27,22
"ENSG00000146247",159,702,373,299,262,377,456,409,395,395,216,569,173,283,519,523,193,641,566,498,152,490,141,308,216,493,264,569,498,478
"ENSG00000146278",40,272,407,109,163,311,441,343,213,151,358,608,313,348,423,376,299,420,417,294,81,566,283,225,251,553,178,244,506,443
"ENSG00000146281",79,85,128,67,42,106,91,48,99,13,75,132,69,125,257,192,79,132,129,161,108,56,121,51,80,145,182,153,158,327
"ENSG00000146376",6,60,27,31,14,60,56,23,71,25,14,104,44,22,67,53,6,60,65,26,10,55,36,24,27,45,72,28,70,122
"ENSG00000146386",14,139,49,50,27,58,85,49,64,20,32,66,74,38,70,77,16,113,79,36,10,63,71,51,32,55,88,32,84,91
"ENSG00000146411",4,4,10,4,0,14,4,11,8,3,4,6,9,3,2,4,5,8,14,3,3,2,2,12,3,4,8,4,6,5
"ENSG00000146425",6,41,12,12,16,14,30,34,17,19,17,20,24,13,31,20,21,29,22,22,8,20,22,21,2,11,14,39,27,21
"ENSG00000146433",63,171,129,82,91,189,125,90,122,186,84,170,163,106,167,291,40,174,113,83,102,190,124,82,78,154,87,133,158,174
"ENSG00000146476",24,61,37,34,13,33,33,25,62,6,16,18,24,19,38,50,7,29,21,31,12,8,28,4,19,23,31,33,56,37
"ENSG00000146576",23,39,34,33,19,46,21,39,42,29,18,23,44,40,42,53,13,38,19,22,16,39,35,11,20,42,35,24,22,27
"ENSG00000146670",66,52,48,41,36,50,58,43,37,10,61,44,26,58,36,51,31,49,37,68,60,16,18,16,14,38,100,60,33,69
"ENSG00000146676",433,911,615,507,512,677,568,477,863,306,403,802,778,419,1099,981,243,822,458,502,415,570,620,187,305,752,654,530,683,800
"ENSG00000146757",5,12,10,10,6,7,12,18,8,4,14,6,13,17,9,17,3,7,8,12,8,8,4,4,10,7,14,8,3,15
"ENSG00000146802",5,17,16,10,8,8,4,7,8,8,6,8,12,8,13,11,1,15,8,7,5,9,10,2,8,10,13,2,14,10
"ENSG00000146833",12,50,33,21,16,29,46,21,38,15,28,23,46,18,74,48,11,35,24,42,27,34,37,7,22,54,20,26,52,59
"ENSG00000146856",16,7,7,3,16,26,12,9,10,29,14,15,4,14,9,11,12,18,26,16,6,14,13,10,4,15,15,11,22,17
"ENSG00000146858",19,20,47,8,5,40,29,17,27,9,35,24,50,29,24,47,37,26,20,29,29,26,25,17,14,25,32,18,11,23
"ENSG00000146872",17,29,27,14,20,29,32,30,33,21,22,48,17,20,45,32,13,34,14,43,12,20,32,13,11,31,23,37,29,29
"ENSG00000147065",984,899,659,528,578,689,777,943,837,344,627,736,528,903,618,683,353,699,491,1071,1256,646,410,279,369,689,729,1160,755,889
"ENSG00000147118",48,173,120,68,45,128,155,125,79,113,107,176,153,123,140,127,68,139,153,142,63,106,78,88,48,160,83,173,148,189
"ENSG00000147119",201,276,335,83,209,383,336,184,211,148,251,219,388,397,411,493,200,224,164,340,330,235,276,108,101,354,157,124,201,154
"ENSG00000147123",918,1038,758,386,634,1033,802,954,964,778,894,916,1077,1452,734,710,1310,781,1139,716,685,1014,833,1202,320,821,795,951,677,629
"ENSG00000147124",22,17,16,13,7,19,21,22,14,12,16,10,12,17,34,16,8,25,15,29,19,15,12,9,7,13,28,25,13,27
"ENSG00000147138",24,77,59,92,13,104,102,56,103,30,33,43,59,43,192,240,8,79,69,94,19,116,88,2,15,42,30,104,84,134
"ENSG00000147155",45,138,135,36,44,115,127,152,92,68,68,94,108,88,74,93,77,105,103,65,39,89,66,103,31,90,83,102,94,86
"ENSG00000147164",19,25,34,11,9,31,38,21,31,9,32,20,25,26,27,38,26,25,15,35,16,24,16,14,20,19,30,8,20,26
"ENSG00000147180",5,47,37,3,20,23,33,26,2,3,17,56,26,25,47,40,2,70,7,3,6,10,2,10,9,24,10,69,8,18
"ENSG00000147202",167,195,131,99,86,187,137,119,176,48,184,123,112,152,212,223,120,151,131,190,270,180,82,105,105,134,133,187,138,182
"ENSG00000147251",4,20,18,10,5,13,9,10,13,3,9,6,8,12,33,35,3,16,4,15,2,3,12,3,15,12,12,4,9,9
"ENSG00000147324",33,34,55,23,21,45,56,37,59,42,59,30,37,66,51,92,58,40,40,117,49,80,15,39,13,25,17,83,41,46
"ENSG00000147383",154,303,213,101,126,263,242,239,204,72,151,152,292,207,235,293,168,239,162,181,180,199,266,96,76,194,238,211,158,179
"ENSG00000147400",33,111,33,56,39,62,48,43,87,46,30,96,66,51,76,57,76,68,84,40,26,63,91,52,23,36,47,54,94,105
"ENSG00000147437",0,5,1,1,3,8,3,1,2,20,2,4,5,3,1,4,3,9,15,4,1,11,9,13,2,5,3,8,11,5
"ENSG00000147533",140,26,25,19,13,34,50,34,41,22,65,53,39,51,28,44,49,38,37,62,188,43,33,16,18,31,24,79,32,31
"ENSG00000147535",49,122,110,37,39,151,121,104,45,61,91,114,184,113,126,123,85,85,95,99,68,172,181,52,35,121,71,79,90,102
"ENSG00000147548",96,156,298,98,121,169,252,183,169,99,235,195,170,237,261,233,162,175,140,296,146,200,177,94,129,273,159,226,136,260
"ENSG00000147592",10,6,5,6,7,3,4,8,8,6,11,6,9,8,7,7,11,6,20,8,6,3,4,6,5,3,3,17,9,5
"ENSG00000147642",11,35,33,6,36,17,22,3,29,4,31,31,16,41,21,40,22,6,16,10,50,9,13,29,27,29,34,21,22,9
"ENSG00000147654",49,166,154,89,70,140,152,158,138,70,78,147,182,93,156,141,111,142,138,173,67,116,139,101,45,141,102,176,152,170
"ENSG00000147669",17,136,47,41,32,77,68,31,72,14,24,68,86,16,100,83,57,102,80,40,12,51,83,44,37,69,28,62,75,81
"ENSG00000147789",9,18,13,10,10,21,13,12,10,20,9,6,18,21,19,14,2,22,7,13,3,15,21,4,9,23,24,10,19,10
"ENSG00000147799",15,2,3,3,2,3,8,0,9,20,1,2,12,12,10,2,6,8,2,7,14,3,3,1,3,1,5,0,1,4
"ENSG00000147804",117,194,129,69,94,290,157,238,255,127,266,98,76,16,197,201,146,193,297,224,151,224,191,178,67,122,126,156,80,59
"ENSG00000147853",85,107,50,31,83,84,61,45,73,30,97,56,82,53,68,67,79,94,55,113,145,61,58,55,47,74,52,135,85,67
"ENSG00000147894",11,11,26,10,11,20,30,14,20,6,19,7,16,24,29,39,23,22,22,18,17,20,27,5,19,22,13,24,24,21
"ENSG00000147912",421,348,269,226,138,218,273,308,249,265,314,422,340,320,325,233,243,573,174,362,172,178,192,225,204,291,515,237,315,157
"ENSG00000148053",35,210,11,76,18,121,102,26,65,20,34,16,101,94,285,162,26,68,17,111,14,63,95,22,27,22,32,19,89,34
"ENSG00000148057",20,35,30,25,25,37,17,23,34,40,12,59,74,32,46,33,25,28,47,22,14,30,44,26,12,40,23,45,37,30
"ENSG00000148110",88,76,34,43,27,44,24,41,60,17,25,28,60,40,59,68,34,74,27,28,60,34,44,18,39,36,43,49,70,62
"ENSG00000148153",15,31,13,9,5,19,15,14,17,6,7,18,14,11,16,22,5,10,5,7,11,13,16,2,3,19,39,18,7,17
"ENSG00000148175",55,55,168,41,34,80,101,6,84,24,60,30,94,81,145,99,37,82,44,115,77,71,136,26,77,99,75,59,57,65
"ENSG00000148187",4,38,12,18,13,28,17,17,20,6,9,25,19,18,31,28,6,26,13,10,3,18,21,7,8,19,17,10,40,26
"ENSG00000148200",17,10,8,16,13,27,6,6,12,10,22,12,8,9,14,37,9,30,7,29,20,17,12,7,12,24,38,5,13,3
"ENSG00000148229",337,132,108,74,121,110,94,146,126,63,109,97,99,105,111,95,108,99,77,190,159,37,80,80,31,112,143,261,63,105
"ENSG00000148248",8,13,11,11,9,24,20,12,12,8,16,13,16,22,22,25,5,26,6,16,10,10,11,6,17,15,25,7,11,24
"ENSG00000148288",20,17,9,8,16,19,17,21,35,3,12,17,21,41,22,40,9,22,5,23,36,24,31,1,2,10,10,11,20,15
"ENSG00000148291",64,53,60,29,58,70,42,48,75,50,37,30,76,50,69,54,53,49,41,72,34,51,54,50,12,75,54,79,26,39
"ENSG00000148296",392,412,287,128,297,375,273,272,372,307,279,321,276,366,304,363,318,377,221,327,242,351,279,277,114,310,383,331,164,170
"ENSG00000148331",279,341,227,162,175,271,189,277,314,228,143,225,301,276,261,271,188,317,176,233,162,203,267,115,91,228,298,239,179,197
"ENSG00000148384",561,359,403,210,310,550,325,394,290,801,451,401,494,501,508,434,420,522,320,460,555,570,569,291,139,445,471,355,245,232
"ENSG00000148411",7,15,1,6,0,5,3,13,8,4,13,9,9,11,6,16,5,18,0,8,0,7,3,3,4,1,0,16,1,4
"ENSG00000148429",543,598,234,418,300,260,422,552,506,286,565,385,312,300,434,465,151,641,286,579,470,266,230,275,214,309,316,319,386,356
"ENSG00000148450",25,84,24,53,18,56,64,72,100,27,23,72,63,60,84,51,42,29,57,60,25,71,50,57,28,41,46,102,53,83
"ENSG00000148484",191,252,102,101,80,99,80,173,161,50,76,108,108,97,140,139,92,178,72,101,105,136,111,45,58,105,102,126,96,112
"ENSG00000148572",44,28,25,12,27,20,26,30,22,5,25,24,31,32,16,25,32,32,6,37,36,15,26,19,6,18,22,30,6,19
"ENSG00000148671",2,15,3,2,1,7,16,3,3,62,4,7,25,8,9,16,8,1,7,5,2,8,22,6,0,2,6,3,5,6
"ENSG00000148719",83,85,83,35,58,81,59,83,68,89,53,62,75,108,81,60,51,65,79,73,47,56,69,93,37,61,93,77,51,61
"ENSG00000148730",648,1341,496,626,451,618,850,779,1258,358,551,830,657,626,849,707,372,983,601,800,442,588,373,337,280,756,976,813,900,1335
"ENSG00000148798",10,7,11,9,6,2,6,5,16,1,2,7,2,16,3,5,4,14,5,11,7,3,2,2,4,36,10,5,1,5
"ENSG00000148803",63,35,44,33,27,57,55,59,60,26,59,66,53,69,49,60,87,45,32,56,64,62,50,47,21,43,50,66,39,48
"ENSG00000148834",31,242,117,98,54,222,197,116,143,53,78,120,250,87,189,274,46,161,122,64,34,142,233,74,89,173,176,66,212,197
"ENSG00000148835",57,229,136,126,87,132,131,88,173,73,89,130,143,81,127,186,58,122,147,105,50,76,58,71,73,160,164,137,130,199
"ENSG00000148925",90,214,70,95,57,90,67,100,127,34,56,104,88,63,120,107,45,104,68,115,125,62,99,36,54,92,101,99,109,126
"ENSG00000148926",23,18,133,1,54,46,65,34,5,11,160,139,92,125,19,31,159,6,231,131,75,126,32,167,50,176,57,4,157,111
"ENSG00000148935",47,166,64,227,13,154,84,36,333,160,55,78,176,28,309,66,15,125,159,162,6,146,70,38,17,49,21,143,248,297
"ENSG00000148943",68,210,137,100,79,125,130,90,176,56,88,182,139,72,197,258,53,130,125,122,51,105,138,28,72,169,110,122,112,172
"ENSG00000148948",5,10,5,4,0,32,37,39,0,2,20,4,31,22,19,23,16,5,12,10,10,5,20,16,3,1,2,2,16,16
"ENSG00000148950",0,20,2,5,7,8,0,5,9,2,1,7,21,10,8,5,1,6,7,2,0,2,10,1,4,4,3,5,16,7
"ENSG00000148985",1,6,4,5,3,7,5,10,8,4,8,5,8,6,8,10,2,15,3,5,1,6,7,2,4,10,4,7,10,8
"ENSG00000149054",6,50,16,10,33,37,29,23,49,23,43,16,33,48,12,51,6,61,34,70,8,37,28,15,16,35,56,34,49,23
"ENSG00000149084",35,94,67,34,42,89,97,63,136,32,114,51,63,99,97,189,56,101,33,69,54,76,78,32,24,68,80,25,58,80
"ENSG00000149089",4,19,5,11,10,13,14,6,20,4,8,9,19,6,19,27,4,15,17,11,3,6,12,3,10,13,11,9,15,9
"ENSG00000149091",24,18,20,15,19,7,18,24,15,36,16,15,9,13,14,11,14,24,10,29,3,19,14,6,2,11,24,25,6,11
"ENSG00000149100",638,2031,1744,1085,1178,2070,1863,1214,2205,714,1032,1810,2441,1543,2468,2009,1173,1733,1732,1573,575,1632,2030,863,966,2285,1349,1736,1851,2023
"ENSG00000149115",8,34,19,11,14,34,34,34,22,26,24,15,26,24,42,31,35,48,25,30,29,15,30,33,8,23,4,37,19,14
"ENSG00000149136",3985,5491,3507,2741,2838,4065,3991,4153,4290,1749,2894,2728,3657,3678,4617,4763,3435,3741,2780,4534,3060,2835,2595,2230,1718,3393,4814,5768,3257,4495
"ENSG00000149150",97,183,415,163,155,328,376,84,461,118,190,189,280,321,540,448,151,265,245,447,172,229,242,153,177,315,252,361,200,281
"ENSG00000149177",29,10,55,4,48,33,10,24,19,4,45,74,73,56,14,33,80,36,32,48,118,63,54,79,73,53,34,32,40,68
"ENSG00000149179",157,158,115,67,73,119,107,126,131,76,98,112,129,112,114,114,114,94,76,135,136,118,77,64,54,93,122,170,108,106
"ENSG00000149182",491,617,380,421,373,431,362,389,593,344,293,295,406,429,582,473,265,658,171,475,355,381,372,149,232,440,577,350,405,360
"ENSG00000149187",298,573,529,436,333,428,521,273,560,192,334,339,357,461,838,911,187,755,200,648,397,409,344,102,282,493,559,361,432,529
"ENSG00000149196",60,197,84,78,76,120,134,120,139,78,93,71,134,81,125,172,145,109,133,118,51,104,126,102,51,96,108,117,112,118
"ENSG00000149212",6,5,5,21,7,7,10,14,44,3,8,2,11,5,14,28,1,21,3,10,6,3,15,3,8,23,4,3,23,21
"ENSG00000149218",279,829,225,358,123,615,474,549,570,139,279,330,588,464,665,639,105,477,457,467,245,553,376,77,90,310,288,526,647,885
"ENSG00000149231",52,168,80,90,68,98,113,93,205,118,44,155,99,62,175,149,46,188,123,153,32,68,72,57,48,130,107,117,154,151
"ENSG00000149257",194,370,664,167,311,1023,374,260,301,185,293,173,908,456,610,709,664,305,305,327,372,492,1302,284,178,400,261,378,341,238
"ENSG00000149260",14,7,4,23,4,2,4,9,3,1,5,1,2,12,2,1,2,12,4,13,8,1,10,0,1,5,1,4,9,7
"ENSG00000149262",87,260,126,116,86,167,162,180,177,175,87,155,165,137,154,159,140,201,215,122,54,175,132,148,59,131,139,185,160,180
"ENSG00000149269",1191,3739,926,694,588,1686,1159,1717,1128,789,1096,1941,1388,1144,1684,1643,815,1606,1235,1031,988,2632,1452,624,678,1189,1558,1080,2025,2162
"ENSG00000149273",529,1931,1800,905,1471,2717,1785,1090,1932,761,971,1339,2512,1696,1758,1972,1218,1524,1324,977,754,2030,3251,898,1384,2148,1584,973,1693,2038
"ENSG00000149289",294,722,800,401,330,1094,996,461,395,387,576,458,1280,590,1783,2001,277,818,350,977,1206,866,768,223,851,544,423,301,607,868
"ENSG00000149308",200,543,299,385,269,320,429,284,394,282,239,362,344,246,578,569,101,548,264,380,211,312,265,118,164,403,385,294,348,420
"ENSG00000149313",115,727,269,328,207,384,312,245,503,83,132,300,390,154,532,574,129,412,248,263,123,237,343,107,182,391,300,289,454,459
"ENSG00000149328",11,9,37,9,14,29,8,32,56,14,20,24,4,39,8,15,4,8,6,0,25,3,1,2,1,25,44,27,1,1
"ENSG00000149357",1157,1578,796,687,717,1139,825,1084,1119,441,716,711,1288,930,1023,927,921,989,540,968,1005,974,1150,506,520,990,876,1029,849,887
"ENSG00000149397",176,528,267,247,178,348,294,283,390,198,149,230,415,248,314,403,207,273,382,257,110,361,343,283,120,239,411,297,267,414
"ENSG00000149403",22,30,12,1,6,15,15,33,9,23,9,8,7,1,11,12,8,22,3,13,8,40,9,12,10,10,10,33,15,13
"ENSG00000149428",6337,5145,2098,2367,2468,2541,2383,3852,2301,1535,2694,3735,2533,3507,3493,4031,2524,3791,1752,3406,3264,3061,3264,1286,1598,2725,4275,2561,2691,2808
"ENSG00000149476",74,304,121,83,100,195,208,166,187,68,81,136,90,136,144,111,63,119,92,119,56,183,152,64,79,129,228,103,138,219
"ENSG00000149480",3633,4463,2017,1866,1679,3027,2717,3803,2360,2403,2134,2823,2921,2426,2437,2602,1845,3487,1990,2399,2019,2772,2341,2194,785,2574,3133,2927,1814,2247
"ENSG00000149483",21,220,48,60,44,70,58,56,50,35,11,55,74,34,84,69,19,92,50,31,8,74,64,19,43,86,76,28,79,72
"ENSG00000149489",12,21,14,7,17,23,14,17,22,52,17,23,25,22,13,14,13,25,22,19,6,21,14,11,4,15,13,13,18,12
"ENSG00000149503",1591,1237,1183,780,699,1252,1414,1406,1411,596,1509,975,768,1155,1047,1512,738,1282,899,1800,1452,739,529,819,373,885,1854,2174,937,1388
"ENSG00000149541",77,161,89,76,86,109,118,113,113,181,84,93,168,156,90,115,69,126,152,78,44,135,120,80,59,123,143,85,106,98
"ENSG00000149547",64,100,41,52,57,88,68,68,91,25,69,51,45,63,68,108,30,72,35,55,44,61,63,22,38,64,116,59,64,84
"ENSG00000149548",28,80,52,65,18,34,51,37,42,27,20,47,32,34,51,47,24,51,56,40,14,31,29,32,7,33,52,65,65,99
"ENSG00000149554",130,326,171,164,113,271,257,184,222,51,98,131,152,99,259,267,80,202,179,194,79,88,120,86,54,151,227,251,228,323
"ENSG00000149557",137,347,95,26,33,55,13,385,29,5,236,104,51,31,28,24,42,102,71,21,101,70,100,44,18,43,255,17,93,25
"ENSG00000149564",32,101,28,54,4,117,46,18,122,101,24,38,74,70,183,151,14,72,52,73,16,116,138,16,22,66,124,28,89,95
"ENSG00000149577",47,78,80,82,34,96,69,113,191,146,51,93,89,97,125,110,40,93,65,102,44,108,99,23,32,77,71,68,84,110
"ENSG00000149582",19,12,30,3,11,9,21,9,22,18,11,9,25,31,18,30,20,18,16,15,16,16,18,5,11,11,19,25,6,7
"ENSG00000149600",11,29,12,26,5,18,27,18,39,11,15,14,14,17,30,21,27,34,8,29,6,26,27,8,6,28,20,9,25,25
"ENSG00000149634",5,7,4,5,2,16,10,7,4,11,5,13,4,6,10,6,3,14,6,8,6,7,7,5,0,11,9,10,9,5
"ENSG00000149635",6,23,5,0,20,3,5,1,9,10,2,2,10,4,7,6,25,14,1,1,17,4,31,3,4,6,6,1,3,3
"ENSG00000149636",4,22,9,20,9,18,16,7,27,10,5,19,20,7,13,14,2,16,14,9,3,14,17,3,2,18,13,9,28,27
"ENSG00000149657",124,97,125,48,84,78,96,140,86,36,108,60,116,110,124,147,107,113,49,185,177,70,88,30,65,117,86,151,64,82
"ENSG00000149679",177,113,48,67,34,71,63,97,61,59,64,42,44,70,62,80,22,84,38,74,86,48,43,42,18,45,124,102,65,71
"ENSG00000149716",16,42,17,12,10,29,28,16,28,22,9,13,29,16,27,30,11,26,21,23,12,32,34,10,8,20,21,11,22,24
"ENSG00000149743",219,376,402,123,179,377,401,404,275,573,346,409,425,370,253,285,395,363,522,294,224,327,360,552,204,343,364,368,312,291
"ENSG00000149761",351,627,285,173,248,364,402,509,481,499,467,441,405,526,329,347,358,482,463,298,259,496,385,437,172,384,521,268,387,356
"ENSG00000149781",3577,4832,3023,2248,2253,3550,3759,4195,4282,3481,3196,2485,3979,4257,3657,3813,3135,3727,2543,4170,3522,3924,4208,2391,1631,3175,3316,3085,2314,2921
"ENSG00000149782",296,388,176,162,209,329,355,288,262,368,274,326,424,356,286,312,197,318,320,299,232,327,269,232,98,227,335,411,223,251
"ENSG00000149792",934,1222,613,628,557,838,770,904,831,400,758,553,959,810,895,870,952,1038,571,989,863,661,698,585,269,838,887,850,663,644
"ENSG00000149798",30,87,84,31,31,38,47,33,137,101,46,25,104,42,79,78,58,172,31,46,32,41,137,22,25,36,57,29,50,32
"ENSG00000149806",165,1223,693,404,367,879,586,560,843,402,315,555,1165,648,757,1067,448,706,636,299,135,919,1105,398,459,887,597,249,668,655
"ENSG00000149809",375,360,197,108,130,289,295,269,237,317,199,282,349,413,205,221,307,320,306,176,261,371,306,378,73,235,396,203,210,151
"ENSG00000149823",1296,2191,2015,817,1376,2132,1891,1959,2179,1959,1957,1621,2313,2282,2068,2053,1771,2129,1307,2138,1477,2072,1424,1819,825,1785,2032,1498,1700,1487
"ENSG00000149922",13,6,36,3,8,21,27,15,10,7,48,22,32,18,24,14,35,15,19,37,43,28,24,27,6,16,2,29,5,18
"ENSG00000149923",1553,2396,1395,873,987,2108,1627,1784,1837,1298,1198,1411,1936,1666,1559,1621,1613,1471,1503,1378,1764,1721,1464,1394,685,1584,1496,2021,1298,1437
"ENSG00000149925",11314,12602,16845,4880,10741,15481,16268,17703,12227,6961,19694,13853,19820,20402,12761,15942,20071,12455,14107,16728,12357,17178,12108,16705,6769,15105,12151,21270,10752,14051
"ENSG00000149929",181,339,204,148,139,257,227,235,279,154,144,147,225,238,191,175,213,190,235,231,122,137,111,199,64,175,228,301,138,205
"ENSG00000149930",473,541,388,321,324,346,372,592,445,419,348,358,373,385,389,446,159,591,182,461,325,394,342,166,125,393,636,397,354,328
"ENSG00000149932",438,600,561,285,362,702,787,677,666,630,672,688,899,727,521,606,741,604,667,707,715,896,728,505,276,567,374,514,556,617
"ENSG00000150316",269,630,397,315,293,704,546,411,510,356,319,694,794,423,622,539,501,529,938,498,257,606,620,538,213,536,359,728,428,508
"ENSG00000150433",89,165,87,81,44,115,106,108,126,91,64,79,191,85,139,94,106,157,114,105,51,77,140,132,42,106,89,109,148,134
"ENSG00000150456",7,24,10,8,8,14,20,8,15,3,2,7,16,2,18,7,5,15,13,11,5,8,11,9,3,15,14,5,5,11
"ENSG00000150477",4,10,4,13,7,7,12,12,4,15,5,8,4,11,6,8,6,11,8,21,9,10,5,6,4,2,10,6,9,9
"ENSG00000150527",10,25,21,17,18,41,36,33,46,46,30,20,29,22,31,22,27,43,24,33,12,26,18,9,4,19,12,35,28,24
"ENSG00000150637",498,1699,1525,1327,1407,1678,672,718,677,336,1188,580,1712,1628,2611,2408,641,1606,930,1044,1555,743,480,445,1328,1399,1249,666,815,1036
"ENSG00000150756",34,58,30,20,25,15,21,40,34,13,20,19,8,19,21,21,16,50,23,20,6,16,24,13,4,24,42,39,26,21
"ENSG00000150768",198,618,279,338,219,416,322,280,494,68,147,256,432,194,590,601,128,322,265,238,212,234,349,74,198,355,421,235,347,508
"ENSG00000150776",176,413,262,232,178,311,283,223,405,173,136,319,314,204,488,332,204,389,336,298,190,269,285,224,124,318,186,293,326,320
"ENSG00000150779",28,168,35,34,42,94,61,48,80,41,8,70,53,34,66,56,24,47,118,30,16,86,99,37,21,78,52,26,87,72
"ENSG00000150787",20,103,51,60,32,70,47,74,75,33,26,43,80,31,72,92,34,53,60,52,14,36,102,29,23,51,33,68,64,62
"ENSG00000150907",10,12,10,8,9,8,13,16,14,2,7,12,11,16,16,14,8,17,0,28,4,8,3,2,4,18,21,9,4,9
"ENSG00000150977",1450,2902,1841,1323,1662,2522,2443,2542,2326,1732,2312,2113,4000,1824,3176,2418,2278,2290,1912,2570,1756,3150,1807,3301,1123,2288,1549,2570,1539,1934
"ENSG00000150990",1561,1595,1074,833,809,1280,970,1209,1114,781,929,693,1428,1023,1444,1480,733,1301,530,1109,1120,934,990,707,553,1096,1432,859,646,858
"ENSG00000150991",651,1211,632,504,465,779,690,863,873,377,491,541,786,661,916,805,322,630,614,391,588,937,986,234,365,671,631,460,957,979
"ENSG00000151006",26,10,13,7,3,19,10,21,15,56,29,31,12,23,11,13,13,18,24,9,9,23,18,14,6,20,10,19,20,11
"ENSG00000151012",2,16,11,20,8,22,15,5,20,2,6,6,10,5,67,33,0,19,1,11,12,0,12,3,3,4,11,5,16,24
"ENSG00000151014",27,24,20,16,18,28,25,22,21,12,29,19,15,33,33,39,22,21,14,30,26,19,10,6,8,30,32,25,7,17
"ENSG00000151062",15,26,11,7,12,18,15,10,27,24,5,18,23,8,23,7,9,35,11,19,9,14,28,25,7,30,9,10,9,24
"ENSG00000151065",342,199,212,126,124,192,217,266,222,128,258,180,269,305,219,211,356,279,179,336,368,216,141,306,68,177,182,350,195,185
"ENSG00000151116",19,49,16,29,11,25,29,23,27,13,16,19,24,21,32,34,4,25,13,29,16,17,15,10,12,18,25,24,30,26
"ENSG00000151131",152,282,203,136,113,248,235,155,261,94,192,152,307,176,272,232,369,291,245,227,108,212,282,411,103,221,159,214,203,195
"ENSG00000151135",228,710,495,311,301,314,473,428,503,122,543,649,378,378,541,628,206,401,489,429,231,440,268,190,278,543,459,452,615,767
"ENSG00000151148",48,83,57,60,31,54,94,78,72,53,59,54,52,47,85,83,53,89,36,89,42,51,67,51,40,56,74,58,51,69
"ENSG00000151151",27,33,74,8,13,31,36,24,20,6,46,21,22,39,52,60,17,27,19,49,36,27,19,9,24,42,57,32,30,46
"ENSG00000151176",340,321,235,140,218,283,210,348,240,153,284,201,249,318,227,323,162,345,78,208,410,243,225,158,179,275,293,243,213,178
"ENSG00000151233",42,222,60,130,59,82,90,82,185,57,49,122,65,62,179,136,22,132,99,58,28,81,58,54,39,106,103,63,154,163
"ENSG00000151287",5,31,9,17,7,12,6,8,24,4,3,13,22,4,15,19,5,13,9,7,2,12,20,2,3,12,9,9,25,37
"ENSG00000151304",13,32,15,22,14,29,30,20,24,5,10,18,22,13,31,37,13,30,9,22,6,15,23,6,13,28,11,17,20,24
"ENSG00000151320",1,1,2,1,11,2,11,1,3,0,8,22,1,11,1,2,3,10,1,4,18,1,0,0,10,17,50,0,3,2
"ENSG00000151327",23,92,49,33,31,75,52,51,61,32,31,72,96,48,73,100,35,56,92,39,11,68,75,36,43,48,45,38,69,65
"ENSG00000151332",38,161,139,106,67,149,142,121,121,68,88,117,198,105,174,175,70,155,136,119,57,120,144,54,45,147,100,138,147,176
"ENSG00000151348",108,325,170,189,121,315,185,195,335,109,121,215,282,122,380,287,72,261,126,200,83,209,271,73,93,203,227,199,248,313
"ENSG00000151364",4,38,1,3,3,13,2,40,0,3,19,14,10,7,14,17,3,1,9,7,0,11,3,6,0,4,4,0,1,40
"ENSG00000151366",592,527,287,154,242,363,346,528,453,271,428,322,510,456,330,336,661,358,358,308,321,343,385,410,89,251,345,470,244,359
"ENSG00000151376",2,7,0,1,10,18,8,9,7,1,4,1,11,3,1,7,0,0,0,0,0,12,4,1,3,4,2,14,1,6
"ENSG00000151413",19,96,42,46,23,43,40,32,73,15,20,48,50,37,79,94,30,69,29,33,14,29,37,15,43,53,64,24,61,108
"ENSG00000151445",306,401,337,261,207,317,350,353,389,274,213,342,379,356,403,389,211,322,274,479,355,383,255,193,159,312,289,459,354,372
"ENSG00000151458",13,89,19,74,39,33,26,13,77,10,22,14,16,13,35,106,5,105,3,51,20,18,30,3,14,24,44,22,49,16
"ENSG00000151470",1,47,26,12,11,14,31,21,36,17,9,28,18,6,17,16,8,20,11,9,4,20,25,4,11,19,25,7,35,53
"ENSG00000151490",9,41,78,4,4,7,36,11,4,14,39,25,33,31,13,11,33,33,21,17,6,10,22,17,7,35,34,3,35,24
"ENSG00000151491",120,170,120,466,83,807,150,301,352,123,131,97,693,313,395,1112,20,189,139,274,116,315,58,68,49,62,60,664,55,446
"ENSG00000151498",83,228,102,90,108,169,128,127,203,99,65,138,142,112,139,166,72,161,100,75,57,176,163,60,66,171,175,103,132,194
"ENSG00000151500",287,324,206,141,165,350,329,313,268,208,233,271,336,280,231,248,302,263,363,282,269,304,268,274,70,272,306,437,206,314
"ENSG00000151502",306,385,432,155,320,424,494,495,397,179,465,363,379,398,362,505,272,411,280,393,474,350,240,179,154,405,472,462,271,342
"ENSG00000151503",992,1381,704,717,496,861,860,988,1116,212,699,649,572,670,880,1112,442,940,617,1088,748,578,511,377,378,692,1349,1380,814,1454
"ENSG00000151532",12,20,19,8,7,13,10,19,12,11,11,7,12,23,15,15,7,8,11,17,11,13,17,5,6,11,23,11,15,15
"ENSG00000151575",91,172,149,108,169,58,148,79,107,79,85,150,111,72,65,100,60,166,89,55,57,140,75,76,85,252,113,45,126,70
"ENSG00000151657",3,22,10,8,5,7,17,15,10,11,1,14,31,10,15,10,6,14,26,12,0,15,7,6,5,7,6,12,16,21
"ENSG00000151694",26,32,60,45,36,29,46,26,67,20,36,35,32,45,72,68,14,60,18,79,34,19,37,12,19,33,53,36,42,38
"ENSG00000151702",1148,792,1057,369,417,702,1225,1336,964,281,1126,1202,504,918,739,723,593,763,616,1748,1341,817,297,579,310,975,729,1381,813,1215
"ENSG00000151729",430,422,222,296,202,277,220,401,585,174,203,212,355,360,389,330,306,242,138,415,190,331,325,165,117,183,407,460,273,351
"ENSG00000151743",7,19,55,13,9,42,50,15,17,5,21,20,48,18,34,66,33,24,31,16,22,28,31,29,25,32,17,24,23,41
"ENSG00000151746",217,194,192,183,167,240,251,167,222,154,224,182,139,247,212,305,167,229,143,372,252,214,95,181,98,195,201,311,132,209
"ENSG00000151748",60,237,206,77,153,129,175,111,189,58,108,176,142,123,172,161,109,181,124,145,125,130,134,124,97,254,155,164,202,224
"ENSG00000151792",17,65,20,48,28,36,65,81,54,23,29,49,48,37,59,48,11,70,21,64,9,31,46,2,24,36,37,37,32,42
"ENSG00000151835",7,51,25,20,20,37,38,22,27,6,23,26,38,22,33,43,9,30,22,19,12,31,31,6,25,31,56,8,25,41
"ENSG00000151846",381,895,1225,502,735,873,1085,848,772,368,854,888,1045,864,982,980,1257,1448,443,1210,486,908,625,795,527,1157,598,991,877,839
"ENSG00000151881",1,21,13,5,8,17,15,6,19,12,5,20,12,2,21,15,5,15,11,6,2,15,16,3,8,15,7,7,21,17
"ENSG00000151882",1,4,18,4,1,10,9,8,5,6,9,3,11,14,17,24,10,5,6,8,10,15,6,4,5,5,3,9,7,8
"ENSG00000151929",37,5,111,2,190,73,18,36,21,1,23,46,90,36,28,40,241,53,13,8,101,24,230,4,12,101,83,17,4,3
"ENSG00000151948",138,205,316,38,536,44,20,22,81,51,146,64,130,151,64,9,128,576,38,17,91,31,70,216,79,64,504,4,36,39
"ENSG00000152022",184,541,287,254,212,332,412,357,528,247,312,370,361,310,534,459,219,429,360,414,300,353,400,179,174,294,296,436,491,548
"ENSG00000152056",25,14,30,7,14,30,14,23,21,3,24,25,16,21,10,21,31,12,8,12,41,13,19,12,16,40,24,4,21,13
"ENSG00000152102",191,73,95,52,63,78,63,86,71,24,101,41,82,70,100,139,72,114,29,137,279,43,73,15,25,80,86,80,51,63
"ENSG00000152127",15,22,46,31,35,11,13,16,27,2,22,15,6,21,36,46,15,43,3,20,11,7,15,3,44,39,43,7,13,23
"ENSG00000152128",2,2,15,3,6,1,5,0,0,1,6,3,18,3,0,3,13,1,19,2,5,1,1,28,6,5,12,0,15,0
"ENSG00000152133",3,24,17,8,10,12,15,16,13,12,3,38,11,7,21,10,3,18,35,8,2,17,6,13,5,14,11,18,15,12
"ENSG00000152147",140,258,121,107,101,174,201,140,163,78,89,145,222,124,147,170,140,171,229,109,72,139,154,139,43,168,134,206,165,154
"ENSG00000152192",7,8,8,1,8,6,4,24,5,6,4,55,11,30,7,8,8,17,2,1,0,16,6,11,1,10,2,4,3,3
"ENSG00000152193",189,500,268,227,154,247,297,242,363,84,180,266,303,208,469,434,162,299,196,321,261,152,206,105,130,290,288,311,295,366
"ENSG00000152207",1,59,0,10,0,3,13,27,29,21,5,13,13,1,11,3,2,14,8,10,3,10,5,11,2,12,7,7,39,12
"ENSG00000152213",10,9,14,4,2,3,5,14,2,1,4,9,5,11,5,2,2,11,5,8,11,6,13,7,2,17,8,7,7,8
"ENSG00000152217",30,14,10,0,26,1,11,38,5,7,20,45,3,9,3,2,10,31,18,10,5,2,0,13,11,19,25,4,10,4
"ENSG00000152219",75,273,177,116,97,204,246,106,169,79,110,129,216,106,225,248,133,206,141,171,89,135,149,92,73,223,99,142,172,175
"ENSG00000152223",126,209,303,196,120,177,160,141,145,108,110,105,171,152,320,301,70,312,54,224,176,224,215,38,257,249,173,114,155,236
"ENSG00000152240",36,54,23,21,16,24,24,29,38,15,20,30,23,20,22,30,27,33,30,34,32,19,19,21,15,22,19,49,32,32
"ENSG00000152242",107,324,249,112,104,268,255,209,192,136,218,277,243,199,309,347,136,242,242,232,144,288,236,89,108,282,198,218,270,365
"ENSG00000152253",0,31,7,13,5,17,14,6,29,7,5,10,8,4,15,14,5,17,35,10,6,9,10,3,4,11,14,7,26,45
"ENSG00000152270",10,8,19,33,9,9,9,10,23,10,14,8,17,7,59,58,1,35,2,5,42,27,3,1,1,11,2,12,20,15
"ENSG00000152291",397,266,413,244,236,272,298,524,330,150,483,310,222,447,546,511,151,468,136,675,546,295,263,129,172,407,547,303,260,351
"ENSG00000152332",90,450,348,345,129,249,235,178,269,51,158,146,218,171,640,618,39,316,73,257,178,204,285,26,240,325,402,85,269,386
"ENSG00000152382",54,130,100,68,34,139,90,54,101,31,69,69,97,63,114,130,73,118,80,84,55,75,104,48,54,96,75,119,102,155
"ENSG00000152404",5,56,18,25,13,26,25,13,30,20,10,22,21,13,35,21,6,18,25,18,3,23,15,9,16,27,17,12,41,33
"ENSG00000152409",2,6,10,6,4,6,10,4,8,2,4,7,6,5,16,24,3,10,3,7,4,3,2,5,7,17,4,5,10,3
"ENSG00000152422",40,95,53,73,30,108,85,51,97,14,30,60,86,51,99,99,36,66,77,50,30,49,74,36,35,57,52,67,122,106
"ENSG00000152428",359,591,303,370,218,422,318,337,470,159,165,213,488,257,519,518,98,395,183,354,228,257,434,71,156,353,526,250,281,332
"ENSG00000152433",19,49,73,16,24,56,38,73,36,51,33,38,55,56,39,43,28,41,40,53,15,29,52,45,17,54,45,49,37,27
"ENSG00000152454",54,96,92,53,23,78,118,49,91,94,59,20,116,82,133,116,43,91,111,128,17,73,73,55,40,95,84,100,97,52
"ENSG00000152464",17,19,24,6,11,19,14,18,15,7,12,17,17,17,11,13,11,12,13,15,15,15,13,8,6,16,10,39,10,7
"ENSG00000152475",19,21,35,13,23,45,32,27,41,33,36,21,30,38,28,41,22,41,29,23,17,25,31,17,5,30,49,26,15,10
"ENSG00000152484",103,176,117,108,78,127,147,84,125,45,122,148,185,99,225,307,136,165,109,147,132,98,107,57,111,123,78,144,152,177
"ENSG00000152492",83,192,172,103,75,242,189,438,170,45,141,318,271,233,201,221,114,160,200,210,55,239,149,151,45,174,184,196,202,257
"ENSG00000152518",2137,1023,1173,608,1292,887,898,1116,1358,688,1484,1099,1109,983,849,1501,1010,1108,449,1496,2026,682,976,841,203,1284,1459,1467,929,905
"ENSG00000152520",8,24,38,17,10,14,28,14,23,14,8,20,22,15,48,40,7,33,8,39,16,15,6,1,8,38,34,15,23,38
"ENSG00000152556",120,202,161,101,113,191,141,125,138,112,118,111,249,123,195,185,169,177,161,139,103,168,208,169,125,139,108,164,175,132
"ENSG00000152558",537,1655,2014,401,952,1254,1527,678,1055,219,1611,952,1040,1035,1520,1446,810,1812,908,1259,1114,625,1031,274,591,2794,1206,669,985,1119
"ENSG00000152684",9,129,78,58,42,109,81,117,105,36,33,68,96,74,123,108,27,100,53,58,22,81,97,18,38,97,61,48,114,111
"ENSG00000152749",35,116,76,55,41,85,54,72,50,32,58,71,68,46,109,110,38,69,48,71,38,67,86,19,34,70,89,51,107,111
"ENSG00000152778",143,358,216,294,58,239,243,244,350,84,102,124,285,169,479,363,133,246,178,313,144,226,202,69,67,187,98,245,218,298
"ENSG00000152795",10,6,12,12,10,24,21,10,7,29,7,20,7,10,16,12,12,13,23,12,9,17,17,13,8,25,10,16,14,16
"ENSG00000152804",2,1,7,0,65,1,1,3,3,1,2,16,0,5,2,2,8,22,3,0,1,2,0,0,2,63,20,1,0,0
"ENSG00000152939",20,3,8,2,1,5,4,5,8,0,3,0,4,4,7,10,12,5,1,6,31,0,12,1,5,13,7,5,2,2
"ENSG00000152944",39,220,110,113,42,122,136,101,146,31,34,95,117,71,123,146,57,95,110,70,37,97,85,71,68,126,71,75,133,172
"ENSG00000152969",22,14,62,10,57,21,10,7,31,4,32,53,15,28,2,4,44,18,30,4,51,3,16,9,38,35,102,65,6,13
"ENSG00000153006",9,77,41,28,21,72,49,44,63,46,20,48,37,63,64,58,44,63,113,29,8,75,29,55,28,70,38,39,34,43
"ENSG00000153029",8,18,13,15,8,18,14,17,16,10,8,16,11,16,18,21,5,32,9,9,7,17,14,1,12,13,13,1,15,16
"ENSG00000153048",556,896,838,483,340,930,897,955,1055,734,620,748,643,781,902,811,598,836,1265,1018,365,809,474,831,207,730,676,1436,715,892
"ENSG00000153066",169,192,185,74,109,127,182,231,185,56,162,222,132,216,174,190,106,199,58,252,125,141,172,52,47,137,295,121,196,183
"ENSG00000153130",0,22,6,13,1,12,2,2,16,1,1,6,3,2,14,19,2,6,5,4,0,4,11,1,9,8,6,3,20,18
"ENSG00000153140",3,82,30,42,18,52,39,28,54,14,9,70,61,15,59,60,17,38,85,23,2,29,49,38,23,47,27,38,74,83
"ENSG00000153162",21,17,21,5,62,6,104,31,28,15,11,21,20,53,1,14,6,37,16,27,6,3,10,5,1,50,14,7,19,13
"ENSG00000153179",215,508,606,217,406,584,398,341,332,132,420,272,520,401,689,714,251,419,172,421,411,324,354,169,334,582,452,238,332,326
"ENSG00000153339",349,591,348,435,315,385,419,331,477,448,259,481,427,303,760,660,176,531,260,454,410,323,408,133,242,529,445,338,478,507
"ENSG00000153363",6,56,35,18,12,35,35,22,26,38,10,35,42,26,36,25,10,35,62,21,3,34,37,22,20,31,33,39,36,38
"ENSG00000153391",106,123,121,85,91,137,108,139,101,70,102,88,235,128,112,169,173,182,106,145,183,118,177,136,40,77,85,154,77,100
"ENSG00000153406",430,364,324,250,152,543,550,458,394,492,326,387,595,547,381,339,464,502,479,440,411,479,192,645,169,294,439,387,349,427
"ENSG00000153443",562,368,297,113,366,377,289,271,438,276,252,235,375,362,367,312,473,535,202,342,576,320,279,274,86,321,247,378,124,119
"ENSG00000153485",11,53,26,23,20,56,32,24,55,24,8,44,62,17,73,53,16,44,28,22,2,31,45,13,18,46,14,23,39,72
"ENSG00000153487",89,78,72,26,37,84,66,109,49,30,93,63,96,108,52,74,50,44,63,89,103,83,48,44,16,79,80,105,50,56
"ENSG00000153574",193,597,433,320,300,494,602,339,612,175,217,229,577,325,608,647,299,487,400,414,184,387,611,261,233,318,318,308,446,501
"ENSG00000153575",133,260,111,160,137,71,124,91,209,164,83,133,157,100,163,170,74,245,94,174,86,103,126,50,80,155,199,188,132,198
"ENSG00000153721",30,18,6,11,3,19,9,12,17,0,8,1,17,12,18,28,9,14,5,26,1,17,9,7,4,3,0,34,9,26
"ENSG00000153774",227,470,582,248,311,667,674,427,450,185,461,595,733,397,808,702,688,512,875,576,318,588,434,531,253,535,342,788,515,471
"ENSG00000153786",633,788,504,294,417,544,440,577,581,375,475,478,547,478,672,601,554,639,337,626,854,496,571,345,216,607,541,589,440,528
"ENSG00000153790",9,22,13,9,6,20,24,26,13,12,14,23,17,20,28,25,10,26,5,17,5,19,11,8,10,13,13,16,10,16
"ENSG00000153815",1344,1114,836,502,578,849,830,1430,1087,731,1086,984,688,1193,1112,1098,1113,1226,883,1371,1009,896,548,872,482,807,936,1919,931,1015
"ENSG00000153879",176,496,508,155,249,695,528,301,547,167,260,378,665,332,807,669,315,583,447,394,315,315,617,204,169,432,388,396,385,456
"ENSG00000153885",0,2,1,3,0,7,18,0,65,0,2,0,4,1,46,63,0,10,0,20,0,11,9,0,2,3,1,129,0,15
"ENSG00000153898",206,813,347,607,463,931,767,242,659,1665,324,551,544,364,825,1350,282,1091,624,588,211,852,591,375,566,656,400,444,552,551
"ENSG00000153933",169,322,267,237,181,244,192,142,252,302,155,290,233,149,298,418,95,304,216,191,200,314,168,90,125,259,229,210,245,264
"ENSG00000153944",68,107,92,70,45,124,82,111,73,51,118,63,104,107,115,154,54,108,39,138,71,145,101,30,69,41,67,106,98,138
"ENSG00000153989",13,53,18,20,26,32,20,18,33,5,11,30,33,23,45,74,11,26,27,17,11,8,31,8,16,23,29,21,61,22
"ENSG00000154001",425,430,353,182,285,335,345,393,392,144,525,240,346,369,530,571,250,459,163,552,597,248,260,119,210,305,406,348,317,387
"ENSG00000154059",31,147,62,100,40,47,12,47,156,37,21,54,80,47,77,98,9,75,27,52,47,16,59,5,22,72,10,46,52,59
"ENSG00000154065",8,56,20,17,6,73,61,15,50,26,20,19,71,23,91,77,7,29,43,40,2,52,47,11,10,15,3,41,48,48
"ENSG00000154079",1,5,9,6,5,10,16,2,14,8,20,1,7,8,4,11,16,9,8,6,2,9,9,12,3,5,5,4,6,4
"ENSG00000154096",23,16,7,8,2,34,16,0,26,5,27,2,13,13,12,7,9,27,1,2,94,6,18,3,4,7,44,1,15,2
"ENSG00000154102",35,11,125,13,57,57,42,4,95,10,160,114,60,54,48,63,187,52,68,111,89,37,73,200,37,87,67,124,36,75
"ENSG00000154114",22,73,38,58,41,46,46,24,52,50,22,55,37,41,97,63,18,58,16,43,36,45,43,9,31,67,37,25,55,54
"ENSG00000154127",53,26,643,7,48,27,15,24,9,0,104,18,19,11,11,7,11,146,17,12,119,4,4,15,85,564,28,8,23,19
"ENSG00000154134",23,7,50,13,8,23,27,39,11,2,3,46,26,11,10,5,15,31,22,12,62,2,50,51,2,19,16,64,5,14
"ENSG00000154144",4,9,11,7,3,9,11,7,6,20,7,7,5,14,11,12,6,15,11,9,1,10,11,14,1,9,10,8,6,4
"ENSG00000154146",420,225,54,93,43,221,221,296,452,203,145,398,83,136,135,147,85,172,425,380,192,265,94,402,8,27,80,772,137,329
"ENSG00000154165",993,1735,667,940,745,764,1006,1879,1081,663,640,2114,997,892,1036,944,432,1299,760,749,741,1350,598,627,359,960,1549,1181,1368,1428
"ENSG00000154217",221,93,186,24,170,275,197,115,188,201,162,813,196,246,74,243,336,460,164,116,961,429,215,313,58,166,435,199,283,97
"ENSG00000154229",25,6,11,13,99,7,4,281,47,5,27,19,7,3,74,13,6,60,2,30,9,6,15,1,25,6,134,286,6,23
"ENSG00000154237",1007,1163,1593,1037,391,1190,819,1850,1006,909,1786,680,664,1395,1099,1632,353,1418,864,1770,737,1368,622,509,471,1131,1487,1233,857,1398
"ENSG00000154265",82,375,282,241,205,325,280,263,285,897,161,578,352,194,398,330,128,456,336,187,70,447,266,202,329,484,170,130,419,307
"ENSG00000154319",11,32,66,4,57,55,70,43,13,2,131,24,14,60,17,80,17,83,2,13,357,9,24,11,44,47,52,20,13,19
"ENSG00000154328",66,191,109,54,75,159,139,90,108,88,74,93,220,107,139,176,115,156,149,82,71,133,141,65,58,137,128,84,163,160
"ENSG00000154359",82,229,260,102,95,339,264,125,209,80,227,249,308,139,379,432,137,333,171,195,170,196,267,124,129,236,192,186,220,351
"ENSG00000154511",1,24,8,9,4,23,8,17,9,3,8,30,8,5,7,19,4,17,12,13,2,10,8,7,7,14,8,9,9,24
"ENSG00000154518",1427,1699,973,596,917,1105,1194,1460,1106,474,1227,761,1223,1277,896,1073,1759,1086,916,1170,916,1053,1030,1074,416,928,1548,1551,747,963
"ENSG00000154589",2,48,38,24,12,22,30,33,43,13,18,38,78,25,58,49,21,33,48,16,7,44,45,17,26,47,11,18,49,48
"ENSG00000154611",3,12,4,1,4,1,0,0,23,8,6,0,2,23,1,14,5,0,1,22,4,16,0,0,0,5,0,0,2,35
"ENSG00000154620",28,34,0,14,19,25,0,0,42,31,0,27,0,23,27,1,0,0,0,20,0,21,0,1,10,0,0,18,3,40
"ENSG00000154642",15,25,21,8,11,11,12,19,13,1,9,7,6,9,10,10,13,11,5,10,17,10,8,0,8,21,15,10,11,9
"ENSG00000154655",31,70,10,22,28,45,30,23,22,23,22,16,21,26,52,60,26,45,7,58,34,28,44,8,46,50,24,35,37,31
"ENSG00000154719",239,493,298,242,156,468,325,281,350,96,247,402,464,249,432,468,306,356,376,329,227,297,311,213,123,315,222,512,301,544
"ENSG00000154723",226,511,197,176,193,245,268,375,294,103,193,223,387,198,313,292,458,321,382,261,141,255,263,352,125,325,239,418,316,264
"ENSG00000154760",217,527,155,283,146,281,310,373,303,345,135,498,255,231,314,244,160,215,492,292,120,370,217,353,69,123,246,698,432,646
"ENSG00000154813",10,103,41,39,23,71,43,36,51,10,12,47,93,27,68,54,14,49,56,22,12,53,67,19,28,40,27,41,62,60
"ENSG00000154814",23,61,47,27,19,57,51,36,66,10,28,26,52,29,53,68,17,34,14,39,21,30,46,12,14,29,38,25,31,37
"ENSG00000154822",17,34,30,13,42,6,10,13,29,3,23,11,10,14,24,16,10,47,6,24,26,6,9,2,24,43,41,15,20,18
"ENSG00000154832",691,433,561,185,348,340,533,540,384,341,630,494,255,606,275,307,394,520,268,513,378,354,260,364,132,510,690,538,289,387
"ENSG00000154839",40,55,32,20,20,38,69,42,48,2,31,28,31,33,50,65,21,39,37,67,24,14,24,18,9,35,61,71,47,83
"ENSG00000154845",252,559,262,306,181,207,257,238,451,207,139,270,336,229,454,397,107,477,141,308,141,227,175,119,132,317,461,175,423,326
"ENSG00000154864",68,38,139,3,45,36,9,124,27,11,54,123,14,28,127,30,120,199,368,7,20,4,134,256,3,66,213,47,11,39
"ENSG00000154889",5,24,7,15,5,18,8,21,22,33,8,16,21,7,25,17,10,31,10,10,5,21,33,6,3,12,4,18,23,23
"ENSG00000154945",7,21,9,22,5,9,6,7,26,4,1,23,19,8,39,37,1,13,5,15,12,9,11,3,5,19,16,7,11,21
"ENSG00000154957",61,135,85,59,44,92,125,97,77,110,64,119,110,108,114,99,68,121,118,99,58,135,92,53,51,121,87,111,115,106
"ENSG00000155008",22,38,27,19,20,26,29,16,20,8,18,23,42,17,28,31,13,27,16,31,14,19,15,10,20,25,15,36,31,35
"ENSG00000155016",9,9,4,6,4,14,8,17,13,0,8,6,9,11,18,11,5,4,2,15,5,14,7,3,3,3,17,9,5,5
"ENSG00000155034",138,88,50,19,52,31,41,78,56,30,54,40,27,70,41,52,31,60,19,51,90,35,22,14,18,44,87,49,31,37
"ENSG00000155090",631,769,642,420,379,720,835,1211,460,259,867,648,648,910,473,851,509,655,402,990,876,729,632,257,448,707,547,700,600,782
"ENSG00000155099",147,38,51,16,35,39,40,107,32,19,111,26,41,61,44,49,82,50,26,79,222,45,46,68,20,28,36,84,21,30
"ENSG00000155100",55,113,60,56,57,72,65,56,69,21,41,79,72,51,126,93,28,99,56,72,46,35,59,23,23,61,66,65,68,104
"ENSG00000155115",7,55,16,20,27,39,23,17,44,24,5,45,21,10,20,28,6,23,53,10,8,27,30,2,8,17,21,17,31,33
"ENSG00000155130",2689,1836,4287,267,4201,1977,2058,1115,2037,370,3790,3441,2566,2540,2237,2452,5410,3823,738,3034,10084,1854,3271,2336,1027,2440,2385,1296,1544,1127
"ENSG00000155189",5,1,9,5,4,7,6,1,8,2,13,5,9,3,12,8,4,7,2,13,17,6,10,1,5,7,9,0,4,6
"ENSG00000155304",10,28,71,43,25,42,47,46,51,4,28,32,30,31,115,93,3,71,15,53,21,24,42,4,46,59,47,14,69,71
"ENSG00000155330",69,251,203,43,85,201,186,107,132,29,91,173,154,102,159,178,110,158,135,92,86,163,124,91,84,239,162,129,151,195
"ENSG00000155393",50,130,36,46,38,45,51,48,89,15,19,63,49,36,65,71,25,79,15,31,34,31,51,16,33,71,93,43,66,71
"ENSG00000155463",763,478,591,301,343,592,568,505,468,336,689,344,671,682,605,535,752,680,187,866,778,497,565,214,287,618,533,693,355,393
"ENSG00000155465",19,61,45,14,21,31,34,174,81,17,77,50,24,51,49,32,40,61,21,73,21,241,31,56,49,59,51,89,98,71
"ENSG00000155592",91,159,122,91,80,135,140,129,168,61,72,91,142,125,238,240,52,168,60,196,122,92,82,69,69,122,139,157,89,129
"ENSG00000155640",104,112,177,61,82,92,117,90,67,29,119,127,87,149,134,151,89,116,63,178,148,95,43,51,110,171,115,108,84,95
"ENSG00000155666",41,54,41,29,28,60,72,38,61,81,29,42,53,43,57,46,32,68,35,55,30,52,42,36,20,61,60,44,54,41
"ENSG00000155729",27,49,26,25,23,41,29,37,27,16,40,29,52,44,50,42,26,55,13,45,38,37,43,14,18,35,48,26,46,43
"ENSG00000155760",3,61,13,5,13,38,25,21,22,32,14,15,36,55,38,49,8,20,7,18,62,53,44,14,3,24,3,55,5,5
"ENSG00000155858",76,130,93,50,54,92,104,71,178,15,69,84,82,76,131,99,49,108,81,86,48,91,42,55,31,113,120,99,92,157
"ENSG00000155868",43,92,76,44,48,71,103,70,96,39,47,98,96,52,87,59,65,94,90,77,34,78,91,56,47,97,53,109,101,118
"ENSG00000155876",440,842,541,387,314,679,631,494,777,214,443,471,709,469,722,684,388,640,409,500,387,569,671,289,263,530,578,376,607,609
"ENSG00000155906",8,30,27,13,6,19,17,17,21,9,7,7,29,15,36,24,9,16,13,22,6,23,17,10,9,32,20,14,20,34
"ENSG00000155957",13,183,94,82,58,120,141,106,173,38,58,158,103,62,111,89,54,114,92,65,18,128,110,66,39,120,88,44,159,140
"ENSG00000155959",11,198,54,86,38,121,64,48,124,20,21,107,115,36,145,157,25,53,86,30,9,70,121,17,81,98,88,37,168,180
"ENSG00000155961",157,219,177,136,124,205,193,173,210,40,152,179,211,156,377,243,169,265,127,207,202,162,224,101,114,165,163,189,204,166
"ENSG00000155962",11,23,3,17,52,10,2,2,20,6,4,8,12,1,4,2,23,44,8,4,0,8,80,12,33,3,7,5,33,8
"ENSG00000155980",7,8,5,9,8,3,13,26,10,2,9,15,1,19,7,5,2,19,5,9,5,4,7,5,3,1,5,8,9,6
"ENSG00000156017",5,17,10,17,4,11,12,10,26,2,5,5,16,8,25,25,6,11,6,10,5,12,16,0,2,12,16,9,8,19
"ENSG00000156026",18,16,12,12,11,9,9,19,4,1,14,5,7,6,11,8,3,12,6,23,19,1,2,5,1,14,5,26,8,13
"ENSG00000156050",27,15,15,15,5,14,23,25,19,6,17,18,20,28,28,12,10,22,9,27,18,22,11,12,9,8,17,23,12,22
"ENSG00000156127",1460,1221,1467,497,1381,1848,1494,1332,1059,628,1631,1376,1954,1798,1140,1926,3183,1552,1238,1141,2687,1546,1427,1966,628,1322,1118,1384,643,544
"ENSG00000156150",9,20,17,13,4,25,5,5,14,18,8,29,11,15,15,29,5,16,20,18,12,14,14,5,5,11,9,20,20,19
"ENSG00000156172",37,36,25,13,29,32,23,32,37,17,15,23,33,18,38,31,26,46,29,29,56,22,26,10,21,27,24,47,33,64
"ENSG00000156232",160,144,138,86,82,154,150,153,121,160,168,94,117,185,184,147,95,148,109,161,150,172,96,60,55,165,87,215,95,97
"ENSG00000156239",10,35,19,15,7,27,24,18,21,23,18,20,45,15,38,28,12,28,26,20,14,29,24,12,11,25,13,22,21,20
"ENSG00000156253",94,89,27,33,51,33,37,42,62,25,41,31,46,34,51,36,60,52,19,57,36,34,25,14,29,27,49,71,31,48
"ENSG00000156381",25,62,55,11,35,55,40,95,78,36,54,62,97,84,23,76,70,48,76,21,16,72,65,42,6,33,84,80,12,31
"ENSG00000156411",646,1158,617,408,483,782,811,775,715,646,703,661,1004,582,746,692,1268,794,1446,557,551,711,792,1219,280,696,543,1139,868,771
"ENSG00000156467",240,337,189,143,238,346,255,275,266,258,233,587,333,391,223,248,330,216,703,200,299,432,370,312,157,341,208,415,319,376
"ENSG00000156509",14,44,45,44,27,55,52,20,43,29,26,48,31,20,79,44,6,39,58,57,14,19,39,18,12,30,53,39,63,73
"ENSG00000156521",120,208,161,104,102,266,245,151,266,199,119,148,219,147,192,243,166,210,200,142,99,209,180,163,68,186,213,144,160,166
"ENSG00000156531",105,173,120,134,86,111,121,145,146,33,140,103,84,123,156,167,31,195,54,183,94,86,99,60,63,136,163,161,116,149
"ENSG00000156587",2017,4510,2620,2387,1198,3489,2937,4551,3552,1008,2270,1598,3466,2850,3510,3561,2498,2935,2428,3747,2370,3535,2460,1234,993,2533,1611,3056,2649,2710
"ENSG00000156599",1482,2075,1294,1051,1041,1328,1240,1620,1603,973,969,1438,1383,1411,1673,1673,795,1838,908,1541,1023,1145,1013,768,700,1512,1533,1348,1197,1248
"ENSG00000156603",83,120,155,65,91,106,131,122,109,178,75,163,196,208,125,161,166,154,137,121,76,118,127,115,40,99,69,168,65,76
"ENSG00000156642",228,318,306,180,278,273,238,355,399,90,251,176,251,255,332,324,180,340,104,389,194,176,238,142,142,300,318,263,227,212
"ENSG00000156650",138,159,264,117,95,183,267,158,150,153,181,276,173,189,336,194,179,268,353,337,202,158,97,289,136,245,228,229,184,166
"ENSG00000156671",25,68,74,25,27,58,60,50,38,35,39,64,51,32,73,106,26,44,28,28,50,59,68,17,52,64,42,42,50,65
"ENSG00000156675",12,10,56,4,23,15,18,34,4,3,38,3,12,28,8,33,23,27,1,14,55,12,10,5,10,48,27,16,7,7
"ENSG00000156697",47,49,42,26,43,30,43,35,43,19,28,32,43,42,47,44,37,74,29,47,32,41,41,27,22,48,37,44,40,29
"ENSG00000156709",20,91,17,50,24,44,35,41,81,22,22,51,52,35,58,41,13,43,33,17,16,45,40,18,30,50,68,26,52,54
"ENSG00000156711",5,2,17,0,8,12,7,5,6,0,6,11,4,14,8,6,6,13,5,1,0,4,2,3,1,16,45,5,2,4
"ENSG00000156735",21,17,19,7,10,15,13,21,11,9,18,5,15,13,28,21,9,28,3,34,30,7,5,7,5,20,14,19,14,16
"ENSG00000156738",2816,7729,7470,6852,5081,6487,7626,5776,10065,6004,4713,4448,5008,4758,9952,8450,3867,9826,4826,6125,2632,5479,5589,3028,4422,12043,3360,5463,4930,3796
"ENSG00000156802",70,299,163,185,79,148,185,137,287,54,84,139,82,58,249,335,39,204,162,200,72,84,96,48,95,145,248,158,210,372
"ENSG00000156853",306,288,218,142,151,218,229,226,285,130,169,181,278,199,346,286,139,315,111,262,202,132,171,92,78,206,298,252,178,185
"ENSG00000156858",975,689,574,295,489,747,682,894,514,806,816,741,774,793,590,490,980,869,605,782,905,729,592,691,200,662,479,965,386,405
"ENSG00000156875",24,62,59,48,35,40,32,33,60,14,24,31,32,29,94,109,19,68,13,81,47,32,57,3,30,59,32,45,44,70
"ENSG00000156876",92,194,124,122,76,153,164,130,135,81,102,214,118,122,194,197,87,154,270,169,64,101,77,118,43,144,137,236,161,238
"ENSG00000156958",102,238,191,95,91,200,280,249,177,67,155,254,190,197,199,224,85,143,237,189,123,270,165,84,77,229,199,259,254,339
"ENSG00000156966",35,71,94,65,52,115,95,95,141,34,81,38,122,136,155,188,27,105,18,96,92,102,46,12,25,94,57,48,32,32
"ENSG00000156970",613,1004,472,633,335,697,932,485,738,463,430,559,425,452,876,871,257,618,695,887,706,401,430,293,257,644,901,963,702,1169
"ENSG00000157014",99,122,88,80,62,110,90,95,112,39,63,89,103,83,107,105,70,148,36,122,140,83,65,54,40,89,85,69,79,98
"ENSG00000157021",16,17,18,7,17,19,13,4,24,5,8,6,18,4,15,14,25,22,12,11,17,17,8,15,10,20,14,9,16,6
"ENSG00000157045",103,313,203,106,144,266,286,279,219,132,226,259,279,235,210,193,253,263,279,259,83,215,197,200,94,245,177,283,235,232
"ENSG00000157106",943,1659,1886,1645,975,1548,1666,1225,1425,959,1063,1684,1251,1202,2676,2688,430,2291,782,2164,1406,1623,1197,330,1066,1839,1599,1193,1509,2153
"ENSG00000157184",94,57,42,26,39,41,30,52,49,9,69,31,46,58,57,92,40,70,11,74,51,38,38,11,15,39,79,67,31,41
"ENSG00000157227",73,32,6,9,4,9,10,9,29,32,16,32,21,15,5,10,26,120,14,35,22,41,83,19,7,14,21,26,149,35
"ENSG00000157240",52,109,43,117,17,47,40,66,287,62,11,40,45,49,52,138,15,68,34,79,30,75,71,18,13,21,27,103,94,87
"ENSG00000157259",49,60,106,52,59,81,106,89,51,74,124,66,110,106,97,106,103,126,49,123,66,90,68,48,49,94,59,122,83,78
"ENSG00000157303",115,167,190,80,65,219,193,306,404,121,243,146,169,217,179,242,133,203,151,244,203,237,210,123,78,153,116,286,194,267
"ENSG00000157306",251,310,148,91,114,132,145,139,160,115,151,136,127,179,139,139,195,214,76,184,198,177,117,96,82,157,163,103,175,138
"ENSG00000157315",13,10,7,6,18,12,16,7,12,12,6,13,13,6,11,12,10,23,18,14,8,9,2,5,3,13,4,21,7,6
"ENSG00000157326",8,30,13,9,13,16,17,14,15,11,18,13,16,10,12,18,13,30,8,18,12,8,35,11,5,10,25,8,11,16
"ENSG00000157349",49,123,118,61,68,116,129,87,104,90,118,102,109,119,105,86,95,144,93,134,41,98,78,59,58,94,94,121,84,106
"ENSG00000157350",2458,1955,1414,978,1474,1328,1209,1870,2153,1365,1389,1364,1869,1888,1523,1783,1451,2406,1029,1695,2183,1531,1443,1018,789,1373,1695,1419,1329,970
"ENSG00000157379",75,192,125,130,46,166,156,166,216,337,95,188,156,155,165,142,80,141,187,82,65,182,171,136,78,140,149,110,199,238
"ENSG00000157429",14,17,16,18,14,17,14,19,22,19,7,23,33,18,25,24,8,31,21,25,20,15,18,25,6,29,4,13,18,19
"ENSG00000157450",443,529,473,401,224,382,442,580,334,318,462,373,368,422,591,552,226,539,236,668,623,385,256,139,301,501,348,478,454,570
"ENSG00000157456",438,676,442,393,224,725,821,444,618,125,466,414,525,423,595,757,492,528,502,563,276,353,416,318,173,388,606,899,566,910
"ENSG00000157470",33,38,48,13,32,25,31,24,13,8,58,17,22,31,32,23,58,25,15,17,35,10,16,29,23,36,61,35,34,22
"ENSG00000157483",1372,2674,3340,853,1450,3523,4334,1627,1417,500,3102,2607,3427,3471,3264,3566,1832,3668,1658,3694,3938,2890,2795,1653,1691,2974,2745,3273,2179,2997
"ENSG00000157557",12,18,12,11,17,13,29,8,23,7,17,5,24,20,34,28,20,25,4,29,22,6,23,3,11,16,17,22,11,22
"ENSG00000157593",492,359,762,215,340,514,411,479,359,434,758,394,569,631,524,615,688,553,227,586,903,461,498,240,260,614,394,429,271,284
"ENSG00000157613",144,277,132,374,258,110,56,220,171,1026,153,85,21,91,80,96,297,321,73,99,479,458,81,247,70,187,112,31,97,15
"ENSG00000157637",790,718,429,406,465,544,538,978,816,413,541,733,415,652,540,642,236,736,304,810,496,504,420,284,244,540,1022,520,533,642
"ENSG00000157734",121,132,48,35,22,82,107,96,104,115,104,86,47,129,58,81,66,73,102,132,98,142,49,80,15,52,55,122,64,59
"ENSG00000157778",96,240,138,75,63,250,160,140,153,205,90,124,254,190,184,182,123,164,179,113,72,195,268,137,48,158,159,120,121,139
"ENSG00000157782",9,1,18,4,1,12,18,10,11,8,36,8,38,7,77,22,9,5,26,7,50,15,57,18,5,1,14,22,46,40
"ENSG00000157823",9,12,2,7,13,16,7,13,5,3,7,6,8,9,17,10,8,11,6,12,6,10,7,1,2,8,13,15,8,6
"ENSG00000157828",2,35,0,14,4,11,0,0,15,3,0,0,0,2,22,0,0,0,0,20,1,17,0,0,17,0,0,8,0,20
"ENSG00000157837",197,477,330,282,228,477,376,489,441,216,269,316,453,372,666,493,234,549,328,550,188,356,310,249,192,372,278,431,411,440
"ENSG00000157895",289,309,185,140,155,234,197,253,232,117,138,205,239,232,253,213,209,237,202,231,228,222,158,234,68,190,211,300,172,174
"ENSG00000157911",7,22,20,11,12,20,24,18,31,3,10,16,25,12,25,25,5,20,4,10,7,16,26,2,9,27,18,6,17,29
"ENSG00000158023",14,4,5,8,8,4,3,4,4,24,4,4,10,17,4,11,6,10,9,5,2,13,2,5,8,10,1,7,4,6
"ENSG00000158042",806,1425,777,555,441,1079,1035,1163,870,468,822,839,970,910,852,828,718,762,1301,667,454,1162,774,993,372,847,1006,1046,753,988
"ENSG00000158050",439,1228,1738,531,523,2383,1651,1310,985,1018,1616,836,3771,1755,1149,2547,1321,1703,982,721,794,2361,3207,635,894,1126,913,633,1047,1032
"ENSG00000158079",1,5,6,7,1,11,4,10,17,4,9,4,9,7,8,6,0,6,3,9,10,12,7,1,0,15,8,9,5,10
"ENSG00000158106",41,135,12,67,19,38,66,123,82,450,11,20,8,140,112,41,94,61,67,89,10,299,136,122,15,87,95,96,106,59
"ENSG00000158109",322,748,307,290,293,514,331,479,496,274,298,396,704,418,618,605,388,526,162,432,309,349,505,123,227,469,271,358,300,329
"ENSG00000158122",7,17,13,5,9,13,12,9,9,0,8,11,17,14,21,32,15,14,5,13,6,21,8,5,2,16,4,9,6,8
"ENSG00000158158",7,13,35,6,10,16,13,11,10,6,42,12,10,15,24,29,11,14,5,28,31,15,11,3,9,22,29,13,12,16
"ENSG00000158161",2,15,9,14,12,15,14,7,10,6,10,11,9,12,17,17,7,12,4,12,11,11,8,0,9,16,16,5,11,16
"ENSG00000158195",984,1453,1255,566,821,1055,1083,1295,1305,691,1159,917,1417,1402,1719,1387,857,1203,873,1551,1137,1267,632,784,739,1143,1052,1027,1214,1261
"ENSG00000158201",101,395,101,213,78,284,147,181,274,143,111,224,228,110,279,226,77,260,238,175,67,165,327,135,61,163,161,180,219,284
"ENSG00000158234",13,64,5,23,5,20,23,26,49,9,10,15,20,9,20,20,12,24,18,15,6,20,21,8,1,6,14,43,14,22
"ENSG00000158270",11,10,21,1,1,158,3,24,1,1,23,0,93,7,76,177,12,6,42,133,14,21,73,0,14,6,1,6,2,8
"ENSG00000158292",83,83,384,18,187,487,261,153,79,221,374,261,757,327,143,799,563,184,77,165,736,513,298,43,203,290,141,129,46,61
"ENSG00000158373",22,31,18,29,25,10,23,74,23,73,26,10,15,24,26,21,27,38,33,44,2,35,13,50,4,37,11,29,20,18
"ENSG00000158406",23,71,17,48,22,29,19,67,26,54,9,21,16,25,27,21,3,48,35,25,10,33,18,39,6,13,22,40,36,35
"ENSG00000158435",62,140,110,89,63,93,121,139,143,57,63,95,115,88,168,108,65,163,69,235,50,119,75,64,45,97,77,266,124,143
"ENSG00000158470",524,713,821,446,437,610,796,723,444,196,504,612,670,534,674,955,509,720,362,535,1071,443,597,253,378,772,692,492,527,620
"ENSG00000158480",450,474,456,219,252,459,386,489,356,155,341,382,601,310,409,554,336,407,224,447,566,340,367,183,142,385,334,537,231,268
"ENSG00000158497",5,17,4,8,0,6,11,1,14,4,1,7,4,7,5,1,6,7,5,5,5,9,14,9,4,2,4,7,8,14
"ENSG00000158526",430,995,482,352,394,609,590,583,678,318,336,645,744,434,689,756,528,579,539,633,333,593,543,411,229,591,428,680,539,549
"ENSG00000158545",2111,1421,999,709,917,1195,1075,1293,999,753,1207,1154,1279,1172,1064,1239,1327,1173,837,1551,1927,990,809,1116,354,932,1209,1979,680,909
"ENSG00000158604",38,150,175,67,74,162,138,164,160,94,81,85,155,158,202,216,42,143,55,96,33,143,128,28,90,186,145,53,108,133
"ENSG00000158615",555,927,1364,619,777,1226,1169,858,1093,347,868,937,1155,959,1795,1989,329,1354,639,1474,766,912,1551,232,456,1078,941,1174,841,1157
"ENSG00000158636",81,71,112,65,31,40,69,82,33,17,36,54,41,46,69,92,36,64,28,104,79,54,38,18,26,64,73,84,52,78
"ENSG00000158691",56,135,200,114,64,163,108,112,127,89,106,123,140,127,222,196,56,140,75,151,93,120,114,41,60,169,111,124,146,156
"ENSG00000158710",583,764,762,365,541,728,546,619,709,198,843,469,988,642,661,1048,949,924,312,699,721,496,792,388,337,571,716,573,558,584
"ENSG00000158711",27,64,59,33,30,51,77,33,63,20,30,29,61,60,110,110,12,81,14,51,59,44,33,7,23,51,54,26,51,67
"ENSG00000158715",72,137,141,80,70,224,94,75,101,326,88,36,241,254,238,295,185,118,125,93,268,142,278,73,107,77,57,68,84,50
"ENSG00000158716",66,142,104,13,53,79,52,122,121,71,37,158,96,46,13,48,76,120,100,72,104,84,75,46,22,61,71,135,51,69
"ENSG00000158717",244,288,218,131,211,308,231,426,328,462,268,302,322,286,212,269,191,221,236,183,233,293,219,224,73,244,305,269,167,246
"ENSG00000158747",12,11,18,21,11,20,5,8,92,7,4,5,26,6,33,17,15,36,1,67,4,5,18,3,3,9,10,3,11,3
"ENSG00000158748",19,19,5,0,101,0,12,1,6,42,5,8,1,1,13,1,8,41,0,53,3,3,6,4,21,20,28,2,7,7
"ENSG00000158769",134,179,148,103,51,78,103,155,130,67,108,102,96,124,159,173,87,161,38,163,83,133,107,29,99,111,117,76,193,104
"ENSG00000158792",12,22,47,11,14,40,19,24,27,13,24,17,32,18,38,42,20,43,8,25,10,29,23,5,11,28,27,10,17,12
"ENSG00000158805",314,335,243,226,240,298,265,304,318,784,202,340,246,342,322,267,165,436,285,292,150,395,281,262,112,339,299,226,218,271
"ENSG00000158825",8,1,0,14,1,1,1,16,12,6,5,39,1,21,1,0,0,0,1,44,0,4,0,4,0,0,0,10,3,4
"ENSG00000158828",118,127,69,87,99,51,81,105,140,160,35,125,78,104,100,85,47,158,63,78,80,117,54,42,40,94,94,81,85,64
"ENSG00000158887",4,10,5,0,2,13,12,17,4,6,6,9,13,6,9,18,3,7,8,3,6,7,5,9,1,3,4,13,8,16
"ENSG00000159055",12,48,9,10,1,26,16,2,33,7,2,27,13,9,24,23,0,6,34,2,5,14,6,2,12,15,11,9,21,52
"ENSG00000159063",70,318,191,96,79,185,217,197,241,81,66,205,204,108,233,214,93,205,185,161,50,149,146,101,89,214,169,181,222,331
"ENSG00000159111",60,39,65,14,33,25,55,55,38,17,84,21,51,49,57,53,93,72,12,133,102,18,51,18,19,48,47,97,29,34
"ENSG00000159164",95,114,53,57,42,35,59,90,87,35,50,36,60,61,161,105,39,72,35,91,46,127,98,13,23,27,87,165,186,160
"ENSG00000159166",1,32,5,0,6,43,4,17,2,4,0,3,12,1,1,18,3,0,5,2,0,12,6,3,1,1,1,0,0,5
"ENSG00000159173",0,4,4,0,1,4,2,62,1,6,1,6,0,26,0,6,0,1,12,0,0,3,3,25,4,0,13,7,0,4
"ENSG00000159176",3,123,31,32,15,37,33,51,64,5,8,26,36,24,40,56,2,33,9,7,5,31,48,6,21,29,39,15,52,68
"ENSG00000159208",3,2,10,0,4,4,7,4,2,6,1,7,5,2,24,6,13,2,2,10,13,9,11,1,5,7,1,3,8,5
"ENSG00000159212",419,701,725,240,1186,585,364,234,2368,142,436,431,613,118,1737,528,706,909,192,199,863,290,345,325,548,1060,982,265,339,570
"ENSG00000159228",50,187,76,71,70,137,49,141,123,30,33,72,93,45,46,151,37,97,43,30,21,95,46,11,33,95,105,70,84,35
"ENSG00000159239",7,9,4,4,3,2,10,9,14,12,8,16,12,9,6,8,2,10,6,5,1,12,3,9,2,4,8,4,6,10
"ENSG00000159322",148,230,264,132,137,265,186,230,247,269,176,201,191,252,261,202,159,261,196,251,98,298,256,178,112,330,198,223,213,233
"ENSG00000159335",726,1231,865,251,597,1307,1274,1293,791,510,1208,1451,1367,917,886,1080,1995,950,1472,1259,1676,1553,1118,3121,231,661,361,2744,527,810
"ENSG00000159387",1,6,0,13,4,36,3,14,7,114,12,0,4,30,30,174,3,19,16,64,0,49,11,5,2,2,0,88,7,23
"ENSG00000159388",900,1483,1254,648,457,885,1106,1878,721,471,1527,1569,950,1590,750,1112,613,1327,744,1118,769,1279,931,460,359,1067,1053,833,983,942
"ENSG00000159399",0,13,19,13,14,13,9,8,21,1,3,7,4,6,23,27,2,4,1,22,4,7,10,0,14,12,9,3,6,24
"ENSG00000159403",37,55,13,50,16,23,95,56,80,89,23,69,47,35,53,23,18,32,46,62,13,31,37,20,21,22,31,51,63,41
"ENSG00000159423",29,31,13,29,29,14,5,18,52,16,10,17,14,31,37,21,12,24,6,14,10,22,27,6,8,16,38,11,17,21
"ENSG00000159433",8,12,30,12,13,26,27,19,14,22,30,49,15,23,22,27,6,14,14,20,21,28,20,12,9,15,18,15,28,24
"ENSG00000159459",288,671,248,404,183,257,323,356,499,228,195,346,303,262,593,585,122,457,265,357,251,287,290,108,174,349,433,269,490,559
"ENSG00000159461",306,461,859,203,353,701,598,488,494,331,587,441,641,620,540,712,705,646,309,313,455,399,303,412,277,787,499,491,460,435
"ENSG00000159479",111,208,139,92,103,189,178,212,146,59,149,157,193,177,200,170,98,179,189,159,69,185,192,95,56,119,152,143,159,169
"ENSG00000159556",89,23,172,82,25,43,60,78,85,276,96,57,76,80,122,137,52,100,15,187,69,88,362,55,51,25,45,170,35,43
"ENSG00000159579",516,798,524,387,398,487,557,480,520,298,473,547,507,505,766,653,298,773,425,697,463,468,494,218,328,585,568,587,606,578
"ENSG00000159593",142,593,194,296,193,345,326,217,471,145,126,230,424,161,446,419,194,342,387,214,89,186,305,130,146,296,271,372,344,403
"ENSG00000159596",45,125,102,58,76,116,110,66,121,43,87,83,117,72,165,97,102,153,91,126,59,93,137,80,67,116,71,101,98,94
"ENSG00000159618",497,370,141,123,420,41,32,322,99,57,164,309,36,207,61,38,73,333,104,75,52,85,30,141,179,377,675,77,191,77
"ENSG00000159658",56,27,21,10,13,21,23,39,13,18,28,22,20,26,17,26,42,21,16,36,54,23,23,22,6,24,22,33,7,23
"ENSG00000159708",2,1,4,3,0,1,0,0,1,16,2,3,3,4,3,0,2,8,17,0,0,6,3,16,0,14,0,0,14,2
"ENSG00000159714",12,5,5,0,8,2,6,3,4,23,5,8,12,4,4,9,12,10,7,0,14,7,8,6,4,13,19,3,7,3
"ENSG00000159720",760,1771,564,681,654,723,512,1225,997,444,455,561,889,716,803,776,484,949,334,634,429,721,656,342,401,896,788,661,703,545
"ENSG00000159753",1528,1247,1280,796,1016,1485,1420,948,1266,2455,1089,1005,1208,1496,1555,1363,1181,1618,1094,1671,840,1449,1005,1177,506,1236,1575,1175,881,936
"ENSG00000159761",11,25,7,6,14,19,18,13,19,34,21,17,24,21,16,25,27,18,16,24,11,22,13,17,4,13,13,23,24,19
"ENSG00000159792",384,518,321,330,241,397,278,396,537,206,208,246,390,370,458,482,211,456,164,449,319,267,338,133,167,371,389,291,312,338
"ENSG00000159842",476,322,420,286,287,251,351,436,426,217,379,258,287,393,499,469,122,417,77,733,690,291,222,95,240,379,472,344,252,263
"ENSG00000159884",38,58,84,19,64,92,56,84,103,139,82,83,68,104,57,86,100,77,85,60,50,127,80,64,23,57,49,50,34,30
"ENSG00000159885",14,23,20,15,7,20,18,17,23,13,15,20,23,18,28,28,18,34,16,29,8,17,29,11,3,25,15,28,26,27
"ENSG00000159905",40,115,80,59,48,95,77,54,46,61,67,96,89,63,129,98,37,113,88,86,28,81,78,46,41,107,65,84,91,100
"ENSG00000159915",5,24,4,3,0,5,14,1,5,13,3,5,7,7,11,8,0,11,9,8,4,10,4,2,1,8,10,6,12,10
"ENSG00000159917",24,60,25,25,16,48,40,20,27,38,15,26,43,31,61,38,18,39,20,35,19,29,30,7,10,61,25,22,28,40
"ENSG00000159921",11,36,37,19,17,11,25,30,44,10,18,16,24,19,31,75,8,35,14,31,13,18,12,2,18,34,38,10,30,32
"ENSG00000159958",658,475,1561,333,442,1092,1130,826,1297,1088,1520,1058,1546,1333,1202,1420,1277,1156,870,1115,2132,1383,665,749,449,1123,652,719,703,590
"ENSG00000160007",734,678,553,617,382,382,448,574,629,173,602,332,349,457,989,1027,186,842,207,892,698,384,289,184,297,546,803,612,510,721
"ENSG00000160013",150,232,94,54,161,169,155,32,136,393,203,172,219,195,289,196,298,256,155,125,210,288,216,216,101,186,139,63,255,97
"ENSG00000160014",1676,2284,939,1288,923,1819,2156,3200,1922,808,1555,1377,1375,1573,1476,1533,1290,1624,1619,2379,1193,1622,1223,1150,695,1379,2000,3927,1823,2159
"ENSG00000160049",224,218,174,106,126,174,158,186,182,78,124,147,133,182,163,172,192,153,172,179,184,202,128,99,96,175,192,144,133,144
"ENSG00000160050",270,429,242,166,271,279,238,347,274,238,350,153,414,333,317,320,428,339,162,434,203,286,362,223,121,195,200,399,151,120
"ENSG00000160051",42,73,50,44,28,82,50,50,47,85,54,67,72,61,58,61,34,56,46,61,32,62,69,52,17,57,68,57,41,60
"ENSG00000160113",118,202,197,59,151,208,249,90,245,101,130,135,289,215,271,247,115,214,96,148,139,114,208,99,64,228,255,211,136,168
"ENSG00000160117",111,99,74,66,54,230,178,82,91,37,106,59,123,99,86,181,31,90,52,91,106,44,96,29,14,121,49,90,37,70
"ENSG00000160131",52,65,51,36,20,99,82,41,66,21,47,69,59,51,80,79,47,42,96,30,46,65,85,31,27,81,64,53,53,72
"ENSG00000160161",8,21,21,4,5,12,11,6,6,2,21,6,27,61,11,8,72,30,6,3,7,5,16,2,13,6,9,1,2,7
"ENSG00000160188",74,21,10,6,2,34,15,8,2,25,16,43,19,7,20,5,52,13,17,33,21,15,14,32,1,2,34,22,16,3
"ENSG00000160193",32,105,41,63,33,63,63,75,89,29,21,37,63,39,96,117,22,54,31,25,23,43,53,27,27,53,95,56,56,67
"ENSG00000160208",20,36,30,25,24,33,40,22,31,18,13,34,27,17,47,27,8,39,35,26,12,14,17,17,19,44,44,23,19,32
"ENSG00000160213",320,621,641,287,455,979,705,499,555,377,733,882,705,865,814,870,1263,701,660,338,523,800,697,917,347,460,543,655,476,400
"ENSG00000160223",62,115,200,73,102,104,143,64,78,79,95,61,116,204,129,177,61,151,35,170,98,104,96,34,68,259,157,48,75,86
"ENSG00000160233",15,10,13,3,4,5,4,5,2,0,8,4,6,5,4,12,4,8,1,12,12,2,3,0,1,2,2,2,5,5
"ENSG00000160284",171,39,316,32,70,269,479,154,199,215,334,149,230,203,8,219,240,67,230,128,4,148,8,116,109,3,175,372,17,98
"ENSG00000160293",9,35,20,9,12,19,19,17,17,9,13,14,28,24,31,35,5,30,5,8,19,13,26,2,19,39,22,6,23,9
"ENSG00000160318",10,9,5,2,1,7,21,8,2,9,9,13,9,14,5,6,21,7,10,9,6,5,8,12,1,1,6,4,7,9
"ENSG00000160326",53,129,42,45,67,86,55,54,96,80,30,54,75,87,91,142,26,95,33,22,27,108,102,19,46,72,92,13,85,38
"ENSG00000160352",5,29,25,15,11,34,9,7,27,4,11,41,12,8,36,24,11,19,18,19,4,2,9,10,8,27,35,22,32,35
"ENSG00000160392",353,434,266,198,149,311,243,297,229,242,195,276,271,279,269,253,213,287,273,281,257,237,201,217,101,270,291,308,176,182
"ENSG00000160410",683,1234,787,607,499,1138,845,1377,938,468,726,690,966,1081,795,1110,476,1031,579,804,591,916,862,461,354,787,1082,1027,783,953
"ENSG00000160439",131,153,107,88,60,167,122,69,162,78,74,84,163,123,138,181,68,145,95,97,99,117,126,64,22,145,158,92,94,104
"ENSG00000160445",47,12,31,13,21,17,17,28,23,9,18,7,17,22,26,30,8,29,7,44,41,10,20,8,10,29,30,25,17,14
"ENSG00000160446",119,425,270,164,142,283,241,452,270,269,163,232,351,248,284,238,120,266,192,189,88,342,281,111,115,279,333,112,250,217
"ENSG00000160469",11,13,34,3,10,7,21,38,15,10,16,13,17,11,16,10,9,39,18,16,14,22,14,10,5,14,18,21,4,2
"ENSG00000160505",4,9,38,0,1,4,1,3,1,3,5,0,1,17,0,8,3,6,17,0,15,0,0,0,0,23,0,4,1,6
"ENSG00000160551",164,161,261,238,141,165,172,150,134,158,157,190,128,178,378,425,63,311,99,303,271,168,121,55,154,236,289,205,146,224
"ENSG00000160570",311,463,548,167,288,667,421,539,251,383,461,384,550,530,373,517,700,424,400,372,334,637,588,328,152,450,274,431,264,286
"ENSG00000160588",14,60,33,21,8,29,24,22,39,6,15,27,26,17,47,41,2,27,20,31,11,12,17,9,5,27,20,29,24,52
"ENSG00000160593",16,92,22,29,15,73,56,89,53,74,17,43,57,51,58,39,8,10,36,44,5,12,40,4,2,14,19,30,26,70
"ENSG00000160602",171,277,247,143,213,372,308,275,261,399,207,314,290,346,283,264,243,373,292,262,160,348,238,307,149,336,251,155,180,209
"ENSG00000160606",41,75,49,27,55,58,63,43,42,57,30,68,95,87,40,57,64,84,43,27,21,52,47,55,23,43,47,37,27,31
"ENSG00000160613",631,1333,653,758,598,886,650,879,1103,1524,575,841,528,744,895,784,485,924,684,608,465,964,674,600,446,928,928,618,526,733
"ENSG00000160633",1432,1800,1193,779,1097,1632,1447,1677,1490,1046,1501,1532,1695,1587,1514,1400,1341,1621,1500,1655,1181,1475,1007,1335,445,1425,1446,2116,1120,1317
"ENSG00000160679",49,66,40,31,30,73,61,53,57,25,40,62,71,50,75,61,31,51,34,55,46,50,52,31,20,46,55,65,49,48
"ENSG00000160683",89,64,109,9,17,84,75,100,10,13,97,79,143,282,26,82,127,98,68,23,26,106,90,96,77,206,46,21,75,15
"ENSG00000160685",37,31,32,22,22,14,15,59,25,13,21,24,26,36,26,41,20,29,13,51,38,22,18,7,12,30,39,46,20,19
"ENSG00000160695",255,340,350,216,224,271,339,378,277,232,227,216,300,351,407,369,156,348,116,351,196,304,309,113,182,407,303,259,257,262
"ENSG00000160753",13,17,10,11,7,9,14,16,12,3,5,11,19,3,14,10,2,14,1,20,3,11,12,1,3,7,12,20,10,13
"ENSG00000160783",30,77,66,64,42,124,110,78,91,36,50,31,126,71,118,132,57,92,40,85,19,68,80,23,39,91,82,66,77,87
"ENSG00000160799",97,125,115,59,88,118,82,100,122,84,129,107,163,84,113,117,248,127,96,147,88,53,104,166,34,101,55,162,52,51
"ENSG00000160813",165,248,245,92,156,350,319,224,242,422,248,269,331,295,234,207,343,241,482,233,137,251,288,538,61,247,284,304,149,165
"ENSG00000160877",2131,2336,1385,946,1089,1465,1422,2082,1284,720,1676,1391,1390,1684,1552,1907,1006,2053,753,1895,1625,1207,1175,1099,588,1519,2006,1914,1062,1383
"ENSG00000160888",1546,1413,1755,296,838,1576,1480,1182,1500,1588,2201,1227,1909,1636,1309,1775,1538,1484,1098,1643,1255,1454,2060,1237,445,1157,1123,1544,849,1056
"ENSG00000160948",585,749,745,364,611,779,719,841,681,1202,622,763,794,886,675,698,833,796,866,651,468,897,731,735,284,829,677,679,567,493
"ENSG00000160949",280,271,75,140,127,162,154,186,161,108,96,122,88,141,136,138,34,179,130,124,85,122,86,105,54,103,290,164,95,137
"ENSG00000160953",224,230,111,114,146,115,109,129,246,254,121,110,212,160,216,185,84,245,89,228,97,114,251,71,58,119,235,84,165,180
"ENSG00000160957",991,1191,464,445,429,977,700,863,755,1162,498,822,482,774,517,539,373,627,987,642,412,546,412,908,133,557,1128,845,534,652
"ENSG00000160959",496,639,344,279,263,474,402,432,460,383,248,461,414,439,447,414,313,510,306,351,288,469,353,214,141,446,556,367,327,267
"ENSG00000160961",18,11,19,10,24,17,18,12,9,35,14,10,20,16,26,32,12,15,9,20,26,20,27,5,10,24,17,17,9,9
"ENSG00000160972",249,257,163,90,184,210,157,181,256,432,151,223,207,193,162,163,184,231,167,142,152,263,178,192,69,193,218,177,124,124
"ENSG00000160993",14,45,33,13,18,32,23,27,30,22,9,17,25,29,23,25,19,28,14,15,15,27,19,7,8,12,26,21,11,14
"ENSG00000161016",8353,9287,11753,2499,10135,10216,10082,9678,8818,4232,12223,6111,12415,14767,8746,10405,15745,7928,7218,9498,8696,8461,10658,5824,3921,10647,9885,8921,5775,6371
"ENSG00000161021",34,13,18,10,18,14,9,23,11,7,20,6,12,8,14,13,8,18,2,27,37,6,10,5,3,20,25,20,9,13
"ENSG00000161031",3,8,3,0,2,5,4,7,8,18,10,10,5,7,3,7,2,0,5,10,16,8,6,4,1,3,2,9,2,0
"ENSG00000161057",33,159,28,66,27,43,55,36,73,18,24,25,53,38,88,89,41,96,28,47,19,35,52,11,25,50,59,45,85,83
"ENSG00000161091",319,365,356,127,215,303,272,408,330,174,313,285,384,315,288,415,237,362,162,256,269,386,313,137,124,304,364,170,201,254
"ENSG00000161179",328,520,462,153,282,609,533,473,539,383,352,469,690,539,451,535,466,522,544,335,279,506,548,400,132,419,495,392,302,318
"ENSG00000161243",26,4,1,0,1,2,6,7,3,0,18,23,2,15,3,12,11,15,16,16,6,1,6,9,5,27,13,13,4,6
"ENSG00000161265",38,74,79,49,27,76,75,94,65,123,51,74,77,87,81,54,93,74,59,70,28,131,94,72,54,129,46,68,53,63
"ENSG00000161326",65,112,206,53,84,229,102,79,68,77,97,64,282,172,121,106,172,208,208,82,194,84,203,77,46,151,121,98,64,192
"ENSG00000161328",8,13,4,15,9,13,5,21,22,30,2,16,6,10,14,12,6,17,9,6,6,13,5,6,1,11,9,3,7,3
"ENSG00000161395",19,28,22,25,17,21,31,34,38,88,19,17,42,31,65,28,2,42,11,37,6,48,35,8,19,44,33,15,28,22
"ENSG00000161405",837,353,318,373,340,197,374,548,365,216,281,332,190,415,451,552,109,504,107,803,1071,226,122,88,206,351,555,436,277,280
"ENSG00000161513",759,1395,246,364,325,737,552,858,493,358,472,709,664,722,423,389,357,666,567,305,225,975,490,308,159,322,919,507,532,540
"ENSG00000161526",443,652,515,393,382,614,634,577,519,764,380,531,648,576,567,520,547,575,625,612,428,546,511,516,183,503,423,775,392,415
"ENSG00000161533",283,665,238,244,159,366,249,333,349,216,169,307,454,264,482,387,130,383,244,267,186,288,378,129,153,282,382,240,400,433
"ENSG00000161547",1153,996,737,559,658,1207,959,866,905,700,827,674,703,1139,733,819,743,1044,722,764,536,646,857,632,242,704,1429,885,433,565
"ENSG00000161558",245,121,163,58,71,128,230,178,140,249,221,236,165,206,92,130,229,157,206,172,267,165,119,176,45,108,193,291,121,173
"ENSG00000161570",467,282,506,115,437,717,466,867,137,57,490,160,419,525,424,587,1540,212,259,199,454,590,278,202,141,246,132,696,146,115
"ENSG00000161609",0,10,3,0,6,12,10,11,0,12,9,12,13,29,0,12,12,2,8,4,10,8,9,1,0,3,2,9,0,7
"ENSG00000161618",151,207,74,87,91,132,104,166,224,68,104,92,95,92,110,148,61,169,55,129,46,85,70,40,39,99,209,85,96,89
"ENSG00000161638",6,85,107,48,148,36,14,12,54,68,51,18,55,109,242,170,51,208,39,45,48,58,165,17,115,46,15,23,113,16
"ENSG00000161642",808,734,109,146,69,223,201,318,241,338,243,267,233,263,170,137,366,419,405,246,432,994,211,445,87,74,160,1196,314,184
"ENSG00000161653",7,13,12,6,5,11,7,12,9,2,6,5,7,19,9,8,6,11,9,14,4,14,11,3,3,10,12,11,12,10
"ENSG00000161654",31,22,19,5,16,28,15,28,21,8,29,15,29,15,15,23,15,17,8,19,24,30,16,5,11,19,26,21,14,16
"ENSG00000161664",55,38,10,19,21,26,17,20,16,130,11,41,13,29,19,25,12,41,23,21,17,22,10,19,7,18,41,33,21,24
"ENSG00000161671",270,525,267,221,230,321,276,467,428,232,174,228,334,302,380,438,174,491,132,369,156,408,344,133,158,349,401,219,288,234
"ENSG00000161677",92,239,124,41,113,218,131,209,163,203,113,192,255,191,109,153,185,129,210,116,165,274,168,127,49,174,149,114,113,112
"ENSG00000161682",9,7,11,1,48,4,7,8,7,9,7,3,13,22,20,2,2,13,5,3,5,5,7,5,11,9,11,7,5,6
"ENSG00000161692",85,54,32,39,33,48,63,63,38,28,36,47,28,54,51,48,20,77,41,92,51,37,34,30,22,44,75,82,53,64
"ENSG00000161714",46,51,10,29,8,40,19,35,73,20,14,20,30,20,65,55,38,29,16,15,13,32,32,12,16,13,18,42,29,20
"ENSG00000161791",1213,1386,1070,672,1263,1115,1065,996,1019,824,1207,760,1119,1150,1730,1839,807,1707,390,1269,2030,1350,1223,516,1068,1021,1461,560,932,773
"ENSG00000161800",132,330,227,200,122,298,270,177,379,79,201,173,194,191,327,388,71,214,178,271,89,121,153,92,118,248,323,276,337,474
"ENSG00000161835",5,15,16,1,16,13,10,5,1,12,17,16,13,24,2,24,28,18,20,1,13,23,44,3,5,8,6,9,2,3
"ENSG00000161847",1175,1173,969,426,613,816,880,1109,890,383,1067,666,857,929,851,1154,576,1066,330,1056,944,709,701,391,265,779,1177,828,554,699
"ENSG00000161860",26,20,30,13,10,20,46,11,22,38,25,33,33,20,13,19,42,25,33,36,31,18,15,31,6,16,24,54,22,32
"ENSG00000161888",65,167,83,77,49,114,162,148,174,105,76,109,76,104,112,118,71,111,118,137,39,84,61,74,36,84,227,141,126,171
"ENSG00000161914",163,169,187,44,99,171,185,221,129,162,188,178,169,233,120,187,178,137,190,203,180,212,115,159,58,163,178,204,128,134
"ENSG00000161920",149,246,179,138,139,219,221,304,232,148,173,211,265,239,166,187,272,226,312,198,83,284,223,239,64,187,217,295,202,202
"ENSG00000161921",4,2,8,0,7,5,4,9,16,0,12,8,11,12,7,11,11,12,2,7,11,7,17,1,1,4,5,12,5,5
"ENSG00000161929",50,170,271,75,135,154,162,126,132,36,212,165,164,234,190,196,138,282,54,138,251,137,139,40,112,343,186,60,63,72
"ENSG00000161939",722,1467,1057,551,729,1564,1139,873,1123,1052,926,1156,1677,1079,1154,1239,1508,1374,1344,879,888,1533,1571,1123,547,1036,1091,1027,908,838
"ENSG00000161956",910,1004,527,506,594,845,662,783,637,389,573,520,884,780,785,740,565,923,387,797,669,500,669,299,318,695,878,696,490,544
"ENSG00000161958",203,271,455,65,86,267,385,589,255,400,603,243,656,403,711,290,621,346,446,518,402,260,209,215,422,256,233,547,431,328
"ENSG00000161960",26,153,45,59,52,116,67,80,103,24,46,46,78,138,121,78,33,76,27,53,32,70,121,13,41,131,93,35,129,204
"ENSG00000161970",29,104,56,62,213,107,85,30,102,27,91,62,80,86,96,91,137,100,77,71,54,105,141,61,107,109,50,75,133,98
"ENSG00000161980",147,284,91,76,91,239,125,129,169,65,71,101,138,137,139,172,116,91,132,62,86,135,160,83,107,135,151,101,112,174
"ENSG00000161981",71,224,92,124,107,174,143,213,161,90,48,146,101,128,120,131,54,90,127,59,15,119,103,74,48,162,146,193,95,131
"ENSG00000161999",422,428,306,210,291,393,344,399,337,402,332,269,374,440,315,345,462,395,276,345,281,388,347,308,108,377,389,358,180,210
"ENSG00000162062",211,324,87,126,107,232,161,181,167,251,103,102,151,128,149,158,93,166,214,152,104,135,122,158,49,109,233,210,134,180
"ENSG00000162063",1205,1348,898,833,470,1116,1304,1180,1475,507,1052,862,772,1049,1215,1244,418,1142,825,1380,809,618,449,497,275,796,1525,1469,941,1613
"ENSG00000162065",163,161,126,125,93,235,183,150,207,123,104,104,199,181,418,339,71,210,72,208,138,218,179,42,55,129,175,266,96,138
"ENSG00000162066",144,110,120,63,103,151,107,127,88,112,71,52,169,143,104,121,186,115,41,114,155,127,116,84,59,139,84,77,83,53
"ENSG00000162073",452,475,217,220,224,223,295,358,460,243,165,211,237,222,292,323,192,344,333,355,378,150,139,178,65,175,376,532,207,275
"ENSG00000162076",189,167,119,41,141,176,118,163,177,177,176,198,221,232,136,131,270,151,206,161,397,192,127,228,43,85,156,339,81,74
"ENSG00000162078",36,47,55,7,31,169,88,26,90,5,42,58,199,55,46,72,92,51,23,50,52,205,124,18,22,42,26,5,38,36
"ENSG00000162104",15,48,18,10,3,25,11,97,6,12,7,12,37,8,30,46,8,42,18,23,11,16,16,8,3,17,27,74,29,15
"ENSG00000162129",475,633,441,294,295,489,418,711,436,152,439,370,536,428,427,627,365,417,461,417,319,508,334,393,184,423,555,785,388,518
"ENSG00000162139",170,192,113,219,87,90,124,123,185,130,77,136,62,119,177,188,29,220,51,202,118,118,103,34,93,128,294,98,162,208
"ENSG00000162144",371,2402,304,296,414,557,406,655,503,312,327,464,439,499,308,347,246,828,449,280,173,919,229,434,240,718,974,339,450,505
"ENSG00000162148",21,5,12,6,6,15,22,33,7,67,44,34,45,30,17,12,16,14,29,28,11,35,25,26,2,13,16,38,23,13
"ENSG00000162174",9,2,8,9,7,20,52,3,147,84,16,129,20,37,47,113,18,30,110,70,2,60,55,46,5,46,54,119,62,28
"ENSG00000162191",503,585,445,219,457,622,467,484,574,495,553,493,741,761,493,548,747,546,370,553,805,580,634,353,215,470,440,630,367,332
"ENSG00000162222",220,211,154,146,101,229,240,217,173,155,260,214,206,254,227,266,235,236,221,254,208,242,223,139,90,200,151,311,207,232
"ENSG00000162227",298,386,240,161,226,327,231,297,360,554,216,254,334,331,245,284,272,356,348,248,154,256,256,437,84,266,319,318,190,213
"ENSG00000162231",207,261,253,158,194,266,202,209,251,201,153,259,275,291,322,289,81,274,102,215,139,202,316,69,87,328,257,231,153,172
"ENSG00000162241",72,159,66,61,59,78,90,185,161,316,80,162,71,146,102,67,47,172,96,108,38,100,59,92,39,115,138,89,120,140
"ENSG00000162298",2600,1636,2213,1008,1017,1296,2260,3007,1501,2132,2960,2802,1355,2793,1443,1388,1461,1473,1279,2769,1873,2296,1187,1559,528,1876,1844,2439,1422,1760
"ENSG00000162300",121,107,114,53,92,91,97,158,107,89,125,74,132,141,115,118,105,131,49,146,94,67,107,55,34,113,102,161,51,84
"ENSG00000162302",513,762,209,289,282,356,240,469,480,420,256,292,355,356,305,291,268,428,327,331,442,335,283,324,93,289,518,486,328,306
"ENSG00000162337",887,660,574,560,503,744,758,335,1189,487,606,444,967,253,949,949,710,508,520,780,869,742,670,802,288,475,702,589,432,532
"ENSG00000162341",67,76,170,71,63,95,100,96,131,146,46,145,49,119,120,208,69,133,82,73,41,173,150,39,46,118,140,98,114,122
"ENSG00000162368",189,252,211,67,170,213,163,225,194,81,305,91,228,244,191,277,202,276,79,202,145,154,158,110,71,132,299,124,100,83
"ENSG00000162377",114,207,118,88,94,165,115,110,114,31,49,71,121,94,150,200,87,191,55,102,88,82,104,31,47,115,211,110,72,93
"ENSG00000162378",89,268,138,123,116,155,173,101,212,103,97,152,118,104,237,315,42,182,145,127,104,124,113,53,95,177,185,139,217,237
"ENSG00000162396",134,177,138,102,74,160,137,118,111,24,111,97,210,158,200,211,101,138,79,146,122,105,114,59,52,150,133,114,98,98
"ENSG00000162413",73,44,121,20,34,49,49,66,52,18,102,36,68,86,66,110,44,63,7,85,61,52,50,6,28,59,62,28,27,35
"ENSG00000162419",73,102,91,67,66,99,85,99,131,40,47,83,96,114,143,141,64,126,69,141,59,70,78,39,44,117,87,119,90,112
"ENSG00000162430",35,22,29,23,11,31,25,10,72,10,54,3,25,5,34,37,9,43,1,21,127,12,19,1,13,13,26,9,14,21
"ENSG00000162441",1,14,3,3,1,10,4,3,4,3,0,7,6,2,10,5,7,7,11,5,1,5,7,2,2,9,1,4,3,12
"ENSG00000162511",337,1421,1437,1102,545,1469,1093,1647,801,630,987,689,1444,1650,936,1198,485,1225,422,951,538,1226,867,252,860,1584,1345,549,739,850
"ENSG00000162526",15,12,28,3,28,22,30,30,15,155,66,67,18,32,22,24,26,53,29,24,19,37,28,24,7,33,22,42,27,26
"ENSG00000162594",1,4,16,1,1,16,18,6,1,4,18,11,4,6,0,11,2,4,7,3,0,6,0,10,0,18,7,1,16,5
"ENSG00000162607",10,62,24,29,14,32,30,13,64,4,13,37,25,13,77,60,8,44,20,28,3,14,17,4,18,26,41,16,45,55
"ENSG00000162636",5,24,22,15,2,14,12,10,18,5,14,6,15,6,23,25,6,13,8,6,6,6,10,2,9,15,15,5,19,30
"ENSG00000162639",1,26,3,17,2,7,4,10,14,8,1,11,6,4,7,7,1,13,5,6,2,9,10,1,6,8,6,9,8,13
"ENSG00000162642",119,128,157,75,101,140,96,136,111,81,104,123,177,151,124,129,132,123,91,122,100,120,161,67,36,129,108,139,77,74
"ENSG00000162645",89,277,71,45,146,102,124,213,75,38,160,235,236,144,164,175,150,178,77,109,59,247,137,100,46,113,80,186,159,116
"ENSG00000162650",80,60,98,28,82,86,72,59,71,154,59,56,86,107,57,66,119,75,81,67,53,93,64,94,34,60,53,108,26,27
"ENSG00000162654",3,18,7,25,11,10,4,8,26,2,1,3,16,9,88,24,6,15,1,14,6,9,15,2,13,3,9,7,20,5
"ENSG00000162676",34,24,21,13,6,24,24,31,9,29,45,24,27,40,26,20,4,17,16,22,47,25,14,8,7,12,17,52,12,27
"ENSG00000162688",24,21,21,37,9,13,14,27,30,12,9,19,16,16,29,37,5,37,3,30,24,13,15,5,10,14,27,13,18,36
"ENSG00000162692",0,29,14,6,11,42,11,11,11,1,8,18,3,18,40,20,20,38,5,10,5,13,15,3,10,14,3,2,5,2
"ENSG00000162695",1,26,8,9,6,13,12,5,23,5,5,13,15,6,25,29,2,20,5,20,2,8,16,0,6,18,11,4,20,18
"ENSG00000162702",369,499,355,269,255,326,406,323,361,195,192,344,227,302,558,540,313,543,226,525,336,320,237,147,211,445,378,425,394,313
"ENSG00000162704",155,773,189,191,186,260,259,284,547,96,137,296,239,257,281,324,136,353,227,126,123,288,330,111,114,264,386,216,328,400
"ENSG00000162729",226,143,95,64,85,80,133,159,155,107,109,98,75,173,112,125,50,123,58,154,135,93,101,47,22,66,179,136,111,120
"ENSG00000162734",365,1045,773,415,396,709,501,1068,406,518,429,398,768,720,628,846,377,740,196,462,465,876,960,177,352,672,447,393,378,384
"ENSG00000162739",67,180,348,150,130,273,264,163,231,123,188,154,289,220,421,284,115,225,118,312,153,268,247,82,187,293,164,126,293,299
"ENSG00000162746",49,49,19,11,23,18,11,34,25,12,41,31,16,44,10,8,24,34,31,28,25,35,13,43,9,20,37,30,34,25
"ENSG00000162757",41,104,77,47,25,85,63,52,48,34,44,65,90,57,80,98,34,82,60,59,20,77,52,28,25,66,83,60,53,100
"ENSG00000162775",389,325,535,181,273,520,540,476,338,142,604,285,382,533,465,626,175,384,210,620,407,356,407,95,146,401,468,670,256,453
"ENSG00000162783",1773,3155,2758,1053,2425,4019,1772,2419,1976,2375,2102,2617,4717,2790,2384,3365,2982,2137,2196,1833,1610,3566,5098,1837,676,2212,1733,2227,1762,1725
"ENSG00000162813",16,38,16,12,16,26,17,16,25,9,19,21,14,36,10,10,34,23,18,15,5,15,11,19,7,26,22,14,14,17
"ENSG00000162817",33,87,289,1,169,175,5,17,157,115,16,114,502,190,88,471,111,334,33,9,248,15,64,58,50,435,63,107,119,18
"ENSG00000162851",47,206,128,126,93,158,115,88,217,33,51,107,202,87,244,207,46,163,78,62,34,88,182,25,68,146,138,83,137,161
"ENSG00000162852",48,57,97,62,40,41,36,33,73,18,60,39,47,45,93,101,40,43,24,92,64,49,54,20,34,68,53,57,54,66
"ENSG00000162881",143,271,149,113,73,215,212,262,81,469,122,138,193,145,70,109,164,158,111,93,145,201,167,214,54,84,137,185,68,80
"ENSG00000162888",10,9,4,8,5,20,5,6,5,26,4,10,4,11,6,5,2,26,7,7,2,20,10,10,4,16,6,10,8,9
"ENSG00000162894",176,125,136,8,120,138,118,169,62,64,325,232,117,352,86,89,117,194,95,114,215,223,90,98,55,237,191,71,91,86
"ENSG00000162924",155,106,169,51,128,109,196,64,49,24,118,78,86,105,99,255,115,226,43,103,298,72,57,20,110,204,117,73,67,48
"ENSG00000162928",15,13,11,2,7,17,7,16,14,2,10,2,13,14,11,15,8,17,9,16,9,6,10,6,8,6,5,10,4,10
"ENSG00000162972",8,57,23,32,9,34,39,20,38,9,9,31,33,14,46,41,9,19,20,20,4,31,21,10,15,27,18,24,34,52
"ENSG00000162999",7,10,8,1,5,2,15,8,3,5,1,7,9,3,15,8,7,11,7,14,6,8,4,5,4,5,1,14,15,7
"ENSG00000163009",14,27,24,9,12,52,44,20,30,98,27,37,27,22,27,52,12,55,56,62,11,27,16,39,8,21,19,74,31,36
"ENSG00000163026",25,55,34,35,17,27,26,23,25,8,16,14,30,18,49,46,9,49,9,30,17,17,43,3,11,27,43,27,20,23
"ENSG00000163067",22,46,50,28,11,22,34,36,38,12,41,21,40,32,45,29,17,54,11,45,26,19,41,8,22,41,33,45,27,46
"ENSG00000163069",9,34,21,21,8,26,29,44,41,4,12,14,15,20,21,42,4,20,17,24,9,18,19,6,3,11,21,30,12,24
"ENSG00000163082",426,1073,731,581,231,900,1034,848,930,378,822,767,885,1032,1703,1538,375,1347,407,1381,702,1094,859,201,409,750,427,891,913,1055
"ENSG00000163104",1,22,11,11,2,19,13,11,19,2,0,8,17,5,23,24,1,15,4,5,1,9,18,4,7,20,9,5,14,11
"ENSG00000163113",38,35,22,16,24,10,18,24,13,14,24,12,18,25,36,40,9,34,9,41,40,18,12,12,17,16,38,16,20,24
"ENSG00000163114",18,39,23,11,12,39,26,19,26,15,26,31,21,14,16,25,12,22,38,3,21,29,14,19,12,24,35,14,19,34
"ENSG00000163125",1,22,7,7,6,5,7,7,11,2,1,4,6,2,20,8,0,15,0,5,1,5,3,0,8,13,9,2,8,21
"ENSG00000163131",11,63,50,40,43,71,70,47,61,49,43,51,75,57,94,63,31,92,70,54,34,72,62,28,39,72,37,37,80,82
"ENSG00000163132",17,32,25,2,7,59,13,13,35,45,31,9,117,94,97,119,67,27,62,121,39,49,80,15,9,13,2,63,86,47
"ENSG00000163154",158,322,98,147,139,118,146,120,247,158,78,153,180,146,186,122,171,219,192,190,138,214,203,163,75,116,94,157,186,166
"ENSG00000163155",58,79,135,44,29,143,47,104,76,45,86,92,149,54,119,152,79,102,118,75,66,78,66,39,60,112,34,95,106,90
"ENSG00000163159",46,114,98,76,62,112,91,85,109,29,62,60,138,74,113,126,91,127,62,93,73,87,109,41,43,92,74,83,81,94
"ENSG00000163170",2,45,8,10,6,16,13,5,21,5,3,12,13,3,6,17,9,13,12,9,2,7,18,4,4,2,12,5,23,27
"ENSG00000163191",43,354,106,105,96,142,127,116,208,47,41,139,154,68,90,231,53,88,181,55,113,200,134,106,33,148,17,186,120,202
"ENSG00000163207",110,388,51,0,158,115,15,42,13,6,33,82,23,153,36,92,316,42,14,17,340,36,81,226,64,42,353,23,14,20
"ENSG00000163220",1,4,1,9,9,4,6,93,245,4,2,11,1,15,33,16,1,8,12,17,6,72,9,2,8,4,2,37,32,7
"ENSG00000163251",33,86,38,46,25,95,124,44,83,25,50,28,111,54,132,197,42,54,51,106,22,53,82,14,17,23,21,158,60,97
"ENSG00000163257",37,29,52,30,56,63,54,39,45,35,65,35,59,58,52,69,43,53,15,62,38,49,37,38,10,46,53,50,30,26
"ENSG00000163281",16,47,14,14,11,18,15,25,25,15,13,22,18,21,31,31,28,25,17,25,19,23,28,20,16,21,14,23,35,22
"ENSG00000163344",803,1658,770,474,540,1043,788,1054,1191,468,486,765,1125,779,756,889,985,977,658,708,533,832,798,528,272,841,979,658,761,785
"ENSG00000163346",68,57,60,54,45,62,52,97,95,79,59,101,48,104,81,79,42,92,35,97,40,105,61,26,37,50,93,26,65,54
"ENSG00000163348",129,35,37,36,36,30,34,43,49,41,53,30,47,46,58,45,33,52,12,80,100,30,36,14,18,36,61,40,41,30
"ENSG00000163428",240,914,508,550,360,484,698,341,811,202,264,437,335,285,909,1074,195,616,733,490,327,560,227,216,305,535,509,522,686,865
"ENSG00000163462",19,10,11,3,2,6,19,19,15,6,5,13,6,11,7,24,4,9,8,7,14,25,8,3,4,7,2,18,13,7
"ENSG00000163463",51,87,122,35,77,98,96,136,66,133,49,105,136,77,72,77,124,92,142,128,87,103,85,156,36,93,59,203,61,63
"ENSG00000163472",9,7,7,3,2,7,5,5,2,12,3,5,11,6,11,6,2,10,3,10,0,10,11,0,1,6,8,3,6,7
"ENSG00000163507",12,24,7,14,9,11,13,12,13,6,6,12,7,19,12,9,0,11,1,14,2,8,3,2,1,7,23,7,9,13
"ENSG00000163510",206,326,278,186,129,256,284,197,271,97,179,234,269,208,374,350,200,256,205,260,191,171,253,128,133,275,211,342,278,321
"ENSG00000163513",10,19,6,32,12,16,10,9,60,2,4,3,4,18,35,36,1,11,4,13,1,9,3,1,3,12,5,4,6,9
"ENSG00000163528",10,23,20,7,13,20,20,17,12,4,14,12,13,13,20,24,11,21,10,9,13,14,18,9,15,30,24,7,16,20
"ENSG00000163545",7,2,112,1,10,4,21,5,5,13,34,18,5,32,2,22,39,25,9,8,4,3,26,15,3,32,17,1,7,11
"ENSG00000163584",2,66,51,32,22,61,29,49,34,6,8,41,112,22,59,62,12,61,65,33,5,41,88,11,28,70,14,20,42,57
"ENSG00000163597",45,213,143,50,142,115,158,102,155,51,65,170,237,85,207,119,153,167,144,131,54,121,183,102,53,207,79,114,137,121
"ENSG00000163600",0,5,2,1,3,2,5,142,21,4,0,0,17,0,23,24,0,19,2,2,0,5,20,0,4,2,2,8,4,39
"ENSG00000163602",295,669,585,238,323,388,356,383,430,117,384,372,450,318,619,571,432,567,288,412,356,329,363,236,255,567,537,351,392,496
"ENSG00000163607",10,33,1,12,5,10,11,5,22,2,8,9,9,5,23,9,1,2,18,7,5,13,14,2,7,7,13,21,13,17
"ENSG00000163626",14,30,18,9,8,30,23,25,21,14,31,12,12,28,19,30,9,16,5,7,8,29,28,4,10,21,40,12,10,24
"ENSG00000163634",24,102,70,47,60,89,100,62,106,36,52,87,98,63,108,105,57,84,131,70,13,67,78,80,35,81,53,94,95,112
"ENSG00000163655",72,192,144,131,76,163,155,109,162,22,90,91,153,68,183,209,63,160,58,164,74,71,92,22,86,167,144,140,151,230
"ENSG00000163659",16,119,124,74,78,98,116,85,116,41,56,91,68,71,207,137,30,125,45,96,44,123,55,16,75,128,60,53,123,136
"ENSG00000163704",94,27,30,27,42,26,41,16,35,24,42,26,37,58,50,49,40,68,11,54,113,39,45,12,43,35,47,12,30,15
"ENSG00000163743",2,13,3,6,7,10,4,4,9,2,3,3,5,2,6,3,3,9,0,3,2,3,12,1,2,11,5,4,9,12
"ENSG00000163794",11,7,12,1,14,32,17,15,6,61,25,16,39,25,10,9,35,28,30,7,4,30,24,30,2,14,13,24,7,9
"ENSG00000163795",16,15,8,7,7,20,13,13,13,33,22,18,13,11,14,17,10,20,4,5,12,14,19,11,11,15,17,1,6,5
"ENSG00000163814",0,5,3,1,0,17,8,3,8,1,1,1,10,1,7,8,0,7,3,11,0,25,5,0,3,1,0,0,1,32
"ENSG00000163823",112,188,49,122,51,78,79,32,181,6,15,49,19,35,103,28,11,65,105,72,26,74,13,45,11,73,46,10,76,69
"ENSG00000163840",28,176,96,167,62,90,91,122,93,12,53,61,88,61,181,189,12,146,28,76,48,79,82,12,52,131,60,39,85,139
"ENSG00000163866",55,129,78,61,55,109,68,67,95,37,50,71,110,97,107,110,49,83,38,66,50,73,105,21,36,84,96,47,74,66
"ENSG00000163874",11,28,21,17,9,16,18,40,23,12,18,13,22,11,16,28,10,15,9,21,4,18,36,5,10,22,18,22,21,12
"ENSG00000163875",10,69,49,29,42,72,41,37,77,27,31,48,68,60,80,66,43,76,48,34,23,48,56,18,25,67,43,60,48,53
"ENSG00000163877",13,12,11,5,7,10,9,20,15,5,17,7,12,9,9,21,10,6,6,13,16,10,12,6,4,10,13,21,13,7
"ENSG00000163923",1,26,22,6,10,19,23,6,17,5,7,10,11,4,10,20,9,9,12,5,6,8,11,5,4,11,8,9,16,22
"ENSG00000163950",93,221,170,92,63,185,160,148,152,43,59,131,159,82,161,146,64,191,125,102,47,68,121,40,49,142,176,151,127,161
"ENSG00000163956",225,329,232,178,209,342,212,451,310,149,233,194,274,296,315,286,159,302,167,309,122,285,283,120,131,266,329,331,233,255
"ENSG00000163961",203,380,584,180,263,238,290,299,316,157,636,291,400,330,419,486,203,677,285,327,236,208,161,161,268,371,587,231,245,348
"ENSG00000163964",16,36,28,20,31,35,30,44,38,13,37,28,42,36,47,41,38,66,27,54,8,19,36,21,8,27,34,36,45,37
"ENSG00000164011",39,37,33,25,17,35,33,37,26,23,28,26,39,35,33,33,34,58,40,44,30,26,37,31,21,37,39,52,31,28
"ENSG00000164012",34,32,27,25,6,9,26,17,12,49,21,37,15,35,21,11,10,36,11,22,32,16,8,45,5,6,27,46,30,17
"ENSG00000164022",30,216,120,77,78,198,152,116,153,91,78,172,161,81,205,187,112,204,252,130,38,159,151,118,75,158,87,103,154,188
"ENSG00000164032",130,986,259,432,196,561,354,444,920,138,147,277,478,258,459,507,129,272,428,214,54,309,498,159,185,347,473,230,539,862
"ENSG00000164047",3,16,8,5,2,10,9,13,10,6,9,23,3,30,10,4,31,14,40,6,6,33,1,52,2,57,9,20,21,9
"ENSG00000164051",7,24,7,5,7,16,16,13,17,4,7,11,14,11,7,15,4,9,7,11,0,10,8,2,6,9,16,7,8,11
"ENSG00000164070",5,14,9,15,2,18,5,8,19,2,11,3,6,2,20,10,2,8,8,10,4,6,6,4,7,11,7,8,11,18
"ENSG00000164077",6,14,10,3,11,12,15,16,6,2,6,7,10,17,9,13,4,15,3,9,10,6,9,5,10,6,12,15,5,5
"ENSG00000164080",3,13,17,14,3,7,15,12,8,12,6,8,7,7,25,36,5,27,3,14,4,9,8,1,8,9,16,4,5,14
"ENSG00000164081",46,16,21,4,11,21,27,23,13,16,19,13,13,25,19,19,11,19,9,24,78,19,9,9,6,20,23,35,15,11
"ENSG00000164086",206,131,189,91,75,145,96,141,195,68,111,73,232,140,220,209,160,156,37,288,503,141,158,28,51,118,120,188,88,125
"ENSG00000164087",223,324,167,159,181,230,290,265,381,122,155,166,191,204,264,229,157,249,230,299,155,164,144,141,72,174,283,331,233,315
"ENSG00000164096",105,398,220,205,113,397,307,140,465,79,279,239,357,199,282,470,258,227,251,176,177,332,333,181,229,283,210,190,471,521
"ENSG00000164104",759,1448,1091,871,649,1882,1580,1197,1751,573,865,1355,1097,1067,1581,1321,1096,1353,2549,1645,565,943,1161,1248,353,1185,1367,2516,1361,2003
"ENSG00000164105",138,143,157,43,73,165,128,152,105,51,207,93,120,178,142,166,296,82,127,167,183,167,87,112,47,94,112,163,80,119
"ENSG00000164116",0,9,8,12,0,6,5,12,17,3,0,2,13,4,5,7,0,11,0,3,0,3,3,0,4,1,6,12,5,2
"ENSG00000164117",16,77,65,44,25,69,63,47,95,9,41,48,54,42,110,118,19,76,29,74,15,56,77,21,26,74,43,41,49,75
"ENSG00000164172",2,35,11,14,10,27,8,15,27,9,5,23,22,15,23,12,3,16,19,10,6,24,24,5,8,12,24,8,22,26
"ENSG00000164211",3,34,17,18,8,20,13,10,22,4,5,20,12,12,23,35,2,18,8,4,4,26,28,1,4,18,28,4,20,18
"ENSG00000164236",182,119,166,96,126,105,127,77,94,55,156,50,106,161,199,283,61,132,27,165,218,93,94,20,85,99,251,34,60,56
"ENSG00000164252",12,44,19,28,7,14,23,15,39,7,9,24,20,6,30,30,9,17,12,31,17,5,14,3,8,30,20,23,22,35
"ENSG00000164258",16,111,75,36,46,98,94,66,82,44,36,93,112,61,105,102,37,85,121,41,12,80,108,56,37,82,44,73,90,79
"ENSG00000164284",2,14,13,2,2,9,12,10,5,2,9,5,16,5,11,15,4,10,2,6,6,6,10,0,9,9,6,8,6,10
"ENSG00000164296",30,51,68,24,47,46,37,56,47,36,27,33,66,50,87,65,31,53,39,77,22,50,50,23,13,49,34,56,37,30
"ENSG00000164305",0,48,25,15,11,12,28,22,30,1,8,14,22,5,29,23,4,41,7,17,3,15,22,0,11,32,21,17,29,35
"ENSG00000164332",31,38,14,19,16,8,19,14,26,3,5,10,16,11,21,28,12,22,14,12,10,22,16,6,12,25,15,19,20,18
"ENSG00000164366",2,13,16,8,5,10,15,12,14,4,8,9,18,9,5,19,6,12,13,6,1,8,16,6,5,16,18,6,9,10
"ENSG00000164430",34,54,73,19,39,60,44,48,43,11,30,49,53,43,28,54,42,43,35,42,55,30,46,16,7,48,35,66,29,34
"ENSG00000164442",188,116,201,38,170,73,111,167,107,56,165,66,155,119,103,118,101,142,37,239,556,45,107,51,38,162,227,170,68,88
"ENSG00000164458",285,65,66,3,0,35,66,141,7,98,102,0,207,5,4,11,11,550,1,30,5,8,21,0,10,91,462,1,12,2
"ENSG00000164484",47,99,181,38,120,39,54,42,209,2,40,36,17,64,135,75,42,186,74,75,44,61,38,12,43,87,198,33,191,128
"ENSG00000164506",12,21,12,16,7,15,18,12,22,13,6,14,12,15,30,17,1,21,10,9,9,9,13,2,7,10,11,7,12,10
"ENSG00000164587",319,816,705,309,1195,1388,1123,613,858,1111,1053,1304,819,1971,667,882,1060,667,1120,555,360,1177,1460,958,475,970,1029,551,613,632
"ENSG00000164603",3,38,20,22,17,20,26,15,42,7,13,15,26,9,43,28,4,11,8,19,3,13,18,2,30,36,25,9,30,36
"ENSG00000164611",216,223,215,123,118,299,243,299,262,98,284,165,306,214,204,244,305,185,336,373,157,214,224,265,71,172,167,731,137,276
"ENSG00000164615",138,284,186,83,117,259,307,129,322,67,189,147,371,193,312,395,157,210,209,162,219,236,257,93,134,254,151,153,227,253
"ENSG00000164620",35,23,17,7,37,20,24,36,9,31,25,40,15,35,16,11,8,43,19,13,9,43,12,34,14,36,37,22,20,18
"ENSG00000164626",22,65,154,67,20,351,122,94,115,404,92,55,162,156,213,249,209,96,65,162,247,106,98,120,69,75,50,130,21,88
"ENSG00000164674",2,6,7,6,0,7,7,10,6,0,3,6,6,4,6,12,0,3,0,3,3,10,5,0,0,2,1,4,14,18
"ENSG00000164691",10,5,77,10,57,28,14,8,1,1,32,2,21,22,0,55,26,47,1,0,23,10,15,0,19,69,40,13,3,7
"ENSG00000164695",15,31,30,37,8,30,24,43,45,3,13,16,45,21,82,87,21,38,23,37,24,26,42,12,18,10,10,113,17,18
"ENSG00000164713",5,47,70,16,23,57,48,52,36,9,26,10,129,25,56,74,65,42,15,26,20,54,99,15,29,47,7,20,19,17
"ENSG00000164733",230,403,569,178,218,666,564,743,398,288,429,604,895,557,525,456,554,364,326,289,341,478,657,316,278,385,391,321,533,387
"ENSG00000164794",6,26,1,99,1,49,13,13,66,7,4,10,10,42,1,73,2,5,6,17,0,32,8,2,2,4,1,35,6,9
"ENSG00000164823",24,135,112,45,60,90,74,66,71,10,41,40,141,79,171,178,19,100,34,78,26,45,112,4,56,91,92,45,111,75
"ENSG00000164897",567,496,536,214,312,528,568,740,453,429,737,569,554,735,466,531,666,452,430,700,848,604,414,468,158,458,463,768,318,353
"ENSG00000164898",4,62,28,36,28,74,48,20,71,42,15,47,58,22,49,50,38,55,55,29,8,58,46,53,9,47,27,24,33,61
"ENSG00000164919",230,908,360,329,336,807,627,563,671,524,294,559,723,424,656,617,564,484,1113,304,137,796,780,687,264,628,603,390,560,644
"ENSG00000164930",36,39,12,41,25,59,8,31,70,15,13,44,42,8,62,79,15,51,18,60,17,21,26,2,12,14,15,53,37,27
"ENSG00000164933",9,58,37,28,20,54,35,27,36,7,15,28,41,11,60,56,7,35,14,24,10,23,51,4,18,49,37,14,37,48
"ENSG00000164934",31,68,34,34,26,35,30,41,41,11,16,34,35,37,51,44,14,46,12,37,33,18,43,6,11,37,26,56,33,34
"ENSG00000164938",154,22,373,20,102,40,128,86,36,48,305,229,35,133,47,88,84,132,33,133,250,189,86,30,39,258,155,105,67,103
"ENSG00000164949",7,5,61,0,27,28,13,5,6,1,15,16,22,18,16,20,53,22,4,9,62,12,22,9,34,44,12,12,3,5
"ENSG00000164967",86,148,180,83,126,178,249,149,224,76,105,124,313,220,180,203,141,227,130,93,80,167,176,53,53,204,148,90,128,133
"ENSG00000164978",52,205,97,147,122,182,329,182,192,92,233,128,161,173,286,161,246,109,371,103,89,184,163,164,56,214,108,201,251,151
"ENSG00000164983",17,11,41,1,15,34,24,18,14,2,24,49,11,20,7,22,28,27,12,10,41,14,9,13,5,37,37,10,20,30
"ENSG00000165006",627,727,719,379,441,699,775,795,629,296,765,583,788,640,747,758,715,772,434,863,720,667,557,403,296,746,534,1063,517,609
"ENSG00000165025",257,208,111,105,92,139,177,292,164,58,209,149,103,192,145,249,101,237,68,278,246,229,85,93,44,164,139,156,107,196
"ENSG00000165030",29,110,64,17,31,66,60,69,135,19,76,48,130,81,299,49,38,78,84,186,26,112,57,17,22,133,28,219,274,275
"ENSG00000165046",5,4,5,2,2,9,11,14,12,5,5,12,9,7,13,11,3,12,9,11,5,5,5,3,0,5,5,17,8,6
"ENSG00000165059",13,24,5,7,9,5,9,19,3,4,12,4,14,4,11,7,12,15,5,10,2,8,10,7,7,14,10,17,13,12
"ENSG00000165060",5,20,8,5,9,5,4,12,10,2,2,12,11,6,9,8,3,2,7,10,2,10,10,1,1,10,9,17,12,11
"ENSG00000165097",72,189,103,114,118,105,74,96,168,41,99,68,138,98,170,211,58,219,62,127,143,58,100,34,96,121,143,52,122,122
"ENSG00000165118",10,72,34,41,17,45,35,34,65,16,24,29,52,23,54,46,18,26,16,31,11,25,42,7,20,37,48,23,35,31
"ENSG00000165168",51,130,66,139,25,65,82,54,114,55,51,97,48,83,141,144,18,115,45,99,61,49,56,27,51,97,86,32,116,98
"ENSG00000165175",1305,2081,1543,868,614,2296,1775,1592,1802,589,1429,913,2323,1570,2781,2513,1301,2085,1232,1712,1173,2765,2429,595,485,716,937,2024,1875,1840
"ENSG00000165185",52,39,66,23,23,31,48,32,39,12,80,18,33,46,74,95,24,47,9,95,102,42,25,13,33,46,59,45,35,55
"ENSG00000165233",33,23,26,10,10,28,22,42,36,47,39,31,43,22,26,26,26,24,43,37,21,44,39,11,1,20,23,57,14,24
"ENSG00000165240",7,4,14,8,1,6,8,11,5,4,7,11,9,10,13,15,3,12,1,23,42,9,4,2,9,9,6,12,15,13
"ENSG00000165244",204,305,171,132,103,193,159,141,263,102,153,151,129,129,219,274,77,180,182,196,165,79,107,70,47,145,248,226,181,238
"ENSG00000165264",138,588,162,227,133,324,229,244,373,119,146,178,328,210,283,374,186,246,315,153,62,246,283,185,127,223,342,201,308,308
"ENSG00000165275",63,52,46,41,32,51,61,51,46,93,56,52,60,57,70,68,49,81,88,50,51,47,52,52,20,53,33,66,48,67
"ENSG00000165312",75,109,200,53,49,187,161,176,181,67,283,118,245,185,256,342,119,117,114,300,138,136,143,38,42,175,83,180,98,160
"ENSG00000165355",257,543,394,200,220,445,477,345,449,146,281,394,437,248,396,473,204,507,377,473,183,445,340,173,134,455,494,329,479,558
"ENSG00000165359",22,52,32,33,15,68,57,36,28,84,25,105,38,50,51,30,20,71,128,36,10,85,30,48,19,53,30,32,77,52
"ENSG00000165383",6,3,1,17,1,3,4,2,12,10,1,4,3,2,6,13,0,11,4,3,2,8,1,0,0,2,3,4,9,3
"ENSG00000165389",113,341,143,163,75,221,193,232,279,87,147,164,240,136,221,256,128,178,235,199,106,156,166,101,79,199,194,269,197,256
"ENSG00000165392",2,27,20,16,6,24,13,6,31,10,5,12,14,7,34,35,6,18,10,9,2,9,15,1,13,23,25,4,27,15
"ENSG00000165410",20,47,29,13,25,47,30,19,46,16,15,43,25,22,44,51,29,44,26,20,18,23,43,9,20,45,35,20,34,26
"ENSG00000165416",206,166,111,59,119,91,55,141,107,24,113,81,130,64,99,110,197,87,41,175,198,59,96,63,31,87,65,327,68,89
"ENSG00000165417",184,225,216,151,107,136,188,188,177,60,167,132,165,141,302,288,123,255,73,355,198,127,129,76,96,205,206,222,130,174
"ENSG00000165424",3,1,3,3,1,6,8,7,11,1,9,2,6,6,2,12,1,11,2,7,39,6,1,0,2,2,4,32,1,3
"ENSG00000165434",3,12,7,6,2,0,5,12,15,11,1,12,7,4,3,6,4,7,6,4,3,6,3,2,1,4,3,11,8,13
"ENSG00000165458",219,230,176,77,161,206,193,291,166,328,299,191,232,252,157,190,225,252,177,197,158,254,146,223,65,187,202,232,118,122
"ENSG00000165474",8,141,17,34,9,9,49,10,115,23,5,25,11,5,75,24,5,226,38,16,16,69,25,8,1,22,29,15,58,3
"ENSG00000165475",28,53,37,85,24,51,77,41,137,48,29,37,107,32,192,70,65,93,29,92,48,48,69,35,28,78,92,138,39,70
"ENSG00000165476",90,210,175,69,106,196,131,108,152,67,142,168,246,123,243,191,119,155,163,159,128,132,177,76,97,167,123,161,171,182
"ENSG00000165480",18,34,18,11,10,25,24,24,32,9,19,15,3,10,17,18,9,22,14,26,9,8,16,11,4,13,45,45,11,21
"ENSG00000165490",65,167,59,104,34,109,78,74,103,34,49,88,104,48,126,111,36,121,67,91,47,45,46,40,19,92,93,77,94,181
"ENSG00000165494",547,994,665,703,478,727,796,678,870,856,698,983,883,645,1181,1019,436,1162,752,866,567,685,705,574,254,857,792,841,886,872
"ENSG00000165501",114,366,108,106,85,178,146,163,224,77,107,110,166,123,131,236,96,187,214,111,55,140,137,143,57,123,207,162,214,219
"ENSG00000165502",98,290,254,107,195,235,207,238,282,101,153,435,420,204,328,301,260,333,355,209,156,328,402,260,130,293,106,272,258,246
"ENSG00000165506",165,266,203,81,135,253,198,165,191,137,163,187,269,215,209,248,131,185,183,125,193,185,225,109,65,174,205,143,159,162
"ENSG00000165511",4,9,17,1,7,5,8,3,8,5,8,12,8,7,11,4,6,7,6,11,7,10,8,6,1,26,14,2,7,11
"ENSG00000165512",173,472,415,244,197,527,463,191,488,125,232,362,588,286,745,653,259,354,343,379,217,340,547,217,170,446,342,302,449,534
"ENSG00000165516",63,251,162,128,101,162,164,138,248,145,92,120,235,123,311,266,88,251,125,136,44,130,178,53,107,200,166,90,204,227
"ENSG00000165525",109,281,143,111,185,160,164,208,203,293,107,364,152,140,202,186,196,271,441,203,80,226,101,300,76,222,113,348,211,178
"ENSG00000165526",276,719,536,417,352,651,602,379,674,309,366,405,737,478,737,800,283,622,324,502,418,509,465,202,330,610,548,359,563,533
"ENSG00000165527",606,1114,981,406,903,1009,889,1155,1254,257,850,688,1068,981,981,1332,807,986,579,913,620,781,720,379,383,1028,996,883,645,782
"ENSG00000165533",9,12,12,6,15,2,16,8,21,7,0,6,12,1,20,11,12,16,9,17,3,12,6,1,4,13,6,15,9,5
"ENSG00000165548",7,32,13,5,26,6,4,76,2,7,20,6,7,44,1,13,6,3,10,3,3,54,4,22,5,8,4,75,2,1
"ENSG00000165572",22,106,69,64,36,54,46,33,67,19,30,55,70,38,113,110,22,74,84,57,29,53,53,26,32,82,58,53,76,81
"ENSG00000165617",48,61,26,93,4,63,109,107,66,98,43,48,31,42,61,125,13,66,35,116,1,182,90,12,12,17,16,104,48,48
"ENSG00000165632",421,524,313,189,232,434,431,471,384,322,297,584,378,383,387,383,488,439,637,450,349,478,160,439,119,402,325,743,302,398
"ENSG00000165646",29,71,33,22,25,63,40,53,59,33,38,62,66,22,109,89,22,52,71,54,18,61,45,16,28,39,16,87,61,83
"ENSG00000165650",8,8,8,14,7,11,6,13,18,1,9,2,17,3,35,26,1,14,4,13,5,13,4,3,8,3,10,6,13,22
"ENSG00000165655",10,8,1,4,5,20,12,14,16,14,7,10,13,19,11,9,0,16,6,27,1,19,6,10,1,2,5,42,6,10
"ENSG00000165660",21,38,47,25,35,34,52,43,39,12,37,36,36,31,30,55,28,60,16,60,32,23,32,18,20,50,34,61,22,39
"ENSG00000165661",145,68,103,89,71,119,109,78,138,79,132,94,79,118,123,163,41,125,36,134,113,158,133,43,58,69,139,139,71,108
"ENSG00000165675",6,22,10,21,12,14,10,19,29,2,6,9,12,10,31,17,5,27,1,19,12,4,20,3,11,12,16,10,16,15
"ENSG00000165678",674,2479,1272,938,1007,1797,1184,1168,1739,375,721,1106,1959,984,1788,2363,903,1542,1059,970,660,1445,1702,507,878,1501,1242,1124,1709,1966
"ENSG00000165684",1195,696,506,343,518,673,515,471,509,1058,601,463,707,783,626,637,492,956,391,552,602,739,670,491,217,569,718,469,319,281
"ENSG00000165698",22,18,25,22,17,31,40,33,40,25,19,22,48,45,26,19,28,37,37,41,11,28,43,45,7,19,22,71,20,18
"ENSG00000165702",1,3,0,2,1,3,8,54,16,1,10,2,9,28,1,6,1,0,14,1,1,7,4,4,0,1,1,5,7,5
"ENSG00000165704",310,385,158,139,198,251,193,207,335,69,151,142,239,166,282,300,223,197,186,259,263,195,228,107,138,184,181,467,282,364
"ENSG00000165714",170,158,158,49,67,156,151,160,91,50,185,154,169,206,119,147,165,146,116,114,121,141,98,209,51,147,189,145,80,99
"ENSG00000165716",14,10,20,2,7,20,43,15,6,54,8,5,21,8,114,20,13,29,32,7,11,34,20,1,0,13,12,123,6,2
"ENSG00000165724",29,92,41,20,35,73,46,31,60,60,23,40,71,39,66,80,23,59,25,22,14,45,76,20,7,83,63,24,61,43
"ENSG00000165732",2519,3827,2233,2152,2153,3070,3409,1738,3512,1012,1662,2004,2510,2017,4145,4151,2430,3819,2289,2640,2656,1866,1581,1459,1592,2863,2717,2280,2020,2626
"ENSG00000165733",354,647,349,418,314,465,463,424,644,221,245,356,502,301,620,562,236,538,338,495,314,333,319,199,256,480,526,486,403,514
"ENSG00000165782",285,667,474,245,301,619,486,478,508,464,384,455,687,518,522,654,380,741,301,394,274,525,693,236,194,463,471,357,371,394
"ENSG00000165792",424,835,543,398,361,610,631,530,616,786,317,573,613,439,596,540,362,671,602,441,297,598,611,479,219,536,594,633,516,628
"ENSG00000165801",26,23,23,18,2,94,21,21,55,8,35,15,100,38,22,110,16,30,19,28,20,69,72,21,17,1,20,83,21,58
"ENSG00000165802",57,58,91,28,91,98,77,70,58,86,83,52,74,110,126,101,40,96,42,78,71,81,65,28,42,90,58,91,49,91
"ENSG00000165804",152,108,44,42,32,80,110,61,44,122,60,56,89,82,62,78,63,147,46,67,54,108,56,54,9,31,73,146,44,46
"ENSG00000165806",19,36,19,27,17,20,22,47,23,6,12,26,41,25,34,49,9,22,11,36,9,22,34,6,5,15,18,39,25,30
"ENSG00000165819",158,266,150,148,118,179,222,197,168,297,207,158,156,190,205,182,146,255,161,271,98,186,184,145,82,211,235,231,211,220
"ENSG00000165821",41,58,23,45,10,23,33,9,34,18,39,4,42,22,24,32,23,59,12,46,64,23,32,10,26,22,32,21,34,27
"ENSG00000165832",45,44,45,25,30,47,29,37,36,8,40,20,47,44,55,67,22,39,12,62,73,21,38,13,22,28,38,42,23,35
"ENSG00000165861",118,212,217,87,139,151,153,205,159,134,144,144,201,194,209,178,102,156,82,163,136,211,150,75,80,178,121,126,148,140
"ENSG00000165886",39,32,29,9,50,41,20,61,31,19,47,29,35,53,29,33,54,29,30,16,56,46,44,10,15,62,17,54,16,15
"ENSG00000165891",203,239,156,125,187,165,91,193,178,62,141,151,98,121,229,172,51,275,34,143,197,132,87,71,53,196,213,113,91,164
"ENSG00000165895",1,9,16,0,4,8,10,4,1,0,3,9,9,3,7,11,1,12,3,5,13,2,9,3,0,3,2,0,3,11
"ENSG00000165898",98,193,121,50,68,154,112,183,139,49,93,81,145,116,112,141,81,88,110,73,75,118,175,37,48,98,87,149,109,148
"ENSG00000165912",22,20,31,23,29,45,27,23,42,23,43,8,49,29,29,87,48,38,28,34,18,21,43,23,9,11,46,91,22,26
"ENSG00000165915",158,177,123,81,118,133,128,196,175,306,131,201,186,198,166,170,129,215,106,150,115,217,188,92,53,163,162,153,115,126
"ENSG00000165916",448,1414,476,546,585,726,623,743,842,525,326,576,679,528,647,601,442,701,648,521,227,646,586,617,254,630,783,641,532,704
"ENSG00000165923",11,27,17,8,15,31,17,19,13,37,4,28,20,10,33,14,8,30,14,15,11,40,25,28,12,32,15,13,13,9
"ENSG00000165929",110,285,97,231,4,117,92,188,60,173,102,40,212,141,260,293,82,65,203,217,35,142,241,61,116,27,62,21,379,110
"ENSG00000165934",335,1122,428,521,438,479,527,407,704,174,278,553,568,368,865,788,215,538,357,473,233,390,468,147,374,534,583,463,567,796
"ENSG00000165935",5,5,9,5,5,17,10,16,8,25,5,10,9,11,15,19,21,5,24,11,7,15,13,6,9,14,3,21,15,7
"ENSG00000165943",215,446,232,213,171,455,281,251,491,405,224,280,318,441,680,483,161,472,245,372,138,363,334,200,161,354,265,415,487,530
"ENSG00000165948",66,222,75,54,63,98,137,152,109,114,77,123,121,104,83,110,69,83,171,102,54,130,89,94,39,81,92,168,173,169
"ENSG00000165949",17,167,4,10,4,117,33,805,6,101,55,7,184,68,85,65,12,6,197,21,1021,182,10,122,10,20,1,17,62,50
"ENSG00000165959",326,270,84,74,173,100,50,63,356,266,225,189,354,264,402,266,281,479,216,385,92,282,122,157,267,320,245,580,464,442
"ENSG00000165983",35,112,43,44,19,68,36,72,57,25,22,43,46,39,66,71,20,52,32,76,45,36,32,26,32,33,51,83,46,78
"ENSG00000165985",11,33,15,16,9,25,14,27,36,18,14,10,12,7,16,31,21,27,12,39,17,23,10,13,13,31,20,60,19,12
"ENSG00000165990",5,15,7,2,2,8,9,12,7,7,1,10,14,6,4,9,7,13,8,8,1,16,16,16,3,3,15,2,9,14
"ENSG00000165997",97,265,278,190,100,257,296,142,192,111,224,330,259,129,430,515,93,208,241,296,125,321,238,59,252,318,173,235,296,545
"ENSG00000166002",115,253,173,80,82,200,186,119,185,70,101,97,222,125,85,219,40,78,70,77,47,106,127,58,50,119,181,118,97,126
"ENSG00000166004",294,468,273,348,180,347,426,300,293,328,274,485,264,256,408,447,197,503,507,463,199,293,145,295,122,345,406,455,336,623
"ENSG00000166012",227,626,634,273,435,741,607,440,590,367,459,613,962,414,933,988,714,637,646,506,320,675,834,330,258,819,321,571,605,608
"ENSG00000166016",31,11,10,17,3,19,6,19,12,7,7,5,17,14,13,33,2,4,6,21,10,8,38,0,2,4,17,3,36,6
"ENSG00000166024",40,78,47,23,30,38,44,55,52,25,28,62,50,43,36,47,32,55,42,52,67,63,37,34,30,57,55,57,49,58
"ENSG00000166025",139,48,4,179,10,11,70,11,217,8,19,3,21,22,61,174,6,87,4,198,2,18,28,0,2,5,2,98,42,20
"ENSG00000166037",177,655,539,310,230,672,803,424,652,265,420,565,560,417,846,777,276,681,652,569,248,497,433,290,295,618,439,594,678,900
"ENSG00000166046",8,6,47,16,11,27,51,11,33,19,46,31,16,42,36,38,4,34,12,17,4,48,14,9,17,48,10,31,38,41
"ENSG00000166068",5,54,11,40,16,60,45,14,60,12,12,14,33,15,157,73,4,24,31,33,30,43,23,5,12,27,4,32,14,76
"ENSG00000166073",2,7,6,4,1,7,3,3,13,5,2,4,15,7,12,14,4,6,2,3,4,13,7,1,1,1,4,9,4,4
"ENSG00000166086",23,26,9,12,20,16,17,19,40,25,10,35,21,8,17,16,14,79,18,18,11,13,13,125,10,31,18,33,15,12
"ENSG00000166123",176,321,327,134,141,769,421,335,746,54,396,248,459,393,1058,641,148,414,398,851,271,405,411,175,108,251,291,938,194,595
"ENSG00000166126",3,8,10,2,1,20,16,21,14,33,11,18,12,13,19,28,16,9,9,15,9,12,13,19,2,13,5,11,6,21
"ENSG00000166128",78,145,189,62,77,107,127,136,103,31,135,77,116,129,254,187,73,183,52,202,149,88,119,44,104,153,127,152,104,107
"ENSG00000166130",21,91,53,24,29,104,68,74,81,44,69,87,97,76,66,91,42,46,135,36,21,110,89,73,24,37,82,45,58,70
"ENSG00000166133",345,491,309,194,210,376,343,290,365,169,208,231,450,314,377,396,325,295,185,349,235,236,271,181,114,338,381,394,203,256
"ENSG00000166135",41,116,74,88,77,61,88,108,122,32,64,54,75,88,140,141,21,158,21,74,46,61,57,23,42,92,100,53,71,87
"ENSG00000166136",81,319,192,102,142,308,159,272,243,214,78,204,446,340,232,195,104,158,383,93,56,303,432,100,120,207,212,149,170,259
"ENSG00000166140",65,70,64,30,39,91,83,62,37,76,77,53,95,103,54,71,106,75,65,83,100,73,63,36,14,57,70,157,60,47
"ENSG00000166145",161,190,361,179,141,263,227,85,420,146,375,116,279,477,285,361,307,336,194,236,576,329,526,220,125,179,108,507,352,280
"ENSG00000166147",266,577,166,1464,161,341,338,282,1343,603,148,197,330,332,1101,1092,70,466,145,873,146,637,303,112,222,210,450,350,566,434
"ENSG00000166165",261,184,170,27,62,154,242,179,63,79,123,124,233,218,61,315,485,112,113,154,135,306,107,235,67,71,101,84,64,57
"ENSG00000166166",122,119,100,53,56,159,97,97,107,96,57,55,168,116,153,119,92,138,66,115,68,110,138,62,40,100,100,59,40,61
"ENSG00000166170",265,547,434,340,272,431,439,380,626,231,219,437,552,292,735,589,179,571,302,440,228,332,459,165,182,513,442,343,439,592
"ENSG00000166173",0,0,1,0,31,0,14,1,1,6,0,4,0,0,0,1,3,11,2,3,62,2,2,1,3,10,124,36,0,0
"ENSG00000166181",57,108,42,52,38,52,49,39,79,14,61,33,41,25,70,94,29,78,13,63,60,28,41,16,36,31,84,36,57,55
"ENSG00000166188",256,287,265,117,178,230,237,246,221,130,181,182,332,244,293,307,142,266,118,245,258,178,203,66,83,259,284,266,166,147
"ENSG00000166189",290,739,442,292,314,516,430,488,589,168,278,327,554,471,455,636,266,544,304,314,302,377,470,170,169,403,634,327,348,354
"ENSG00000166192",8,31,20,16,16,22,23,35,23,11,20,21,28,21,33,26,19,37,13,29,25,26,24,15,14,30,24,23,33,29
"ENSG00000166199",75,125,98,73,63,135,119,100,136,33,78,54,143,111,140,159,75,141,42,102,49,95,102,29,25,84,115,99,100,98
"ENSG00000166200",193,973,799,479,409,824,879,493,870,167,344,733,925,437,1096,1090,322,715,608,563,255,684,685,163,393,969,536,537,786,1035
"ENSG00000166225",76,109,117,82,64,114,88,80,92,61,93,109,102,65,172,182,58,135,58,164,73,108,119,51,67,142,75,128,121,145
"ENSG00000166226",756,3707,1262,1584,970,1981,1621,1273,2412,599,659,1286,2212,1081,2194,2023,790,1712,1191,903,474,1344,1839,689,847,1856,1753,1025,1885,2323
"ENSG00000166228",46,196,122,91,57,185,128,193,174,58,67,134,216,95,196,224,82,159,119,118,44,164,205,99,49,107,81,176,133,192
"ENSG00000166233",332,1014,708,590,446,704,747,695,838,327,472,684,970,496,1109,1108,447,921,440,674,546,590,649,219,439,861,631,629,838,985
"ENSG00000166260",86,187,68,81,75,130,109,121,201,64,71,66,105,93,160,165,56,100,75,117,38,108,112,47,30,87,110,174,102,167
"ENSG00000166261",99,227,217,140,124,274,215,144,218,196,91,201,262,178,315,220,109,279,146,232,85,207,228,107,81,272,185,162,180,192
"ENSG00000166262",21,13,13,7,9,13,12,14,10,14,14,11,15,7,11,13,7,14,15,14,14,12,17,10,3,17,15,12,13,7
"ENSG00000166266",141,385,152,231,157,213,243,191,349,122,134,292,226,139,426,425,131,295,208,198,96,168,238,100,149,277,219,197,343,379
"ENSG00000166272",440,631,448,326,281,371,391,588,550,203,363,397,428,510,541,492,226,560,234,509,379,345,292,161,208,455,452,429,387,440
"ENSG00000166289",272,637,313,156,264,401,282,495,302,251,431,283,346,364,298,427,368,385,313,333,460,426,411,323,261,336,299,301,179,295
"ENSG00000166292",1,19,1,5,0,4,1,7,3,1,1,14,19,5,3,5,0,1,0,1,0,20,10,0,1,8,12,7,8,12
"ENSG00000166295",69,371,297,153,153,431,388,272,359,220,215,317,431,307,424,371,235,377,379,186,87,375,367,183,160,313,234,223,371,407
"ENSG00000166311",317,274,181,118,219,126,168,353,176,232,210,182,157,147,177,177,148,279,102,186,323,209,157,121,124,214,272,176,103,111
"ENSG00000166313",15,8,58,2,55,10,17,33,29,9,30,9,18,20,13,15,26,124,16,16,46,3,15,8,99,87,38,14,15,10
"ENSG00000166317",34,24,10,8,4,24,2,13,3,6,11,8,23,11,21,8,38,14,5,20,180,7,14,30,26,10,13,2,10,2
"ENSG00000166326",980,2161,998,985,789,1223,1304,1234,1581,921,949,1043,1175,1301,2195,1797,1065,1782,1175,1850,1217,1194,865,694,698,1346,1160,1374,1605,1553
"ENSG00000166333",1021,1978,1093,906,759,1355,1277,2064,1540,1019,1448,1255,1268,1436,1245,1270,1069,1367,1244,1792,852,1301,1020,1268,392,1028,1228,2034,1112,1296
"ENSG00000166337",1035,1503,1186,368,844,1624,1249,1406,1147,1499,1310,1700,1863,1957,1090,1091,1976,1487,1612,1052,1037,1670,1622,1670,506,1259,1122,1388,747,873
"ENSG00000166340",7,35,28,14,12,39,37,31,20,8,32,34,22,50,54,42,14,39,9,21,12,51,23,8,16,29,34,12,30,20
"ENSG00000166341",12,24,14,4,14,15,11,9,3,39,21,8,13,24,7,14,2,12,19,18,2,16,5,23,7,27,8,2,8,7
"ENSG00000166342",2,9,5,0,6,10,7,6,0,4,9,12,2,0,78,15,0,32,1,7,0,17,21,0,1,13,0,0,15,6
"ENSG00000166343",5,6,6,3,7,8,7,9,7,35,7,21,12,14,8,6,3,11,20,5,2,11,5,13,4,12,9,11,12,11
"ENSG00000166347",62,206,83,83,74,200,132,155,106,89,96,101,189,197,118,162,187,95,82,91,59,166,231,65,53,118,107,95,82,79
"ENSG00000166352",6,36,6,7,18,6,13,3,7,2,10,3,9,0,4,0,4,2,5,4,12,5,3,5,3,20,2,38,8,28
"ENSG00000166359",6,11,4,2,4,9,11,4,12,14,9,17,8,10,7,8,3,16,9,6,4,4,2,6,0,15,7,11,7,12
"ENSG00000166377",49,120,90,76,69,98,111,83,151,118,63,72,66,65,104,157,36,132,33,89,51,90,95,32,60,132,90,50,94,114
"ENSG00000166387",552,619,613,297,536,499,568,714,383,550,623,699,546,675,746,625,588,608,411,841,711,376,657,536,472,684,640,661,661,546
"ENSG00000166394",29,21,25,9,11,6,6,16,7,4,33,33,24,14,20,18,45,38,9,17,43,9,13,37,26,22,68,22,6,9
"ENSG00000166398",250,253,426,166,202,276,339,264,285,254,378,290,295,328,364,498,226,370,182,409,461,306,277,172,143,432,296,294,242,267
"ENSG00000166411",4,31,14,10,11,20,21,16,23,1,9,9,22,10,5,30,6,26,5,12,6,13,16,2,6,5,18,10,19,24
"ENSG00000166435",46,47,31,57,25,27,29,79,44,38,24,34,39,48,24,37,29,87,98,58,25,56,25,25,42,82,44,78,32,38
"ENSG00000166436",206,156,107,153,89,74,141,121,133,380,89,182,61,156,137,92,46,279,139,133,117,191,83,94,56,196,141,136,140,176
"ENSG00000166439",203,245,381,212,235,248,316,222,225,128,293,291,275,249,531,466,167,391,128,356,323,194,167,95,225,349,310,247,342,412
"ENSG00000166441",306,581,289,255,506,349,317,327,496,194,309,346,471,320,384,296,690,471,369,244,342,356,538,405,315,412,323,348,467,453
"ENSG00000166444",31,43,25,12,12,22,22,21,7,33,35,37,39,54,11,25,22,19,18,17,42,30,18,36,10,34,16,51,14,21
"ENSG00000166446",42,15,8,37,58,1,28,15,51,20,18,30,3,19,57,13,7,34,1,11,32,23,3,4,39,42,11,9,17,5
"ENSG00000166451",21,112,96,76,46,109,109,117,131,44,55,58,78,75,117,128,50,119,97,94,21,65,74,56,27,92,101,105,113,153
"ENSG00000166452",69,120,65,33,32,94,79,60,99,33,84,33,94,55,62,105,89,89,66,68,83,79,81,32,37,66,85,94,82,91
"ENSG00000166454",176,317,142,148,159,191,185,153,273,63,88,166,208,159,310,227,78,260,133,196,168,133,141,57,60,217,134,197,191,184
"ENSG00000166471",60,89,58,33,40,63,79,44,53,111,79,59,75,61,85,86,33,56,59,51,62,45,80,53,17,76,60,33,74,66
"ENSG00000166477",436,616,337,344,284,407,419,456,634,174,281,464,400,347,565,505,504,428,438,554,486,319,306,306,208,390,399,905,452,561
"ENSG00000166479",4,46,21,17,18,27,20,13,29,11,9,13,26,13,59,51,10,38,10,16,3,26,31,4,15,29,20,17,32,45
"ENSG00000166483",90,433,280,192,124,288,268,184,399,60,104,202,228,123,338,409,130,354,186,238,90,163,198,61,142,333,251,212,353,398
"ENSG00000166503",250,379,110,107,59,299,346,101,97,27,286,62,285,101,48,221,83,332,314,46,122,8,131,30,180,78,407,293,67,64
"ENSG00000166523",1,1,2,21,0,24,4,0,45,3,6,1,4,1,15,17,0,2,4,3,0,4,2,0,0,2,0,3,0,1
"ENSG00000166529",21,19,26,11,9,33,33,28,11,21,18,27,35,47,22,37,35,43,14,24,15,21,34,18,13,31,16,36,19,20
"ENSG00000166532",19,40,12,35,58,37,55,8,69,34,48,24,65,54,74,57,25,57,8,36,42,21,21,21,22,54,10,14,22,23
"ENSG00000166548",44,86,44,1,76,52,44,83,49,23,37,109,158,75,67,29,20,264,83,33,18,100,32,86,55,177,117,100,14,71
"ENSG00000166557",108,213,308,123,179,234,241,478,226,116,321,234,354,349,224,284,209,296,134,201,94,291,238,94,99,283,259,152,201,206
"ENSG00000166562",327,985,502,301,308,637,622,732,501,433,360,1066,859,405,622,644,636,640,843,493,233,586,781,413,222,479,712,554,670,677
"ENSG00000166575",1,23,21,11,15,23,9,16,4,4,13,20,27,11,22,33,4,13,11,11,7,22,23,4,17,15,18,8,9,14
"ENSG00000166579",104,196,232,101,126,173,164,228,146,42,204,183,231,161,232,239,137,210,89,235,161,166,235,45,98,190,152,202,149,157
"ENSG00000166582",50,84,61,41,41,99,117,57,83,52,60,74,103,50,74,106,97,74,100,54,47,41,77,55,32,71,68,93,59,85
"ENSG00000166592",110,87,80,13,51,236,50,138,22,20,86,61,212,134,34,113,218,60,68,25,28,215,216,101,26,70,66,76,26,32
"ENSG00000166595",493,1229,825,402,477,1255,988,1342,815,581,815,818,1410,1013,845,1000,1014,785,1115,671,383,1185,1069,1067,363,809,784,829,605,775
"ENSG00000166598",1120,3842,1543,1439,1333,1818,2287,2413,1764,2113,1363,5322,1632,1835,2004,2509,1348,2183,3149,2130,574,2360,1342,2592,784,2324,2018,2153,2653,3485
"ENSG00000166619",69,42,24,21,49,27,22,55,58,23,42,35,16,38,39,38,19,44,19,41,109,38,28,10,12,54,56,32,18,20
"ENSG00000166669",61,151,50,79,33,101,81,77,84,105,55,121,89,59,115,77,37,144,130,83,51,114,65,60,19,88,50,142,112,143
"ENSG00000166676",9,36,109,21,9,163,77,6,9,11,16,36,119,82,57,188,46,44,18,46,15,28,92,13,25,29,54,11,41,23
"ENSG00000166681",28,35,51,49,4,41,58,43,23,1,8,10,73,40,3,27,5,58,11,27,12,40,17,3,12,11,7,2,7,15
"ENSG00000166685",312,450,396,242,222,390,377,388,309,375,289,388,477,366,371,347,227,414,262,382,274,468,361,238,155,272,400,330,293,327
"ENSG00000166689",15,33,25,0,67,7,21,40,5,21,25,12,60,29,2,16,13,30,19,13,8,51,6,11,35,11,23,27,14,55
"ENSG00000166704",24,82,33,47,21,45,40,29,39,45,15,12,59,32,90,62,19,70,33,49,13,32,35,27,26,88,29,16,74,57
"ENSG00000166710",7027,20642,15845,8730,8769,22368,20122,27346,14200,9522,18668,14363,19999,21757,20106,18277,18243,18837,16571,21893,6905,20950,19348,12070,7556,20444,9529,22606,18175,17186
"ENSG00000166716",772,630,645,498,399,456,576,627,652,337,374,402,386,641,793,730,212,739,183,913,770,348,301,155,279,568,736,505,460,494
"ENSG00000166734",55,152,102,59,68,99,102,105,102,45,80,90,108,96,137,119,36,86,45,134,85,74,87,34,47,85,133,88,103,105
"ENSG00000166747",47,76,55,88,36,34,59,51,59,34,45,55,31,45,71,137,7,89,15,67,58,42,46,13,34,68,100,27,45,80
"ENSG00000166750",557,1555,573,828,289,370,1134,202,764,279,324,482,29,570,940,1598,298,1892,50,1507,574,498,370,13,177,946,35,456,1169,1107
"ENSG00000166783",409,721,908,522,455,629,763,687,652,814,707,834,687,668,1054,897,266,883,541,911,474,565,506,298,332,933,620,596,723,915
"ENSG00000166788",60,396,150,166,98,252,263,138,272,76,71,175,172,93,264,255,75,189,212,107,54,181,174,77,69,206,220,139,237,298
"ENSG00000166793",13,4,33,9,14,16,12,25,4,6,38,10,45,24,15,23,37,11,4,12,23,45,42,7,8,24,4,16,13,6
"ENSG00000166794",1436,1600,890,565,610,1038,1222,1649,815,777,1026,2019,1079,1311,1108,1033,1031,907,1620,1254,1344,1552,1238,1055,399,1140,1171,1534,1136,1469
"ENSG00000166797",88,290,116,86,72,219,160,167,158,61,104,270,170,162,143,128,89,192,134,119,62,153,178,127,64,120,187,130,192,174
"ENSG00000166801",434,1477,536,781,408,651,777,860,1145,874,474,879,452,416,1004,751,366,1089,1039,1025,292,555,468,545,269,798,718,1130,1169,1145
"ENSG00000166803",131,446,144,152,56,190,326,155,288,51,96,198,112,97,209,230,127,172,371,171,58,133,110,199,89,151,182,223,293,450
"ENSG00000166813",14,37,2,5,10,0,4,7,14,5,2,6,1,2,5,6,7,12,1,3,1,5,2,6,4,1,38,5,5,2
"ENSG00000166819",4,5,4,0,5,6,8,25,7,8,13,9,18,2,3,6,5,2,8,3,1,7,17,16,1,4,7,27,9,9
"ENSG00000166821",17,83,46,16,24,81,79,94,112,29,37,48,86,41,113,92,24,65,69,63,8,116,85,39,25,57,55,102,118,139
"ENSG00000166822",76,388,234,201,171,254,220,156,285,158,131,304,307,145,462,400,108,271,263,234,155,197,274,105,168,317,198,206,276,300
"ENSG00000166823",8,15,20,1,14,21,8,14,35,2,18,22,13,7,9,31,33,10,13,7,8,24,32,35,5,12,27,26,5,9
"ENSG00000166825",0,6,16,0,1,7,4,86,8,3,16,3,5,1,2,8,0,4,5,5,30,27,3,61,1,2,1,20,3,4
"ENSG00000166831",71,284,121,131,20,585,45,570,524,39,557,140,740,240,104,957,203,269,140,159,910,305,280,64,22,77,6,996,70,152
"ENSG00000166833",47,56,37,49,31,62,45,66,74,77,50,17,30,50,73,164,38,71,29,107,158,32,30,14,20,28,49,133,43,44
"ENSG00000166845",21,116,27,56,18,46,57,33,32,21,15,60,25,22,54,57,14,29,77,46,11,33,26,20,13,29,46,64,67,127
"ENSG00000166847",220,1042,524,561,349,541,445,431,630,283,229,430,675,412,699,744,196,562,280,363,142,433,501,184,317,601,518,274,508,521
"ENSG00000166848",652,1237,1101,535,771,1190,922,1166,1163,589,788,1217,1282,1172,1162,1095,963,1166,1036,885,724,1221,1080,791,510,1077,882,1030,835,920
"ENSG00000166851",194,216,128,133,87,263,193,163,201,54,139,137,146,168,205,189,75,132,143,145,140,109,117,59,51,125,279,237,143,261
"ENSG00000166855",279,686,500,349,381,630,559,383,665,181,346,431,714,397,822,886,302,546,373,450,371,472,483,179,295,685,499,472,600,734
"ENSG00000166860",135,168,215,106,95,198,167,123,158,104,109,111,180,121,262,284,86,190,78,209,189,128,198,66,68,148,168,189,127,178
"ENSG00000166881",149,444,436,426,160,544,562,240,422,365,311,458,382,280,631,650,153,559,518,440,164,457,388,230,205,553,340,412,506,726
"ENSG00000166886",237,680,924,162,356,964,776,338,357,182,579,552,737,705,520,841,362,829,416,346,519,889,586,451,378,864,438,403,279,421
"ENSG00000166887",726,1464,1132,796,954,1051,1052,1159,1269,1404,753,985,1162,1102,1305,1236,627,1525,732,1102,712,1254,1037,572,771,1307,1534,728,1056,1106
"ENSG00000166888",4663,4837,3921,3136,3372,4428,4145,3890,4642,4821,4223,3296,4351,4287,5009,4904,3496,5843,3061,4798,4433,4218,3713,4189,1862,4665,3450,3446,2916,2897
"ENSG00000166889",259,672,1061,361,475,938,880,556,634,285,639,634,953,633,1151,1223,524,993,518,796,537,670,689,261,438,972,534,695,651,806
"ENSG00000166896",25,134,98,32,43,115,139,96,130,34,84,107,115,101,111,107,61,82,152,59,27,119,92,87,29,82,84,90,120,120
"ENSG00000166897",3,1,13,0,1,6,4,10,1,8,23,4,14,8,5,7,6,3,6,4,7,10,2,2,0,6,2,1,3,4
"ENSG00000166900",10,6,25,10,8,28,11,14,23,8,9,14,80,27,42,77,37,19,5,20,16,24,53,6,15,13,10,31,16,28
"ENSG00000166902",422,1323,600,534,444,1043,892,695,1014,572,397,791,970,715,768,819,492,808,1165,528,333,789,767,718,261,696,769,853,654,920
"ENSG00000166908",60,67,55,37,35,62,61,80,40,33,41,30,67,66,73,88,21,80,18,58,73,54,69,19,31,71,67,41,43,40
"ENSG00000166912",47,62,66,42,31,43,45,67,59,38,51,38,48,42,87,90,22,65,18,72,78,39,31,20,38,61,77,59,58,70
"ENSG00000166927",20,59,96,55,39,37,54,18,83,61,13,29,13,17,129,48,19,93,15,27,12,24,20,8,40,86,26,8,14,10
"ENSG00000166928",6,2,23,3,1,9,6,7,8,35,10,10,3,2,18,7,5,8,7,6,9,7,2,3,6,17,1,9,3,2
"ENSG00000166938",23,122,53,86,36,74,94,56,111,32,39,46,40,39,128,90,13,100,34,56,25,46,66,11,38,64,125,35,77,108
"ENSG00000166946",83,284,220,141,148,304,235,190,367,118,123,196,301,222,378,268,136,241,124,208,80,229,319,72,99,293,166,112,268,241
"ENSG00000166949",387,386,463,247,289,377,687,183,300,148,997,225,221,727,364,384,295,808,259,751,531,259,194,166,123,459,585,317,371,273
"ENSG00000166961",20,7,84,5,9,24,18,17,6,10,9,16,13,22,1,40,36,5,14,4,121,10,7,15,7,4,10,30,5,6
"ENSG00000166963",19,4,7,11,4,13,8,3,8,11,1,3,13,4,19,13,13,13,5,5,7,7,32,5,0,3,6,11,9,6
"ENSG00000166965",149,492,245,230,128,474,283,266,360,259,170,321,397,262,342,502,144,328,452,317,122,229,332,222,112,241,378,438,279,415
"ENSG00000166974",577,852,587,600,212,619,589,603,845,280,526,405,613,439,782,777,614,704,565,755,606,541,646,306,240,441,447,804,710,791
"ENSG00000166986",270,292,216,199,315,253,203,289,415,117,308,107,257,235,413,415,100,377,82,493,344,164,275,77,136,217,313,243,136,180
"ENSG00000167005",921,1707,1068,1007,684,1237,1311,1077,1779,342,969,933,1419,826,1842,1786,1046,1372,942,1311,1062,887,965,597,532,1141,1221,1302,1288,1567
"ENSG00000167074",30,14,12,9,16,11,19,26,14,11,24,10,18,20,32,26,9,26,5,49,30,19,14,5,5,13,25,30,12,7
"ENSG00000167083",36,120,84,80,36,91,74,174,102,15,36,107,79,83,110,66,47,118,90,116,53,74,63,24,55,58,97,100,80,83
"ENSG00000167088",57,587,211,220,120,443,267,144,461,86,51,215,387,67,454,384,101,229,365,116,66,170,309,100,126,304,196,174,360,413
"ENSG00000167112",35,118,66,55,43,81,71,54,85,49,34,66,98,87,84,90,31,74,65,45,13,88,69,48,29,89,81,25,48,83
"ENSG00000167114",202,315,64,107,170,167,77,146,180,189,65,106,184,129,142,164,99,173,111,83,79,129,137,57,49,132,185,127,97,109
"ENSG00000167118",70,92,58,63,75,101,73,90,104,40,66,47,89,94,111,75,65,110,69,112,42,49,66,36,34,82,84,78,62,78
"ENSG00000167130",10,10,23,13,15,9,16,17,13,4,7,8,9,8,29,28,4,20,10,12,4,12,11,6,5,14,17,16,13,10
"ENSG00000167136",62,73,79,28,77,109,57,62,119,58,52,67,152,128,65,106,81,82,52,45,63,84,115,69,24,82,117,50,49,47
"ENSG00000167159",5,4,11,3,6,15,14,3,7,16,10,12,8,8,7,6,7,15,15,6,4,17,5,16,5,7,6,7,3,13
"ENSG00000167173",1686,2904,2436,1276,1499,1725,1794,2653,3222,975,1417,1910,2266,2124,2622,2096,1321,2742,1333,3269,2156,1133,1337,1257,767,1875,2283,1822,1758,1743
"ENSG00000167182",313,158,172,77,117,103,129,189,115,50,199,95,93,145,149,161,147,235,46,288,271,77,87,64,61,154,159,232,61,87
"ENSG00000167186",113,121,99,80,76,87,156,120,125,101,86,110,172,97,157,167,123,170,134,146,91,99,109,88,36,154,113,167,111,171
"ENSG00000167193",200,356,222,197,163,281,258,210,359,153,190,239,248,263,335,447,179,368,150,317,284,192,206,86,95,265,202,273,200,265
"ENSG00000167196",136,327,155,153,92,239,174,145,132,57,118,134,218,148,234,246,90,189,109,122,75,210,186,64,82,156,194,133,189,213
"ENSG00000167207",145,196,206,109,115,284,189,168,159,221,195,286,227,178,257,277,287,188,211,250,259,374,273,128,116,180,167,300,236,278
"ENSG00000167208",164,158,127,104,73,126,99,163,120,65,152,63,114,123,135,146,71,118,33,173,205,103,124,52,51,91,114,137,93,91
"ENSG00000167220",212,299,158,135,123,217,185,217,292,107,175,217,163,152,246,198,149,280,242,246,185,213,135,124,76,216,163,237,184,262
"ENSG00000167232",3,64,43,29,19,34,58,27,44,95,21,53,44,32,60,49,8,58,79,59,9,43,23,27,17,31,33,38,70,72
"ENSG00000167257",245,248,230,174,169,231,263,244,203,220,261,275,270,245,335,304,346,250,215,434,359,245,168,191,149,271,170,390,195,223
"ENSG00000167258",1167,743,777,715,535,531,677,722,689,310,730,520,559,724,1130,1046,319,1302,185,1302,1166,536,461,220,405,775,1033,664,446,680
"ENSG00000167261",10,11,28,9,11,22,13,0,9,26,28,61,28,38,2,5,41,15,13,19,54,4,18,29,19,44,7,5,21,13
"ENSG00000167264",237,388,255,210,163,292,319,356,324,229,274,384,357,363,263,308,197,277,307,250,170,332,278,227,139,328,350,273,274,329
"ENSG00000167272",95,487,191,207,147,263,233,320,311,220,98,250,270,193,215,170,114,232,340,151,65,253,277,221,100,244,236,201,286,318
"ENSG00000167280",58,82,49,63,38,92,67,67,70,65,56,48,43,95,54,64,28,57,48,51,34,86,87,37,28,55,96,30,57,43
"ENSG00000167283",1234,830,450,312,431,750,720,574,642,834,797,827,694,1001,486,521,1060,567,1047,534,1008,765,803,782,233,496,525,909,535,535
"ENSG00000167302",397,311,258,154,208,366,258,314,256,885,238,366,329,378,301,228,219,402,262,247,251,440,335,280,85,337,306,263,181,178
"ENSG00000167306",7,14,36,23,17,56,32,35,67,8,63,11,105,77,56,151,14,13,20,138,2,77,22,3,9,54,18,96,29,27
"ENSG00000167315",62,233,156,152,72,190,154,126,250,45,89,157,211,141,265,211,101,137,183,125,60,108,164,71,83,171,193,131,239,340
"ENSG00000167323",1223,1507,1703,734,805,1201,1497,1624,1464,659,1726,1323,1060,1416,1314,1489,1067,1330,955,1558,1965,1229,918,735,954,1346,1219,1367,1331,1472
"ENSG00000167325",931,2566,1093,1206,612,1175,1480,1189,1669,367,690,995,1033,842,1517,1504,544,1376,906,1329,657,783,843,439,581,1168,1925,1483,1761,2460
"ENSG00000167333",147,233,145,138,108,194,131,167,147,94,92,148,199,157,183,225,82,183,98,187,147,144,147,41,33,152,149,163,156,196
"ENSG00000167371",16,11,10,13,7,13,11,5,4,25,17,33,14,13,10,19,6,27,8,8,11,19,9,9,5,5,13,4,6,6
"ENSG00000167377",17,113,58,38,40,107,71,53,73,82,27,101,89,51,92,74,23,62,84,61,11,90,91,27,22,81,62,59,87,124
"ENSG00000167378",94,111,85,50,81,104,102,73,90,52,89,70,128,64,130,204,64,167,37,82,85,105,115,23,35,62,102,47,61,69
"ENSG00000167380",11,18,13,14,8,28,17,34,33,28,23,24,40,34,23,33,28,36,20,25,14,31,29,16,8,21,25,25,34,39
"ENSG00000167383",9,14,6,8,0,2,10,0,6,0,16,1,12,6,6,16,3,36,8,35,6,0,3,2,0,9,3,0,13,4
"ENSG00000167384",24,115,79,41,42,54,82,64,89,34,44,61,57,40,87,98,25,74,51,49,24,43,50,17,26,86,79,34,83,79
"ENSG00000167394",17,20,11,6,18,17,14,25,18,6,13,8,22,14,14,17,11,14,5,18,10,13,4,10,2,18,30,14,4,15
"ENSG00000167397",34,117,106,32,55,91,105,117,108,33,94,60,95,82,112,125,85,87,78,100,39,98,65,56,45,98,82,99,97,115
"ENSG00000167414",9,17,5,4,10,9,18,24,9,7,38,15,38,23,1,14,48,4,19,3,22,33,8,17,11,11,6,3,7,4
"ENSG00000167434",4,8,0,15,1,23,10,33,77,8,7,3,10,9,5,42,4,7,20,18,0,13,3,6,1,1,5,95,1,9
"ENSG00000167447",110,361,368,232,211,321,280,284,307,69,190,212,400,206,439,532,144,309,139,230,131,237,439,92,162,339,297,192,275,294
"ENSG00000167460",678,476,133,220,249,202,284,309,458,127,228,241,318,233,276,294,186,432,283,462,804,207,191,121,136,221,256,490,252,298
"ENSG00000167461",360,591,316,245,228,329,277,506,371,100,174,332,284,248,368,327,119,377,205,417,266,249,228,108,133,412,370,566,311,414
"ENSG00000167468",4053,3473,4503,1305,2524,6031,3898,3789,3709,7588,4910,3056,7663,6741,4898,4831,12573,3527,4718,3508,6834,5314,6996,5429,1983,3926,2555,4001,2108,2455
"ENSG00000167470",1541,1052,1377,520,627,1154,1250,1998,1652,1441,1812,1543,1309,1645,1190,1213,1124,1540,1067,1814,1316,1202,884,1129,301,947,909,1986,675,789
"ENSG00000167476",4,6,82,5,3,11,6,7,11,13,293,190,110,86,2,8,133,15,21,13,159,18,32,8,14,23,26,2,8,21
"ENSG00000167483",56,44,244,8,116,49,61,7,60,12,247,119,60,199,38,41,99,176,110,24,108,13,73,464,66,368,303,16,96,84
"ENSG00000167487",21,38,18,11,8,13,24,32,20,8,16,10,23,20,24,32,10,24,7,17,10,7,27,6,5,20,44,15,18,13
"ENSG00000167508",944,1580,1493,669,923,1855,1406,1595,1468,1465,1325,1130,1853,1430,1202,1902,1463,1627,1202,1100,1511,1961,1627,1491,576,1365,1542,1050,928,875
"ENSG00000167513",1893,1441,2233,516,694,1792,2695,1369,1577,676,2412,954,1438,1599,1639,1843,1789,1742,1234,3072,2325,933,677,1467,352,1168,1848,2328,1059,1614
"ENSG00000167515",154,299,169,175,158,206,227,358,201,257,140,171,209,271,236,205,193,189,207,219,96,212,217,190,86,253,207,303,191,206
"ENSG00000167525",6,3,12,0,6,12,11,4,10,16,3,7,10,8,6,2,7,8,6,5,0,3,6,7,2,11,6,10,2,2
"ENSG00000167528",133,152,83,179,85,92,89,101,183,137,58,103,99,87,196,141,43,283,74,126,78,76,118,47,60,107,116,112,154,109
"ENSG00000167535",40,49,41,18,10,30,50,80,45,44,31,78,41,61,79,56,21,46,59,78,82,82,54,60,6,18,32,178,53,52
"ENSG00000167536",78,143,257,33,103,115,154,156,259,123,189,212,90,227,62,130,156,122,173,102,81,324,88,138,43,179,191,149,89,111
"ENSG00000167543",79,38,84,13,62,87,79,81,112,125,101,164,118,107,51,95,124,88,110,72,107,119,79,151,14,76,86,91,50,59
"ENSG00000167548",2609,1923,2163,1690,1462,1635,1928,2234,1785,2357,1872,2226,1636,1865,2497,2862,1037,3188,982,3039,3124,1989,1140,1429,930,1739,2157,2062,1305,1807
"ENSG00000167550",15,126,92,56,27,208,87,69,63,57,31,61,237,77,187,152,45,75,87,59,33,114,264,50,51,62,41,57,95,100
"ENSG00000167552",17,28,56,28,30,40,46,34,13,7,18,27,22,26,36,30,28,33,29,9,56,36,50,18,18,45,59,30,32,21
"ENSG00000167553",141,828,161,258,111,348,227,229,373,79,94,299,284,146,291,340,57,138,346,98,64,227,307,102,142,285,297,149,364,515
"ENSG00000167554",4,21,7,5,3,2,9,3,1,11,7,2,19,6,15,6,7,14,8,17,2,5,7,5,8,12,4,5,13,5
"ENSG00000167565",139,346,165,105,102,183,190,209,152,118,164,299,188,252,150,188,144,223,235,139,166,251,184,174,88,201,174,198,176,198
"ENSG00000167578",424,591,325,148,272,507,461,614,358,846,566,493,482,570,303,427,606,468,750,388,504,515,481,854,185,361,395,580,396,375
"ENSG00000167588",15,8,9,8,1,10,7,12,4,39,11,10,9,4,11,9,1,8,11,7,10,18,4,6,1,7,4,14,5,6
"ENSG00000167595",81,44,57,42,30,35,44,54,40,60,54,31,30,32,37,48,36,51,37,87,54,42,21,39,19,28,57,71,33,31
"ENSG00000167600",0,23,3,0,5,5,4,0,4,0,1,2,0,4,2,26,3,16,1,0,10,14,0,10,4,2,1,1,4,3
"ENSG00000167601",8,14,3,4,0,19,18,20,0,6,5,7,17,6,17,30,2,17,7,6,88,23,0,2,1,5,4,7,5,18
"ENSG00000167604",145,132,193,61,106,291,234,176,88,359,369,429,396,310,150,170,402,281,254,149,115,589,315,217,91,269,131,146,160,109
"ENSG00000167625",313,366,325,180,131,306,319,403,196,166,257,255,298,271,314,294,224,311,208,374,397,324,171,175,94,305,280,348,209,256
"ENSG00000167634",5,1,0,0,0,2,8,7,0,0,1,8,2,2,1,5,0,2,8,8,14,0,0,13,0,14,56,0,12,12
"ENSG00000167635",381,1106,989,604,511,953,918,656,974,302,546,851,1015,562,1390,1263,440,1113,735,925,291,632,677,336,480,1039,706,818,1103,1191
"ENSG00000167642",55,43,132,25,14,122,150,31,77,99,91,245,203,66,343,200,122,203,58,73,19,22,280,83,84,41,74,38,173,127
"ENSG00000167645",440,580,499,164,266,442,458,615,409,266,458,443,616,515,409,518,622,464,478,416,579,616,445,482,132,397,452,493,398,444
"ENSG00000167657",335,409,398,194,259,416,388,458,347,355,326,290,485,522,321,393,245,418,200,380,277,372,319,200,125,339,453,280,215,252
"ENSG00000167658",44788,43611,70911,24286,43310,47013,56626,50427,52577,23539,64687,39852,56420,68256,51449,57113,52210,57125,29578,61778,57770,49457,31240,35922,28748,55709,57379,43165,35491,37592
"ENSG00000167670",759,997,432,519,397,733,677,738,868,368,470,645,508,447,597,737,338,795,634,822,453,427,264,524,176,451,788,995,529,768
"ENSG00000167671",818,1045,1145,400,791,1401,993,1229,1111,957,1205,892,1482,1509,1139,1232,1472,1367,747,1067,976,1433,874,786,451,997,833,1006,773,711
"ENSG00000167674",1069,919,664,274,588,795,681,893,711,514,842,765,860,927,637,665,683,742,673,901,937,815,534,723,222,572,948,1062,465,539
"ENSG00000167676",16,13,8,5,6,12,19,17,11,41,10,18,20,42,4,10,7,15,21,9,4,17,6,9,3,21,13,9,5,8
"ENSG00000167685",274,251,261,81,181,285,271,270,256,244,299,212,302,372,218,323,291,279,176,255,213,349,200,163,92,215,251,190,138,127
"ENSG00000167693",5,9,7,11,5,26,9,11,9,33,15,11,20,25,9,24,18,12,13,7,104,13,20,1,13,10,4,16,10,7
"ENSG00000167695",68,92,176,46,48,101,101,81,145,31,109,70,125,93,127,188,96,165,65,168,121,100,92,51,48,110,130,109,81,86
"ENSG00000167699",504,905,619,413,407,855,567,500,747,336,545,526,856,496,919,864,891,776,571,672,511,533,704,455,301,727,523,674,577,586
"ENSG00000167700",149,235,85,63,93,147,94,174,169,146,68,152,170,139,162,126,107,161,106,98,82,139,158,83,43,140,249,92,110,127
"ENSG00000167702",51,59,65,35,70,73,82,85,73,129,62,154,57,111,78,61,40,134,76,59,41,198,105,68,24,97,58,67,63,40
"ENSG00000167703",155,170,109,369,50,253,162,217,203,280,98,96,222,303,87,277,46,139,45,153,80,208,127,35,60,108,101,126,124,191
"ENSG00000167705",34,78,42,40,26,80,61,85,85,170,46,47,93,62,34,69,51,38,45,51,40,139,46,39,19,42,21,73,42,28
"ENSG00000167720",93,117,68,63,63,68,87,65,100,62,43,73,93,54,90,82,75,91,70,102,65,40,64,45,33,91,76,114,97,126
"ENSG00000167721",484,950,642,492,673,685,595,517,735,244,342,459,610,447,925,969,342,733,356,586,341,435,553,212,484,801,737,446,581,638
"ENSG00000167723",8,32,131,7,3,98,58,96,8,0,119,85,19,131,3,141,17,35,32,25,106,37,26,23,5,72,94,147,25,59
"ENSG00000167740",83,168,91,62,104,91,114,104,124,149,93,122,115,140,107,96,164,281,96,86,81,107,86,84,46,137,143,117,94,80
"ENSG00000167747",1248,2591,2862,1254,1218,2793,2864,1996,2561,1658,1482,1114,2347,2355,2906,2440,1937,2862,1621,2492,1406,1748,1606,1798,1032,2519,2052,1310,1640,1747
"ENSG00000167748",194,505,2325,115,281,1868,461,851,527,581,1526,761,1812,1087,1033,995,2969,578,971,1155,1680,955,1141,1101,341,1268,135,831,569,638
"ENSG00000167751",5,3,27,1,7,17,7,6,3,5,9,11,25,9,27,10,15,6,3,14,8,11,15,12,7,24,3,1,7,5
"ENSG00000167765",8,6,8,4,4,11,13,8,4,13,9,11,16,1,9,3,4,6,6,4,4,5,6,9,6,9,5,7,14,8
"ENSG00000167766",34,124,114,86,56,148,172,70,73,176,116,222,112,134,121,122,112,217,171,100,42,141,120,155,23,186,85,119,264,91
"ENSG00000167770",1106,1664,1046,773,816,1330,1193,1366,1111,1170,900,1036,1326,1368,1039,1189,1287,1161,1195,898,821,1267,1256,769,445,1070,1250,1357,889,938
"ENSG00000167772",2,2,1,0,3,7,3,7,4,15,10,3,4,12,1,2,8,7,9,4,2,10,3,6,3,1,8,10,5,10
"ENSG00000167774",681,736,550,275,368,708,761,819,449,578,742,620,875,686,511,472,1502,527,1064,735,542,694,646,1575,261,522,555,946,447,533
"ENSG00000167775",130,352,251,116,185,325,251,245,258,259,165,186,464,290,248,253,256,233,288,183,121,234,222,282,114,245,329,178,149,206
"ENSG00000167778",822,899,508,381,479,727,499,1063,747,305,706,527,892,663,792,861,599,678,395,776,805,608,627,389,187,595,673,658,462,634
"ENSG00000167779",7,8,1,0,0,5,7,9,9,4,8,7,14,12,8,12,1,3,30,6,0,26,5,7,0,1,1,22,3,11
"ENSG00000167780",5,29,2,9,2,19,13,22,26,47,8,6,13,18,20,7,1,16,39,30,2,14,2,12,3,3,2,47,6,41
"ENSG00000167785",11,46,55,29,29,46,73,16,33,51,36,37,58,17,80,26,15,75,38,46,8,45,55,30,19,51,35,26,63,60
"ENSG00000167792",2327,3142,1508,1223,1381,2677,2027,2608,2562,2816,1681,1685,2399,2026,1989,2199,2385,1876,2042,1965,2272,2517,1760,2216,960,1795,2509,2875,1641,1756
"ENSG00000167797",817,917,412,261,405,648,578,938,576,435,779,786,724,644,370,541,824,536,1007,583,612,552,566,1096,118,511,526,1173,379,451
"ENSG00000167799",41,125,71,41,72,194,179,127,178,168,89,138,128,130,75,146,86,99,214,92,73,99,75,76,40,108,81,113,92,161
"ENSG00000167840",23,128,70,50,29,126,62,70,61,41,56,48,113,92,93,87,51,118,76,58,31,66,77,29,28,115,87,68,79,69
"ENSG00000167842",104,457,182,198,140,262,260,188,291,148,112,296,327,167,390,312,103,296,221,205,37,206,251,67,108,263,201,169,325,383
"ENSG00000167851",107,215,375,145,254,228,205,307,439,217,200,142,255,205,367,300,219,301,165,383,326,282,243,140,214,255,191,233,279,298
"ENSG00000167861",9,8,12,9,3,6,25,10,7,13,21,20,3,32,2,11,3,27,19,7,10,4,7,10,1,3,12,4,17,5
"ENSG00000167862",133,324,225,165,156,330,272,209,290,144,163,188,290,255,276,310,183,253,271,170,102,265,276,159,83,287,193,200,216,257
"ENSG00000167863",8,53,18,29,33,35,39,30,64,19,8,33,55,19,35,27,25,37,56,19,6,43,50,13,20,32,24,34,38,51
"ENSG00000167874",8,8,4,1,9,16,17,9,5,20,12,18,10,11,11,6,22,13,12,9,6,8,12,22,0,6,4,8,0,2
"ENSG00000167881",452,796,564,442,336,629,610,709,732,233,553,545,694,609,890,764,357,758,319,749,430,504,432,195,251,647,835,738,629,701
"ENSG00000167895",619,534,574,285,559,524,624,575,498,838,997,551,318,862,601,585,261,828,367,894,527,761,336,305,269,813,671,468,322,440
"ENSG00000167900",385,1261,537,569,244,877,834,898,994,398,410,603,525,707,541,705,281,823,902,619,192,589,381,529,166,489,963,892,729,1207
"ENSG00000167925",73,153,113,114,68,200,146,154,191,102,96,120,178,156,201,203,62,154,86,118,69,225,155,77,78,112,142,72,150,140
"ENSG00000167962",781,491,379,236,505,590,509,397,533,503,627,369,652,616,507,537,635,672,261,537,596,475,518,305,153,390,544,423,206,293
"ENSG00000167964",26,12,8,5,10,29,19,29,21,27,19,27,19,25,14,9,12,17,19,6,9,13,9,9,7,20,15,16,4,10
"ENSG00000167965",111,160,214,85,124,157,127,174,162,70,93,75,184,179,233,236,135,176,50,189,121,122,134,59,77,180,186,160,74,101
"ENSG00000167967",114,160,133,65,89,135,120,124,104,183,124,128,152,143,143,177,71,149,59,138,65,149,151,53,50,126,131,117,84,106
"ENSG00000167968",19,15,11,9,20,17,6,20,4,22,10,21,9,18,16,14,5,8,13,11,10,20,8,18,6,18,13,19,5,12
"ENSG00000167969",173,502,437,220,268,668,520,406,610,427,339,342,823,508,611,626,494,549,512,197,140,467,687,387,185,392,369,285,422,403
"ENSG00000167971",9,2,14,0,7,2,6,3,6,12,10,6,9,19,8,11,12,11,3,8,9,16,4,1,5,14,9,12,2,4
"ENSG00000167972",45,132,77,28,333,280,129,212,423,68,98,111,138,439,372,213,65,284,52,232,412,308,209,57,40,249,107,128,79,137
"ENSG00000167977",448,804,783,327,437,697,747,906,694,275,534,751,796,829,728,647,535,760,526,555,602,756,721,345,329,735,711,765,564,739
"ENSG00000167978",17,140,86,59,38,147,93,63,105,131,33,96,157,43,149,97,26,111,200,26,16,135,95,75,38,121,55,45,128,134
"ENSG00000167981",41,31,42,17,26,26,33,34,30,16,26,34,44,33,48,43,19,49,18,52,31,29,44,22,15,56,24,48,41,34
"ENSG00000167984",67,103,85,130,42,73,92,173,185,126,83,116,51,106,116,133,13,132,43,92,52,86,48,20,35,73,173,64,98,137
"ENSG00000167985",330,630,466,278,295,447,433,571,601,289,279,353,547,455,455,420,366,555,314,488,262,446,487,241,182,514,345,460,412,376
"ENSG00000167986",2286,3614,1465,1407,1454,1769,1935,2200,2131,878,1379,1708,1866,1706,2218,1936,1266,1994,1167,1764,1484,1709,1490,887,994,1872,2354,1599,1997,2359
"ENSG00000167987",256,257,320,108,168,358,236,229,195,177,264,249,366,306,289,336,366,238,149,214,533,234,311,122,128,235,198,263,146,172
"ENSG00000167992",347,251,71,116,29,113,120,105,39,153,64,94,114,218,116,58,115,217,80,84,30,214,133,77,45,59,117,42,101,83
"ENSG00000167995",25,45,9,14,14,10,12,6,35,18,5,8,17,6,60,12,10,36,5,28,22,10,12,12,5,14,26,5,10,8
"ENSG00000167996",351,226,178,105,331,312,207,184,432,214,630,206,399,435,264,320,903,333,168,353,859,266,480,252,182,136,131,243,202,150
"ENSG00000168002",211,1203,559,462,284,637,766,653,764,466,356,423,679,521,789,674,523,914,635,738,125,635,593,386,288,651,571,476,608,642
"ENSG00000168003",705,1420,2173,620,1036,2532,1712,1080,2124,741,1139,929,3055,1353,3016,2471,1314,2001,1064,1794,859,1506,2630,868,937,1497,1169,1060,977,1190
"ENSG00000168005",948,908,539,414,453,763,676,731,679,434,657,527,772,699,568,750,837,718,518,752,969,544,593,678,160,478,635,1135,344,498
"ENSG00000168010",127,147,112,52,74,190,129,118,120,158,155,179,122,217,98,119,70,131,163,132,77,196,158,84,60,118,165,99,102,163
"ENSG00000168014",150,290,168,221,104,147,157,238,168,106,90,117,114,133,244,261,52,225,76,198,128,161,130,49,86,190,254,119,177,202
"ENSG00000168040",422,799,383,353,247,488,483,537,534,189,352,375,554,476,529,519,342,628,291,437,307,334,417,216,183,447,523,464,370,465
"ENSG00000168056",87,80,91,38,58,105,84,99,106,158,123,104,213,167,116,173,122,226,120,154,84,186,118,95,25,137,72,99,82,46
"ENSG00000168060",4,3,14,4,2,19,6,14,1,3,9,6,14,2,6,8,14,5,2,12,15,2,11,8,0,4,5,10,2,3
"ENSG00000168061",319,376,226,130,118,322,236,274,235,140,235,206,290,254,206,246,257,255,297,256,242,134,179,257,64,216,373,339,182,195
"ENSG00000168062",11,19,13,12,5,5,8,13,15,3,11,13,16,6,23,9,9,5,3,64,24,29,23,30,6,4,8,56,18,42
"ENSG00000168078",18,90,42,53,19,80,56,50,88,5,41,43,47,30,55,81,40,50,46,63,17,31,40,26,16,30,60,104,49,111
"ENSG00000168081",64,145,73,66,60,101,87,173,104,98,122,178,94,147,96,91,98,132,107,119,42,91,76,96,44,120,159,104,124,116
"ENSG00000168092",18,60,49,31,25,53,30,41,36,16,21,26,44,28,75,87,19,45,7,28,12,22,23,10,16,47,40,39,35,54
"ENSG00000168096",108,104,67,40,69,99,85,101,79,328,75,110,117,111,97,90,126,96,168,78,87,157,100,143,57,84,77,105,47,50
"ENSG00000168101",220,676,329,232,257,405,228,440,400,317,251,243,566,390,519,391,295,404,219,266,114,452,464,219,202,361,443,221,251,256
"ENSG00000168116",4,49,42,27,6,28,43,15,25,9,12,56,37,14,47,38,11,58,29,26,6,22,27,16,11,43,24,28,44,36
"ENSG00000168140",1,9,15,2,4,20,7,11,21,14,5,10,16,18,12,28,15,14,11,18,30,6,16,2,5,6,5,5,4,8
"ENSG00000168159",26,108,161,41,80,103,102,95,113,39,62,126,110,103,139,118,54,111,88,86,53,72,67,37,66,142,76,104,70,99
"ENSG00000168172",231,663,335,253,323,241,294,388,737,331,220,713,230,271,407,469,187,553,463,286,198,402,152,177,168,404,333,295,611,533
"ENSG00000168175",995,1394,896,605,683,811,999,936,1019,492,900,969,1046,810,1080,1023,965,1096,779,1039,941,890,608,465,457,1078,734,1204,1023,1033
"ENSG00000168216",26,202,156,136,75,180,235,180,281,99,111,214,155,149,277,254,93,230,140,145,38,240,161,68,71,196,122,140,250,282
"ENSG00000168234",156,347,175,215,374,192,278,48,372,160,263,135,149,181,335,147,195,432,93,216,182,123,70,144,133,391,212,116,190,173
"ENSG00000168246",218,350,370,198,430,239,240,171,531,72,223,196,267,148,510,469,175,606,186,341,229,89,205,109,137,444,299,209,181,212
"ENSG00000168256",213,95,80,50,54,92,84,102,86,37,93,67,100,131,114,129,97,95,35,155,269,86,66,34,50,74,107,137,73,60
"ENSG00000168259",429,684,465,405,450,499,553,589,692,285,378,587,536,449,524,484,454,762,390,766,323,439,429,412,270,636,519,617,578,606
"ENSG00000168264",781,912,2076,309,1333,1366,1354,649,1000,672,1661,756,1274,1467,1608,1379,1763,1640,715,1587,1653,1261,1110,789,693,1487,863,1046,758,717
"ENSG00000168274",13,31,15,13,8,30,27,40,17,115,28,15,35,27,18,15,28,31,44,14,12,19,17,56,2,12,8,35,17,21
"ENSG00000168275",73,250,124,97,106,219,153,104,144,77,98,195,221,76,171,186,140,113,303,84,73,157,176,116,94,165,109,144,162,168
"ENSG00000168282",601,957,692,395,551,780,828,813,795,290,545,840,773,808,842,992,353,966,482,785,513,568,633,321,289,850,829,527,652,660
"ENSG00000168286",364,780,527,304,312,651,503,593,630,176,373,321,684,499,556,621,395,525,313,433,368,511,478,200,184,562,560,383,426,507
"ENSG00000168291",58,118,63,52,86,101,75,97,106,19,55,125,103,58,105,125,47,118,54,76,53,71,102,38,35,98,86,102,75,104
"ENSG00000168298",7,14,17,5,23,33,24,11,26,28,91,24,14,35,20,12,42,48,54,32,7,9,16,104,4,18,6,58,10,11
"ENSG00000168303",266,298,235,81,190,375,257,194,312,126,299,250,485,345,308,328,381,243,338,245,282,283,302,312,90,199,196,318,233,245
"ENSG00000168334",19,38,20,5,22,43,6,45,1,96,11,13,42,55,13,37,50,12,9,16,53,23,59,11,17,5,23,9,16,11
"ENSG00000168374",100,143,130,83,59,129,98,184,98,47,130,149,169,135,118,139,49,139,102,103,85,97,157,44,46,121,118,107,114,117
"ENSG00000168404",256,251,124,201,129,220,220,260,272,203,115,210,116,174,162,150,117,195,190,213,201,228,136,199,43,151,214,302,180,185
"ENSG00000168411",349,785,394,430,244,528,590,366,585,237,213,445,485,303,583,579,201,625,380,454,199,338,423,239,195,462,534,514,524,722
"ENSG00000168434",97,133,102,47,64,125,118,143,85,184,101,111,143,126,61,97,171,118,134,112,105,154,89,175,40,79,88,212,69,94
"ENSG00000168438",0,20,10,6,2,12,7,3,15,3,0,16,7,6,22,15,1,3,9,4,4,8,12,4,7,11,9,3,16,14
"ENSG00000168439",1783,2558,1250,1009,1209,1674,1008,1596,1355,551,1017,1178,1758,1127,1304,1621,1418,1328,1188,1088,1166,1118,1524,973,436,1280,1508,1824,1020,1330
"ENSG00000168447",19,39,39,14,3,197,147,74,2,20,113,14,51,109,46,108,48,10,51,35,36,34,61,55,26,15,19,57,4,37
"ENSG00000168461",245,72,181,23,82,84,114,60,25,9,209,164,92,156,67,113,259,208,94,13,312,93,24,114,69,312,156,8,179,36
"ENSG00000168476",12,85,33,37,11,60,41,31,73,17,11,51,47,36,65,79,13,52,43,25,16,41,48,11,23,52,60,22,66,82
"ENSG00000168488",765,421,493,270,307,490,536,543,402,201,863,353,445,549,635,734,325,675,151,657,1114,368,487,187,220,409,610,460,292,395
"ENSG00000168495",41,62,76,38,34,92,76,72,52,12,72,63,78,70,93,83,31,80,26,80,71,49,43,26,42,44,51,40,58,62
"ENSG00000168496",345,960,223,404,238,383,338,469,541,130,146,266,323,262,356,443,158,439,295,233,132,196,288,158,112,299,629,290,436,522
"ENSG00000168497",0,6,0,10,1,2,15,2,5,22,1,6,0,9,3,4,0,1,2,0,3,16,2,0,3,1,3,102,1,0
"ENSG00000168517",58,150,128,49,51,133,136,129,105,122,110,146,150,185,92,111,70,102,116,107,67,207,52,217,42,105,82,129,73,103
"ENSG00000168522",34,117,106,62,61,125,91,73,132,42,85,71,133,75,151,137,56,108,69,85,38,77,101,35,54,100,50,62,109,100
"ENSG00000168528",50,154,109,71,33,458,166,467,113,165,78,14,406,233,273,275,64,192,94,203,19,264,283,32,76,26,14,188,179,163
"ENSG00000168556",39,49,50,23,25,45,61,49,32,22,76,54,49,57,38,50,79,52,63,89,35,44,44,46,17,52,26,133,47,60
"ENSG00000168569",58,176,117,60,82,182,144,129,144,133,86,166,210,138,167,171,145,152,176,125,60,150,154,129,55,117,137,122,103,141
"ENSG00000168591",163,193,172,99,127,171,174,233,138,268,228,175,138,188,199,193,102,227,158,209,128,190,180,120,65,178,152,183,136,155
"ENSG00000168597",122,95,63,63,54,69,37,93,69,231,77,109,93,94,53,46,72,124,99,110,70,74,56,72,18,87,89,130,73,71
"ENSG00000168612",245,267,295,107,164,216,308,189,215,256,226,177,263,228,246,237,226,285,187,268,246,186,118,182,95,240,219,317,186,201
"ENSG00000168646",17,32,6,4,23,5,1,9,27,0,3,53,12,6,32,6,7,48,3,33,172,2,6,0,48,5,54,6,0,15
"ENSG00000168653",124,730,427,280,366,491,307,494,536,340,170,600,533,269,454,457,254,446,725,401,88,534,581,304,170,501,270,683,495,527
"ENSG00000168661",4,16,9,15,3,10,10,9,13,12,3,13,27,12,13,15,4,8,11,5,0,10,10,1,2,16,10,2,20,10
"ENSG00000168675",192,326,548,149,149,646,451,156,125,149,365,385,594,480,446,386,381,665,432,347,785,306,315,366,158,286,278,181,389,279
"ENSG00000168676",3,2,17,2,0,6,4,2,2,37,49,2,11,10,1,5,29,25,61,10,0,6,7,144,6,17,32,0,26,9
"ENSG00000168701",91,276,101,91,76,170,95,170,136,103,85,140,207,126,122,115,115,120,148,92,55,150,172,119,60,137,138,118,108,133
"ENSG00000168734",61,27,59,12,40,89,50,72,50,19,36,26,51,63,29,57,55,25,48,68,27,59,48,55,23,62,78,86,12,16
"ENSG00000168738",33,7,61,1,26,9,1,61,15,2,39,82,3,17,64,37,28,66,118,6,17,5,44,68,6,31,146,34,4,32
"ENSG00000168778",14,66,123,39,52,54,48,45,64,69,33,79,81,65,52,84,33,75,46,35,31,54,37,46,21,61,71,51,50,75
"ENSG00000168779",59,27,3,17,3,9,17,40,27,4,31,1,20,77,2,64,12,16,19,83,11,53,18,6,5,3,13,1,38,8
"ENSG00000168792",126,175,173,30,129,109,153,147,182,93,132,249,95,136,66,142,89,177,96,111,129,120,100,90,41,241,272,118,127,134
"ENSG00000168795",351,382,469,275,224,542,480,308,392,452,587,336,459,447,675,680,258,505,306,496,671,443,561,162,229,486,387,394,468,479
"ENSG00000168803",10,41,19,25,18,31,35,30,22,29,10,33,49,18,38,29,18,36,30,28,14,34,29,12,20,22,38,31,38,35
"ENSG00000168806",250,277,169,123,125,224,217,197,226,79,122,110,240,187,262,251,104,241,138,228,168,142,180,112,57,212,228,203,166,203
"ENSG00000168807",45,27,35,14,16,23,34,29,20,20,32,21,24,32,28,61,14,18,14,30,35,25,27,12,11,27,46,27,16,38
"ENSG00000168811",18,18,24,8,8,24,28,22,10,26,23,24,31,19,19,20,16,16,14,22,7,11,13,19,2,8,21,21,6,11
"ENSG00000168813",210,407,392,283,207,327,367,273,322,154,177,294,383,246,568,591,110,406,168,388,271,225,323,78,176,423,335,275,315,431
"ENSG00000168872",154,410,183,179,179,304,248,210,308,202,144,249,447,205,323,292,165,367,220,233,96,277,279,131,135,269,277,212,223,251
"ENSG00000168876",53,145,108,68,64,91,121,111,112,152,60,127,111,84,127,97,106,133,172,108,33,108,101,105,29,111,63,152,112,106
"ENSG00000168894",22,70,71,27,39,85,56,100,62,36,58,53,68,99,48,70,57,62,74,64,36,94,79,52,29,51,41,74,36,56
"ENSG00000168899",369,491,307,162,49,310,301,398,377,248,312,275,500,129,323,262,476,230,253,419,321,360,525,134,170,170,158,395,361,329
"ENSG00000168938",0,9,0,5,1,5,1,7,1,0,2,1,21,10,6,4,1,2,1,29,0,14,1,0,3,1,1,15,12,0
"ENSG00000168952",1,1,6,14,3,3,21,2,2,8,1,5,1,21,4,5,1,5,32,4,0,7,2,3,0,7,12,4,1,2
"ENSG00000169018",287,755,524,390,294,465,583,380,693,222,407,414,536,324,933,917,248,638,353,649,385,392,411,183,256,612,568,516,591,734
"ENSG00000169019",2,86,22,35,5,30,21,15,63,1,3,19,45,4,48,63,2,27,13,6,7,18,48,4,14,33,26,7,66,69
"ENSG00000169020",164,756,444,249,265,601,391,433,440,454,257,560,681,425,541,417,455,602,978,300,133,623,673,775,206,528,386,426,475,436
"ENSG00000169021",7,75,13,28,31,58,35,19,37,14,10,19,50,22,40,49,12,26,31,5,9,40,36,7,24,28,33,20,53,49
"ENSG00000169032",32,191,134,77,60,138,132,80,130,48,72,47,154,140,158,218,48,154,65,90,50,93,185,27,142,110,141,61,150,183
"ENSG00000169057",9,5,15,5,3,6,2,15,2,0,11,7,5,8,2,5,6,0,5,16,12,4,1,2,2,9,7,14,4,7
"ENSG00000169100",2362,3864,6474,1780,3266,4690,4923,3528,3999,1666,4594,2035,6154,5162,4744,5457,4914,5725,1825,4822,3117,3574,4576,2481,2545,4627,4246,3074,3143,2688
"ENSG00000169105",160,324,243,121,111,299,290,193,322,187,234,273,265,221,385,352,190,321,214,278,195,238,265,211,87,210,286,186,227,218
"ENSG00000169116",56,318,77,291,127,560,346,439,839,273,181,64,520,482,207,1294,70,543,87,227,395,567,408,247,237,177,95,658,103,154
"ENSG00000169118",87,116,102,78,63,62,84,94,64,24,85,59,100,87,146,162,43,111,38,142,60,69,77,22,58,102,131,72,100,101
"ENSG00000169136",3281,1822,5599,756,832,7802,2065,2028,4003,2161,9182,3431,7129,3295,2844,3875,3879,4326,3252,925,6624,525,2763,1505,2706,8293,723,2688,1191,1931
"ENSG00000169139",2,11,14,12,13,5,10,20,18,5,4,13,15,5,14,17,4,10,14,9,0,4,10,6,2,14,5,18,7,25
"ENSG00000169180",1853,2590,1839,1463,1393,1814,1488,1635,1901,2018,1483,1247,1704,1846,2681,2414,2117,2321,1138,1926,1746,1716,1521,1409,1134,2244,2458,1774,1448,1669
"ENSG00000169188",227,307,148,147,120,193,205,229,172,52,130,130,170,213,183,197,73,179,81,198,108,120,167,44,76,140,250,206,148,193
"ENSG00000169189",63,248,164,109,86,240,162,80,214,29,69,76,214,131,198,239,89,168,86,72,73,128,193,35,126,155,125,90,226,230
"ENSG00000169213",8,70,31,11,4,33,20,64,20,30,109,20,66,172,22,40,11,178,10,57,3,93,36,41,5,10,55,102,12,44
"ENSG00000169217",727,995,451,457,364,937,750,923,819,537,547,752,823,777,816,821,580,982,521,807,477,746,701,321,158,591,633,892,637,705
"ENSG00000169228",33,89,57,20,55,101,65,65,101,87,61,58,98,67,73,83,40,59,55,61,40,101,97,33,20,54,50,32,38,48
"ENSG00000169242",3,10,9,17,3,19,14,6,13,29,8,6,18,15,36,48,10,19,5,5,1,14,20,2,10,8,4,7,4,2
"ENSG00000169245",96,64,9,9,127,5,3,24,10,1,4,9,8,0,29,15,32,174,13,92,2,23,58,51,4,35,129,6,20,3
"ENSG00000169251",1,39,31,31,19,26,19,19,32,2,13,14,47,14,65,73,3,21,13,21,6,19,26,2,14,36,23,11,28,44
"ENSG00000169252",10,31,5,12,0,11,9,19,4,6,9,12,13,14,13,14,7,8,6,16,8,14,19,12,4,6,3,15,17,14
"ENSG00000169258",139,154,25,98,37,64,64,74,143,22,27,46,26,39,100,58,6,111,14,44,27,36,21,13,28,41,100,43,52,59
"ENSG00000169299",72,34,33,20,35,27,31,42,47,4,24,19,31,44,45,40,43,41,12,43,41,19,27,16,11,30,46,58,38,21
"ENSG00000169330",6,4,4,9,4,9,5,18,8,8,10,22,6,8,15,12,1,10,9,6,12,15,10,3,5,5,10,10,20,12
"ENSG00000169371",174,361,290,201,185,370,331,279,354,134,224,294,351,241,350,333,279,347,247,256,207,325,366,137,141,356,247,309,234,268
"ENSG00000169372",26,54,25,26,13,41,38,52,44,12,40,28,32,47,43,43,24,46,27,37,20,32,31,31,21,39,42,53,50,61
"ENSG00000169375",1001,1280,1095,910,760,966,1220,1161,1269,435,923,809,988,843,1642,1532,620,1649,499,1869,1062,754,650,390,497,1167,1116,1318,878,1167
"ENSG00000169403",164,235,441,235,268,559,327,519,1089,139,324,196,223,260,619,856,230,468,241,438,543,192,244,54,137,355,241,800,222,305
"ENSG00000169410",438,795,407,463,406,496,500,561,813,251,337,354,600,435,784,648,322,782,276,703,403,411,497,197,265,551,623,407,522,571
"ENSG00000169413",152,157,115,136,93,120,185,121,247,146,188,278,74,130,144,74,198,290,213,156,186,85,103,288,107,243,130,73,262,129
"ENSG00000169418",14,30,41,15,5,67,12,52,13,28,31,10,84,41,41,66,28,64,7,12,10,117,70,6,4,16,1,32,22,29
"ENSG00000169429",1,5,8,1,8,14,6,0,7,8,9,2,21,10,5,10,7,16,5,7,1,8,15,1,3,9,7,2,4,6
"ENSG00000169442",909,370,895,151,535,753,686,966,417,570,934,927,780,1208,573,465,1970,693,996,1524,2362,883,782,918,329,1144,276,2289,493,621
"ENSG00000169446",157,351,236,160,139,212,226,190,289,72,136,161,376,167,416,416,122,289,131,253,191,156,223,47,140,266,139,217,264,339
"ENSG00000169504",46,57,84,5,46,113,67,65,73,6,93,45,82,61,120,183,44,94,24,99,66,69,91,23,20,60,88,64,29,52
"ENSG00000169508",80,598,1113,126,560,354,787,74,599,60,421,624,256,208,777,516,583,1602,436,228,288,226,760,84,414,872,1250,265,345,463
"ENSG00000169515",4,1,0,11,0,24,9,0,26,0,4,2,7,0,101,16,4,22,1,27,1,0,1,4,2,0,3,7,16,7
"ENSG00000169564",8921,8168,7360,2579,4430,7391,6827,8482,5938,2243,8894,5535,8103,7333,6333,7395,9095,5674,5453,8040,12365,7153,6391,3981,2849,5955,6506,9740,5159,5936
"ENSG00000169567",9,320,61,77,21,134,60,56,187,21,17,60,167,31,179,172,11,80,74,24,9,94,217,18,110,98,38,14,251,225
"ENSG00000169592",413,190,185,111,179,175,197,242,208,160,222,237,211,279,175,147,259,214,187,271,258,198,162,159,65,158,230,367,137,128
"ENSG00000169599",19,29,13,9,13,19,12,17,26,11,4,26,13,28,19,16,5,10,22,8,16,24,18,7,9,24,16,36,24,22
"ENSG00000169609",6,29,14,10,14,11,22,17,26,19,6,19,24,11,21,21,5,24,7,13,3,14,25,9,8,22,14,14,19,20
"ENSG00000169635",139,94,107,60,52,118,112,69,72,47,93,55,112,96,117,185,40,116,29,133,98,76,96,13,42,106,133,90,59,75
"ENSG00000169641",2,8,4,13,1,5,6,6,10,4,4,8,2,3,17,5,3,9,9,11,1,5,4,5,4,5,7,3,5,15
"ENSG00000169660",155,277,199,95,122,292,206,245,226,359,244,219,244,253,209,225,172,188,280,258,106,372,217,204,61,223,152,293,198,214
"ENSG00000169682",69,91,88,66,59,77,56,72,71,89,65,66,85,76,101,138,55,121,30,79,53,71,83,28,43,64,105,52,61,58
"ENSG00000169683",409,462,182,177,232,263,199,350,430,582,158,361,235,261,223,206,284,222,306,276,241,282,170,255,54,229,400,352,206,233
"ENSG00000169684",56,139,33,93,37,63,51,36,96,53,22,41,56,27,63,105,44,80,55,63,40,26,60,36,24,42,57,117,78,73
"ENSG00000169689",314,578,261,201,157,313,352,399,315,335,178,318,314,280,252,257,298,277,498,260,127,272,305,314,73,294,327,393,248,315
"ENSG00000169692",19,20,20,9,12,25,23,30,20,23,31,23,38,21,38,24,11,33,26,24,24,24,21,21,8,17,14,27,18,9
"ENSG00000169696",187,227,152,86,169,217,172,184,205,207,197,138,309,237,178,189,167,243,147,161,165,215,168,164,46,172,194,191,121,138
"ENSG00000169710",8783,6255,5031,3097,3818,5893,5780,6499,4797,2439,6462,2892,5973,5720,5998,11085,3053,6542,2121,4308,10864,4701,5868,2473,2141,4718,10332,5096,3218,4740
"ENSG00000169714",186,550,427,191,204,558,359,231,376,112,252,221,574,404,536,661,226,355,160,300,192,327,441,97,243,360,348,221,306,349
"ENSG00000169715",1,8,2,30,5,24,5,11,27,16,8,4,20,6,14,7,6,2,8,14,0,21,15,7,5,0,0,24,7,15
"ENSG00000169718",1410,1860,1079,696,977,1584,1084,1119,1277,1862,970,1051,1566,1197,1199,1174,1368,1463,1186,896,782,1357,1250,1548,414,1189,1445,1056,789,763
"ENSG00000169727",888,1093,579,505,521,740,552,836,626,831,560,541,759,809,588,693,601,642,552,607,575,688,577,464,248,606,860,767,455,579
"ENSG00000169733",70,61,77,23,35,104,82,75,54,95,146,58,118,149,101,88,113,106,46,90,65,103,109,55,29,87,73,65,39,36
"ENSG00000169738",283,501,403,215,340,436,418,561,514,640,308,374,601,471,339,515,542,591,730,313,296,490,565,479,130,411,381,538,234,298
"ENSG00000169740",20,45,14,13,15,36,18,11,36,9,10,19,32,27,23,23,21,26,9,13,13,15,37,5,11,23,24,9,37,18
"ENSG00000169750",9,25,33,13,9,23,20,17,52,28,19,16,32,30,24,39,20,24,30,15,14,30,31,12,4,21,11,42,17,14
"ENSG00000169758",15,36,27,25,49,10,33,3,15,43,41,10,7,19,15,7,24,58,22,8,38,10,23,23,31,18,36,9,25,2
"ENSG00000169783",1,1,3,1,70,10,4,5,0,2,12,3,0,6,0,2,10,2,2,1,2,8,1,1,1,29,2,2,0,1
"ENSG00000169813",450,1433,641,593,401,1039,932,661,973,182,451,533,746,675,988,1184,327,920,418,650,394,615,670,187,413,718,978,502,763,896
"ENSG00000169826",57,54,107,68,59,134,102,67,95,86,106,96,147,141,216,231,46,90,69,263,103,126,117,31,82,130,42,149,81,129
"ENSG00000169857",122,247,87,112,100,134,108,138,214,59,93,147,105,101,155,163,87,176,102,159,73,113,114,93,52,128,142,131,151,142
"ENSG00000169860",17,17,15,20,21,15,14,29,28,10,16,10,14,9,26,5,1,27,2,12,14,12,14,3,5,12,23,28,10,16
"ENSG00000169895",83,105,72,61,58,122,159,132,127,108,139,105,130,98,106,173,149,167,156,137,55,121,97,122,33,78,86,207,88,136
"ENSG00000169896",101,214,93,197,51,64,128,30,71,86,132,51,72,57,112,76,62,124,107,237,196,195,76,142,67,77,62,15,133,88
"ENSG00000169905",7,14,10,5,5,4,11,9,5,6,9,8,9,19,16,14,6,27,4,12,8,10,3,1,7,6,7,7,5,4
"ENSG00000169918",5,13,24,3,13,14,5,12,13,20,23,11,25,26,6,21,18,4,12,18,18,39,8,8,19,21,27,19,5,24
"ENSG00000169926",2691,3668,3199,2225,2115,2606,2789,2631,3882,1756,2811,2002,2984,3223,4099,4914,1918,3701,1230,3621,3058,2156,2561,1293,1606,2550,4048,2150,2959,3028
"ENSG00000169951",119,92,133,47,68,135,115,105,106,76,114,129,148,111,101,121,91,150,82,104,87,83,109,68,41,112,112,84,67,100
"ENSG00000169955",116,183,161,54,91,139,154,127,165,80,74,133,207,147,194,152,93,196,101,125,53,120,116,76,50,126,167,100,91,98
"ENSG00000169957",654,529,930,220,570,977,783,714,755,757,737,677,1220,880,747,917,1016,846,599,896,1051,925,738,574,183,597,492,982,412,503
"ENSG00000169962",15,15,27,18,9,14,10,20,11,67,25,16,16,17,12,12,12,34,13,21,3,23,18,34,4,19,17,15,7,13
"ENSG00000169964",51,119,135,46,47,171,126,110,90,123,99,74,236,103,140,154,111,131,124,77,49,155,170,103,35,146,95,67,108,122
"ENSG00000169967",2,4,12,12,4,3,4,4,5,4,4,6,4,4,14,18,2,10,1,11,2,4,6,1,8,9,6,3,8,12
"ENSG00000169972",10,24,31,7,21,22,15,43,29,21,9,12,40,28,27,32,19,33,18,29,8,31,28,21,7,29,28,19,19,12
"ENSG00000169976",741,2036,1445,1009,857,1672,1838,1810,1888,854,867,972,2150,1447,1463,1694,1291,1407,1351,1210,510,1765,1746,927,645,1384,1498,1073,1331,1570
"ENSG00000169991",68,22,19,15,24,21,17,26,9,17,39,12,27,28,27,30,31,21,4,50,117,17,16,13,19,16,32,23,17,18
"ENSG00000169992",29,25,28,3,19,20,74,35,27,19,40,34,69,41,26,34,45,39,20,30,39,24,39,26,8,20,25,83,29,19
"ENSG00000170027",2127,1139,1315,765,867,1259,1057,1497,844,251,1517,580,1102,1247,1187,1560,680,1155,312,1886,2406,719,771,299,582,856,1553,1269,599,851
"ENSG00000170037",408,416,433,236,251,411,455,333,418,333,482,338,319,435,459,473,279,509,255,506,291,347,261,153,161,379,495,502,323,453
"ENSG00000170043",1875,2130,1176,806,804,1730,1738,1812,1616,1404,1583,1649,1656,1633,1273,1449,2827,1817,2147,1544,1854,1830,1480,3280,576,1301,1118,2315,1437,1389
"ENSG00000170049",77,28,15,42,24,44,40,37,30,301,19,65,31,64,38,27,37,44,62,43,34,39,49,64,7,31,45,84,58,27
"ENSG00000170054",4,6,1,18,11,18,1,15,21,29,1,10,14,2,3,1,0,2,3,0,2,3,2,2,2,13,2,1,1,0
"ENSG00000170088",22,60,53,42,31,57,60,51,53,25,15,21,74,59,84,109,28,76,21,54,25,43,48,15,35,75,46,39,44,41
"ENSG00000170099",0,3,0,76,1,21,0,20,85,13,13,0,74,13,0,14,0,6,2,6,0,46,0,8,0,0,0,28,3,0
"ENSG00000170100",61,73,44,39,33,39,37,55,46,38,34,48,53,56,49,57,17,61,24,48,29,44,58,13,20,59,60,38,62,44
"ENSG00000170113",275,788,736,369,198,220,585,440,509,261,363,614,464,444,938,932,292,716,470,564,467,445,466,98,303,638,534,596,512,706
"ENSG00000170145",464,604,401,290,346,615,599,441,401,298,593,337,703,577,763,920,366,524,260,780,506,498,409,173,303,469,508,597,437,582
"ENSG00000170175",71,150,128,67,36,81,114,178,74,127,71,115,136,105,134,97,75,121,109,122,23,131,101,68,36,89,75,191,126,130
"ENSG00000170185",176,409,259,228,145,287,258,291,376,62,140,239,315,188,502,475,100,336,112,271,188,201,275,46,170,280,330,154,307,392
"ENSG00000170190",46,35,49,46,45,95,77,55,138,170,30,97,131,72,143,80,36,111,52,127,77,141,105,106,27,72,5,27,98,93
"ENSG00000170191",23,102,53,39,29,53,78,48,60,26,38,40,68,22,63,105,31,58,57,29,22,37,54,13,29,42,81,46,64,94
"ENSG00000170222",38,89,108,44,42,85,97,55,77,36,74,64,149,110,183,157,86,94,86,94,73,118,122,53,55,123,39,89,87,125
"ENSG00000170231",13,5,11,1,2,12,21,10,3,12,6,25,4,8,8,13,10,10,21,1,10,11,8,22,22,10,11,37,6,1
"ENSG00000170242",137,411,224,192,199,277,244,257,308,300,164,366,373,208,383,300,224,354,443,284,112,250,199,324,131,310,195,355,376,297
"ENSG00000170270",158,247,91,100,78,158,139,144,209,90,61,118,155,111,172,159,77,169,161,132,96,89,117,84,23,127,110,188,138,174
"ENSG00000170275",86,139,87,74,41,126,239,186,195,74,114,84,124,127,215,194,62,169,61,312,129,172,118,41,30,129,67,206,183,167
"ENSG00000170291",247,414,274,193,182,406,331,283,378,171,277,297,395,422,381,346,288,376,356,351,190,324,331,156,130,283,362,306,332,304
"ENSG00000170296",454,1085,978,477,641,1201,1081,1153,840,789,937,925,1544,1398,967,991,1493,1181,1000,760,473,1267,1105,1022,442,986,605,838,753,672
"ENSG00000170310",161,309,281,85,190,260,268,289,185,190,213,236,334,327,183,243,335,270,324,283,136,315,195,288,127,220,176,354,245,181
"ENSG00000170315",212,652,282,275,345,395,396,329,528,190,219,296,339,376,410,331,403,389,361,429,150,363,555,181,183,333,302,468,366,501
"ENSG00000170322",388,582,552,367,292,483,464,450,479,583,319,378,482,533,556,524,240,612,342,476,318,596,366,260,198,591,538,462,370,413
"ENSG00000170325",119,145,139,97,71,78,102,135,93,98,115,159,71,100,118,147,42,150,91,158,131,119,61,67,69,128,138,139,112,154
"ENSG00000170340",550,1123,1883,727,913,1210,1173,583,1474,348,968,747,1728,892,2713,2126,759,1833,689,1718,1025,827,1830,389,1242,1195,964,527,1363,1512
"ENSG00000170345",26,7,115,2,45,50,29,19,12,74,87,16,59,27,20,43,57,24,37,14,71,26,150,29,16,58,12,29,10,21
"ENSG00000170348",498,856,829,394,432,535,687,745,764,215,547,701,484,581,871,816,276,867,503,802,668,533,559,243,375,864,805,554,787,993
"ENSG00000170385",93,245,174,182,140,140,170,101,336,59,108,179,116,130,324,298,76,147,95,127,94,122,167,31,126,274,216,109,194,185
"ENSG00000170396",118,31,2,17,7,12,9,18,59,8,23,18,27,11,123,141,3,29,46,165,3,51,1,68,12,2,0,91,26,40
"ENSG00000170412",8,51,16,9,8,48,30,13,11,38,28,18,87,35,39,50,37,28,25,23,16,30,52,50,17,0,7,14,27,27
"ENSG00000170425",0,31,1,7,4,2,9,2,16,1,2,2,2,3,24,28,4,3,5,14,2,1,12,1,2,5,5,7,12,1
"ENSG00000170439",4,5,11,1,0,0,6,0,23,0,4,0,2,1,8,3,2,8,25,6,1,8,1,12,1,1,0,21,5,7
"ENSG00000170456",72,119,45,32,28,41,107,140,35,39,96,152,44,61,64,54,56,115,83,62,27,71,47,78,42,151,148,37,56,137
"ENSG00000170469",4,12,13,5,3,22,16,13,10,9,13,8,21,6,10,14,13,14,22,6,10,20,27,7,7,14,9,13,22,23
"ENSG00000170515",81,97,42,48,90,89,62,49,97,30,35,82,57,68,65,70,39,45,38,32,54,55,70,30,34,63,104,63,53,79
"ENSG00000170525",15,11,31,2,5,10,8,10,5,0,12,3,13,13,11,16,20,10,5,33,25,7,3,4,5,17,13,21,7,13
"ENSG00000170540",294,908,826,536,499,858,776,501,1107,245,473,615,901,548,1258,1167,407,747,539,717,279,670,899,245,498,1105,502,622,1009,1202
"ENSG00000170542",1391,3550,2418,1657,303,3667,3223,4218,1673,1487,2448,2245,3708,2424,2676,4606,1444,2719,2176,2402,845,4396,3730,1134,769,1119,1802,4420,2853,3739
"ENSG00000170545",28,15,10,13,14,7,38,12,67,11,17,9,11,10,19,16,16,18,13,46,25,11,5,19,15,26,11,28,39,15
"ENSG00000170571",7,16,6,20,8,8,13,7,37,6,1,0,11,4,14,14,3,14,5,18,1,3,9,2,6,10,3,22,10,10
"ENSG00000170581",157,207,151,148,115,139,171,198,137,260,196,191,80,205,176,150,24,201,113,246,147,243,131,125,73,231,160,142,180,193
"ENSG00000170584",5,27,21,15,15,40,28,18,50,4,14,20,46,17,49,29,13,38,27,19,3,23,45,12,14,22,19,16,33,32
"ENSG00000170604",475,371,428,97,204,378,309,513,362,326,318,468,462,476,321,357,388,455,309,397,483,396,326,430,69,423,357,509,185,241
"ENSG00000170608",37,85,27,6,4,18,31,10,2,24,46,8,71,152,19,181,25,50,89,79,1,46,106,46,6,6,25,120,68,38
"ENSG00000170619",77,205,137,86,90,198,167,160,163,108,113,103,193,182,178,188,123,169,100,110,64,158,192,71,51,131,133,80,106,109
"ENSG00000170627",0,259,182,2,0,24,171,0,4,95,26,68,9,18,7,85,19,73,24,4,28,129,197,3,4,6,0,0,15,44
"ENSG00000170631",25,81,84,60,44,88,97,63,85,58,44,70,108,71,105,104,39,100,60,74,35,92,83,39,54,113,85,62,55,82
"ENSG00000170633",745,907,594,347,604,615,548,621,691,633,361,622,481,588,778,566,378,1021,403,659,390,418,430,374,285,761,871,562,524,565
"ENSG00000170634",13,24,9,5,8,17,14,20,9,19,8,17,14,19,11,10,14,19,24,11,9,21,20,16,4,15,10,18,12,8
"ENSG00000170638",607,739,820,260,507,770,749,823,556,776,700,681,743,900,520,685,643,638,650,529,485,762,660,645,289,758,691,659,462,551
"ENSG00000170647",6,10,7,1,1,6,10,8,3,0,4,11,8,2,11,3,2,11,4,3,5,3,11,5,2,3,1,0,5,12
"ENSG00000170653",367,548,373,344,240,406,451,478,361,316,405,395,396,430,697,492,242,676,282,726,471,415,328,336,225,362,351,533,435,553
"ENSG00000170677",20,48,60,27,26,34,46,29,51,18,29,27,48,26,85,86,22,43,16,54,32,28,69,11,26,60,53,38,30,41
"ENSG00000170684",607,509,732,146,301,610,760,908,435,791,1033,706,628,911,366,514,918,495,787,682,705,1098,464,1071,154,529,494,738,319,408
"ENSG00000170689",7,8,65,1,20,39,58,17,24,2,26,3,105,17,88,72,27,20,6,53,23,36,80,2,20,14,6,29,16,13
"ENSG00000170727",353,314,161,122,251,247,180,228,237,94,200,115,275,204,243,364,184,266,79,186,229,156,175,67,74,218,343,174,123,133
"ENSG00000170734",6,47,39,36,9,54,50,29,43,16,11,28,22,31,65,54,10,40,19,27,6,36,26,5,18,19,60,23,52,64
"ENSG00000170759",229,256,193,172,101,217,156,137,248,74,101,175,227,139,317,296,86,213,149,247,340,154,135,57,97,191,160,246,192,214
"ENSG00000170779",135,312,207,129,97,357,230,218,296,65,148,116,225,143,257,411,132,241,147,184,109,149,225,86,101,197,259,170,151,232
"ENSG00000170832",96,112,103,67,52,94,94,98,109,41,90,55,83,94,152,215,32,137,35,151,148,54,77,21,83,90,89,96,81,105
"ENSG00000170835",36,10,8,12,4,10,11,11,8,23,9,3,8,13,7,3,11,10,15,16,4,22,13,13,0,9,10,25,9,13
"ENSG00000170836",112,149,121,109,61,131,88,131,111,40,69,105,157,131,166,163,66,141,66,133,78,91,117,30,43,105,112,126,72,107
"ENSG00000170855",160,496,193,163,120,216,204,159,290,62,131,123,303,107,270,239,299,318,74,211,51,153,215,117,83,191,131,137,209,200
"ENSG00000170860",16,147,84,40,53,78,61,61,113,47,39,132,115,80,95,89,47,78,129,68,23,80,111,55,41,75,85,94,90,136
"ENSG00000170876",55,96,151,60,53,123,109,73,111,45,79,59,113,110,184,226,31,149,29,122,74,107,113,27,58,140,127,51,83,107
"ENSG00000170881",91,371,238,141,131,223,230,172,340,76,81,186,233,95,339,367,130,234,148,202,110,180,263,77,142,295,156,221,272,317
"ENSG00000170889",43,60,51,26,82,57,64,39,52,15,76,15,50,50,47,76,137,101,30,76,34,54,91,53,30,64,32,60,67,50
"ENSG00000170892",79,165,106,64,52,198,116,126,140,78,84,85,264,198,118,157,100,129,72,96,78,126,166,52,29,133,173,106,77,97
"ENSG00000170903",64,64,36,29,34,82,54,52,50,27,44,53,63,65,78,69,30,77,35,37,38,49,60,28,23,48,66,46,54,46
"ENSG00000170915",48,23,34,23,17,19,24,21,32,7,22,14,12,16,58,39,21,46,6,31,20,19,21,9,16,32,72,17,27,12
"ENSG00000170946",52,67,63,57,63,77,54,70,49,47,31,64,64,35,68,73,44,58,40,64,77,41,58,32,39,55,45,117,75,75
"ENSG00000170949",3,4,14,7,10,13,22,9,6,16,8,12,8,11,16,20,2,5,10,11,5,18,7,7,6,24,17,8,18,30
"ENSG00000170955",63,228,10,36,51,84,32,43,32,170,14,44,103,76,12,52,37,78,101,84,35,138,32,33,7,33,29,47,30,37
"ENSG00000170962",2,28,1,24,1,8,26,77,36,11,3,31,29,12,17,29,1,27,0,31,0,43,7,1,1,9,5,25,5,10
"ENSG00000170989",77,83,146,70,59,105,77,102,151,63,136,110,96,106,104,188,60,179,25,220,90,109,72,81,14,91,94,215,51,66
"ENSG00000171017",10,6,4,11,6,1,6,2,8,13,3,7,5,5,8,8,4,12,4,2,0,5,3,1,1,14,1,2,1,6
"ENSG00000171033",19,35,36,36,12,13,19,33,37,12,12,15,10,12,31,27,12,30,12,28,18,14,14,4,20,18,31,13,41,42
"ENSG00000171067",1689,1537,586,465,436,676,693,1570,620,624,915,1136,804,746,589,640,853,850,960,926,1378,991,485,1025,270,675,940,1510,516,755
"ENSG00000171105",370,524,2087,263,465,788,914,259,705,830,1224,1075,798,375,1372,1829,612,1660,1204,1302,2339,284,693,385,864,1028,988,778,743,571
"ENSG00000171115",107,173,253,97,110,188,99,346,391,139,94,336,129,82,217,84,110,364,81,127,331,272,116,57,144,382,199,132,118,122
"ENSG00000171119",1,0,5,0,0,14,8,4,2,4,9,0,21,4,8,18,16,2,9,4,0,3,10,6,1,2,0,16,1,0
"ENSG00000171135",59,165,130,47,70,198,116,101,200,54,99,57,201,140,147,212,116,140,44,112,62,126,182,56,40,109,119,43,95,114
"ENSG00000171150",12,34,26,11,21,35,38,18,25,8,26,26,31,12,36,37,21,32,21,31,26,17,20,6,16,18,21,26,20,47
"ENSG00000171155",66,175,62,77,59,104,71,121,123,32,48,143,108,69,105,123,66,94,92,99,68,65,111,39,46,138,82,100,143,183
"ENSG00000171159",94,153,151,50,123,94,95,161,135,210,135,155,175,178,115,96,189,136,158,102,97,188,195,126,78,153,96,121,96,128
"ENSG00000171202",17,278,106,84,48,155,162,69,159,49,99,90,218,66,183,198,117,105,142,51,31,123,133,80,95,141,91,51,177,185
"ENSG00000171204",9,183,69,79,53,86,65,76,111,10,25,67,110,21,112,121,7,55,33,53,8,58,109,21,40,98,28,47,119,139
"ENSG00000171206",68,182,116,42,78,119,120,127,106,71,70,117,134,138,152,131,45,143,71,110,45,110,98,66,50,113,112,78,120,102
"ENSG00000171208",386,437,205,185,51,472,263,347,283,153,177,247,538,201,461,515,161,351,172,313,214,290,370,165,64,234,286,446,270,426
"ENSG00000171222",467,548,525,129,426,543,536,504,596,848,529,446,836,696,418,469,861,607,705,432,572,715,522,794,143,465,453,528,285,269
"ENSG00000171223",3224,2235,3280,584,1538,3422,3087,2516,1600,1989,6869,2818,4851,5007,1881,4277,5668,2803,1935,2289,2921,3701,4122,2548,1145,1820,2508,2201,1705,1317
"ENSG00000171236",6,48,41,25,11,71,85,94,26,0,58,111,46,38,20,79,19,54,132,15,96,125,11,21,23,65,79,5,17,37
"ENSG00000171241",163,967,276,357,164,387,382,377,662,104,166,437,231,213,447,541,83,413,316,273,83,174,205,140,170,412,589,361,562,936
"ENSG00000171246",11,28,3,4,7,63,4,4,17,25,34,19,30,94,22,19,15,3,7,78,15,388,11,1,125,47,5,0,9,9
"ENSG00000171262",232,405,193,179,169,230,188,190,338,79,169,172,333,164,284,313,262,285,129,255,235,147,206,138,131,203,249,367,225,314
"ENSG00000171282",4,3,16,9,2,12,24,1,30,0,24,1,11,7,7,29,0,7,5,18,10,7,3,4,2,2,6,48,3,18
"ENSG00000171298",393,109,382,154,252,419,178,148,188,257,361,234,484,312,409,182,374,429,143,249,358,324,224,116,148,293,567,136,167,230
"ENSG00000171302",626,847,631,494,406,620,624,802,784,201,531,470,629,594,784,963,361,837,309,792,557,481,473,238,251,654,855,573,578,648
"ENSG00000171310",585,563,509,338,273,609,560,1026,650,455,663,520,472,591,695,675,345,550,620,871,691,815,501,532,254,288,510,645,550,595
"ENSG00000171316",522,590,604,212,556,354,681,656,413,1006,473,1042,224,722,530,634,784,912,1149,754,730,472,122,1221,212,865,409,1122,516,610
"ENSG00000171368",21,21,13,10,4,21,12,26,14,23,19,21,24,34,22,21,7,39,26,21,13,15,40,13,7,13,21,25,21,25
"ENSG00000171421",61,29,32,11,35,53,25,47,58,32,24,24,59,39,33,58,38,30,33,40,97,32,38,11,15,28,28,74,34,30
"ENSG00000171425",395,890,1111,317,487,940,1087,673,810,382,825,632,1516,1155,1033,1187,868,1056,490,781,706,1207,788,516,592,1039,568,519,614,603
"ENSG00000171443",176,204,245,68,164,348,290,283,224,201,304,227,350,351,228,284,283,258,279,288,291,414,245,232,87,251,202,238,137,166
"ENSG00000171448",27,80,121,58,43,101,106,58,62,47,63,85,88,69,186,125,40,101,53,121,38,89,89,31,57,142,65,87,115,108
"ENSG00000171456",29,42,28,17,31,54,44,43,41,28,25,53,33,53,34,58,14,46,44,15,11,67,56,20,20,50,64,18,30,46
"ENSG00000171462",12,27,20,28,14,14,13,7,17,53,10,12,30,17,43,39,29,19,24,28,6,16,11,11,8,12,7,24,17,10
"ENSG00000171466",38,98,71,58,55,60,64,41,69,41,25,73,92,43,114,88,25,104,69,90,42,58,24,26,43,114,57,46,69,80
"ENSG00000171467",1177,1062,1315,1387,971,1201,1510,652,1183,1359,1868,725,937,1204,2638,2071,609,2339,798,2217,1596,1028,1038,428,1170,1108,1715,1136,1055,1360
"ENSG00000171471",28,52,29,18,32,76,65,33,35,26,56,48,42,77,47,68,41,32,51,36,25,56,50,23,18,53,42,20,33,44
"ENSG00000171475",229,262,257,111,167,234,204,244,234,91,210,188,178,241,291,294,228,346,124,314,299,230,124,94,88,230,185,304,172,212
"ENSG00000171490",1652,2042,2596,1044,1770,2495,2804,1386,1983,1051,1823,2479,3498,2348,3178,2578,3818,2897,2059,2437,2142,2193,2565,1630,1255,2574,1621,2317,1746,1886
"ENSG00000171492",82,76,65,87,47,72,89,66,131,37,65,43,69,74,168,152,25,108,20,167,62,58,72,35,17,70,76,139,55,86
"ENSG00000171552",170,93,50,47,56,48,55,83,50,23,77,44,62,84,54,82,48,104,15,82,142,49,50,17,36,41,70,57,59,45
"ENSG00000171570",324,813,466,330,286,572,531,570,456,412,366,420,592,559,544,527,349,620,410,453,200,449,399,392,173,509,445,467,430,394
"ENSG00000171606",191,281,293,184,176,367,270,255,282,307,181,240,459,334,343,344,139,354,236,334,179,249,328,159,126,319,225,258,230,199
"ENSG00000171612",8,25,12,8,22,40,13,21,35,5,3,22,31,13,30,33,11,10,20,10,18,23,51,6,9,25,15,7,20,21
"ENSG00000171621",23,11,86,3,12,58,43,6,20,4,48,5,40,20,7,122,38,22,11,27,66,12,25,4,48,61,14,20,7,8
"ENSG00000171649",32,38,16,37,10,19,36,21,42,29,8,7,45,26,61,56,5,56,20,43,1,15,26,10,9,31,33,14,33,27
"ENSG00000171680",7,11,4,12,9,13,4,0,17,11,7,15,10,12,15,14,4,17,1,9,3,4,13,6,1,2,8,21,0,4
"ENSG00000171681",49,235,168,199,105,128,196,123,135,26,88,136,139,106,296,352,34,265,36,129,38,118,185,17,150,245,222,68,136,234
"ENSG00000171700",19,27,22,5,14,17,22,28,33,7,10,28,21,18,29,29,10,15,24,23,24,15,17,8,11,12,18,13,7,17
"ENSG00000171714",46,244,14,147,116,127,214,5,255,161,98,29,102,50,298,612,33,235,86,153,5,29,120,35,30,81,22,159,280,95
"ENSG00000171723",283,131,244,136,152,206,268,244,203,74,330,117,204,249,346,386,183,288,67,346,388,185,99,5,124,184,234,227,169,184
"ENSG00000171729",5,15,14,4,0,11,10,75,17,16,12,21,34,15,33,8,11,15,21,14,17,37,60,25,10,2,66,47,26,20
"ENSG00000171759",2,4,7,10,2,29,95,3,8,8,6,3,14,100,4,115,1,10,16,6,0,6,7,0,2,8,1,27,0,6
"ENSG00000171763",62,105,107,27,84,126,79,88,92,27,91,40,109,110,122,150,31,80,24,54,53,68,113,26,27,85,113,43,54,49
"ENSG00000171766",242,702,714,171,288,612,630,535,847,188,437,441,594,486,1203,893,127,547,738,364,170,570,457,393,331,605,767,507,695,908
"ENSG00000171777",38,1,15,1,5,5,22,2,3,6,11,33,39,11,36,11,106,8,9,72,35,7,24,120,6,10,34,4,21,4
"ENSG00000171786",23,23,19,5,10,25,17,22,4,17,17,30,40,58,10,20,10,27,26,8,5,31,13,31,6,27,12,21,10,11
"ENSG00000171790",9,12,4,2,8,15,10,6,7,19,3,9,3,11,5,13,8,10,11,5,4,10,8,9,4,9,10,7,9,9
"ENSG00000171791",334,415,1838,295,611,1161,1071,832,481,649,1276,584,1385,1073,1736,2199,864,778,407,1573,1338,1600,1104,251,679,1289,448,724,530,665
"ENSG00000171806",11,76,43,45,29,52,56,43,68,18,19,44,53,35,71,63,14,36,67,30,11,46,68,20,18,47,50,51,48,66
"ENSG00000171813",21,16,26,26,5,77,37,6,64,33,80,8,122,26,54,142,40,53,10,163,5,69,106,5,8,12,1,106,17,41
"ENSG00000171817",1,7,7,1,2,6,6,5,4,11,2,4,14,0,3,5,6,8,17,4,0,18,5,2,0,10,7,4,6,5
"ENSG00000171823",169,261,351,119,167,392,190,281,237,115,155,114,259,189,305,320,220,225,111,199,257,163,385,139,99,252,261,171,142,189
"ENSG00000171827",14,34,35,27,14,29,51,25,36,21,19,30,43,32,47,51,20,31,29,33,17,41,28,14,16,37,33,22,52,54
"ENSG00000171840",19,19,21,14,13,20,7,44,10,6,35,19,44,9,10,28,21,25,14,29,76,17,26,34,12,12,18,30,16,31
"ENSG00000171858",73,311,291,159,176,665,680,248,320,282,248,191,412,306,270,254,343,276,369,120,70,366,460,211,184,352,371,90,226,268
"ENSG00000171861",159,380,221,192,140,318,317,247,346,125,137,206,335,213,255,311,165,232,228,184,88,268,241,183,96,233,238,243,219,268
"ENSG00000171865",26,28,14,10,14,19,18,14,21,6,9,20,17,18,17,23,11,16,19,17,7,26,26,6,6,22,30,16,15,14
"ENSG00000171970",16,15,20,7,5,12,14,10,13,4,7,3,12,14,18,17,8,18,3,19,5,4,12,6,4,5,11,34,8,12
"ENSG00000171984",3,35,19,25,10,72,40,12,30,20,11,19,31,21,28,45,13,38,22,19,10,21,27,25,9,17,22,18,22,31
"ENSG00000171992",453,181,187,105,192,87,95,213,112,110,207,97,134,154,210,199,208,252,22,278,1271,93,112,32,122,145,219,127,105,39
"ENSG00000172005",2,13,2,1,7,17,10,8,9,46,4,9,27,8,34,22,3,46,0,6,7,4,14,7,8,4,10,0,2,3
"ENSG00000172006",10,33,47,20,30,29,38,23,39,26,16,33,66,34,40,36,23,36,41,33,23,36,36,5,11,54,24,13,26,40
"ENSG00000172007",13,8,9,4,4,5,10,12,5,0,9,6,7,6,7,6,7,4,6,12,10,4,5,3,5,5,5,3,11,6
"ENSG00000172009",1751,2650,1586,1013,1302,2191,1791,1468,1939,1474,1349,1259,2291,1992,1625,2079,1426,1970,1231,1307,1142,1624,1603,1369,839,1606,2607,1232,1161,1439
"ENSG00000172057",230,837,609,376,226,621,457,573,356,230,381,497,628,695,530,762,227,658,325,368,286,568,412,176,442,534,499,332,447,400
"ENSG00000172059",0,3,28,1,4,12,12,7,2,3,5,5,15,9,5,12,5,4,4,2,17,8,9,0,0,6,1,7,1,9
"ENSG00000172070",52,61,60,31,38,87,52,77,49,14,50,38,79,73,44,103,37,55,16,49,53,28,81,10,24,54,63,53,14,39
"ENSG00000172081",946,912,1125,349,582,763,1107,1268,960,525,1311,651,992,1283,1097,1169,986,1151,390,1181,1024,1095,925,340,491,897,1008,720,636,810
"ENSG00000172086",77,267,124,151,93,188,192,196,172,199,135,284,218,149,218,198,147,224,298,177,85,137,157,221,79,170,129,272,228,257
"ENSG00000172115",19,114,40,45,61,61,60,59,63,14,33,88,94,35,72,69,27,68,51,16,27,60,57,51,20,46,41,74,40,59
"ENSG00000172171",26,163,73,81,37,103,89,46,100,49,29,113,98,54,122,98,42,93,86,33,17,91,96,60,28,91,70,42,99,133
"ENSG00000172175",230,1055,753,668,394,558,792,619,1165,446,423,604,660,410,1199,1216,353,927,491,712,234,817,839,137,475,755,605,453,777,1013
"ENSG00000172183",663,630,402,454,164,653,684,1070,817,323,590,841,484,1066,429,587,473,699,520,983,579,688,559,432,93,397,438,538,477,568
"ENSG00000172197",77,265,115,166,22,156,188,170,177,240,92,140,176,161,279,256,45,199,130,151,59,257,164,86,72,104,147,86,228,280
"ENSG00000172216",102,122,254,28,123,195,284,182,151,20,201,125,360,230,322,243,177,320,130,298,179,66,225,135,60,158,153,152,56,57
"ENSG00000172270",1599,2833,1963,977,2248,4465,1903,4678,1779,2399,2315,3803,2678,3434,2754,3172,3020,2323,4096,1500,2297,6042,2036,4290,613,2797,2323,3780,1202,1264
"ENSG00000172273",157,290,313,171,201,361,299,267,210,255,234,239,294,309,369,290,167,344,201,346,156,266,248,150,115,309,243,261,222,237
"ENSG00000172292",256,427,333,258,192,366,423,365,470,238,202,448,343,297,682,418,185,424,249,708,279,343,240,32,178,385,259,363,621,577
"ENSG00000172301",30,194,104,49,105,206,111,48,121,37,55,73,194,103,144,163,148,143,70,45,41,114,138,52,56,120,108,63,85,80
"ENSG00000172315",186,257,207,109,157,254,211,238,260,66,182,207,243,249,263,209,255,251,206,270,138,180,180,163,88,246,233,250,203,182
"ENSG00000172331",6,66,17,44,5,41,25,50,54,21,15,13,34,7,47,43,4,24,14,21,11,34,49,4,11,36,39,26,30,47
"ENSG00000172336",370,403,261,127,178,326,293,307,235,150,266,220,368,320,205,261,420,279,273,246,249,216,233,353,71,222,302,334,148,192
"ENSG00000172339",8,24,15,10,6,19,13,11,21,7,8,10,8,10,16,22,4,10,14,8,6,9,12,9,6,14,24,10,13,16
"ENSG00000172345",15,27,16,12,16,20,27,6,22,22,26,22,13,13,24,9,15,40,21,15,11,28,13,7,10,18,18,19,11,14
"ENSG00000172354",23,37,21,23,18,42,16,36,23,10,20,12,38,18,35,25,20,25,13,34,30,35,42,8,19,25,36,26,32,51
"ENSG00000172366",162,357,304,119,293,519,353,290,321,376,302,383,644,433,303,405,407,310,465,155,168,577,390,364,155,340,344,173,203,228
"ENSG00000172375",317,234,288,140,203,242,206,276,189,280,268,297,214,230,232,270,216,260,165,248,424,247,223,153,93,226,217,336,132,203
"ENSG00000172382",6,6,12,2,10,10,8,2,13,42,9,11,18,15,10,12,12,11,9,12,10,19,17,20,2,7,9,6,3,8
"ENSG00000172409",149,311,200,171,111,234,187,213,249,96,82,121,282,187,295,250,145,199,131,152,90,157,222,69,82,187,245,209,194,223
"ENSG00000172428",9,160,43,33,31,66,44,48,123,27,20,74,117,47,97,88,20,67,59,33,13,77,97,23,21,94,42,32,83,65
"ENSG00000172465",25,34,32,24,26,32,24,36,37,27,35,37,44,30,46,36,18,35,27,39,22,29,23,21,13,29,19,44,23,17
"ENSG00000172466",123,274,194,187,132,234,247,203,259,107,118,172,200,197,308,314,87,263,137,191,136,203,240,62,136,229,280,156,244,239
"ENSG00000172500",301,345,272,123,217,274,223,395,280,169,258,157,227,280,239,212,203,299,125,274,250,183,207,116,80,247,315,254,214,280
"ENSG00000172508",9,20,10,7,7,9,20,11,4,54,7,19,10,7,8,7,7,24,14,13,1,14,6,7,4,9,16,4,20,9
"ENSG00000172531",2924,3453,1921,1348,1488,2427,2349,3049,2720,1387,1794,1895,2707,2238,2039,2027,2303,2608,2131,2186,2728,2220,1828,2024,755,1909,2355,3218,1810,2063
"ENSG00000172538",2,5,1,10,1,7,4,10,45,2,2,1,1,6,15,9,4,2,3,19,0,24,3,0,0,2,1,26,2,3
"ENSG00000172543",21,41,2,146,6,7,17,13,318,35,8,15,36,23,0,3,12,8,17,21,7,37,15,4,10,15,10,20,11,0
"ENSG00000172575",189,337,475,78,276,422,496,177,456,345,365,476,411,235,491,1046,256,429,185,529,107,348,488,184,329,268,303,227,294,490
"ENSG00000172578",0,4,16,1,12,3,8,1,2,2,5,5,8,19,8,5,10,13,4,4,3,2,11,2,19,19,23,2,3,7
"ENSG00000172586",128,536,171,151,144,356,267,232,330,113,138,282,384,220,266,284,205,197,372,151,96,336,402,191,98,243,252,212,330,346
"ENSG00000172590",108,163,87,41,92,140,83,126,113,103,116,151,161,184,81,132,173,127,188,139,61,124,116,196,21,99,127,156,76,94
"ENSG00000172602",48,66,87,34,62,100,67,60,64,69,37,55,96,42,89,119,84,66,34,41,40,67,182,56,7,45,63,59,45,30
"ENSG00000172613",681,494,326,194,166,343,286,431,231,1059,289,444,303,338,271,262,328,367,387,398,344,479,287,255,66,275,394,520,237,330
"ENSG00000172638",58,26,94,20,40,99,99,147,64,230,123,152,128,158,140,54,134,127,127,109,81,171,184,122,47,78,71,92,113,72
"ENSG00000172660",2752,5983,2491,2315,2523,3570,3059,3738,4950,2460,2089,3908,3411,1729,3325,3313,2621,3467,3772,2716,1854,2845,2478,2726,1228,2781,3621,4782,3039,3454
"ENSG00000172663",73,78,83,31,55,90,78,118,57,54,158,91,136,110,46,76,175,77,69,88,82,122,99,97,34,88,94,129,60,50
"ENSG00000172667",147,277,242,154,176,185,121,182,130,135,186,107,176,187,377,363,137,271,76,220,362,170,110,25,166,235,173,89,134,125
"ENSG00000172687",7,25,19,20,4,18,25,13,32,21,13,12,40,16,28,22,11,22,28,28,3,18,33,15,10,12,17,20,19,29
"ENSG00000172725",457,296,231,134,152,262,311,295,235,339,170,327,321,274,182,309,194,230,183,335,848,259,317,124,102,270,284,269,289,241
"ENSG00000172731",73,32,18,21,17,27,26,41,30,5,34,14,11,27,20,17,17,22,12,32,62,8,12,5,0,6,47,27,19,17
"ENSG00000172732",819,979,528,399,540,711,538,723,761,711,437,648,687,635,733,553,539,820,538,668,560,673,734,439,249,623,694,642,501,438
"ENSG00000172757",4553,6641,2660,2947,3150,4325,3818,5134,5052,2311,3098,4472,3121,4010,3297,3011,4817,4972,4681,4053,2975,3634,3206,4107,1664,3621,4321,5985,3420,3770
"ENSG00000172775",35,49,19,26,43,34,20,48,44,19,38,63,32,35,32,19,34,34,39,33,40,28,30,25,15,27,37,54,32,42
"ENSG00000172780",11,7,7,5,3,5,8,11,12,5,8,5,5,7,8,11,5,9,7,9,9,5,5,3,4,6,17,4,6,6
"ENSG00000172794",5,11,32,1,5,22,17,22,22,2,15,9,19,21,23,13,15,5,6,15,9,22,16,0,20,20,17,12,20,21
"ENSG00000172809",319,1733,1274,479,841,1241,1463,1014,1102,720,892,882,2064,988,1486,1354,1882,1896,1423,857,453,1246,1890,1744,684,1364,892,728,1248,937
"ENSG00000172817",31,47,31,77,43,77,47,31,71,57,21,53,62,69,219,158,16,101,56,136,14,61,46,2,29,9,6,0,71,31
"ENSG00000172818",0,6,17,1,5,26,7,2,1,2,14,16,6,18,3,1,10,8,5,1,6,20,0,7,9,36,1,0,4,2
"ENSG00000172819",46,166,86,33,105,87,76,68,98,44,67,82,114,90,66,94,92,177,63,43,107,99,73,92,30,119,50,93,34,45
"ENSG00000172824",11,29,34,17,40,6,2,76,21,76,25,62,18,9,20,13,22,36,38,24,13,118,43,9,12,38,9,15,12,19
"ENSG00000172828",4,5,8,1,2,14,11,12,1,16,9,11,4,7,6,4,2,5,11,8,10,27,11,5,4,3,22,18,3,18
"ENSG00000172830",14,11,12,25,11,95,7,37,30,22,4,23,87,27,55,7,73,22,15,39,72,28,54,17,7,36,3,17,18,5
"ENSG00000172831",612,676,427,309,318,496,612,627,600,546,447,547,377,549,533,430,433,730,503,688,403,524,321,412,136,495,571,605,460,455
"ENSG00000172840",123,194,252,123,132,164,192,128,127,56,175,127,180,157,229,314,56,256,101,170,203,153,135,52,94,184,197,146,130,167
"ENSG00000172890",927,1669,701,594,806,745,962,1166,901,1164,914,911,981,1270,881,770,878,1157,959,767,661,1271,1043,912,515,1154,956,785,899,744
"ENSG00000172893",976,1210,1822,467,761,1819,1710,1320,914,489,1648,776,1568,1671,1324,2099,1233,2169,858,919,2410,1428,1855,695,654,1567,1490,1130,1042,998
"ENSG00000172922",352,749,457,257,349,613,523,521,580,387,339,454,577,502,495,524,489,519,626,466,187,600,486,517,177,465,573,520,423,383
"ENSG00000172927",11,16,47,1,1,40,33,57,0,1,216,200,99,43,10,163,38,26,12,0,186,15,35,46,110,71,14,16,16,8
"ENSG00000172977",252,332,481,214,262,404,401,429,298,193,336,297,439,443,423,466,321,421,194,494,344,319,363,164,141,460,276,506,243,328
"ENSG00000172992",162,134,85,63,51,142,90,88,118,53,112,56,133,92,157,164,119,105,55,132,95,90,109,48,52,88,105,98,116,146
"ENSG00000173011",67,46,51,19,45,31,39,73,47,13,75,43,48,55,40,58,28,55,19,79,81,33,30,16,23,51,65,30,37,30
"ENSG00000173013",5,9,9,1,4,8,3,5,7,11,5,18,9,10,3,5,6,7,7,2,8,4,9,6,2,14,10,3,8,4
"ENSG00000173020",4065,3434,4291,1545,1975,4097,3706,5065,4570,6235,4441,3783,3895,3685,2982,3641,4634,3069,3760,4361,3433,3937,3195,3794,1257,3203,3958,4866,2527,3261
"ENSG00000173039",1404,1092,1475,519,827,1320,1246,1449,1045,846,2003,1195,1568,1548,1262,1412,1128,1372,648,1674,1703,1463,1148,562,489,1301,1075,1307,793,874
"ENSG00000173040",24,29,74,9,76,35,31,4,84,17,35,15,196,10,14,18,99,128,7,92,205,4,50,5,15,34,67,177,10,36
"ENSG00000173065",759,483,454,286,253,404,407,608,434,354,483,472,567,577,339,401,452,601,318,594,713,492,308,275,132,302,354,682,236,331
"ENSG00000173083",6,38,7,32,10,22,4,14,85,1,5,14,6,14,22,39,3,33,4,9,8,14,33,0,5,19,9,29,40,17
"ENSG00000173085",14,82,16,30,12,41,33,23,53,13,14,21,10,25,33,23,12,44,11,28,13,16,15,12,9,23,25,55,26,17
"ENSG00000173110",3,12,93,1,125,196,8,7,0,0,3,7,169,20,20,111,163,4,27,3,10,16,324,32,5,35,4,12,4,8
"ENSG00000173113",163,685,427,210,323,844,587,383,651,291,276,751,926,445,634,628,504,508,820,344,198,654,924,554,191,506,367,357,481,602
"ENSG00000173120",572,417,409,303,258,295,330,458,395,320,457,290,280,406,456,555,174,481,142,538,561,324,272,122,188,381,532,329,271,298
"ENSG00000173137",172,170,100,90,82,167,103,162,163,360,109,164,146,168,106,95,109,171,183,125,74,156,132,119,31,125,192,164,101,95
"ENSG00000173141",420,845,558,207,364,795,729,553,651,427,486,599,900,679,557,685,779,614,1045,498,419,742,639,746,161,508,545,620,480,534
"ENSG00000173145",3,40,26,44,16,21,37,14,32,6,20,26,32,25,75,58,10,42,18,27,7,25,24,15,27,26,38,7,31,32
"ENSG00000173156",14,6,0,0,6,6,5,2,3,0,12,8,1,3,3,3,13,8,9,2,17,3,6,7,5,27,1,3,3,0
"ENSG00000173198",7,15,13,6,9,7,13,9,16,1,7,14,3,18,6,5,7,24,12,8,2,7,6,5,5,16,14,6,16,4
"ENSG00000173200",41,70,121,64,33,121,47,88,21,78,77,101,36,83,92,70,26,150,94,61,43,112,54,53,51,166,27,57,49,64
"ENSG00000173208",38,97,34,45,40,15,20,30,25,27,33,60,15,24,53,42,4,64,39,31,28,17,15,28,19,70,72,35,73,45
"ENSG00000173212",8,30,4,12,0,22,5,9,4,8,8,9,9,18,32,36,4,13,10,12,0,19,8,15,1,6,2,1,18,8
"ENSG00000173214",42,160,125,117,67,182,139,86,146,352,69,211,103,145,219,197,47,175,204,155,44,196,86,104,96,200,79,185,167,231
"ENSG00000173218",8,15,7,16,11,5,12,15,21,1,4,2,3,9,15,20,4,19,3,18,10,4,6,2,3,14,16,9,10,11
"ENSG00000173221",3,9,3,11,2,6,6,8,19,9,3,6,4,4,9,7,1,9,12,3,0,8,12,1,1,6,3,5,7,13
"ENSG00000173226",9,16,9,6,4,28,30,8,15,5,18,12,22,8,16,17,7,13,11,6,7,19,19,7,4,12,19,1,16,15
"ENSG00000173227",1,8,16,0,51,0,3,19,1,0,11,34,0,10,0,2,5,52,4,1,4,2,1,1,2,32,15,1,2,0
"ENSG00000173264",133,203,149,87,113,212,143,168,144,162,138,145,233,161,157,207,165,168,85,138,158,182,157,139,83,147,128,148,105,79
"ENSG00000173281",28,48,77,10,21,44,68,77,15,8,79,32,46,63,29,55,20,34,13,59,18,79,44,6,16,42,67,31,47,66
"ENSG00000173295",10,10,4,3,11,11,5,10,6,46,12,11,10,15,8,8,15,9,2,8,6,7,8,10,2,8,6,9,15,6
"ENSG00000173327",1849,1620,1017,577,795,1464,1300,1601,1203,1121,1444,1197,1687,1580,1095,1456,1094,1572,918,1290,1321,1424,1128,954,308,1032,1459,1233,741,829
"ENSG00000173409",5,51,14,18,18,19,36,17,41,17,7,41,33,11,35,21,4,20,32,11,2,23,23,6,10,29,31,8,43,29
"ENSG00000173436",6,63,14,15,14,78,29,24,37,9,10,24,24,12,42,45,10,11,32,7,1,23,31,9,19,27,27,11,37,35
"ENSG00000173442",2468,2372,1127,820,1603,1388,1319,2338,1984,2163,1365,2319,1173,1650,1015,1246,858,2219,1373,1537,1111,1652,1031,1245,406,1654,2524,1632,1597,1404
"ENSG00000173451",32,65,67,38,28,57,52,49,42,20,55,72,53,57,58,63,19,55,83,50,40,58,46,43,29,59,49,61,70,90
"ENSG00000173456",723,937,665,421,343,924,771,679,874,238,711,568,742,622,704,958,471,704,497,793,518,536,536,391,204,586,802,883,556,854
"ENSG00000173457",95,76,35,18,58,60,51,33,50,35,91,31,68,64,39,46,106,41,63,49,38,66,56,59,11,20,71,58,32,38
"ENSG00000173465",217,412,242,179,211,369,302,279,347,259,249,253,438,327,227,295,301,310,416,190,98,298,335,321,76,259,379,251,189,246
"ENSG00000173480",8,23,30,14,11,20,26,12,26,23,11,20,23,21,32,47,8,52,24,28,9,17,10,17,12,31,21,23,19,30
"ENSG00000173482",7,20,4,11,0,18,7,57,1,32,10,11,21,74,14,5,2,10,3,20,16,19,3,10,1,5,9,98,7,24
"ENSG00000173486",704,526,364,163,244,496,422,580,308,406,629,678,483,719,375,398,863,419,878,554,746,548,532,837,131,390,378,688,290,363
"ENSG00000173511",631,984,1437,234,530,1399,1242,974,750,642,1602,1040,1789,1406,1295,1185,1883,1099,1229,1065,1373,1465,992,1099,452,1292,722,1115,803,785
"ENSG00000173517",314,449,377,278,262,382,522,180,195,259,440,374,545,276,907,711,232,634,267,528,523,552,304,213,248,545,329,235,482,575
"ENSG00000173530",22,24,125,8,37,96,48,31,28,6,123,27,113,103,58,81,87,21,43,72,16,95,66,16,16,61,48,27,56,51
"ENSG00000173540",110,196,88,55,54,96,71,150,95,57,85,102,103,117,95,137,59,107,56,97,63,94,78,22,31,68,193,57,107,103
"ENSG00000173542",48,29,27,6,21,17,20,15,12,6,27,13,19,34,49,51,23,17,5,41,60,21,36,5,15,8,35,18,23,33
"ENSG00000173545",398,672,438,285,331,538,383,423,554,158,294,414,584,448,558,599,374,431,265,380,383,392,442,169,226,467,447,395,389,454
"ENSG00000173546",58,80,13,50,4,17,7,37,7,5,5,16,16,6,30,6,12,74,8,45,8,10,30,3,10,9,24,11,10,29
"ENSG00000173548",9,34,33,21,12,34,30,52,61,15,25,19,53,45,51,41,18,51,19,41,104,94,40,15,11,47,37,68,30,66
"ENSG00000173566",61,84,45,18,35,47,47,63,86,24,81,49,65,52,57,46,42,57,24,67,61,61,40,35,21,73,59,42,63,54
"ENSG00000173575",111,284,447,223,262,384,503,309,327,435,293,492,437,432,612,643,173,632,399,512,221,419,305,253,235,513,314,374,312,433
"ENSG00000173581",586,414,594,141,278,566,584,393,486,621,612,594,886,789,474,528,1195,585,550,558,661,514,499,840,240,512,526,534,286,286
"ENSG00000173588",45,116,73,70,67,85,114,55,87,141,58,103,77,45,117,70,38,122,105,70,29,99,69,62,53,127,77,86,110,112
"ENSG00000173598",163,147,170,45,118,132,118,96,105,36,110,114,235,128,177,170,190,228,77,191,252,110,101,85,63,139,61,108,118,78
"ENSG00000173599",13,10,18,0,32,1,11,11,5,2,11,2,6,5,3,9,10,29,5,5,10,3,3,4,8,20,4,12,9,1
"ENSG00000173621",138,146,84,24,193,171,230,47,107,74,68,134,198,102,146,136,86,120,107,158,206,158,84,78,25,179,192,159,40,76
"ENSG00000173653",256,247,238,97,156,271,231,240,209,232,211,174,270,238,239,269,326,280,196,263,253,252,223,187,93,261,185,309,140,159
"ENSG00000173715",60,108,39,58,25,97,109,86,68,261,68,124,80,120,58,47,94,102,189,120,25,90,60,150,21,75,85,141,119,97
"ENSG00000173727",2,16,33,0,13,30,19,13,3,26,14,22,5,25,7,15,6,12,40,7,7,22,6,17,9,33,23,15,15,30
"ENSG00000173762",6,5,3,0,0,6,1,23,12,1,4,3,8,11,1,6,3,3,10,96,1,72,55,1,3,0,0,27,1,5
"ENSG00000173812",0,71,54,28,54,78,84,40,95,21,24,57,127,24,107,99,26,56,50,50,25,67,174,12,66,51,32,24,91,78
"ENSG00000173825",5,13,4,7,11,14,18,15,26,16,15,5,24,6,10,17,10,10,12,6,14,5,11,5,3,16,23,15,8,7
"ENSG00000173867",60,233,107,97,99,213,109,120,184,48,65,112,182,130,166,179,71,128,97,93,39,114,165,40,54,126,152,83,129,113
"ENSG00000173875",20,32,37,14,19,25,31,53,24,19,44,9,18,28,29,42,22,66,14,54,26,29,15,37,11,38,33,35,19,17
"ENSG00000173898",8,16,3,13,8,8,6,3,5,22,6,3,8,6,11,9,11,34,9,10,0,3,8,6,0,9,25,130,4,4
"ENSG00000173905",45,54,30,35,32,33,30,49,61,6,32,36,21,21,43,45,24,40,38,52,56,41,20,22,17,41,33,67,40,44
"ENSG00000173914",41,90,54,43,33,69,64,71,90,66,33,75,99,58,72,57,37,59,78,64,24,50,71,37,23,56,49,63,52,76
"ENSG00000173915",8,76,32,24,46,60,18,51,42,14,9,48,61,28,45,47,26,24,98,15,13,64,83,13,28,63,19,36,47,51
"ENSG00000173917",2,15,4,3,1,12,4,13,1,8,8,4,18,13,5,14,3,15,7,18,0,21,22,1,8,6,3,10,10,12
"ENSG00000173928",37,59,38,23,28,67,55,47,54,129,44,56,61,52,53,38,26,55,66,38,29,55,45,49,9,46,42,38,33,37
"ENSG00000173930",6,68,34,14,7,43,48,33,76,3,37,15,40,38,130,98,7,53,59,58,37,42,19,11,21,22,7,81,68,103
"ENSG00000173960",8,18,18,18,12,17,12,22,20,8,11,16,19,11,24,10,11,24,10,17,6,13,15,10,4,23,16,5,23,13
"ENSG00000173992",301,342,221,184,240,294,245,351,318,724,345,251,376,384,222,242,373,311,265,293,188,390,380,307,122,314,249,272,201,177
"ENSG00000174007",16,37,24,21,14,33,20,29,35,21,15,36,43,19,44,54,13,49,28,27,14,35,25,16,17,18,30,28,28,32
"ENSG00000174010",76,199,248,123,46,188,219,105,162,84,181,147,181,129,332,321,48,139,144,234,113,176,234,43,102,165,139,157,180,246
"ENSG00000174013",115,463,211,168,158,235,227,165,303,55,101,226,236,135,351,395,96,211,204,174,90,142,167,66,142,272,259,193,265,316
"ENSG00000174021",7,21,4,14,15,10,17,4,18,11,0,13,15,8,12,19,3,8,30,5,3,14,12,5,11,15,6,3,23,13
"ENSG00000174032",5,10,8,5,3,7,6,7,8,4,10,7,3,10,9,12,2,9,4,15,12,5,6,1,2,4,17,9,9,12
"ENSG00000174080",1,3,11,3,15,9,10,11,15,21,9,7,25,24,3,14,4,25,1,6,1,11,7,3,4,18,7,3,4,5
"ENSG00000174099",0,11,1,1,4,0,1,8,1,1,7,12,1,2,0,0,0,17,1,0,0,1,4,0,2,10,67,2,2,1
"ENSG00000174100",262,475,364,217,276,393,363,291,440,137,304,318,529,304,542,417,285,477,400,417,329,332,465,263,232,422,341,380,405,490
"ENSG00000174106",207,293,312,154,218,213,234,206,335,94,273,222,190,232,295,360,132,353,110,340,249,153,196,75,123,308,388,184,267,271
"ENSG00000174109",78,149,103,57,103,169,113,117,145,58,114,92,158,105,148,145,129,123,90,89,56,98,175,76,50,129,139,84,83,104
"ENSG00000174111",49,55,115,59,50,58,66,57,64,10,78,43,67,89,161,182,32,87,24,113,130,47,74,21,40,68,97,61,37,55
"ENSG00000174130",0,7,6,5,3,8,16,2,4,3,6,5,8,6,25,22,1,9,9,6,1,6,20,0,8,10,13,3,9,9
"ENSG00000174165",108,243,190,56,104,242,195,267,220,197,226,223,219,232,172,177,155,222,197,150,105,276,228,179,83,174,202,133,164,150
"ENSG00000174166",36,37,32,21,23,29,29,26,39,25,13,26,34,29,36,30,18,51,21,36,13,27,21,24,7,27,28,21,25,17
"ENSG00000174171",12,3,0,14,0,1,9,1,2,28,8,3,11,5,3,5,3,6,0,20,0,12,0,2,3,3,5,1,5,18
"ENSG00000174173",107,299,131,123,102,183,199,97,251,35,44,162,195,86,236,259,101,225,178,124,58,115,198,64,71,184,117,145,196,200
"ENSG00000174177",337,390,227,178,263,371,235,270,251,272,215,222,426,301,292,303,305,304,172,213,159,308,303,136,97,227,326,282,156,206
"ENSG00000174197",505,562,664,533,338,570,694,382,579,306,428,599,617,424,1048,1145,251,1051,296,976,755,492,456,232,390,704,477,478,580,689
"ENSG00000174206",94,53,74,41,33,86,78,60,46,29,100,58,63,67,85,107,62,70,28,93,108,52,63,40,20,56,87,84,49,72
"ENSG00000174231",6582,8240,6861,5659,4436,5853,6192,7400,6022,2940,5439,4217,5533,5990,8638,9311,3352,7910,2872,8573,5714,5002,4737,2164,3422,6667,10313,6037,5196,6957
"ENSG00000174233",68,125,27,130,18,146,114,97,239,312,44,148,102,97,247,253,16,153,157,172,4,349,118,110,25,19,17,255,247,259
"ENSG00000174238",992,1722,1051,811,951,1120,1088,1251,1436,764,1009,1107,1413,1054,1118,1491,925,1467,643,1062,994,1063,1239,703,560,1193,1126,1168,981,1035
"ENSG00000174243",738,1171,775,638,672,834,730,866,940,556,682,694,803,847,900,898,412,847,430,807,602,634,781,520,308,874,966,803,642,802
"ENSG00000174276",127,188,151,46,146,180,127,101,162,103,74,110,215,134,132,175,141,142,129,115,143,151,161,93,24,139,137,127,59,71
"ENSG00000174282",114,37,74,22,20,40,40,105,41,28,93,51,41,76,57,47,46,76,18,84,157,59,15,13,21,47,58,51,33,22
"ENSG00000174292",11,14,24,7,11,18,15,21,8,17,10,27,16,34,15,19,12,15,27,16,6,22,11,24,2,18,24,32,8,5
"ENSG00000174307",35,323,39,91,23,113,38,108,65,41,32,36,100,56,55,68,46,95,42,30,8,167,90,38,29,49,88,29,72,71
"ENSG00000174326",7,19,38,1,5,39,10,8,9,17,42,31,40,9,56,25,109,38,40,18,18,17,13,23,2,32,11,11,12,6
"ENSG00000174327",61,141,91,60,79,124,136,176,112,88,82,145,107,129,111,119,60,173,117,111,61,84,84,84,36,142,114,86,96,99
"ENSG00000174370",1,6,2,9,2,11,7,3,11,2,1,2,11,4,39,11,1,6,4,5,16,7,6,2,2,4,3,20,2,3
"ENSG00000174405",99,237,146,180,106,111,138,115,199,105,87,178,162,93,162,175,65,250,100,129,74,123,184,65,64,185,136,105,233,139
"ENSG00000174437",1866,2568,1658,1597,1303,1797,1622,1887,2061,752,1250,1309,1190,1427,2709,3125,724,2103,713,2050,1310,1408,1604,605,909,1578,2491,1528,1485,2028
"ENSG00000174442",74,493,83,291,68,169,173,176,376,85,51,135,147,67,278,250,22,185,250,139,33,126,88,27,87,150,168,220,234,516
"ENSG00000174444",15,139,109,90,191,146,163,77,155,57,54,89,161,75,159,136,94,157,143,97,24,148,193,172,134,156,55,73,179,174
"ENSG00000174446",36,91,48,36,32,68,59,48,47,33,39,33,90,33,66,70,44,60,45,61,27,43,52,45,18,59,40,48,49,50
"ENSG00000174456",12,56,47,21,33,132,41,44,62,82,40,78,80,35,91,53,39,54,140,50,17,165,76,58,75,97,30,54,70,92
"ENSG00000174485",545,997,824,618,395,706,966,597,751,379,660,644,677,539,1677,1582,471,1378,422,1414,848,637,731,216,551,933,749,678,940,1098
"ENSG00000174500",151,157,290,102,218,156,198,162,142,30,266,179,188,199,117,134,294,249,97,164,338,137,201,83,224,215,211,82,176,129
"ENSG00000174516",32,66,93,26,47,85,40,75,62,29,68,50,115,68,113,107,76,71,57,51,117,73,90,50,19,51,55,78,34,56
"ENSG00000174529",16,33,10,8,9,26,11,18,15,24,17,21,41,23,15,29,15,12,19,24,24,13,18,24,5,18,15,28,21,31
"ENSG00000174547",158,416,224,148,171,298,278,203,279,93,186,205,298,212,243,246,203,232,235,172,116,227,244,185,99,208,235,227,218,249
"ENSG00000174579",5,62,61,25,17,42,40,44,61,14,29,35,44,37,96,76,9,66,19,60,9,28,39,14,18,73,29,44,53,76
"ENSG00000174599",1,9,11,11,1,9,5,4,10,5,3,16,10,9,8,15,0,10,3,6,1,4,6,2,4,8,14,4,11,13
"ENSG00000174600",107,776,325,127,202,106,227,166,319,45,126,60,40,202,84,167,259,486,98,24,272,110,152,102,253,155,501,177,319,49
"ENSG00000174652",33,349,271,130,110,319,205,154,246,270,99,326,248,189,188,160,98,302,348,246,63,358,343,72,117,186,180,154,310,402
"ENSG00000174669",115,125,257,63,132,370,313,117,139,147,231,216,274,231,151,224,283,284,163,129,409,188,268,194,55,244,268,88,125,172
"ENSG00000174684",37,121,88,46,40,70,57,75,106,58,51,57,78,70,61,88,47,72,65,53,32,81,56,57,30,66,96,79,90,67
"ENSG00000174695",2,38,15,9,5,16,18,9,22,2,0,14,16,2,28,25,5,6,18,8,1,19,32,6,11,19,6,5,33,32
"ENSG00000174718",419,950,1156,995,463,1058,1172,831,993,332,632,991,943,591,1024,1800,492,1020,677,814,737,756,596,503,421,1242,560,991,641,968
"ENSG00000174721",12,17,3,7,10,9,5,4,15,19,0,6,11,10,31,2,3,19,10,14,4,18,5,12,3,15,12,13,12,5
"ENSG00000174744",236,403,213,170,166,273,228,256,278,182,178,231,360,184,294,309,237,277,195,258,153,263,221,167,91,244,255,288,178,224
"ENSG00000174748",15,26,15,16,29,22,12,9,23,10,5,25,23,12,20,19,8,5,14,8,18,16,51,6,13,9,4,7,36,31
"ENSG00000174749",266,248,162,73,191,159,166,120,184,104,115,143,199,113,386,267,140,226,90,136,106,188,244,116,85,113,101,111,171,129
"ENSG00000174788",11,12,14,2,9,20,15,14,8,83,37,17,17,19,10,11,15,19,22,23,17,23,22,30,4,9,18,36,13,3
"ENSG00000174791",20,6,7,7,6,10,9,9,28,9,4,9,10,5,6,8,5,4,8,12,13,14,10,4,0,4,13,17,6,8
"ENSG00000174837",4,199,47,5,0,300,117,55,7,7,84,58,54,45,8,85,22,4,133,79,18,2,95,40,5,134,14,47,82,69
"ENSG00000174840",344,465,338,236,197,375,248,282,328,110,204,219,269,298,381,434,128,352,145,306,314,214,290,81,168,351,441,283,232,325
"ENSG00000174871",19,11,3,12,4,8,11,10,9,23,3,9,3,10,4,15,12,13,11,4,3,18,9,10,2,9,8,22,6,2
"ENSG00000174886",1373,1393,1077,448,896,1154,1117,1565,1031,890,1251,819,1302,1499,847,920,1839,1244,1242,1312,988,1094,1143,1383,301,969,1113,1665,708,762
"ENSG00000174903",40,83,50,66,39,55,44,94,70,20,44,39,47,43,67,71,26,66,17,64,26,60,55,20,33,44,66,68,47,73
"ENSG00000174915",253,366,353,174,344,425,358,326,385,293,302,275,508,344,360,399,347,398,261,305,291,505,360,345,179,385,367,312,218,230
"ENSG00000174917",396,551,398,132,318,561,392,474,423,573,439,410,819,637,367,477,965,432,580,374,383,560,620,630,168,396,372,474,261,333
"ENSG00000174943",302,239,330,81,201,331,276,365,166,407,332,291,390,347,240,283,536,379,314,300,525,354,335,320,124,303,186,468,167,188
"ENSG00000174945",14,10,2,2,15,6,14,5,27,3,2,5,2,12,2,12,6,10,2,2,2,2,2,1,1,7,3,4,3,3
"ENSG00000174951",1,3,1,1,1,4,3,1,29,0,5,3,4,1,9,51,2,4,2,4,12,11,15,0,0,1,1,24,1,5
"ENSG00000174989",202,168,173,169,138,243,222,271,432,174,176,197,95,235,326,269,147,220,185,326,250,134,198,118,69,214,129,223,169,199
"ENSG00000174996",52,20,9,8,11,13,8,32,13,16,16,10,21,22,12,18,7,12,6,31,42,13,11,6,7,11,25,24,3,6
"ENSG00000175040",1097,464,1125,65,911,121,269,177,320,590,798,396,438,745,101,153,882,830,166,180,461,274,301,358,176,1587,1627,59,503,101
"ENSG00000175063",43,82,69,22,41,97,99,72,80,42,72,67,90,44,66,73,110,89,197,108,16,59,72,177,19,69,53,175,54,80
"ENSG00000175073",156,194,301,149,119,155,210,173,186,58,228,154,117,173,274,308,79,213,64,268,183,119,133,33,85,233,227,209,162,237
"ENSG00000175087",6,27,23,23,15,24,29,17,22,9,19,14,27,16,31,29,5,32,10,26,14,8,20,9,9,19,25,13,28,51
"ENSG00000175104",21,31,38,12,29,23,30,25,21,11,23,32,31,22,41,51,27,36,25,29,22,25,34,7,17,38,17,48,25,28
"ENSG00000175105",29,198,179,113,74,121,191,134,129,65,100,160,106,74,232,205,37,159,150,153,46,166,95,47,121,221,124,135,263,252
"ENSG00000175115",3419,3333,2629,1359,1371,2454,3199,3819,2037,2326,4034,3431,2577,3872,2073,2630,2920,3250,2038,3702,5083,2780,1708,1704,1100,2323,2751,4093,2584,2514
"ENSG00000175130",3312,5133,3656,3994,2520,3657,4028,3403,8768,2316,4456,2100,4614,3517,4629,3993,3818,6051,3073,2605,4766,2932,3766,1816,1441,2856,2498,2370,2697,1765
"ENSG00000175155",49,66,155,33,63,71,124,77,53,66,108,121,75,81,159,139,59,105,28,134,228,185,90,17,44,182,36,50,133,80
"ENSG00000175189",1,3,7,1,4,10,13,2,4,7,10,0,15,7,23,11,6,11,19,12,2,6,19,10,2,8,1,10,6,15
"ENSG00000175197",52,174,385,76,122,412,376,213,167,197,225,225,448,346,469,289,293,319,314,331,124,438,354,212,247,424,80,216,175,257
"ENSG00000175203",741,1709,991,695,754,1144,1279,1328,1196,790,1029,1057,1307,1107,1172,1183,959,1372,747,1175,634,1239,1214,834,555,1117,1128,1275,1213,1002
"ENSG00000175213",258,242,295,128,183,301,290,238,228,248,236,191,352,286,283,265,270,258,163,274,240,234,271,190,99,251,220,246,143,170
"ENSG00000175215",108,150,186,105,174,109,160,206,215,69,172,101,113,209,237,270,38,264,43,251,128,82,103,49,59,173,280,84,143,148
"ENSG00000175216",1455,2241,1885,1524,1108,1949,2335,1768,1997,576,1672,1522,1733,1487,2665,2729,1231,1834,1396,2622,1539,1369,1224,1016,976,1747,2277,2835,1790,3206
"ENSG00000175220",407,446,339,238,214,291,309,458,428,151,307,235,246,347,388,354,166,511,97,461,412,205,292,86,156,292,423,414,268,323
"ENSG00000175221",915,828,930,463,458,753,730,1170,763,430,924,562,729,985,862,908,464,810,252,958,643,602,547,288,327,748,1015,772,543,635
"ENSG00000175224",224,361,326,235,228,247,250,425,333,125,215,187,300,323,497,397,122,421,99,412,295,195,276,94,184,290,320,229,239,248
"ENSG00000175265",9,41,44,22,66,52,65,44,54,107,38,102,55,29,113,59,13,62,151,24,8,123,79,21,20,111,34,43,69,89
"ENSG00000175283",166,227,115,112,89,125,105,131,178,105,62,122,151,134,108,132,71,185,82,105,118,116,112,69,46,143,163,103,93,89
"ENSG00000175322",4,9,3,7,2,7,10,4,9,1,4,4,15,2,7,10,1,3,7,4,2,3,4,3,4,2,3,4,14,12
"ENSG00000175324",64,171,76,64,69,123,79,130,129,59,46,107,138,96,132,105,50,123,128,72,28,96,163,57,43,113,71,122,121,109
"ENSG00000175329",7,10,3,0,17,5,0,4,5,0,67,25,15,76,0,8,22,8,8,1,0,3,2,160,57,17,0,1,22,11
"ENSG00000175334",202,214,121,102,95,248,224,129,166,126,205,137,188,165,130,158,248,164,281,142,95,162,193,226,74,150,206,195,156,137
"ENSG00000175348",111,427,196,156,128,263,201,171,327,89,101,240,327,200,253,297,139,237,169,157,81,229,308,54,114,320,197,147,245,228
"ENSG00000175354",3,36,31,22,15,31,32,17,36,7,8,31,31,9,34,33,8,16,31,24,4,18,27,8,21,54,13,21,30,38
"ENSG00000175376",244,509,422,244,188,408,337,327,282,226,237,367,424,263,320,364,274,403,272,251,170,336,328,153,138,367,308,360,277,345
"ENSG00000175387",255,1116,820,580,468,978,812,553,970,237,516,671,976,565,1453,1225,367,938,542,702,401,670,818,223,551,997,591,538,924,1116
"ENSG00000175388",102,31,100,4,49,13,4,125,27,3,73,120,12,22,112,63,61,148,227,19,31,7,65,158,7,51,298,66,9,52
"ENSG00000175390",194,185,230,94,192,263,306,164,258,163,277,102,273,333,201,248,393,250,122,208,189,262,229,164,123,212,172,160,176,142
"ENSG00000175395",3,12,10,3,4,9,14,8,12,1,3,11,7,9,14,21,4,9,2,4,3,11,9,3,8,9,10,3,8,22
"ENSG00000175463",757,953,726,320,584,784,963,1361,942,2297,967,1146,688,1132,658,505,738,1143,1276,766,351,1111,550,1254,284,1096,1018,947,626,672
"ENSG00000175467",1625,1554,1172,676,1078,1433,1346,1573,1393,1406,1284,1291,1557,1445,1183,1206,1408,1240,1289,1451,1419,1416,798,1418,414,1181,1235,1971,725,931
"ENSG00000175470",7,25,13,19,11,18,26,19,18,8,27,20,30,18,29,24,24,31,13,29,7,14,21,20,6,23,19,30,17,20
"ENSG00000175482",859,2000,1179,983,647,2367,1889,2542,2917,2450,1313,1476,2971,2067,2380,2476,1450,2120,2465,1799,765,2885,2237,1732,641,1277,1076,1796,2028,1576
"ENSG00000175489",8,12,79,8,6,30,65,29,28,2,68,42,21,83,30,56,70,38,43,10,27,91,10,25,44,64,18,16,6,8
"ENSG00000175505",62,32,20,95,10,95,75,40,97,73,35,33,128,57,108,140,60,112,22,87,7,56,192,15,12,39,11,34,68,38
"ENSG00000175518",0,7,13,6,3,10,5,13,11,32,12,8,13,4,9,9,5,12,5,10,2,24,6,3,5,13,5,17,9,6
"ENSG00000175536",17,24,30,16,15,50,33,22,38,42,18,25,29,30,34,47,32,26,27,31,23,27,26,15,12,33,28,40,23,39
"ENSG00000175548",10,28,16,26,5,24,26,10,26,15,15,28,19,12,43,45,10,13,23,17,4,20,14,4,13,22,25,8,38,53
"ENSG00000175550",1502,2001,1136,770,776,1494,1313,2294,1661,1761,1699,1476,2075,1361,1175,1205,2449,1439,1680,1806,1275,1979,1213,3000,442,1055,880,3105,998,1113
"ENSG00000175567",2666,4138,2437,1483,1049,2299,3384,5233,2374,1819,2133,3713,2680,3082,2039,1957,1969,2166,3695,2344,1529,4229,2312,4245,1370,2601,2978,2901,3227,3378
"ENSG00000175573",276,624,568,264,355,510,513,636,594,393,537,418,776,619,580,611,453,554,367,513,338,551,514,380,183,513,408,431,452,372
"ENSG00000175575",130,268,169,96,128,194,223,188,227,210,136,169,233,208,206,202,138,171,227,221,149,236,140,158,91,115,184,299,241,280
"ENSG00000175581",37,206,111,63,93,175,118,102,117,48,56,136,167,82,136,126,71,152,202,56,30,124,154,86,52,107,87,93,103,143
"ENSG00000175582",30,117,119,45,48,95,120,96,93,21,74,113,146,80,169,164,91,120,79,132,56,82,117,50,79,124,53,103,131,146
"ENSG00000175592",16,6,4,1,2,15,7,12,1,5,5,12,27,17,12,14,12,10,7,6,5,16,9,12,0,3,6,4,0,2
"ENSG00000175602",1611,2013,801,441,1427,1567,2076,1727,2295,1618,1124,1670,2815,1915,1174,1327,1662,1615,1966,1312,1051,1595,1167,1380,402,1421,1832,1308,829,1094
"ENSG00000175604",2,12,10,2,5,18,8,9,4,80,5,15,7,7,10,8,2,22,49,2,2,22,0,14,3,11,1,18,14,12
"ENSG00000175634",66,122,59,44,48,82,50,92,58,43,53,34,86,74,74,74,33,64,28,73,17,65,71,18,34,82,102,43,65,70
"ENSG00000175643",38,391,205,89,61,329,364,124,208,39,90,157,174,107,308,261,188,219,251,223,41,96,129,156,90,177,194,247,320,306
"ENSG00000175691",6,29,32,17,16,37,33,30,20,42,7,22,40,27,36,30,8,43,15,14,4,22,35,10,20,36,24,22,31,27
"ENSG00000175711",34,72,76,17,35,47,43,53,27,40,51,39,84,50,48,33,40,66,61,61,41,48,77,51,20,44,42,42,67,36
"ENSG00000175727",101,33,71,24,58,25,52,24,44,15,63,38,46,66,27,71,88,73,19,52,108,44,30,53,21,48,54,53,25,21
"ENSG00000175756",30,71,38,22,37,81,34,54,26,38,42,59,78,54,30,50,27,45,73,27,33,56,58,30,19,45,65,44,35,34
"ENSG00000175768",159,910,463,300,324,673,617,452,596,195,345,457,693,372,562,650,409,585,601,382,99,401,511,371,245,571,378,482,493,556
"ENSG00000175782",63,119,68,49,40,56,89,86,62,64,43,60,74,70,83,76,27,94,38,75,25,63,64,36,26,68,106,62,70,74
"ENSG00000175793",32,25,11,3,5,6,41,5,13,13,26,19,30,46,0,14,9,6,23,10,8,16,2,43,9,48,23,10,15,4
"ENSG00000175826",112,368,243,104,171,322,274,254,309,132,252,239,395,290,341,339,203,334,235,179,172,298,279,107,133,299,222,144,207,218
"ENSG00000175832",504,342,215,256,169,400,347,260,672,185,314,106,327,331,683,631,224,328,219,616,702,404,275,158,146,119,181,592,193,341
"ENSG00000175854",19,38,32,15,14,46,32,46,26,18,23,34,50,33,38,29,21,26,44,30,15,47,57,12,16,80,30,18,25,36
"ENSG00000175866",7,5,3,1,2,16,1,21,4,1,11,12,7,5,8,9,4,3,3,1,42,58,4,24,2,4,10,5,0,2
"ENSG00000175895",48,238,525,63,234,177,199,142,153,27,150,149,178,229,297,224,125,342,83,176,148,109,184,35,227,506,301,141,244,239
"ENSG00000175898",281,751,644,268,329,733,769,856,424,553,827,629,563,869,729,847,375,778,449,456,311,868,216,300,296,547,579,488,501,601
"ENSG00000175901",5,4,6,4,4,8,4,10,15,4,8,2,17,12,5,3,4,15,6,4,13,13,3,3,1,2,2,7,3,4
"ENSG00000175906",7,17,20,3,9,22,13,14,21,3,8,14,37,6,14,27,26,4,10,6,7,11,41,14,1,3,20,31,4,10
"ENSG00000175911",33,18,21,4,13,20,33,29,34,24,36,56,18,32,15,25,31,52,16,21,26,29,10,19,8,30,11,20,21,10
"ENSG00000175931",1057,1224,1248,743,746,1031,1117,1284,1072,891,1101,953,1016,1217,1433,1374,675,1353,684,1140,1324,1130,741,588,577,1234,1376,803,1139,1100
"ENSG00000175938",115,285,313,76,102,214,224,300,268,130,298,195,278,317,208,221,192,275,137,205,157,337,234,133,103,241,238,128,191,229
"ENSG00000175970",383,830,478,578,327,490,508,677,1211,207,356,406,588,402,952,957,281,693,206,651,245,346,502,192,233,440,598,454,788,851
"ENSG00000176014",757,783,372,401,41,406,162,371,799,91,385,182,714,354,426,471,635,313,664,609,265,546,491,531,140,231,177,740,368,460
"ENSG00000176022",229,334,286,158,283,467,256,233,619,310,134,263,486,322,492,460,273,345,226,279,241,313,369,196,99,364,251,198,223,207
"ENSG00000176024",31,73,55,34,15,44,54,57,50,40,25,67,61,48,58,50,30,48,43,51,26,41,36,20,16,54,44,72,56,45
"ENSG00000176058",107,148,110,64,86,204,122,81,174,125,154,109,269,134,137,194,163,115,109,69,179,195,178,97,35,128,87,137,100,89
"ENSG00000176087",39,96,44,62,32,44,63,65,58,22,37,42,52,45,67,57,26,79,13,67,25,43,41,12,20,53,77,49,48,62
"ENSG00000176101",262,257,184,134,157,279,185,252,244,200,287,184,294,286,178,222,329,182,235,188,238,244,271,169,81,186,244,282,141,143
"ENSG00000176102",54,134,63,70,53,73,64,68,100,66,59,84,86,50,104,116,74,123,87,76,40,59,98,87,37,67,98,97,99,83
"ENSG00000176105",37,116,30,82,24,73,60,63,120,28,46,81,93,35,170,211,20,89,68,67,10,53,66,8,33,46,64,89,111,141
"ENSG00000176108",306,499,259,204,231,335,258,380,499,231,230,338,361,321,352,347,234,428,250,305,136,382,311,246,90,323,361,253,233,228
"ENSG00000176125",26,36,24,10,20,32,42,22,25,21,21,30,45,27,20,46,22,36,13,26,14,17,26,18,7,31,29,18,21,15
"ENSG00000176148",70,194,178,93,70,157,156,305,131,113,126,146,211,203,251,235,118,197,108,182,71,234,153,81,68,162,139,201,189,204
"ENSG00000176160",4,8,5,11,5,6,10,0,5,1,3,0,8,2,28,2,2,6,0,28,6,5,4,3,11,9,3,13,8,2
"ENSG00000176165",3,1,0,1,299,1,0,0,3,24,3,0,4,1,6,6,2,67,0,17,0,22,3,235,0,4,0,11,2,0
"ENSG00000176170",6,15,9,3,8,7,5,21,12,19,16,12,33,15,10,34,4,20,18,1,1,14,23,9,1,9,8,3,9,8
"ENSG00000176171",92,49,285,29,89,205,179,152,115,61,329,178,177,291,204,197,237,96,128,296,208,239,148,93,127,139,122,262,117,190
"ENSG00000176182",234,181,177,62,113,194,188,228,158,276,214,229,228,231,145,138,177,179,173,245,282,196,172,107,48,127,160,220,107,122
"ENSG00000176208",144,333,176,222,103,190,340,163,283,173,120,321,126,128,315,305,77,317,372,235,98,191,145,136,100,231,279,327,308,462
"ENSG00000176209",14,64,38,33,46,59,62,48,56,34,19,47,78,26,60,37,44,61,48,53,12,49,51,41,23,56,36,63,48,55
"ENSG00000176222",1,14,7,5,3,9,10,13,7,2,7,8,9,9,17,9,2,7,24,6,1,17,15,4,5,5,6,4,17,26
"ENSG00000176225",102,210,170,239,70,155,194,92,133,154,125,93,186,120,386,498,51,226,57,206,160,157,148,39,101,137,196,117,177,221
"ENSG00000176340",1514,3202,2121,1126,1303,2939,2724,2764,2477,1411,1906,1791,3066,2221,2259,2570,3070,2079,2798,1916,1706,2803,2676,2401,1076,2098,1931,2385,1815,2307
"ENSG00000176381",399,71,293,127,234,106,250,54,208,339,295,40,229,142,173,534,346,467,4,153,1512,113,53,19,143,174,130,43,106,71
"ENSG00000176390",115,371,206,193,162,288,225,240,333,155,179,316,296,218,354,388,131,282,246,214,125,211,243,93,158,332,250,267,269,420
"ENSG00000176396",61,181,83,77,79,106,122,100,176,79,70,139,139,102,92,148,120,115,161,89,35,97,105,79,30,118,92,139,131,100
"ENSG00000176401",20,43,35,20,21,41,38,27,38,58,23,40,47,34,40,39,26,33,53,25,13,58,46,26,14,44,42,29,40,53
"ENSG00000176407",20,111,106,45,56,102,98,81,87,32,69,62,118,70,159,128,67,113,38,91,38,77,103,44,56,81,65,91,108,137
"ENSG00000176410",196,282,143,117,197,209,228,206,240,163,120,268,246,225,242,186,253,300,191,214,134,205,196,205,68,203,157,248,150,126
"ENSG00000176422",115,224,126,111,108,196,164,163,261,88,103,152,169,99,234,190,149,238,177,120,103,193,144,138,97,172,165,160,140,131
"ENSG00000176428",4,2,11,3,4,18,12,10,8,15,18,4,21,8,13,16,9,9,9,5,3,15,15,6,1,2,6,17,1,11
"ENSG00000176438",276,305,335,215,144,320,333,344,313,177,212,218,231,290,303,475,96,324,145,340,242,329,239,88,195,215,388,237,191,268
"ENSG00000176454",453,646,581,275,391,559,567,727,524,667,610,698,509,620,500,491,639,406,631,617,516,635,546,665,222,613,506,675,430,605
"ENSG00000176463",8,25,1,0,0,31,9,1,4,1,8,16,1,13,0,6,3,0,23,6,3,34,11,8,3,5,0,24,5,19
"ENSG00000176472",48,29,20,3,16,36,33,46,27,33,62,26,34,41,36,19,52,43,35,48,117,27,18,33,9,35,17,44,21,26
"ENSG00000176473",58,90,44,40,39,64,58,76,63,69,48,52,109,78,69,61,63,80,60,90,49,77,64,38,38,53,59,100,54,53
"ENSG00000176476",108,123,197,75,93,161,175,140,138,148,134,145,180,208,161,160,242,174,163,242,237,174,115,163,43,141,96,258,76,81
"ENSG00000176485",11,75,70,94,13,109,130,103,62,7,37,92,211,90,147,155,167,46,219,60,67,105,58,82,31,125,41,77,138,123
"ENSG00000176490",2,24,109,6,13,22,76,8,7,33,15,6,111,22,58,84,51,91,9,24,65,1,11,6,16,50,27,9,6,5
"ENSG00000176531",100,102,91,23,58,86,103,117,88,32,127,97,129,83,102,104,70,124,54,101,132,73,82,44,26,55,120,72,53,63
"ENSG00000176533",286,388,1170,142,227,800,1017,567,455,1191,1608,1454,1023,1172,745,669,1121,920,781,1156,968,888,696,1063,201,940,665,692,659,598
"ENSG00000176563",21,8,8,9,15,17,17,12,8,53,9,18,9,14,11,6,9,21,19,6,4,18,18,12,3,17,11,34,14,13
"ENSG00000176593",11,18,23,8,23,14,22,13,15,39,8,16,20,14,26,27,6,28,15,13,5,26,25,13,6,38,16,9,20,13
"ENSG00000176624",202,645,955,328,368,723,792,436,436,150,642,450,671,518,1004,964,252,801,326,839,390,509,602,140,396,941,573,495,548,738
"ENSG00000176658",69,65,132,38,88,76,99,120,58,12,108,69,69,43,102,115,45,124,28,88,116,59,85,17,91,128,133,40,42,101
"ENSG00000176697",1,10,1,21,3,8,0,20,87,22,0,1,10,4,10,21,2,8,7,6,1,33,2,3,2,3,2,46,2,2
"ENSG00000176700",9,7,17,4,10,9,15,7,8,19,9,19,7,7,9,6,1,19,10,9,15,12,11,5,6,19,8,8,6,5
"ENSG00000176715",288,327,382,197,302,455,337,497,487,413,488,400,444,580,366,476,397,392,351,427,392,808,365,540,231,475,406,416,266,309
"ENSG00000176749",327,824,1196,193,965,1243,631,743,947,227,1080,996,916,923,1224,862,689,1660,373,476,1128,822,894,484,803,1525,1001,338,289,1046
"ENSG00000176788",2614,1227,1395,250,1504,1131,1186,958,653,177,1793,1250,782,1498,494,934,3419,1207,769,617,3042,468,925,1000,378,1051,1043,176,499,526
"ENSG00000176834",7,46,26,13,16,12,47,18,68,18,5,26,41,9,20,24,8,69,27,20,42,12,16,51,4,36,24,16,30,19
"ENSG00000176845",17,11,75,0,19,34,22,15,23,5,32,18,34,44,8,12,48,24,8,15,9,17,26,7,22,89,2,3,10,8
"ENSG00000176871",622,1427,581,405,732,713,672,842,765,300,748,706,1076,684,922,837,543,1149,419,693,985,671,763,575,493,880,914,510,756,750
"ENSG00000176890",851,2651,1010,928,529,1322,1255,1654,1574,483,830,816,973,934,1233,1340,749,1182,1369,1161,343,777,882,572,382,975,1709,1327,1457,2015
"ENSG00000176903",932,669,354,266,382,514,318,399,467,278,413,387,824,432,722,693,426,725,309,408,853,356,446,247,234,263,336,338,342,331
"ENSG00000176909",8,16,8,2,5,17,11,13,9,6,11,16,7,13,5,10,13,17,13,13,12,15,7,7,2,6,11,28,6,7
"ENSG00000176912",12,27,18,6,11,25,37,31,36,14,21,14,51,32,36,40,27,16,33,17,12,30,32,14,5,16,19,61,24,40
"ENSG00000176915",570,599,714,309,467,650,590,607,629,460,618,639,567,701,717,985,402,901,255,694,858,550,526,256,520,666,619,565,417,585
"ENSG00000176946",49,76,79,29,34,106,59,48,65,46,62,63,75,72,81,73,44,61,70,58,51,80,49,37,17,62,56,70,45,47
"ENSG00000176953",627,1053,509,617,418,827,651,751,901,1217,403,818,604,670,790,643,353,986,697,604,309,835,640,442,319,686,636,665,709,804
"ENSG00000176973",316,385,162,105,177,186,161,293,181,221,208,302,224,242,164,135,224,281,211,159,246,237,205,185,59,192,208,183,141,132
"ENSG00000176994",384,256,393,288,209,219,215,298,179,64,285,205,173,340,454,551,75,417,50,481,493,211,182,43,185,321,443,192,175,257
"ENSG00000177000",4,6,15,5,5,2,5,10,7,3,11,1,3,8,5,9,2,11,1,4,6,6,10,2,4,6,14,11,5,3
"ENSG00000177030",260,371,510,156,330,381,404,388,471,169,520,214,526,566,366,517,412,456,213,314,341,349,348,260,250,454,386,305,248,354
"ENSG00000177034",6,4,14,3,5,10,7,3,4,2,8,2,2,4,12,7,1,8,4,11,3,8,8,1,2,9,6,8,5,10
"ENSG00000177042",6,18,14,9,13,16,13,7,15,23,6,9,18,21,24,13,6,23,9,10,11,12,24,14,2,16,10,6,17,16
"ENSG00000177045",235,177,148,60,170,138,195,190,256,266,234,252,187,161,172,160,189,247,149,225,265,190,178,187,40,148,183,219,129,107
"ENSG00000177051",1007,1099,1088,336,896,808,806,1058,819,631,865,951,808,986,707,704,795,1228,639,1067,1035,851,804,795,361,1036,1091,1005,630,548
"ENSG00000177054",34,180,121,99,59,169,190,124,164,158,55,141,123,83,173,157,40,150,172,94,27,116,169,65,52,136,121,129,186,214
"ENSG00000177082",36,39,31,33,13,28,30,26,48,43,15,30,31,30,47,31,23,53,23,27,19,24,18,24,13,30,29,18,21,26
"ENSG00000177096",7,15,3,10,1,9,4,5,12,3,4,8,10,3,10,12,0,10,0,3,1,2,7,1,1,4,3,3,7,4
"ENSG00000177103",16,27,33,10,10,132,130,50,20,40,77,47,84,77,100,114,37,42,54,80,22,177,21,35,4,9,21,197,42,45
"ENSG00000177105",1921,2655,2792,1127,1303,2748,2408,3197,2069,993,2577,1396,3265,2480,1686,3207,2497,2268,994,2029,2196,3152,2622,866,1002,1941,1756,1698,1412,1633
"ENSG00000177106",158,113,297,114,70,269,233,388,145,108,421,180,227,435,174,212,236,260,200,220,179,397,110,219,44,172,141,399,81,141
"ENSG00000177119",70,74,96,63,52,84,66,57,98,12,89,43,55,56,205,199,34,104,16,157,193,44,70,13,65,99,110,64,73,94
"ENSG00000177125",81,181,220,121,62,196,144,115,141,77,165,136,191,144,258,281,62,191,100,228,178,155,202,32,92,162,156,148,197,226
"ENSG00000177150",124,385,426,162,185,311,370,186,336,77,287,244,290,273,385,483,202,233,268,275,278,304,179,98,252,426,280,254,347,519
"ENSG00000177156",1434,2252,1460,1151,1221,1910,1844,2071,2424,1204,1456,1489,1794,1932,1567,1577,1783,1605,1997,1605,932,1524,1293,1585,605,1347,2160,2085,1440,1639
"ENSG00000177169",438,335,516,219,349,449,393,443,402,859,588,438,514,566,464,518,271,552,245,481,530,495,409,305,148,443,417,373,305,222
"ENSG00000177181",8,24,100,11,18,49,25,63,139,9,37,40,32,49,49,78,40,21,27,90,33,68,9,8,31,50,84,100,35,78
"ENSG00000177191",34,12,23,2,9,6,24,0,5,20,15,1,16,14,8,9,23,15,1,10,5,14,16,4,3,6,4,1,11,4
"ENSG00000177192",347,754,397,357,347,801,538,426,639,533,243,431,751,532,669,569,294,659,442,335,208,490,665,553,148,550,531,349,380,406
"ENSG00000177200",177,319,231,252,175,217,253,216,251,178,173,329,177,207,384,354,82,425,164,427,206,255,157,105,137,274,229,314,301,345
"ENSG00000177225",90,65,83,43,82,112,72,68,77,55,43,86,115,71,120,109,55,112,55,83,97,69,79,42,26,124,91,50,62,52
"ENSG00000177238",1,2,26,0,0,4,0,3,0,1,111,4,1,3,2,4,2,10,0,4,9,28,18,3,11,1,0,23,0,2
"ENSG00000177272",108,25,136,20,8,42,77,130,66,26,65,117,16,56,13,52,25,52,46,160,8,13,45,29,8,74,142,9,139,60
"ENSG00000177294",7,1,3,19,4,0,2,15,9,2,1,2,3,2,6,3,2,8,18,9,12,8,8,2,0,3,4,13,3,2
"ENSG00000177303",262,77,22,53,19,15,39,22,15,9,12,64,26,60,72,48,7,45,6,22,65,59,26,9,9,8,10,106,42,11
"ENSG00000177337",9,5,16,7,6,10,15,16,10,27,11,20,10,13,14,17,18,24,20,18,15,15,26,33,6,10,11,10,17,20
"ENSG00000177340",10,16,12,6,12,12,6,6,11,13,9,16,8,13,9,11,13,19,7,10,5,10,5,8,0,17,11,4,6,4
"ENSG00000177352",501,690,473,256,348,503,437,543,465,241,316,346,519,485,516,510,329,619,272,511,311,356,386,230,158,435,574,460,315,323
"ENSG00000177370",388,416,260,164,238,356,241,290,294,181,162,251,359,351,308,280,352,304,246,313,338,279,292,128,105,255,308,419,216,221
"ENSG00000177374",1451,1050,1515,39,1826,286,496,394,370,125,781,1237,417,723,620,295,1703,1835,400,267,1086,222,242,285,509,1281,2001,136,741,343
"ENSG00000177380",13,12,14,4,18,12,22,33,22,23,32,25,25,31,11,24,20,54,11,17,45,12,26,10,0,7,16,18,17,9
"ENSG00000177383",368,468,313,205,250,350,479,309,324,182,273,339,425,336,499,432,351,529,400,442,241,277,316,390,154,349,483,514,293,218
"ENSG00000177406",143,128,158,81,137,202,124,220,106,225,270,185,227,114,193,175,151,144,195,232,166,201,150,235,79,124,141,160,118,173
"ENSG00000177425",127,134,146,63,101,251,195,115,196,36,225,161,115,160,153,212,152,156,116,197,193,159,141,106,58,97,190,170,101,147
"ENSG00000177426",2,11,14,3,3,15,3,9,1,17,10,8,13,32,34,34,5,11,33,23,3,16,33,12,2,3,12,13,18,51
"ENSG00000177427",17,20,21,4,5,11,14,29,19,6,14,16,17,16,22,25,9,22,7,29,22,19,8,8,2,21,23,23,7,10
"ENSG00000177432",48,138,58,42,57,56,53,81,58,35,33,48,78,23,69,43,21,72,59,55,42,52,67,22,13,55,57,56,52,53
"ENSG00000177455",843,1680,945,1011,889,1484,1119,1427,1929,1328,850,1007,1125,1236,1213,1175,865,1567,1231,859,399,1832,1246,1375,560,1287,1124,1202,660,808
"ENSG00000177459",120,202,45,105,13,66,53,244,242,125,93,123,92,110,133,126,40,138,241,237,17,196,119,53,17,73,26,420,257,216
"ENSG00000177465",3,62,9,25,6,43,17,52,49,11,5,36,32,20,25,65,15,17,10,19,9,17,33,14,6,18,29,33,11,40
"ENSG00000177469",47,93,99,23,75,90,34,84,73,4,159,46,142,124,47,105,34,41,131,109,99,27,70,19,29,122,22,13,38,30
"ENSG00000177485",253,520,326,379,195,302,364,241,456,107,262,290,342,208,753,589,112,356,228,430,322,301,310,68,193,351,258,331,412,448
"ENSG00000177494",10,314,29,224,279,81,46,129,846,29,157,49,40,16,29,100,37,171,60,32,1,148,20,24,19,93,16,106,6,57
"ENSG00000177542",57,72,44,37,34,41,43,45,41,34,24,37,36,32,38,42,11,59,12,39,31,34,45,14,24,41,60,53,35,35
"ENSG00000177548",527,744,395,416,345,585,465,840,729,1508,513,638,457,593,421,357,352,711,513,489,295,685,417,657,160,443,623,548,350,392
"ENSG00000177556",130,524,273,174,229,382,286,345,319,324,155,242,429,339,364,385,332,304,297,198,167,470,451,259,260,377,256,243,271,260
"ENSG00000177576",40,281,150,61,79,202,142,125,178,96,67,206,263,151,185,234,73,153,293,101,39,190,213,104,100,178,93,124,179,195
"ENSG00000177595",794,858,411,212,269,545,408,480,505,1132,425,458,369,346,467,297,301,614,480,404,184,586,431,439,156,444,705,492,351,392
"ENSG00000177600",1364,4905,5483,1650,3054,5166,4185,4346,3918,3131,3432,3067,8043,4313,4693,3893,5507,4936,4490,2706,1195,4318,5966,6151,2820,4675,2709,2358,3467,2771
"ENSG00000177602",272,292,304,133,134,371,398,285,236,77,214,189,306,242,468,383,100,363,181,512,266,107,202,89,87,245,339,440,216,377
"ENSG00000177606",945,475,1290,181,910,1095,828,898,359,532,1093,792,1315,992,435,855,1812,864,851,705,964,850,1015,640,227,800,470,885,470,501
"ENSG00000177613",544,830,498,447,328,650,579,570,741,303,425,487,673,512,734,778,320,630,427,624,494,512,600,269,209,544,584,695,524,621
"ENSG00000177663",11,5,6,0,1,5,3,10,6,2,8,4,9,14,6,13,7,8,1,13,6,5,0,0,0,1,5,7,3,2
"ENSG00000177666",540,442,662,207,557,783,601,623,730,901,716,653,841,987,626,663,662,806,402,886,645,660,596,579,147,606,441,951,318,366
"ENSG00000177675",1,25,6,2,34,40,3,8,46,15,3,3,36,15,3,28,8,36,120,3,44,0,9,48,4,8,11,12,20,20
"ENSG00000177685",17,16,19,5,5,21,23,9,25,37,5,77,8,28,22,2,2,32,23,30,24,23,10,33,0,7,15,60,11,11
"ENSG00000177697",21,73,94,19,35,97,58,35,36,13,42,63,81,75,66,133,24,60,35,27,9,63,62,13,23,80,79,22,33,44
"ENSG00000177699",28,69,14,44,40,34,24,14,28,90,4,25,27,27,21,32,14,18,15,18,24,33,32,48,15,33,12,14,13,20
"ENSG00000177700",1371,2393,962,736,989,1287,1243,1996,1659,1105,1137,967,1398,1350,1046,994,2355,1617,1474,1347,614,1312,1202,1868,371,1123,1356,1557,1011,978
"ENSG00000177721",17,51,29,14,41,34,48,43,87,81,51,20,39,28,31,25,45,37,56,39,15,69,30,26,11,32,20,44,35,18
"ENSG00000177728",1120,1057,1161,634,623,1099,1091,1193,1181,1320,1214,1006,869,1206,1116,1265,660,1215,748,1316,1169,1283,916,696,481,1144,1146,1169,843,1073
"ENSG00000177732",710,383,567,169,154,666,870,267,427,253,568,518,515,516,667,504,534,583,483,665,979,642,307,481,150,336,638,614,205,404
"ENSG00000177733",3021,4564,2909,1447,2363,3716,3172,2724,3882,1554,2366,2715,3889,2876,3506,3846,2709,3570,2430,2969,2197,2496,3329,1859,993,2787,3755,2642,2121,2555
"ENSG00000177764",717,1056,806,518,452,951,851,925,1092,392,800,707,1065,871,1010,1009,662,917,617,1100,719,827,795,530,304,867,783,872,651,775
"ENSG00000177830",176,427,207,175,187,383,286,268,344,133,218,217,328,295,317,412,219,298,223,228,117,344,315,189,135,315,365,151,261,236
"ENSG00000177854",2,10,3,3,6,10,7,13,15,5,8,11,7,15,10,12,4,15,6,20,13,9,8,1,1,14,7,15,15,16
"ENSG00000177868",20,51,56,26,28,60,49,51,52,25,33,58,74,40,53,48,68,71,46,78,33,42,57,38,14,50,37,89,39,49
"ENSG00000177885",914,778,731,337,440,758,727,869,613,348,851,830,592,1152,686,658,565,657,565,954,914,612,520,437,277,739,843,1086,551,750
"ENSG00000177888",12,21,22,22,10,20,33,13,23,6,15,17,24,19,47,47,9,28,7,25,21,11,17,10,10,42,29,23,19,41
"ENSG00000177889",73,429,140,159,164,173,209,151,238,100,79,284,210,116,212,204,75,191,235,133,54,152,163,106,86,247,115,168,307,326
"ENSG00000177917",10,35,23,17,11,42,41,22,32,15,12,15,14,29,30,33,15,33,18,38,8,8,24,15,8,26,28,29,29,36
"ENSG00000177932",68,280,223,170,97,235,196,217,201,99,154,173,397,240,347,320,135,313,146,178,67,267,226,66,121,244,137,140,320,287
"ENSG00000177946",135,212,134,120,118,191,226,141,233,179,80,113,265,182,273,134,117,250,183,145,70,130,98,87,61,165,145,197,204,119
"ENSG00000177951",4,26,10,18,7,12,24,15,11,14,13,5,14,20,21,20,5,13,6,20,4,13,16,4,12,9,20,9,15,16
"ENSG00000177954",3,15,8,5,7,11,2,4,4,10,0,11,23,4,2,6,3,6,4,2,0,11,16,3,3,6,1,2,8,10
"ENSG00000177963",998,2168,1030,811,691,1353,1129,1466,1159,811,815,1193,1433,1230,1412,1348,660,1394,859,1025,715,1190,1156,613,494,1246,1565,902,1122,1228
"ENSG00000177971",817,1111,807,410,523,1013,818,913,888,478,583,619,1057,815,823,822,869,874,678,759,687,806,860,561,279,804,876,762,659,748
"ENSG00000177981",76,285,228,141,142,198,238,206,276,146,149,201,166,227,246,237,113,310,135,204,74,180,108,114,81,266,169,174,185,201
"ENSG00000178015",22,9,14,5,15,5,3,5,12,10,9,9,14,13,20,12,16,36,9,9,18,2,13,7,3,12,28,10,5,2
"ENSG00000178057",256,847,737,300,350,957,649,871,634,639,465,581,1020,775,687,861,783,597,1067,532,233,979,910,878,345,578,608,460,466,570
"ENSG00000178074",46,50,55,23,24,75,40,73,38,17,49,36,50,56,52,98,16,50,29,68,76,37,39,12,18,27,76,30,27,27
"ENSG00000178078",132,271,123,140,53,189,255,257,136,266,143,280,295,310,96,275,179,162,103,278,158,283,280,159,51,55,135,286,173,194
"ENSG00000178093",38,50,74,28,27,79,78,92,67,108,64,60,75,77,65,63,68,82,69,98,39,91,50,71,15,56,79,82,44,58
"ENSG00000178096",16,68,80,15,35,73,66,59,55,56,52,46,104,65,56,60,39,59,67,34,15,78,75,71,24,31,64,37,53,58
"ENSG00000178105",98,148,121,78,98,160,197,77,156,49,67,136,137,119,208,189,113,135,108,171,114,132,102,110,73,156,120,258,103,150
"ENSG00000178150",12,12,9,21,0,9,15,11,50,11,5,20,5,4,36,16,3,12,23,28,18,15,2,0,7,10,9,51,16,24
"ENSG00000178177",1,10,11,9,1,10,8,16,5,1,1,9,7,3,11,16,1,6,7,11,1,7,3,1,5,7,4,20,14,13
"ENSG00000178188",611,530,461,268,330,589,409,572,364,1169,550,660,583,546,487,470,409,666,523,517,414,716,579,511,180,537,495,629,398,346
"ENSG00000178201",3,7,11,1,2,11,4,0,5,26,2,9,8,3,4,14,4,10,12,9,5,5,4,10,3,9,3,5,1,4
"ENSG00000178202",18,61,25,44,26,42,44,33,54,8,40,36,18,18,73,29,6,70,5,57,27,21,27,5,18,43,46,8,46,71
"ENSG00000178209",4213,4216,2547,2769,2310,3508,3117,4552,4504,6291,3708,3449,2950,3706,4292,5349,1986,4538,1993,4060,3179,4546,2326,2913,980,2793,3320,3988,1856,2474
"ENSG00000178229",25,59,125,43,39,62,79,55,71,53,27,75,103,40,131,100,46,87,62,58,17,63,73,22,39,112,41,55,83,73
"ENSG00000178295",189,458,197,429,157,377,285,244,431,583,108,350,270,129,388,368,75,460,389,302,113,280,219,171,109,264,232,322,492,534
"ENSG00000178301",2,11,6,6,1,8,4,13,11,7,1,11,8,4,6,8,3,6,4,2,4,6,6,0,2,3,5,7,11,7
"ENSG00000178307",546,484,332,167,279,407,334,429,351,190,394,381,481,406,314,376,554,353,402,450,474,338,374,431,134,312,318,690,242,335
"ENSG00000178343",34,3,20,6,25,1,4,4,19,1,107,24,6,26,6,12,15,23,9,7,11,2,9,45,7,59,18,14,9,3
"ENSG00000178385",7,10,14,12,13,7,9,5,13,7,6,7,9,16,25,26,5,16,6,7,10,3,7,0,9,5,10,6,7,7
"ENSG00000178386",12,30,27,13,3,6,23,6,18,27,20,26,29,8,40,33,18,31,23,33,6,14,23,11,3,14,6,19,20,21
"ENSG00000178397",14,71,68,29,26,61,65,56,57,14,57,47,94,50,77,85,40,57,38,51,36,56,72,27,25,72,54,32,57,43
"ENSG00000178403",184,92,218,51,12,92,109,247,43,262,185,237,207,190,81,231,129,126,98,430,286,325,423,217,55,32,22,511,227,169
"ENSG00000178409",65,47,58,35,51,49,47,36,60,12,26,15,54,53,80,92,24,178,6,63,49,28,44,12,29,45,146,28,20,27
"ENSG00000178449",218,507,228,186,194,369,247,246,402,169,220,278,441,298,360,340,303,243,262,218,197,361,438,214,153,300,243,183,353,304
"ENSG00000178498",586,451,607,250,228,474,520,604,330,680,433,581,660,634,473,408,586,665,353,467,640,773,580,353,169,404,335,651,348,259
"ENSG00000178502",49,163,189,62,86,166,156,82,161,76,112,138,135,105,221,272,35,131,137,119,52,162,170,26,75,197,102,159,127,218
"ENSG00000178531",24,12,5,3,23,10,3,1,7,6,3,5,8,4,8,2,16,24,5,1,6,5,1,8,3,4,11,4,2,0
"ENSG00000178537",21,88,42,37,28,34,45,63,41,24,14,49,52,34,47,34,23,47,44,38,25,43,48,19,18,50,48,28,57,39
"ENSG00000178562",0,0,44,0,34,4,10,1,12,1,7,7,4,7,15,10,10,11,0,8,3,3,4,20,1,18,4,1,14,3
"ENSG00000178567",420,861,454,455,347,515,522,371,523,929,279,791,391,405,709,450,203,836,748,477,261,613,470,346,281,686,557,467,732,683
"ENSG00000178585",77,98,30,32,22,58,54,58,75,52,34,51,40,59,50,48,28,53,56,48,36,59,56,37,28,47,99,71,71,43
"ENSG00000178605",757,926,950,315,561,1377,726,701,823,783,735,508,1255,966,976,1050,862,784,671,893,630,964,730,530,324,895,875,663,510,578
"ENSG00000178607",113,62,321,80,85,500,176,146,114,154,164,191,110,227,241,179,59,180,40,459,190,125,132,40,133,237,184,113,112,164
"ENSG00000178623",2,15,44,8,44,18,32,13,12,41,24,49,43,34,21,35,33,36,16,12,50,64,22,7,45,31,6,18,6,7
"ENSG00000178685",310,447,144,257,171,211,195,338,362,341,168,172,203,252,235,267,95,251,171,288,172,303,164,90,88,209,261,235,229,228
"ENSG00000178695",168,181,122,77,163,125,125,98,246,27,118,142,87,84,176,216,39,174,64,108,260,57,45,32,49,265,85,81,109,148
"ENSG00000178718",92,168,142,65,81,195,91,102,312,44,49,172,171,153,166,83,149,151,134,154,69,75,103,113,41,166,184,152,87,101
"ENSG00000178719",3644,3753,4009,1465,2349,4162,3386,4386,2697,3479,4358,2841,5490,5028,3918,4604,5659,3891,2030,4207,4883,4690,4854,2202,1846,3359,2811,3518,2511,2268
"ENSG00000178741",1388,1382,1237,369,898,1194,1174,1481,1134,774,2367,1153,1286,1238,1015,977,2593,1564,995,1375,970,1099,1057,1466,370,1333,1102,1221,855,904
"ENSG00000178761",43,58,71,23,47,70,50,86,57,66,62,67,82,70,60,85,49,107,41,35,31,94,69,48,22,67,56,24,50,44
"ENSG00000178764",96,157,153,118,53,207,149,218,294,98,166,170,178,193,278,287,83,228,54,314,78,225,151,61,88,211,93,164,161,212
"ENSG00000178773",165,108,395,119,230,903,296,100,251,1270,226,284,270,346,533,489,338,543,244,184,282,661,496,430,139,480,333,438,213,186
"ENSG00000178789",7,45,18,18,1,66,29,44,21,12,37,22,66,29,45,34,21,29,43,9,9,50,20,24,5,11,3,17,16,43
"ENSG00000178802",200,200,234,75,135,202,287,345,235,99,269,176,194,338,236,262,209,257,89,393,189,213,145,104,135,218,268,237,188,275
"ENSG00000178814",18,24,57,15,13,173,25,64,38,47,55,92,101,141,34,104,30,44,25,24,74,52,82,26,7,37,34,125,15,28
"ENSG00000178860",699,904,413,472,369,645,565,570,544,414,434,330,722,540,1120,881,411,548,346,888,589,562,684,256,174,389,737,915,551,371
"ENSG00000178878",9,28,36,6,35,40,33,11,12,10,26,33,28,16,23,61,16,64,32,20,17,15,20,27,19,52,84,29,24,63
"ENSG00000178896",273,707,334,186,322,515,357,389,411,228,233,278,586,488,391,459,356,367,371,242,179,391,459,301,80,380,462,257,238,279
"ENSG00000178913",418,1238,987,748,713,1316,1138,660,1263,643,572,922,1416,721,1332,1410,595,1234,727,812,564,847,1601,419,486,1418,845,858,973,963
"ENSG00000178917",17,21,8,13,8,14,17,9,12,18,10,13,13,7,24,15,6,20,17,9,11,14,15,11,9,13,9,18,11,24
"ENSG00000178921",1415,1854,932,1174,876,1326,1414,941,1527,739,871,748,1126,852,1607,1653,761,1453,655,1205,893,908,1031,564,537,1079,1735,849,774,1158
"ENSG00000178927",627,854,495,447,386,623,758,984,951,992,734,613,505,817,577,686,381,772,431,869,392,780,552,562,330,769,988,504,631,613
"ENSG00000178932",13,7,11,8,15,15,10,11,12,29,5,12,5,13,5,9,6,17,11,7,7,13,11,9,3,14,13,17,7,11
"ENSG00000178935",10,57,40,35,22,36,45,23,54,50,15,41,34,16,47,61,17,79,48,22,10,22,38,21,22,53,34,26,61,53
"ENSG00000178951",2073,1526,1611,437,1260,1713,1338,2088,1339,1415,2350,2488,1148,1958,940,1320,2097,1632,1614,1399,2599,1511,615,1970,296,1449,1386,1981,686,780
"ENSG00000178952",1734,2657,1581,1095,1461,2146,1850,1554,1904,1390,1799,1358,1677,1705,1747,1882,2039,1891,1424,1407,1171,1764,1803,1543,1005,1769,2009,1498,1194,1467
"ENSG00000178966",29,186,88,79,31,76,81,73,126,37,27,79,59,40,138,114,12,120,62,72,11,24,49,32,20,64,101,69,120,161
"ENSG00000178971",645,800,919,524,495,957,828,658,746,1495,835,971,794,1000,888,980,553,1252,433,1164,650,1410,1069,395,454,920,588,644,770,630
"ENSG00000178974",164,397,406,171,167,355,352,255,377,101,287,312,285,344,475,405,182,435,225,323,157,297,276,134,143,427,322,333,290,442
"ENSG00000178980",200,375,138,130,129,276,220,327,205,145,199,207,311,194,246,161,292,231,222,211,113,275,348,149,80,223,171,204,194,158
"ENSG00000178982",937,2138,1500,1012,984,1477,1778,1819,1694,990,1405,1023,1780,1816,1498,1399,1551,1528,1279,1680,699,1455,1429,1203,753,1540,1497,1603,1331,1228
"ENSG00000178988",307,811,362,358,241,494,486,522,657,357,312,632,542,414,578,527,367,530,643,503,245,455,425,372,182,542,473,677,568,482
"ENSG00000178996",13,11,20,3,8,13,6,9,11,1,9,5,16,11,12,15,4,21,1,9,25,7,10,4,6,19,15,9,1,6
"ENSG00000178999",665,1171,902,602,371,1466,1537,916,1153,643,942,944,780,951,883,1101,770,919,1454,1230,444,761,769,1031,294,781,920,1591,788,1340
"ENSG00000179010",350,384,371,242,223,478,314,350,444,151,287,192,487,401,464,502,216,311,190,443,456,348,405,154,114,328,367,438,278,264
"ENSG00000179021",16,28,42,18,15,44,37,22,13,12,28,25,18,62,49,45,19,44,9,37,24,24,32,14,20,43,24,31,23,28
"ENSG00000179029",15,20,27,3,4,23,19,14,8,7,17,10,10,16,10,14,11,8,15,21,9,12,4,12,7,8,13,20,13,18
"ENSG00000179041",590,737,456,286,378,603,488,371,626,168,255,409,749,430,524,616,430,564,418,377,435,313,452,353,143,494,540,446,281,303
"ENSG00000179085",64,152,147,37,79,198,208,152,157,224,135,187,226,178,133,125,205,154,238,98,71,190,163,205,45,140,143,101,111,117
"ENSG00000179091",1307,3024,1528,1143,1301,2711,1764,2234,1637,1456,1509,1260,2829,1711,1864,2383,1554,1672,1692,1197,1054,2052,2353,1140,865,1550,2273,1456,1391,1694
"ENSG00000179094",103,56,206,30,59,75,102,102,41,48,240,96,105,131,153,174,51,103,29,144,202,166,96,25,78,119,133,84,53,101
"ENSG00000179104",38,74,74,71,20,126,144,108,89,445,143,239,99,120,139,126,47,138,132,187,37,224,140,186,42,63,82,124,194,136
"ENSG00000179111",39,32,31,4,21,29,53,27,26,26,77,95,47,92,29,28,67,64,96,50,23,116,104,88,14,6,26,64,35,57
"ENSG00000179115",1853,2308,1366,919,1204,1766,1367,1765,1572,786,1143,1104,1919,1568,1494,1780,1304,1566,1184,1535,1667,1394,1329,977,547,1405,1737,1564,994,1162
"ENSG00000179119",107,145,160,118,70,118,111,184,124,45,91,132,121,134,175,232,53,147,67,176,148,113,124,47,54,121,161,151,115,147
"ENSG00000179134",474,355,474,218,264,352,425,534,313,320,475,262,343,483,425,516,199,529,125,589,420,393,304,150,178,330,381,415,238,295
"ENSG00000179144",48,55,169,18,41,19,34,216,143,24,46,346,16,15,22,3,64,126,64,14,90,50,32,19,84,179,115,27,37,12
"ENSG00000179151",627,984,630,596,435,652,634,596,731,379,547,517,789,623,934,849,431,868,436,722,552,568,541,293,343,685,673,548,580,622
"ENSG00000179163",251,1023,216,158,270,252,236,350,282,197,263,371,322,228,160,172,291,473,211,126,163,328,160,151,342,608,725,140,447,144
"ENSG00000179165",10,6,16,3,20,13,6,11,4,0,4,5,7,11,2,2,7,24,13,3,1,3,3,7,5,25,5,11,9,10
"ENSG00000179172",8,222,38,69,9,143,123,14,108,25,32,89,115,37,112,151,78,24,104,22,9,111,112,88,70,76,62,23,130,128
"ENSG00000179195",423,1015,560,445,489,625,558,493,819,197,463,703,711,401,944,806,286,860,461,458,407,513,602,371,355,738,737,528,915,784
"ENSG00000179218",14351,19945,8319,7749,6603,9455,8953,17722,8169,4333,7282,12507,9936,10320,9823,11442,7726,8829,9158,9433,6377,11562,8530,6527,3613,10721,12080,12449,8841,12227
"ENSG00000179240",6,8,5,5,5,2,12,4,2,21,0,8,5,8,15,9,3,16,8,12,4,23,5,5,2,6,10,9,5,8
"ENSG00000179241",4,1,11,0,2,6,17,1,1,0,8,0,10,1,6,12,33,2,2,0,8,2,0,1,4,19,6,3,1,3
"ENSG00000179262",3748,2955,3031,1197,2017,3680,2805,3195,2306,1970,4156,2762,3859,3946,2716,3067,5338,2941,3420,3688,4590,2840,2620,4104,1083,2167,2693,4926,1712,2131
"ENSG00000179271",817,1091,793,390,678,1351,1028,958,1039,719,858,1097,1357,1057,751,1058,1559,735,1441,818,826,1186,1024,1433,284,832,858,1234,526,691
"ENSG00000179294",417,422,493,50,267,788,450,378,280,95,807,362,716,548,530,528,426,460,372,274,661,472,308,188,285,514,393,335,158,234
"ENSG00000179295",31,50,32,37,43,45,34,53,87,12,56,36,44,59,65,96,14,73,20,61,38,28,40,27,16,34,100,37,30,46
"ENSG00000179331",11,23,10,7,18,10,14,34,8,5,20,14,15,24,43,35,8,17,12,2,22,21,15,6,0,9,29,15,13,11
"ENSG00000179361",10,12,8,18,13,13,9,9,13,19,18,12,6,6,7,10,5,16,4,26,12,14,6,4,6,9,8,18,13,12
"ENSG00000179364",282,260,235,148,194,208,217,293,326,384,179,181,303,265,359,285,190,328,144,289,146,327,226,156,111,299,203,205,184,109
"ENSG00000179388",35,7,51,2,8,12,8,9,8,1,51,12,20,21,8,24,18,26,2,28,101,13,9,3,10,14,14,19,6,10
"ENSG00000179399",9,17,0,8,0,1,0,2,9,0,8,2,3,6,0,21,2,12,0,7,18,8,3,11,4,4,3,11,10,3
"ENSG00000179409",218,354,336,239,189,310,297,255,367,46,210,105,274,230,404,579,77,320,88,264,175,147,220,48,118,281,519,148,164,270
"ENSG00000179431",137,179,153,93,78,322,201,64,331,74,59,67,246,184,337,282,142,161,115,180,80,154,183,44,41,119,54,166,82,106
"ENSG00000179454",26,73,112,68,40,67,80,68,70,46,57,67,65,75,126,124,26,85,48,87,35,89,86,16,44,104,61,74,67,92
"ENSG00000179455",12,1,9,0,0,0,44,0,2,0,1,2,48,0,4,0,1,0,0,0,1,27,48,1,0,0,1,42,1,12
"ENSG00000179456",184,366,360,218,173,211,212,324,222,322,302,356,263,293,539,318,119,335,210,373,211,332,275,173,112,438,198,341,250,301
"ENSG00000179476",16,39,14,14,11,17,17,21,33,19,23,38,38,14,30,34,19,29,35,17,19,27,33,12,16,30,11,23,34,22
"ENSG00000179523",38,58,92,43,41,83,78,61,84,108,72,94,137,83,93,82,59,85,102,93,36,78,78,51,41,82,35,82,80,91
"ENSG00000179526",340,444,338,181,252,412,317,447,369,485,315,383,506,495,300,366,526,372,400,415,305,458,396,374,120,399,314,472,253,283
"ENSG00000179583",481,206,574,75,308,239,380,63,142,226,415,177,145,528,384,439,312,428,92,421,517,230,183,96,263,533,505,96,142,117
"ENSG00000179588",453,312,208,59,168,259,304,446,163,385,581,235,435,387,200,252,363,336,262,287,237,454,240,555,58,180,287,463,119,123
"ENSG00000179598",48,53,83,24,76,125,86,72,53,20,67,28,124,62,115,135,45,91,26,60,58,38,118,24,26,66,94,43,10,45
"ENSG00000179604",79,151,50,88,12,125,56,115,105,45,47,30,137,52,159,287,39,132,25,96,117,68,146,23,26,23,39,94,31,56
"ENSG00000179627",32,31,26,22,24,19,53,30,54,13,25,18,36,27,40,37,6,37,12,48,11,23,11,11,5,22,16,31,21,21
"ENSG00000179630",3,8,6,17,13,3,1,11,20,0,2,3,1,5,10,9,1,12,1,4,3,3,0,0,1,3,0,5,11,5
"ENSG00000179632",1218,1179,1138,510,1011,1333,1330,1222,1408,785,1650,1063,1655,1752,1251,1346,1766,1407,779,1580,1764,1166,1014,1048,395,1188,1077,1413,750,848
"ENSG00000179698",21,9,9,12,12,21,17,13,13,74,11,25,12,24,24,13,9,16,7,19,18,21,16,14,7,21,6,13,8,5
"ENSG00000179715",87,84,74,35,1,179,185,130,96,129,174,75,134,196,64,133,166,65,97,138,67,202,97,143,18,80,67,335,33,129
"ENSG00000179750",12,33,20,11,12,14,20,28,24,16,21,28,28,40,14,23,11,36,35,40,33,11,24,17,7,9,17,46,22,40
"ENSG00000179820",49,86,30,10,0,50,73,96,68,20,45,22,52,89,33,87,49,49,45,84,76,36,48,15,8,21,28,87,56,80
"ENSG00000179832",100,116,95,121,56,124,121,159,129,171,94,107,97,140,116,144,34,98,43,145,73,135,103,27,52,115,152,70,82,113
"ENSG00000179833",154,74,102,36,64,65,87,94,42,45,173,43,42,82,84,111,97,84,16,142,309,82,41,31,34,76,90,169,49,70
"ENSG00000179837",1955,1808,1407,736,1078,1527,1424,1439,1444,648,1085,1069,1685,1555,1502,1589,912,1743,773,1431,1805,1017,1009,684,423,1252,1765,1290,774,953
"ENSG00000179840",66,65,43,24,34,67,58,40,50,137,50,49,64,56,86,77,84,109,65,88,64,54,66,96,17,47,44,53,66,22
"ENSG00000179841",5,27,12,15,6,5,11,29,10,1,23,17,12,21,23,24,8,27,15,11,4,6,12,9,7,21,20,8,25,14
"ENSG00000179862",44,3,7,0,2,14,13,9,12,6,15,7,31,11,4,10,31,4,13,10,4,22,26,6,1,0,5,24,3,3
"ENSG00000179886",174,162,127,33,104,179,147,129,174,64,112,101,200,183,163,194,123,171,108,138,140,126,124,75,26,114,189,108,67,68
"ENSG00000179889",19,32,24,16,25,27,23,17,20,14,21,17,28,18,30,57,26,37,12,15,19,24,8,9,21,20,18,9,29,21
"ENSG00000179899",9,13,14,11,35,7,9,11,14,5,11,4,10,16,20,19,9,29,3,22,28,7,7,2,10,16,6,12,9,6
"ENSG00000179918",434,1035,381,350,254,627,534,631,1064,141,267,392,493,369,543,582,151,668,276,341,235,495,430,135,188,460,763,561,486,739
"ENSG00000179922",91,100,123,47,58,137,103,119,121,218,109,128,109,126,91,156,135,187,107,123,109,147,80,132,38,111,68,149,70,88
"ENSG00000179933",147,481,286,218,233,377,333,295,421,214,185,300,457,297,355,328,196,373,334,241,114,338,436,249,117,335,269,248,355,367
"ENSG00000179934",18,66,49,24,16,10,15,34,21,0,3,28,17,5,17,5,45,81,22,0,34,12,21,7,32,23,21,5,107,17
"ENSG00000179941",26,88,54,62,35,47,74,45,51,47,30,75,68,33,78,96,20,76,72,54,28,47,74,46,27,66,47,57,110,87
"ENSG00000179943",322,312,266,120,142,264,289,309,223,273,293,256,273,368,242,271,300,332,184,328,291,308,198,244,87,222,287,315,161,177
"ENSG00000179950",1415,2378,1461,1205,1245,2015,1548,1797,2056,853,1041,1019,2011,1597,1702,1970,1263,1873,1068,1396,1077,1318,1431,705,677,1631,1877,1457,1042,1340
"ENSG00000179954",5,6,3,1,1,9,5,3,0,15,2,12,28,4,4,11,9,13,4,10,4,4,9,3,5,8,3,8,3,11
"ENSG00000179958",649,1185,452,349,414,858,612,744,876,144,365,370,785,476,629,876,517,781,426,452,382,446,678,248,163,521,691,586,465,644
"ENSG00000179965",28,30,40,5,24,92,49,39,54,45,26,37,97,38,60,69,41,63,45,27,36,58,49,27,7,45,29,44,22,19
"ENSG00000179979",6,10,14,6,11,11,7,9,18,57,9,34,12,13,11,10,9,8,18,4,3,17,10,14,6,10,10,3,10,7
"ENSG00000179981",347,277,379,189,275,380,300,416,467,190,393,311,229,382,483,428,181,365,142,611,549,234,258,211,111,275,532,591,264,303
"ENSG00000180008",191,582,297,377,242,380,318,259,344,220,179,416,319,182,554,502,108,451,288,288,164,323,328,84,210,366,317,353,468,487
"ENSG00000180011",208,687,529,378,421,537,539,480,932,345,364,501,533,419,864,647,296,762,346,496,377,571,394,363,300,559,595,533,602,649
"ENSG00000180035",213,221,190,96,122,216,191,170,245,87,148,110,233,182,233,269,173,261,97,174,231,159,117,52,55,151,178,200,123,117
"ENSG00000180089",182,110,85,55,64,112,97,121,100,348,130,141,91,120,84,78,138,132,107,115,89,94,52,99,25,129,94,151,76,75
"ENSG00000180096",2122,1947,1050,613,997,1532,1618,2426,1790,1555,1612,2151,1403,2040,1136,1097,2304,1855,2162,1763,1716,2121,1087,2778,397,1184,1121,2690,1058,1008
"ENSG00000180138",4,23,9,11,10,10,12,4,24,0,2,10,6,4,26,22,3,12,3,7,6,5,9,2,11,11,10,3,24,22
"ENSG00000180185",75,179,105,88,74,129,120,90,164,59,44,100,162,103,152,129,87,114,105,74,64,114,109,87,44,108,102,80,61,73
"ENSG00000180257",11,44,27,16,10,21,30,28,33,12,11,33,34,15,35,47,10,32,27,26,2,21,35,6,17,25,18,17,48,55
"ENSG00000180263",140,155,225,150,69,166,159,27,110,68,124,66,113,137,183,214,46,141,77,114,313,105,102,93,92,234,53,170,87,197
"ENSG00000180279",82,59,64,16,78,71,77,77,44,116,70,54,131,100,53,68,188,107,70,60,127,98,62,85,28,73,42,56,34,30
"ENSG00000180304",284,759,349,240,208,472,348,451,461,315,321,419,426,359,411,413,299,429,482,328,250,423,375,327,168,374,372,477,513,477
"ENSG00000180329",161,404,258,182,153,276,283,228,301,147,160,296,325,187,357,310,234,297,301,234,124,234,274,159,115,302,217,337,242,321
"ENSG00000180340",13,4,16,2,4,10,29,22,9,3,32,13,19,21,14,18,27,17,23,14,10,10,12,60,7,20,18,41,4,9
"ENSG00000180346",18,145,47,99,44,118,100,61,108,28,23,52,152,50,188,156,31,109,88,70,35,88,114,27,24,63,41,62,88,118
"ENSG00000180357",110,176,109,126,73,109,135,212,176,113,128,131,115,113,221,266,64,180,118,247,147,126,95,61,99,135,174,131,115,164
"ENSG00000180389",32,694,217,171,126,250,326,181,286,129,72,299,389,179,313,321,239,421,298,128,48,279,310,312,153,321,195,89,425,188
"ENSG00000180423",25,92,31,41,30,47,42,53,39,30,12,44,63,47,57,67,23,51,31,31,26,46,48,10,16,44,41,32,53,51
"ENSG00000180425",19,48,46,16,31,76,39,61,55,77,37,54,70,79,71,55,25,63,90,39,13,79,60,43,21,36,35,24,64,49
"ENSG00000180448",3382,4427,3674,1974,2657,4506,3355,4885,4340,7089,4200,3405,4324,5287,4178,4369,2725,4572,2993,3877,2855,4522,3463,2866,1566,3842,3696,2740,2849,2886
"ENSG00000180479",2,17,9,7,3,15,12,5,8,4,7,3,23,13,21,20,3,21,10,6,1,7,11,0,2,31,4,7,16,10
"ENSG00000180530",11,12,17,4,7,1,1,2,3,1,2,5,6,4,7,1,4,8,0,25,9,1,13,2,11,18,10,0,10,18
"ENSG00000180535",72,14,37,8,8,4,27,91,10,1,65,56,4,72,8,16,7,41,9,66,85,10,3,15,1,15,101,27,14,17
"ENSG00000180539",5,16,0,3,0,38,21,3,17,18,18,4,19,32,5,16,1,9,15,7,9,32,14,4,3,8,2,4,1,4
"ENSG00000180543",67,179,404,21,340,80,505,199,339,72,131,95,59,306,260,352,62,540,36,275,8,186,351,3,20,61,132,9,233,101
"ENSG00000180549",67,309,12,78,4,369,101,150,428,121,118,63,116,121,68,248,78,35,226,83,51,224,86,63,26,32,13,370,22,42
"ENSG00000180573",48,140,42,179,55,63,103,209,75,154,47,36,49,35,86,74,18,136,87,58,15,64,46,30,12,63,46,24,60,77
"ENSG00000180574",170,496,530,267,292,694,826,373,618,122,594,332,696,408,797,932,303,671,351,463,266,375,438,159,302,604,645,280,592,537
"ENSG00000180596",3,9,5,12,10,8,12,26,4,17,5,5,7,9,2,3,2,2,12,9,0,3,6,8,2,5,4,4,9,10
"ENSG00000180611",88,663,8,16,215,476,271,236,240,215,321,286,213,85,285,507,210,21,123,164,440,142,39,108,155,465,201,150,44,60
"ENSG00000180616",30,180,100,95,21,80,90,39,9,53,47,21,102,56,127,136,35,182,25,97,83,123,133,7,84,51,45,33,60,20
"ENSG00000180628",33,110,186,80,58,141,119,104,120,57,113,78,166,132,216,206,63,149,42,112,59,118,172,39,67,136,69,92,111,96
"ENSG00000180644",13,12,25,2,21,20,22,31,4,0,29,68,11,20,35,24,34,19,34,3,7,27,9,17,18,16,12,4,3,15
"ENSG00000180667",46,116,95,94,77,75,99,58,91,81,59,113,59,52,127,150,25,93,31,78,37,68,127,16,47,98,110,80,88,128
"ENSG00000180720",1,6,23,5,1,7,5,14,4,2,12,1,35,9,18,10,16,2,1,7,20,11,17,0,19,4,2,6,3,2
"ENSG00000180758",4,3,13,2,7,9,7,3,11,2,7,4,9,4,12,13,2,7,1,1,6,13,15,1,18,6,8,3,8,5
"ENSG00000180771",190,672,290,310,237,408,394,372,733,242,159,359,520,264,587,517,201,441,352,299,138,383,412,191,134,405,340,252,417,433
"ENSG00000180773",39,52,32,23,30,27,45,26,45,24,46,21,28,32,38,54,30,45,23,40,59,23,24,14,22,31,39,38,27,48
"ENSG00000180787",32,104,53,67,38,80,63,49,46,145,35,48,101,60,127,89,36,187,50,121,37,48,92,39,25,99,51,80,76,48
"ENSG00000180817",15,28,8,14,23,21,20,8,15,4,11,12,11,15,26,33,13,14,10,13,17,14,16,7,12,22,20,17,30,23
"ENSG00000180828",662,878,179,677,138,873,588,710,3606,1111,644,517,1235,500,1951,1308,444,831,730,1281,78,774,806,117,95,144,171,589,1148,880
"ENSG00000180884",25,32,27,15,13,24,29,22,29,8,24,31,17,22,26,33,8,29,10,36,30,22,15,6,4,24,36,26,20,20
"ENSG00000180891",6,2,14,0,4,2,17,3,1,4,10,3,4,7,1,3,13,10,8,6,22,5,4,7,1,12,2,8,0,3
"ENSG00000180900",1652,2086,978,742,970,1593,936,1141,1352,1028,952,918,1606,1203,1246,1490,963,1367,734,1107,968,1294,1110,738,353,1035,2002,907,741,837
"ENSG00000180901",578,760,448,398,307,572,411,583,598,346,363,406,722,526,713,625,335,750,272,562,425,411,452,279,186,439,475,522,405,444
"ENSG00000180914",3,6,3,6,4,12,5,5,12,2,4,5,5,11,30,36,1,10,1,13,8,5,17,1,1,5,2,4,5,8
"ENSG00000180917",193,419,249,222,153,300,208,186,387,149,175,242,311,202,551,463,76,364,168,293,175,219,242,74,135,340,263,276,328,331
"ENSG00000180921",149,127,74,56,24,55,63,160,76,24,40,141,51,35,80,57,26,118,51,77,114,58,26,15,33,104,192,68,34,37
"ENSG00000180938",9,27,16,14,4,25,14,7,14,16,11,12,26,3,50,32,5,25,15,29,8,16,15,5,4,20,3,10,18,20
"ENSG00000180964",107,150,83,71,70,97,110,127,128,44,90,149,131,120,115,96,100,153,167,177,82,137,117,82,39,131,68,231,127,146
"ENSG00000180979",34,131,118,80,59,119,95,117,116,55,77,104,175,84,149,118,59,111,85,97,31,91,152,28,58,143,98,66,101,138
"ENSG00000180992",424,752,488,270,306,856,636,643,618,296,598,369,850,760,593,735,736,629,715,574,335,648,726,564,241,539,496,760,429,577
"ENSG00000181019",69,284,66,131,65,136,83,135,342,64,46,117,96,59,112,95,45,91,222,36,38,104,76,48,57,131,99,141,185,207
"ENSG00000181026",596,582,308,345,206,339,373,458,291,112,253,204,363,384,357,500,221,443,104,420,385,321,349,62,98,273,535,294,235,234
"ENSG00000181027",268,279,135,152,155,255,207,271,227,474,124,224,248,233,260,236,118,360,149,241,205,267,186,132,81,172,174,188,154,136
"ENSG00000181029",886,1373,1755,495,983,1903,1728,1168,1217,2721,1278,1187,1937,1859,1220,1667,2179,1485,2075,1305,983,1526,1244,3016,497,1577,1314,1471,1001,826
"ENSG00000181031",6,16,20,2,1,5,13,3,16,3,6,12,5,8,6,18,7,9,8,13,12,9,5,5,0,3,4,5,5,9
"ENSG00000181035",60,62,121,40,47,55,91,96,103,162,117,102,42,71,63,54,29,113,57,56,45,72,31,28,20,85,123,62,76,59
"ENSG00000181038",63,272,156,100,99,164,202,190,238,149,142,179,282,156,178,157,179,217,178,155,66,171,182,125,69,210,148,105,237,249
"ENSG00000181039",66,136,40,41,51,38,82,87,75,29,52,111,59,78,40,37,30,77,61,46,54,77,23,50,23,42,82,87,67,53
"ENSG00000181045",44,21,135,23,45,82,63,34,20,150,69,36,151,101,75,130,80,102,44,86,69,175,115,42,67,86,50,29,31,14
"ENSG00000181097",4,26,7,7,6,6,5,6,12,16,3,15,10,7,15,16,5,7,7,5,1,12,4,11,3,5,9,5,8,14
"ENSG00000181135",126,200,115,102,124,161,125,184,151,285,69,152,161,157,167,148,75,196,88,99,57,150,115,77,55,170,153,67,116,103
"ENSG00000181218",21,14,30,7,10,26,49,35,21,22,37,9,29,28,6,27,44,33,26,13,45,9,26,2,5,11,16,23,2,9
"ENSG00000181222",5571,4466,4888,2643,2850,3534,3817,5163,2834,2273,4287,3821,4122,4680,4552,5084,4543,4729,1739,4938,4528,3252,2892,2028,1786,4786,4862,5257,2776,3514
"ENSG00000181240",8,5,4,0,0,52,9,16,2,31,12,23,22,16,1,18,5,12,2,0,10,16,21,4,0,9,0,19,9,2
"ENSG00000181264",4,13,19,7,13,6,20,7,11,10,10,6,10,4,14,14,9,31,5,5,10,9,21,10,12,6,12,7,12,4
"ENSG00000181274",59,120,107,52,60,105,109,48,175,47,52,99,166,86,150,133,57,109,90,65,72,86,112,23,34,102,58,56,58,79
"ENSG00000181284",192,275,233,65,114,261,262,296,222,176,218,282,188,315,164,222,147,241,237,160,237,188,159,201,74,223,279,238,188,215
"ENSG00000181368",272,417,435,231,502,235,178,174,472,347,184,119,375,302,474,160,556,426,95,222,575,362,395,113,336,394,187,14,441,196
"ENSG00000181396",153,199,211,97,139,275,201,343,232,151,178,145,148,220,213,159,194,175,195,215,111,237,166,220,71,155,194,322,127,185
"ENSG00000181408",4,8,0,4,9,6,0,21,21,22,27,31,5,2,36,11,17,8,3,71,0,30,15,82,4,13,10,44,17,21
"ENSG00000181418",295,133,176,50,81,115,218,64,67,20,157,90,156,175,133,135,148,152,119,74,229,104,92,150,63,118,172,93,73,99
"ENSG00000181467",458,796,481,232,221,591,583,508,604,190,484,463,590,491,553,642,401,537,356,486,334,532,359,261,149,442,572,479,382,637
"ENSG00000181472",371,626,598,290,259,532,512,395,410,150,461,401,509,499,691,564,247,536,313,707,382,401,366,170,186,531,415,480,348,419
"ENSG00000181513",87,73,74,46,65,85,115,126,74,129,131,101,126,137,69,97,69,111,80,109,80,111,100,72,25,76,109,103,82,75
"ENSG00000181523",304,231,504,162,250,506,446,244,253,1122,477,295,511,515,388,494,328,603,308,590,323,696,464,280,263,389,361,320,205,168
"ENSG00000181577",205,165,277,53,55,409,298,322,58,61,690,32,437,301,233,711,329,98,168,184,767,273,201,221,97,80,174,224,73,119
"ENSG00000181588",59,56,84,11,64,63,65,53,72,27,39,49,99,81,43,64,48,108,32,33,51,29,46,21,5,56,75,27,25,27
"ENSG00000181610",177,765,320,319,234,488,361,305,562,131,179,252,586,228,541,512,242,359,233,255,146,314,477,149,206,431,313,228,410,435
"ENSG00000181619",19,10,11,2,4,13,12,8,18,9,11,16,11,6,6,22,9,20,18,15,11,22,8,7,0,13,12,20,9,8
"ENSG00000181634",1,4,1,23,0,25,3,1,13,3,0,1,2,2,22,66,0,6,0,8,0,9,10,0,0,0,0,5,6,0
"ENSG00000181649",62,15,20,6,2,92,20,18,27,24,67,18,97,37,28,66,133,17,23,27,110,55,144,43,5,5,9,49,6,19
"ENSG00000181666",108,145,160,50,58,121,96,184,104,334,122,146,105,143,202,83,84,133,124,157,160,215,122,126,43,148,142,172,162,93
"ENSG00000181751",151,148,137,22,45,145,155,161,96,39,107,143,127,141,91,213,66,105,113,122,180,130,117,57,48,116,134,163,119,142
"ENSG00000181754",9,18,11,8,14,6,13,6,13,15,2,10,13,12,27,37,5,21,2,12,26,11,16,1,10,18,14,11,5,2
"ENSG00000181773",13,8,7,4,9,10,9,10,18,10,8,7,10,3,16,13,8,10,9,7,7,2,2,4,0,3,14,10,3,7
"ENSG00000181784",4,17,7,4,6,4,15,16,7,1,10,9,11,8,3,20,6,10,13,22,11,8,7,6,3,7,11,16,24,21
"ENSG00000181788",67,45,48,12,18,114,49,84,35,7,77,42,71,65,41,102,44,59,28,42,82,76,87,24,18,36,65,53,27,57
"ENSG00000181800",5,2,8,4,3,13,16,5,2,8,16,18,2,11,10,8,4,27,7,4,9,26,7,6,13,12,13,6,11,22
"ENSG00000181817",209,178,154,66,137,151,135,201,153,72,177,157,197,226,93,125,179,116,114,167,250,150,153,101,66,148,139,201,98,122
"ENSG00000181826",7,34,9,8,9,11,8,17,22,9,7,18,17,13,18,12,6,21,11,16,10,18,5,2,2,11,14,11,27,22
"ENSG00000181827",453,436,490,413,251,283,392,361,290,980,367,368,289,369,613,491,140,648,148,611,498,337,286,168,171,419,540,463,359,364
"ENSG00000181830",118,396,260,124,154,305,240,333,169,100,183,293,342,358,267,299,146,283,177,175,167,291,221,185,97,214,235,150,184,219
"ENSG00000181852",321,578,629,344,313,579,611,525,619,224,372,479,535,456,929,679,307,786,310,506,465,431,543,241,250,604,478,391,437,560
"ENSG00000181873",84,198,98,113,96,135,111,132,275,106,84,130,176,115,239,243,58,232,132,138,68,123,91,69,57,135,150,112,145,109
"ENSG00000181877",22,28,58,1,2,42,41,19,2,1,26,43,18,39,5,24,27,9,50,25,33,41,21,51,17,27,20,9,23,18
"ENSG00000181894",42,100,85,59,37,72,86,92,85,46,57,34,108,80,149,124,33,90,46,122,74,64,72,30,27,80,51,108,98,72
"ENSG00000181896",36,98,65,54,36,75,92,100,103,62,54,126,77,79,68,76,28,104,107,69,25,73,87,64,18,94,90,104,88,111
"ENSG00000181915",580,989,614,334,588,748,702,475,667,275,621,470,688,611,890,765,462,854,429,646,601,511,538,212,283,847,665,578,439,513
"ENSG00000181924",346,947,604,408,338,815,779,642,730,371,453,486,878,676,636,708,633,751,680,560,241,716,710,526,279,661,583,577,610,677
"ENSG00000181929",651,1077,396,333,434,534,544,633,621,417,468,622,580,491,628,507,444,718,493,487,656,566,534,436,251,572,572,661,586,533
"ENSG00000181938",245,316,176,151,109,261,230,233,431,136,135,149,227,241,308,283,136,255,210,234,132,143,130,143,56,187,212,367,212,246
"ENSG00000181991",250,620,250,210,219,354,287,321,339,246,162,295,398,347,263,264,191,361,277,212,143,367,371,165,145,252,335,223,295,279
"ENSG00000182054",3307,3280,2960,1366,1330,2619,2340,2654,2224,1193,3038,2744,2386,2952,1816,2400,2001,2404,2408,2717,3963,1707,1834,1823,1144,2374,3277,2833,3064,3821
"ENSG00000182087",2247,2115,2274,1016,1910,2679,2211,2689,1702,6569,2382,3104,2322,2614,2250,2372,2208,2859,1876,2271,1947,3766,2609,1947,865,2619,2263,1955,1315,1321
"ENSG00000182108",6,12,13,9,12,15,16,16,11,18,21,11,21,24,18,10,9,15,4,8,12,23,21,9,10,17,17,6,10,9
"ENSG00000182117",309,897,579,277,357,819,633,482,529,241,437,563,837,583,605,679,808,637,648,435,316,710,713,485,269,671,357,450,492,595
"ENSG00000182141",24,48,31,38,19,28,37,21,41,30,15,61,32,16,31,33,7,42,50,33,11,19,19,13,16,41,35,35,46,43
"ENSG00000182149",5,11,7,12,8,10,9,12,10,5,7,7,10,4,14,15,7,23,5,13,8,9,16,3,5,9,8,9,10,9
"ENSG00000182154",544,785,385,288,486,860,452,603,662,1008,541,613,902,769,542,581,794,533,733,404,296,846,781,1022,225,569,597,529,387,296
"ENSG00000182162",32,49,45,21,30,32,40,54,42,25,43,29,35,51,32,65,17,74,18,54,37,39,23,10,11,34,86,33,27,21
"ENSG00000182173",80,135,87,63,83,116,127,111,131,102,52,87,142,88,92,101,57,110,101,62,53,110,99,71,51,104,76,110,61,94
"ENSG00000182180",18,277,117,114,90,178,135,146,211,57,56,133,190,99,194,178,41,175,160,54,27,147,180,61,79,147,199,48,140,204
"ENSG00000182196",478,644,372,278,374,582,494,603,568,415,651,599,736,622,566,619,759,608,550,657,393,633,601,681,242,542,591,779,532,516
"ENSG00000182199",2547,3062,3673,1428,2321,4552,4208,2755,4891,689,3770,2306,4171,3696,5073,4980,3459,4255,2512,5919,3384,2295,3646,3701,1356,2729,2853,4040,2384,3512
"ENSG00000182208",92,103,175,77,79,127,118,155,118,67,144,65,165,159,136,134,116,122,53,145,90,165,116,56,46,131,112,127,68,88
"ENSG00000182224",123,156,90,109,61,125,99,113,94,151,57,115,104,85,136,103,67,146,88,109,52,99,97,55,37,122,111,112,123,117
"ENSG00000182247",19,81,94,46,35,86,76,54,78,11,48,67,104,68,122,94,38,80,45,102,23,77,86,34,37,89,59,82,75,131
"ENSG00000182257",7,7,4,2,0,1,10,1,11,15,6,3,3,0,8,4,10,9,2,4,1,1,2,17,2,2,2,5,3,1
"ENSG00000182289",5,7,1,5,5,4,7,5,10,101,5,9,14,2,7,4,1,18,1,3,1,14,3,3,2,7,11,8,11,6
"ENSG00000182307",366,507,335,216,242,416,336,214,476,149,289,259,403,289,633,490,373,377,169,261,489,213,475,124,190,415,388,250,320,351
"ENSG00000182308",1,14,5,13,5,16,10,9,14,40,2,10,13,2,8,9,6,17,10,2,1,18,9,0,6,11,8,11,8,8
"ENSG00000182318",59,126,170,81,66,125,167,135,108,96,97,147,149,132,148,170,94,160,85,136,70,129,90,51,57,181,124,128,123,137
"ENSG00000182319",1239,1141,1042,283,1193,1031,837,320,1334,439,1196,531,641,1600,1277,743,1053,2198,272,1080,1598,590,890,243,717,1797,991,921,576,416
"ENSG00000182324",9,35,23,14,15,34,19,20,22,57,12,23,19,12,24,20,8,23,31,5,10,21,9,27,2,14,18,5,25,26
"ENSG00000182325",402,532,200,179,276,375,258,369,340,849,206,341,354,358,277,281,231,418,294,216,172,414,356,313,100,300,416,250,212,202
"ENSG00000182359",3,22,10,10,5,13,11,11,22,4,2,13,20,10,19,23,7,7,22,6,3,9,25,2,2,14,7,3,19,29
"ENSG00000182362",15,28,15,15,11,28,28,23,21,41,16,38,38,18,14,39,31,20,42,5,24,15,35,23,16,22,23,28,22,20
"ENSG00000182379",1,6,16,2,2,21,10,12,22,2,17,6,33,18,6,55,16,14,18,68,12,4,18,102,5,3,5,63,4,13
"ENSG00000182389",3,2,6,2,2,13,1,2,3,8,21,0,12,11,10,10,0,2,1,12,7,17,1,0,1,8,1,17,5,4
"ENSG00000182400",95,94,87,68,62,61,83,92,108,70,83,112,83,81,113,105,67,100,65,154,68,83,65,31,43,84,94,121,90,87
"ENSG00000182405",14,52,49,38,26,71,83,31,37,46,37,56,72,41,97,58,25,74,54,57,10,93,96,21,25,62,48,34,71,72
"ENSG00000182446",661,779,398,779,333,408,349,555,561,391,352,348,456,727,712,680,177,851,223,556,451,568,477,79,379,631,740,611,643,484
"ENSG00000182459",13,10,15,15,3,553,15,12,57,1,36,4,123,11,157,61,8,10,15,226,1,58,25,16,2,12,7,716,3,49
"ENSG00000182472",28,5,21,8,6,28,57,18,8,23,54,67,20,48,30,16,25,33,57,47,23,89,61,26,16,21,20,14,13,32
"ENSG00000182481",220,746,282,426,302,443,420,338,532,83,218,249,379,240,434,538,152,524,199,320,145,239,305,113,168,395,374,339,375,487
"ENSG00000182500",1056,897,736,355,514,946,786,897,932,463,1188,641,1084,988,806,951,1072,996,409,1097,1526,754,735,804,301,659,635,886,472,476
"ENSG00000182512",243,585,262,160,265,503,414,332,432,182,264,289,502,308,321,416,321,381,341,229,148,335,319,337,106,345,521,432,275,358
"ENSG00000182544",80,259,141,92,99,123,124,150,167,68,66,119,169,146,169,144,66,168,66,79,40,142,127,66,42,145,136,113,118,113
"ENSG00000182551",29,156,75,90,47,142,91,87,207,47,39,129,199,51,106,159,72,119,86,38,26,82,114,52,43,97,75,98,63,102
"ENSG00000182557",6,12,47,15,13,22,31,8,138,5,11,4,18,13,50,27,15,31,8,48,8,7,10,7,15,12,11,35,7,16
"ENSG00000182566",4,6,3,4,0,0,24,0,14,73,4,0,10,37,11,1,32,6,2,33,3,0,4,1,12,6,0,0,4,2
"ENSG00000182572",1,7,8,2,1,8,10,7,1,10,32,10,9,14,7,5,11,5,6,13,2,5,3,6,0,1,1,21,5,3
"ENSG00000182575",23,8,5,2,4,9,3,2,0,0,9,6,8,4,2,1,29,5,2,1,16,1,11,6,2,1,16,2,7,0
"ENSG00000182584",28,28,30,5,23,19,34,27,23,15,13,38,33,33,28,33,26,42,18,14,18,23,27,17,4,23,42,18,18,18
"ENSG00000182612",7,9,3,1,0,4,4,8,13,6,2,14,24,6,15,18,5,9,9,7,5,25,5,11,7,5,4,5,1,3
"ENSG00000182628",73,388,110,143,88,170,169,113,372,29,49,176,175,69,238,238,50,139,232,128,84,99,85,70,65,129,104,171,294,348
"ENSG00000182636",1,0,3,1,5,2,15,0,21,0,13,0,44,0,3,3,4,1,0,1,0,1,4,0,0,0,0,88,0,11
"ENSG00000182685",38,40,30,17,24,49,35,25,24,67,26,44,24,17,25,21,47,33,51,20,21,39,53,51,13,29,33,51,21,21
"ENSG00000182700",12,41,26,19,17,27,34,30,38,21,33,68,44,28,44,54,18,41,49,24,26,27,25,12,16,41,24,39,65,45
"ENSG00000182718",208,334,137,190,82,123,148,299,218,125,148,186,233,185,174,169,185,212,268,356,106,182,157,297,41,138,73,465,166,223
"ENSG00000182732",3,10,2,1,13,5,12,7,4,4,4,5,1,6,2,2,5,17,5,3,6,2,6,3,18,6,23,0,5,1
"ENSG00000182742",324,240,83,54,98,344,364,412,174,225,295,213,394,350,234,292,278,186,402,564,246,364,265,293,37,90,167,744,264,256
"ENSG00000182749",143,219,194,159,122,165,147,175,282,143,232,157,226,127,208,305,178,208,140,158,343,252,114,130,190,231,178,70,173,154
"ENSG00000182768",86,250,150,118,91,259,196,132,206,117,119,156,351,158,275,238,181,153,131,150,104,205,312,77,80,162,137,165,159,167
"ENSG00000182809",0,5,11,3,12,13,3,14,5,9,9,9,44,6,4,24,11,3,0,0,0,9,19,2,2,1,0,7,2,0
"ENSG00000182810",428,501,374,201,257,442,415,318,450,190,194,239,532,342,475,446,284,432,217,353,341,302,397,175,104,365,393,300,279,296
"ENSG00000182827",28,85,91,54,33,82,85,100,103,61,67,122,60,81,97,86,32,94,81,95,41,61,59,47,31,85,53,100,47,97
"ENSG00000182831",375,680,487,332,363,462,422,559,689,185,408,526,510,457,802,747,275,834,321,610,516,407,387,129,224,585,562,454,451,553
"ENSG00000182858",38,81,75,36,37,54,71,76,46,74,60,36,51,72,62,62,28,80,42,49,24,81,55,40,31,57,60,65,44,57
"ENSG00000182890",71,310,166,161,106,239,303,201,228,70,118,144,215,185,350,295,54,282,106,236,93,160,219,45,102,201,174,188,219,317
"ENSG00000182909",79,52,140,25,64,111,96,111,121,63,99,93,150,131,121,91,86,149,70,118,99,107,77,58,25,72,76,66,42,66
"ENSG00000182919",40,137,70,82,41,111,112,94,141,79,37,95,149,53,154,117,44,127,68,91,36,117,134,26,37,98,75,81,161,135
"ENSG00000182934",3211,3550,2486,1687,1762,2765,2734,3782,2320,1962,3035,3224,2988,3098,2845,2865,2594,2914,2369,3035,2789,2962,2831,2095,1202,2532,2776,3458,2427,2895
"ENSG00000182952",19,26,29,5,16,40,42,30,35,26,29,29,28,54,26,35,26,46,17,46,23,30,19,19,8,23,39,12,16,17
"ENSG00000182963",68,66,129,205,29,141,79,61,200,57,64,45,205,36,164,346,53,208,93,200,11,90,68,33,23,59,37,238,181,70
"ENSG00000182981",1,7,11,3,8,9,5,7,3,19,6,37,12,9,9,6,12,6,34,3,0,4,4,12,4,13,2,14,7,7
"ENSG00000182985",228,33,40,30,275,18,49,28,61,158,22,165,36,12,24,217,6,198,7,163,166,26,26,7,30,7,64,7,118,28
"ENSG00000182986",9,17,16,24,4,22,23,11,15,27,10,18,17,18,54,21,4,18,19,24,2,24,24,9,5,23,18,13,34,36
"ENSG00000182993",3,41,10,9,6,14,13,3,13,7,3,16,34,6,20,9,5,10,22,4,0,18,14,10,5,15,13,7,16,27
"ENSG00000183010",330,558,649,241,457,891,637,376,672,121,489,325,976,551,1066,967,524,807,268,475,573,403,904,155,214,488,661,287,304,388
"ENSG00000183011",600,720,398,327,414,512,507,689,625,704,374,566,533,468,382,387,521,456,963,359,383,471,400,663,159,439,580,842,381,487
"ENSG00000183018",19,14,7,10,6,10,9,10,10,24,12,3,9,2,9,5,4,21,4,9,13,13,2,3,4,15,10,15,6,7
"ENSG00000183020",328,174,177,118,141,115,118,212,185,64,168,143,167,184,204,230,106,222,60,245,274,130,136,61,86,166,271,177,142,152
"ENSG00000183044",39,53,40,59,20,32,29,46,32,51,27,64,24,31,38,23,27,104,38,25,36,38,29,26,21,73,69,34,35,22
"ENSG00000183048",408,684,214,211,178,363,329,416,514,229,240,268,307,328,288,322,213,302,401,224,184,294,178,320,96,241,499,269,256,336
"ENSG00000183049",12,13,39,8,25,21,26,13,39,16,50,28,21,23,39,39,27,35,11,36,43,23,36,8,7,23,59,15,19,27
"ENSG00000183093",740,1263,658,421,559,1013,664,769,743,241,545,512,1060,728,798,924,751,692,691,572,535,693,876,507,285,682,756,798,554,633
"ENSG00000183128",2,5,5,3,3,14,5,5,9,2,2,3,18,12,16,13,3,7,7,6,9,9,10,2,4,2,4,7,2,4
"ENSG00000183145",7,4,0,1,0,11,0,11,11,1,4,1,11,5,12,22,1,6,9,10,0,15,9,2,3,0,1,28,8,14
"ENSG00000183150",6,30,19,5,9,46,32,22,11,14,17,24,30,21,30,21,14,15,46,15,11,11,14,41,4,6,26,63,25,45
"ENSG00000183153",21,26,6,2,4,7,7,7,23,17,9,8,5,12,8,14,9,23,4,10,2,18,5,2,1,11,14,3,4,5
"ENSG00000183155",114,214,137,108,101,102,102,166,154,72,73,120,146,107,137,96,90,168,120,115,74,105,89,78,54,151,133,162,130,97
"ENSG00000183161",137,339,196,151,80,331,237,195,269,102,121,250,311,180,351,285,110,293,272,245,118,227,239,143,55,183,228,187,258,295
"ENSG00000183172",66,373,350,130,168,372,272,251,483,220,198,306,602,193,411,416,226,232,229,170,38,353,628,206,185,291,290,133,318,277
"ENSG00000183207",1080,753,587,317,417,677,582,692,559,255,485,388,621,628,476,615,632,447,411,641,690,491,454,391,194,441,745,803,316,519
"ENSG00000183208",42,53,30,20,14,24,18,47,31,30,7,28,55,17,27,21,16,50,21,39,30,30,16,12,11,37,39,30,32,25
"ENSG00000183250",11,24,3,9,8,15,15,10,18,37,3,8,16,9,11,24,9,14,11,9,3,14,10,10,8,9,11,10,11,14
"ENSG00000183260",64,100,67,28,30,86,111,90,68,156,51,72,99,79,68,67,54,75,132,80,26,93,55,119,30,86,126,59,55,48
"ENSG00000183283",68,84,174,59,78,103,74,135,111,55,157,97,94,106,101,108,155,109,36,198,106,72,102,101,42,110,74,145,90,85
"ENSG00000183291",6,71,26,36,12,68,38,10,66,9,7,38,44,16,63,59,5,35,25,14,14,46,67,8,28,40,18,6,75,92
"ENSG00000183309",46,94,83,71,66,102,102,81,77,50,44,107,120,87,161,137,21,148,57,89,57,93,96,26,71,120,92,71,125,106
"ENSG00000183340",58,202,137,97,69,132,131,100,149,68,76,173,141,89,233,164,55,194,149,168,75,108,134,74,59,150,85,111,184,157
"ENSG00000183354",193,406,311,215,190,333,529,385,309,412,316,521,359,252,577,421,219,546,375,507,209,416,211,200,139,398,234,537,337,483
"ENSG00000183355",27,28,11,7,3,20,23,4,14,14,11,8,16,27,13,11,12,3,17,6,15,15,15,7,9,5,33,7,11,27
"ENSG00000183386",25,29,40,12,5,24,52,7,8,9,41,5,36,61,36,34,37,38,18,20,7,13,35,18,18,24,29,14,17,32
"ENSG00000183397",29,13,23,19,17,38,21,16,24,61,31,31,25,23,29,26,25,34,17,29,17,32,17,25,5,33,28,29,16,21
"ENSG00000183421",1,10,19,11,5,35,17,37,12,3,11,3,37,60,16,87,4,16,1,21,4,54,17,2,6,3,9,50,5,5
"ENSG00000183439",2,11,1,6,9,12,9,11,9,4,3,8,13,6,5,10,3,4,13,6,1,10,12,7,2,9,3,4,2,6
"ENSG00000183473",59,68,154,38,9,111,66,202,26,26,108,68,114,133,125,109,33,64,49,102,37,173,93,44,45,83,114,62,95,150
"ENSG00000183475",114,117,149,93,88,128,138,169,118,54,121,84,106,157,218,199,58,168,56,173,112,93,134,37,83,128,156,101,96,108
"ENSG00000183484",1095,1385,858,709,581,925,945,1241,905,649,537,615,1018,1051,893,1404,656,1414,464,713,468,803,1086,303,381,837,950,637,824,613
"ENSG00000183495",1877,1500,1197,1186,995,1254,1375,1582,1367,1604,1267,1334,1211,1205,1902,1550,713,1941,916,2017,1773,1293,743,1134,567,1337,1656,1718,1087,1570
"ENSG00000183496",7,17,14,3,13,27,11,27,9,9,16,43,17,25,4,19,4,14,18,7,47,4,41,5,4,7,6,29,1,8
"ENSG00000183508",141,56,211,111,92,43,145,119,248,48,62,235,22,214,36,103,36,130,141,251,23,70,31,21,8,187,301,97,142,233
"ENSG00000183513",21,21,8,6,6,12,40,11,15,22,36,10,14,22,11,13,33,15,29,11,20,22,10,42,5,12,15,12,23,23
"ENSG00000183527",68,267,119,87,91,119,110,110,140,66,52,98,137,56,156,155,136,116,216,161,36,75,128,111,37,101,65,211,162,148
"ENSG00000183578",0,1,16,0,18,10,3,3,0,0,9,0,19,4,4,2,4,2,7,0,19,6,3,0,4,22,1,5,4,13
"ENSG00000183615",8,5,11,8,4,15,9,11,7,62,23,28,12,12,11,5,8,14,20,7,14,15,7,15,0,6,4,18,8,14
"ENSG00000183617",251,434,421,169,314,528,392,514,375,289,459,382,814,522,539,415,786,467,667,352,229,548,461,478,140,322,327,335,246,382
"ENSG00000183621",39,59,33,35,29,67,78,51,46,69,24,49,71,31,46,64,21,65,28,76,53,53,49,27,23,46,30,100,32,46
"ENSG00000183624",174,289,243,91,86,219,374,338,164,91,355,154,377,274,175,324,224,270,100,208,128,227,159,143,98,225,187,256,136,197
"ENSG00000183647",36,59,45,35,19,57,45,42,69,49,25,38,38,39,52,59,17,60,57,38,17,31,33,10,16,54,55,52,64,52
"ENSG00000183648",37,144,32,46,51,80,89,29,91,65,29,129,55,46,82,47,61,43,148,41,17,59,60,109,43,57,40,23,121,94
"ENSG00000183655",68,112,112,58,84,184,115,110,91,48,82,59,121,121,82,129,60,85,42,73,82,78,134,57,27,134,97,94,43,80
"ENSG00000183657",5,8,10,12,0,36,6,15,11,91,9,6,17,13,10,27,4,24,31,10,5,42,5,18,2,1,1,73,6,15
"ENSG00000183665",13,43,16,16,21,28,18,17,23,15,15,19,41,20,37,27,1,36,11,27,7,20,21,6,7,24,29,9,11,22
"ENSG00000183688",97,836,373,315,943,74,680,612,1166,137,85,649,209,187,311,521,65,608,168,194,315,338,322,295,211,144,284,470,581,462
"ENSG00000183718",11,10,12,8,4,9,3,8,12,10,5,8,7,10,9,6,0,14,7,11,8,13,7,6,5,11,16,9,10,7
"ENSG00000183726",2,14,4,5,3,9,7,1,4,0,0,2,9,2,8,10,0,4,5,2,0,5,9,3,1,2,11,2,18,11
"ENSG00000183735",200,626,298,315,192,373,397,336,387,217,255,452,395,253,526,432,216,422,372,326,196,334,282,301,186,401,281,431,440,516
"ENSG00000183741",47,110,63,49,59,42,44,67,60,16,42,32,51,48,118,108,35,117,13,62,33,38,40,13,53,69,93,36,52,75
"ENSG00000183751",686,1210,759,481,527,1302,833,820,812,678,648,510,1388,1104,758,1229,663,733,627,590,543,1060,800,627,305,796,946,695,510,622
"ENSG00000183779",3,2,12,2,10,8,2,14,20,7,12,7,29,11,26,18,7,13,3,16,32,26,1,2,5,10,0,27,2,3
"ENSG00000183780",9,35,11,8,3,22,18,2,23,12,3,3,23,8,26,19,16,38,6,16,5,13,49,8,7,6,23,9,28,9
"ENSG00000183784",11,8,6,5,13,2,8,6,11,8,3,2,3,1,3,8,1,3,8,11,8,1,1,2,2,7,12,5,7,3
"ENSG00000183813",14,7,14,5,21,0,20,2,3,1,4,2,4,12,8,6,10,22,3,5,6,0,11,2,10,18,20,0,22,0
"ENSG00000183828",35,36,50,36,27,67,59,55,93,36,75,34,98,88,43,79,53,62,42,63,81,62,84,42,33,39,23,99,33,40
"ENSG00000183850",2,4,1,13,0,2,8,0,2,2,4,2,10,0,12,2,0,12,21,9,0,1,4,0,1,0,2,6,7,5
"ENSG00000183856",20,14,13,10,6,26,20,12,12,19,16,12,8,4,10,10,6,10,12,26,9,17,6,9,2,10,23,23,13,26
"ENSG00000183864",210,163,177,62,90,116,160,157,117,55,175,94,127,188,149,209,101,207,39,240,150,108,109,39,43,164,169,133,80,80
"ENSG00000183971",14,3,19,0,7,10,11,3,7,2,8,1,17,7,4,11,20,4,8,1,6,2,2,5,3,14,2,4,2,4
"ENSG00000183978",149,645,323,257,228,503,382,406,499,234,199,372,549,327,373,407,310,441,415,281,99,460,458,245,141,360,363,282,335,383
"ENSG00000183979",9,12,8,1,15,25,7,8,19,22,3,5,9,11,5,8,19,14,3,1,7,6,8,4,3,7,14,2,1,5
"ENSG00000184009",19587,26831,20589,10775,13307,16834,16512,21393,21585,4617,10839,15765,17046,13791,18962,16443,9197,20466,13063,18201,16171,15974,17542,5769,12928,26352,20144,20237,18917,23309
"ENSG00000184014",348,663,1109,334,884,606,906,115,629,189,774,293,382,693,822,611,599,1159,210,257,911,236,264,262,600,1263,800,174,374,210
"ENSG00000184056",267,393,295,195,189,292,312,298,319,373,205,303,348,313,282,363,194,319,247,245,192,410,308,184,147,252,318,251,297,378
"ENSG00000184076",898,391,304,195,296,400,305,510,282,424,362,418,337,709,213,243,430,224,637,389,950,413,310,300,115,304,465,810,254,290
"ENSG00000184083",21,13,27,1,14,20,19,9,12,14,22,11,30,15,17,29,22,24,9,17,26,16,15,22,2,10,19,19,12,7
"ENSG00000184110",30,37,20,32,20,34,32,26,51,13,29,44,26,15,45,53,12,37,18,26,22,20,23,6,28,35,38,22,43,37
"ENSG00000184162",78,182,115,60,74,240,152,102,119,116,64,100,220,159,152,151,102,151,158,96,64,132,186,125,53,169,131,88,96,124
"ENSG00000184178",65,111,67,68,50,43,56,85,68,21,34,42,40,44,68,68,42,66,24,71,43,40,46,15,31,66,84,79,64,69
"ENSG00000184185",3,3,3,3,0,6,0,14,28,1,4,0,11,11,54,234,3,5,7,31,0,93,6,2,3,2,1,59,1,7
"ENSG00000184207",434,825,404,248,350,786,568,531,627,467,290,468,623,461,408,586,447,500,608,231,285,514,433,453,145,470,696,372,290,468
"ENSG00000184208",13,22,8,8,1,7,18,17,11,17,7,21,11,14,10,19,6,15,11,10,5,12,8,5,2,10,19,14,13,14
"ENSG00000184209",257,349,254,157,198,331,332,315,308,372,293,518,334,338,280,287,307,304,467,295,218,287,257,776,102,320,246,477,249,272
"ENSG00000184232",119,30,40,10,24,22,72,45,24,9,28,90,41,57,8,15,36,75,39,29,78,51,88,24,31,20,108,24,42,36
"ENSG00000184254",14,12,8,18,7,13,2,17,9,13,3,11,12,19,12,9,0,40,10,39,4,7,6,9,2,15,11,9,30,14
"ENSG00000184271",76,38,98,23,89,50,65,54,29,159,127,61,101,113,71,61,108,85,37,51,159,87,68,87,41,118,37,48,56,25
"ENSG00000184277",35,157,113,46,64,176,72,149,124,24,53,66,285,91,173,182,77,97,74,44,59,131,209,21,102,154,96,42,132,129
"ENSG00000184292",3,6,20,8,55,1,0,0,21,1,1,4,4,0,41,7,34,90,4,3,0,2,11,2,2,22,43,1,3,3
"ENSG00000184293",85,365,61,135,79,297,284,184,320,207,109,208,217,195,256,174,83,251,274,168,43,267,190,199,44,160,108,266,375,428
"ENSG00000184334",10,2,8,1,4,32,5,6,13,45,20,11,10,6,14,13,7,29,6,5,9,44,19,1,4,10,6,9,1,4
"ENSG00000184357",0,6,16,0,1,16,14,3,12,5,21,12,8,14,10,9,13,17,30,13,0,5,12,28,1,8,7,19,4,10
"ENSG00000184361",4,10,11,2,3,3,2,5,8,6,2,10,7,5,3,5,4,9,9,13,6,7,4,0,5,5,10,4,1,6
"ENSG00000184371",62,65,113,9,111,78,56,52,31,5,81,72,71,55,72,113,95,89,15,75,177,84,63,13,60,173,54,30,47,39
"ENSG00000184378",12,13,13,1,16,22,7,3,13,2,4,5,15,5,11,19,7,7,3,7,2,2,26,2,1,8,6,4,3,0
"ENSG00000184384",171,281,167,168,329,246,303,145,310,102,198,103,173,257,609,408,93,434,45,482,338,165,124,72,159,330,268,203,197,147
"ENSG00000184408",25,18,17,12,4,11,21,13,8,3,23,6,6,22,26,14,16,22,9,50,18,14,13,8,7,5,30,27,48,25
"ENSG00000184445",51,215,110,175,51,136,181,108,170,114,85,191,79,56,225,213,14,166,144,192,52,140,110,75,84,130,216,158,206,422
"ENSG00000184451",359,662,193,146,225,281,342,482,513,263,200,555,195,595,312,282,146,600,455,296,160,508,165,514,120,503,597,394,277,248
"ENSG00000184489",135,130,104,24,110,288,143,202,224,102,320,189,199,197,162,173,179,192,94,176,522,272,178,29,87,148,69,146,49,121
"ENSG00000184508",177,253,251,77,169,239,271,265,233,99,259,254,338,248,196,206,393,261,289,239,171,227,261,276,100,172,222,239,204,231
"ENSG00000184517",71,162,115,92,51,97,92,72,110,32,75,86,122,85,237,204,76,154,74,152,111,62,96,32,63,148,93,111,136,142
"ENSG00000184524",78,37,16,12,112,38,26,138,16,25,29,52,17,52,29,36,67,70,51,11,214,13,3,28,13,30,63,93,33,5
"ENSG00000184545",14,7,31,2,8,41,13,19,3,14,39,14,44,18,20,38,52,36,4,7,17,26,46,8,6,14,3,11,12,7
"ENSG00000184557",168,109,199,38,140,244,202,202,79,212,404,197,270,289,272,314,210,368,273,276,113,478,434,342,179,108,50,126,205,147
"ENSG00000184574",47,148,270,41,34,186,130,275,215,31,233,151,108,128,116,221,102,138,94,122,108,185,59,174,36,168,81,202,79,154
"ENSG00000184575",59,151,201,102,102,185,165,75,201,36,103,107,181,102,324,316,86,192,84,172,123,111,173,41,109,152,166,108,131,194
"ENSG00000184602",609,882,440,296,341,580,525,384,564,518,479,354,753,564,1157,621,712,1349,268,641,420,249,856,140,373,535,547,441,787,222
"ENSG00000184619",11,30,10,18,7,12,14,10,9,39,12,17,22,16,28,23,7,34,24,22,6,30,18,13,5,24,14,12,30,28
"ENSG00000184675",95,59,53,74,22,42,47,62,53,27,29,37,32,51,101,128,15,80,10,112,85,34,48,8,17,43,92,46,30,40
"ENSG00000184677",39,36,44,53,22,32,35,35,19,98,16,35,36,33,59,46,2,56,14,44,34,40,46,9,17,30,46,25,28,38
"ENSG00000184678",61,95,40,71,33,34,46,66,44,271,40,36,34,38,58,56,11,93,54,43,28,36,43,27,12,49,16,28,36,44
"ENSG00000184682",44,37,19,24,27,32,36,41,34,154,27,79,10,40,20,33,16,62,23,26,9,86,18,22,14,40,69,24,27,23
"ENSG00000184709",63,27,36,3,8,169,41,61,63,330,228,31,323,114,47,171,257,25,178,74,32,244,231,81,25,14,17,118,14,23
"ENSG00000184719",13,23,5,10,8,29,10,13,18,10,6,11,23,20,24,14,7,18,13,9,3,11,8,13,6,11,16,14,19,16
"ENSG00000184730",223,464,87,186,127,170,139,208,616,198,102,390,128,84,149,188,157,342,115,156,293,247,76,138,166,302,141,183,121,147
"ENSG00000184743",160,689,410,223,263,407,407,323,529,229,199,472,661,357,677,615,271,503,426,327,217,385,477,214,212,537,331,368,590,515
"ENSG00000184752",221,861,448,332,441,414,410,591,462,241,263,509,533,340,435,457,513,476,580,389,201,382,440,561,207,471,391,665,532,664
"ENSG00000184786",10,2,13,3,4,14,2,6,5,14,12,12,11,10,6,7,2,7,9,10,8,11,8,11,3,6,8,12,3,5
"ENSG00000184788",25,47,41,15,27,50,43,45,38,17,34,27,56,39,28,14,25,33,23,37,17,22,20,23,20,41,24,46,31,31
"ENSG00000184831",2,35,6,9,6,6,12,6,13,10,0,16,22,2,18,18,4,9,32,7,6,11,20,12,8,8,5,9,18,22
"ENSG00000184840",19,134,89,79,55,126,140,129,91,59,65,154,83,124,71,123,35,106,80,51,18,129,135,43,56,95,138,29,82,114
"ENSG00000184857",96,207,142,98,65,207,175,149,160,95,119,125,229,139,218,229,173,195,160,135,111,146,201,102,75,162,113,141,163,201
"ENSG00000184860",23,105,34,61,51,41,38,44,61,39,21,38,62,31,38,107,31,65,45,55,5,39,54,40,6,46,62,74,53,54
"ENSG00000184886",17,29,10,13,7,14,9,9,21,11,1,8,12,6,18,21,2,28,10,12,7,3,4,6,6,20,8,13,11,16
"ENSG00000184887",21,44,29,15,23,49,32,33,51,35,11,15,38,46,36,38,26,44,26,16,4,29,29,19,10,38,32,15,24,27
"ENSG00000184897",1448,1062,2510,223,1481,1500,2635,985,928,1248,3241,1198,3499,2385,1697,2023,5099,1898,1696,2134,1784,1814,1529,3667,469,1690,939,1051,829,867
"ENSG00000184902",3,43,29,15,17,41,21,16,53,3,13,19,21,12,47,58,5,30,25,12,7,18,25,3,12,17,29,7,32,42
"ENSG00000184916",3,8,16,3,4,13,7,5,24,25,12,13,13,18,4,20,6,17,7,4,2,13,14,1,6,8,5,18,4,16
"ENSG00000184922",3802,2381,2822,1101,1582,2478,2731,3453,2249,3060,3630,3470,2344,2943,1593,2406,2788,2633,1977,2880,3866,2725,2286,2452,894,2235,2486,3749,1862,2292
"ENSG00000184937",5,18,2,29,12,13,5,2,27,18,2,6,17,24,15,12,4,3,19,34,9,21,4,4,3,2,4,63,37,55
"ENSG00000184939",45,191,203,94,112,137,141,103,143,84,43,157,182,118,212,134,124,237,130,122,31,149,100,135,77,206,156,144,191,159
"ENSG00000184967",711,595,362,249,346,485,339,407,425,535,321,352,553,441,384,412,579,457,539,435,438,429,452,906,113,392,412,502,257,260
"ENSG00000184979",235,133,86,91,61,31,57,124,77,43,31,51,40,76,101,56,86,130,26,133,224,59,55,37,26,36,59,56,150,77
"ENSG00000184983",295,768,331,331,310,536,442,541,491,365,268,645,599,313,471,489,525,490,918,453,278,580,582,481,180,405,313,952,476,547
"ENSG00000184986",1,5,2,1,5,5,3,3,117,1,5,1,5,12,1,12,9,0,2,4,0,0,16,0,0,10,3,17,9,7
"ENSG00000184988",180,225,144,101,79,172,138,383,104,179,142,185,196,206,188,206,129,239,178,230,197,203,193,87,92,157,161,168,246,162
"ENSG00000184990",139,845,208,220,111,417,297,297,454,238,82,227,370,189,321,392,111,235,285,109,60,339,390,151,91,222,332,122,346,424
"ENSG00000184992",508,555,527,339,239,415,330,555,488,216,390,394,425,401,411,556,342,480,349,429,439,385,294,506,185,440,535,473,403,500
"ENSG00000185000",188,316,225,168,164,372,299,290,292,516,211,287,371,331,209,278,222,233,298,240,201,372,272,298,98,295,265,309,251,269
"ENSG00000185019",12,17,22,10,7,13,16,18,17,5,14,11,9,10,21,23,14,15,8,12,13,6,13,2,11,15,19,11,11,18
"ENSG00000185022",14,15,50,11,12,81,47,20,60,6,53,27,81,44,77,135,27,27,18,44,46,69,59,7,30,34,20,28,20,34
"ENSG00000185033",94,204,233,72,44,179,162,522,235,129,293,177,147,230,154,319,60,175,112,205,102,318,182,131,37,232,177,229,222,204
"ENSG00000185036",160,103,91,23,71,109,115,89,79,60,132,99,104,137,87,118,159,86,73,83,157,95,101,101,18,91,89,114,40,39
"ENSG00000185043",596,1036,946,300,278,963,674,1742,714,725,536,902,880,641,723,874,1449,843,967,748,835,1431,856,993,397,939,577,1400,784,975
"ENSG00000185051",29,18,9,17,8,6,5,28,11,3,38,5,6,16,11,12,4,12,6,29,35,12,5,3,6,16,29,24,12,5
"ENSG00000185068",38,93,49,38,22,75,47,78,59,39,28,33,100,44,71,81,45,50,90,36,20,69,93,46,25,62,31,74,76,94
"ENSG00000185085",435,901,550,454,363,519,520,664,684,276,342,403,640,579,644,726,258,742,243,517,250,444,518,189,203,539,753,363,383,500
"ENSG00000185088",127,80,47,28,45,86,43,81,46,86,37,141,80,108,44,33,40,53,192,54,42,108,112,44,14,39,70,152,54,75
"ENSG00000185090",35,32,37,18,28,67,52,31,78,4,25,16,45,53,36,47,50,38,3,44,27,17,26,1,21,49,22,86,19,15
"ENSG00000185101",194,313,606,170,390,888,449,191,331,3984,291,632,523,442,734,869,547,461,454,312,227,1273,1185,303,262,567,253,303,271,312
"ENSG00000185112",124,106,185,48,361,76,159,122,293,264,345,105,207,60,222,187,303,571,60,155,508,57,267,147,95,345,257,53,115,48
"ENSG00000185115",415,1004,938,190,310,1032,849,926,396,304,1086,939,914,1106,716,781,607,626,1074,858,735,1351,661,605,288,905,699,1302,436,732
"ENSG00000185122",1239,1059,1241,483,835,1272,1103,1220,892,750,1143,801,1595,1446,1278,1221,1144,1105,665,1271,1497,1192,925,624,445,1085,930,1028,635,713
"ENSG00000185127",111,202,203,101,118,222,131,181,200,86,132,120,184,148,195,228,81,190,87,184,76,134,163,55,52,157,203,106,111,128
"ENSG00000185129",34,45,33,2,28,49,43,46,39,29,46,28,32,26,20,56,24,39,18,18,19,27,13,33,7,23,26,32,9,9
"ENSG00000185155",19,8,15,21,1,13,8,41,44,54,16,32,6,29,60,27,33,21,19,61,25,24,52,21,8,13,4,13,11,18
"ENSG00000185156",22,45,86,28,24,56,67,41,40,203,10,112,114,32,67,41,25,76,86,17,17,65,39,23,14,92,104,52,38,82
"ENSG00000185158",11,15,17,8,4,19,23,12,13,14,15,15,20,14,17,10,9,27,8,13,19,22,13,6,9,21,17,8,17,22
"ENSG00000185163",366,449,325,155,293,461,350,294,437,374,272,252,497,365,356,453,292,425,203,325,219,364,333,294,110,381,327,268,196,243
"ENSG00000185187",13,24,84,21,21,77,41,51,93,72,34,75,41,58,35,50,52,36,54,39,54,33,62,66,6,44,28,37,23,53
"ENSG00000185189",60,79,68,61,109,64,62,95,73,367,43,139,71,82,81,54,49,187,96,72,66,134,91,38,33,87,65,57,55,52
"ENSG00000185201",163,469,491,166,51,639,656,677,378,280,462,358,559,636,438,451,633,236,551,652,379,806,448,762,193,362,114,518,345,417
"ENSG00000185215",703,813,428,393,207,758,281,456,367,3427,586,572,812,682,993,1284,404,689,387,521,652,1073,1660,385,400,289,398,296,675,224
"ENSG00000185219",8,11,10,17,2,8,12,8,5,28,6,8,5,8,17,20,1,17,5,16,17,17,8,1,11,12,21,7,10,14
"ENSG00000185222",28,75,51,39,9,36,41,12,13,8,15,61,87,20,1,63,46,21,78,31,30,53,41,3,11,17,4,4,26,35
"ENSG00000185236",457,661,697,350,421,614,559,840,536,374,605,386,509,706,640,768,447,717,299,837,470,552,557,254,200,685,666,614,423,406
"ENSG00000185238",133,301,157,135,114,238,193,120,199,81,101,122,203,114,252,317,113,178,147,129,107,126,192,60,80,198,197,130,209,300
"ENSG00000185245",49,24,10,18,22,28,35,11,26,102,19,29,21,28,34,26,28,50,12,21,77,20,26,5,25,40,28,12,25,16
"ENSG00000185246",139,213,210,142,165,227,302,153,202,309,186,314,255,178,329,244,141,307,247,258,138,298,222,140,150,333,139,337,263,250
"ENSG00000185262",4671,2743,3188,955,1566,4060,4919,4283,3055,2379,7542,2885,3786,4093,2565,3472,6122,3075,3587,5079,5875,3701,2470,5014,940,2017,2318,4497,2063,2496
"ENSG00000185278",3,5,13,7,6,5,8,6,6,4,5,5,4,10,11,17,1,18,3,17,10,5,4,1,6,9,11,6,5,8
"ENSG00000185291",72,174,167,120,149,282,217,22,142,414,245,134,112,156,611,239,292,172,75,311,383,237,195,138,169,174,52,57,118,58
"ENSG00000185298",651,761,431,265,449,543,305,521,529,413,317,478,544,456,461,478,463,468,329,453,371,330,507,371,122,451,550,541,285,321
"ENSG00000185338",829,856,624,153,199,1317,857,818,226,636,1436,521,1608,1021,496,1114,1923,810,785,758,731,1754,1818,570,155,341,461,894,370,376
"ENSG00000185344",197,562,480,390,347,522,401,197,433,361,207,242,327,291,610,492,158,479,173,280,330,271,484,107,321,467,511,171,327,400
"ENSG00000185347",16,49,15,18,10,41,13,17,22,16,12,12,31,20,16,35,10,20,17,11,6,26,30,8,2,14,31,8,14,21
"ENSG00000185359",1233,1370,1355,656,975,1487,1097,1455,959,1980,1107,1193,1666,1285,1166,1403,992,1325,898,1218,881,1381,1340,969,417,1237,1128,1379,698,872
"ENSG00000185361",159,172,178,79,118,164,244,170,231,96,374,169,134,299,180,250,151,274,151,226,212,139,115,149,118,208,220,162,155,169
"ENSG00000185386",16,27,19,25,24,23,16,27,35,37,18,13,10,19,25,21,12,25,9,18,17,22,20,4,8,27,39,18,21,16
"ENSG00000185418",62,192,62,66,25,111,82,141,131,100,109,158,160,77,118,115,75,138,123,82,56,139,74,67,21,45,95,105,165,157
"ENSG00000185432",65,56,10,10,12,19,27,33,18,6,43,38,10,51,8,8,13,38,45,10,4,19,5,130,5,73,73,41,56,28
"ENSG00000185436",35,14,31,1,20,22,15,30,1,1,26,20,10,26,4,7,23,24,8,11,20,12,11,8,15,54,29,6,3,3
"ENSG00000185442",34,322,702,14,51,1054,408,189,31,103,604,482,1271,207,758,791,511,342,107,193,563,642,996,564,403,739,713,71,88,224
"ENSG00000185453",147,192,127,65,117,199,148,166,208,191,204,214,206,131,175,226,142,161,151,206,124,142,117,162,45,122,190,211,148,156
"ENSG00000185475",410,386,255,164,170,323,307,351,272,366,241,330,323,384,252,240,397,321,269,329,309,299,376,256,102,291,234,332,224,235
"ENSG00000185482",176,95,40,38,26,81,84,30,38,92,93,137,102,54,82,66,63,81,172,52,68,155,32,197,30,63,80,109,90,136
"ENSG00000185504",363,479,429,204,268,509,370,407,412,445,362,379,546,420,354,362,434,476,336,406,245,465,389,422,154,435,457,334,262,287
"ENSG00000185507",2517,2241,3788,1150,1599,3367,3666,3678,2809,3638,3893,2141,3405,5181,2154,2862,3271,3148,3239,3445,2405,4215,2412,4999,470,2538,1753,1957,1678,1600
"ENSG00000185518",8,37,36,6,147,20,9,20,21,34,3,7,29,32,24,15,63,93,11,14,124,16,18,4,14,28,39,4,22,7
"ENSG00000185527",84,44,24,94,41,52,101,3,244,156,89,59,141,119,179,119,124,113,128,158,3,240,60,147,84,39,18,278,104,37
"ENSG00000185551",0,391,340,81,159,7,563,2,21,135,459,11,26,32,19,99,7,1180,29,145,207,38,5,348,0,6,15,13,26,20
"ENSG00000185591",890,1092,1242,896,559,933,1316,1057,1168,516,1073,846,835,801,1802,1838,498,1435,523,1867,1242,726,842,384,574,1110,1100,1163,985,1438
"ENSG00000185608",324,509,324,214,196,442,417,383,328,298,227,336,517,377,324,290,529,384,717,310,280,411,428,538,188,329,288,519,329,377
"ENSG00000185614",25,81,44,26,17,51,54,45,66,118,25,25,43,38,29,31,34,43,57,76,54,58,27,28,24,39,29,96,63,41
"ENSG00000185627",672,2253,832,919,667,1468,1222,1260,1601,979,614,1183,1499,892,1258,1212,705,1258,1452,725,396,1311,1269,807,606,1210,1279,902,1246,1400
"ENSG00000185633",7,2,15,4,7,20,18,4,34,4,22,13,27,18,14,60,33,15,18,225,19,3,13,227,3,7,12,31,4,17
"ENSG00000185650",2729,2713,2615,1041,1848,2832,3660,2073,2135,2179,4969,1455,2140,3487,2760,2583,3612,5136,1087,4716,2164,2798,1816,1116,699,2511,1749,3689,1313,1375
"ENSG00000185651",305,632,372,309,432,554,513,489,532,224,377,596,842,419,515,591,491,457,536,507,366,360,493,430,165,525,377,526,433,522
"ENSG00000185664",0,18,11,9,6,10,10,10,31,23,6,22,22,11,11,10,3,18,17,6,39,10,10,7,9,20,10,4,16,15
"ENSG00000185668",259,159,79,73,17,457,295,578,310,625,182,77,357,241,56,1005,179,71,139,251,48,514,302,187,14,41,16,1160,41,107
"ENSG00000185669",36,108,76,19,30,57,89,142,53,64,114,139,107,96,25,59,73,65,83,39,123,92,38,88,21,57,62,76,66,89
"ENSG00000185670",47,88,99,37,52,68,77,90,70,57,62,70,101,87,78,100,56,83,53,83,60,75,75,33,42,110,60,87,64,77
"ENSG00000185722",74,83,69,83,42,58,58,81,70,56,70,52,41,70,112,116,27,74,40,100,125,78,69,15,48,83,133,56,62,111
"ENSG00000185745",333,835,291,1111,86,464,466,703,1767,342,144,168,563,311,959,617,91,527,456,593,302,607,311,128,66,320,91,432,639,615
"ENSG00000185753",24,35,39,10,11,43,37,34,23,15,38,24,44,47,34,100,19,40,20,30,41,38,58,15,22,26,45,16,35,26
"ENSG00000185787",5,69,17,24,24,47,37,14,66,16,12,85,39,10,52,64,7,15,44,15,11,27,49,3,28,44,20,16,62,77
"ENSG00000185800",1217,884,594,329,722,708,674,935,732,884,796,782,705,883,734,897,761,1019,537,868,1094,740,540,613,353,655,829,675,450,379
"ENSG00000185803",356,696,402,237,274,513,429,563,474,450,249,420,560,426,477,474,334,526,333,326,270,427,412,343,136,380,399,360,293,296
"ENSG00000185808",4,18,17,8,9,8,11,11,19,2,8,29,16,12,15,19,3,12,18,8,3,11,21,4,8,21,5,5,18,14
"ENSG00000185813",322,872,449,285,380,537,569,594,635,569,294,404,555,578,501,580,377,473,527,293,295,592,436,564,168,449,587,482,439,415
"ENSG00000185818",5,2,10,1,1,10,8,3,8,0,3,1,4,6,11,10,12,10,1,2,11,2,1,2,6,6,4,0,2,1
"ENSG00000185825",58,162,75,80,96,106,85,112,147,56,63,75,101,100,124,125,72,115,58,71,40,121,130,51,70,125,93,66,140,172
"ENSG00000185838",7,30,7,5,10,34,7,18,10,6,6,8,30,6,16,21,10,3,8,6,4,15,19,7,10,9,15,7,12,16
"ENSG00000185862",740,1219,1651,660,605,1088,1842,1861,1203,732,2141,3192,1247,1373,1334,1180,1490,2047,1292,2294,800,1595,795,977,318,1969,652,1994,1509,1119
"ENSG00000185875",46,175,34,58,69,88,89,37,166,16,27,66,81,46,125,120,39,91,46,41,51,79,80,23,15,96,36,67,130,143
"ENSG00000185880",102,157,256,84,49,103,237,363,81,189,189,329,116,127,94,98,81,106,338,192,108,362,82,214,72,232,133,113,270,213
"ENSG00000185883",1750,1401,2144,358,1180,1954,1534,2116,1126,877,2141,1192,2183,2121,1257,1784,3852,1535,1221,1854,2743,2159,1367,1900,574,1522,918,2668,769,797
"ENSG00000185885",1907,3362,4834,1606,1180,4008,5656,5534,3891,3094,4797,1816,5522,3863,4527,4213,5550,4199,4875,7652,2786,5224,2867,6743,1068,4433,1055,6221,3353,3763
"ENSG00000185896",49,360,205,204,139,239,110,169,235,136,62,134,257,124,297,270,102,271,87,100,46,223,251,63,174,268,145,46,208,126
"ENSG00000185900",7,7,21,14,9,8,13,9,17,1,11,2,11,9,22,40,11,22,7,15,6,13,16,5,17,16,16,7,12,10
"ENSG00000185905",179,253,341,119,60,412,330,412,256,185,315,468,276,454,271,385,204,239,341,363,358,520,119,222,99,320,205,383,137,245
"ENSG00000185928",831,781,346,264,322,561,596,706,759,287,534,708,492,610,472,503,482,580,784,631,555,496,394,521,113,412,672,824,452,501
"ENSG00000185933",2,8,2,3,2,12,11,15,5,3,4,20,16,30,9,16,3,6,8,2,16,17,3,7,1,12,2,4,9,11
"ENSG00000185946",54,50,64,46,48,74,75,67,53,116,64,116,70,66,65,59,69,132,78,79,32,71,81,73,46,105,60,129,80,72
"ENSG00000185947",114,430,309,272,203,439,448,304,378,144,198,440,421,212,522,636,121,334,310,312,173,329,315,82,217,405,274,336,353,462
"ENSG00000185950",8,67,75,1,38,248,67,10,23,94,119,14,268,328,200,418,71,62,18,203,140,166,56,12,20,31,6,214,22,42
"ENSG00000185963",440,571,566,342,265,590,449,578,571,186,629,430,637,529,724,750,241,540,323,514,408,517,462,167,186,569,675,493,458,506
"ENSG00000185989",496,650,1222,193,429,1156,948,808,1014,405,814,1014,685,931,751,1064,722,1080,686,944,899,1208,396,643,324,1284,764,905,385,796
"ENSG00000186010",312,943,612,417,656,784,607,1102,837,449,406,551,756,701,561,644,526,589,765,585,280,696,640,633,270,745,647,902,443,504
"ENSG00000186019",63,151,107,95,64,102,126,118,98,239,102,173,101,114,167,92,55,171,140,140,44,160,124,82,44,162,92,170,174,160
"ENSG00000186020",13,67,58,47,24,101,87,32,40,73,26,74,83,43,120,97,24,79,85,39,15,93,92,10,43,92,53,27,71,86
"ENSG00000186026",12,39,48,21,10,29,44,28,24,38,28,45,51,27,65,64,37,58,35,46,14,56,40,17,16,37,17,33,42,59
"ENSG00000186073",75,155,55,115,26,90,79,69,86,53,29,74,95,64,108,114,37,112,72,93,55,62,62,48,40,69,77,115,77,138
"ENSG00000186075",8,18,3,14,1,10,9,1,17,27,6,25,3,11,20,30,4,12,16,14,6,19,17,3,7,16,9,6,10,21
"ENSG00000186104",35,67,66,60,39,86,77,48,121,127,36,84,107,48,115,111,25,88,105,55,70,113,73,33,32,65,17,88,94,95
"ENSG00000186111",1340,1076,739,539,985,895,1499,851,844,1017,1259,1337,1167,1565,719,1180,1223,2118,731,1278,1724,1193,632,775,312,1110,900,807,544,713
"ENSG00000186130",61,193,123,68,51,107,112,82,101,15,68,82,93,92,210,214,31,75,66,72,80,101,104,13,69,124,102,104,137,159
"ENSG00000186132",20,26,15,9,10,19,13,12,16,6,17,18,37,14,16,30,32,17,20,17,22,12,29,7,7,22,12,12,24,21
"ENSG00000186166",29,73,48,41,45,96,53,55,42,310,32,89,67,51,58,55,66,103,104,51,17,73,64,81,12,77,54,62,55,47
"ENSG00000186174",570,228,200,147,166,170,239,400,227,248,289,156,226,268,288,465,189,262,54,360,407,214,221,51,87,149,288,282,196,173
"ENSG00000186185",700,389,332,340,224,479,487,528,330,321,475,350,233,330,315,445,198,471,300,733,452,258,232,282,104,231,527,930,298,472
"ENSG00000186187",366,303,286,132,125,229,359,109,193,264,395,143,300,211,286,232,430,323,183,205,369,216,253,148,157,165,183,125,352,203
"ENSG00000186193",121,101,63,91,75,224,132,91,362,35,80,41,100,167,156,292,36,164,102,138,74,89,91,71,16,62,220,297,39,174
"ENSG00000186222",105,296,260,113,146,323,326,309,311,138,189,199,362,231,276,307,217,278,146,200,127,279,263,132,96,267,292,170,181,199
"ENSG00000186230",25,16,18,9,14,41,31,14,14,26,24,20,26,61,55,34,52,40,27,29,10,25,30,10,9,28,29,18,22,9
"ENSG00000186260",48,19,13,15,13,12,28,26,13,17,7,17,7,14,25,20,14,20,5,40,27,15,7,4,4,13,25,27,15,15
"ENSG00000186265",1,23,10,5,2,9,14,1,1,1,4,10,7,10,7,8,3,15,5,3,2,4,5,4,11,5,5,0,13,8
"ENSG00000186272",22,64,61,39,33,68,68,44,46,32,38,57,68,44,87,68,24,72,44,68,18,57,50,23,24,69,51,54,64,68
"ENSG00000186280",40,58,34,17,19,38,38,34,30,14,19,21,34,23,30,51,16,38,23,57,29,25,29,19,13,30,35,37,25,43
"ENSG00000186298",395,1754,1140,715,560,1331,1551,872,1380,297,671,1115,1190,864,1779,1712,467,1326,790,1054,401,954,961,587,572,1294,1311,772,1356,1777
"ENSG00000186300",9,31,13,20,23,27,24,23,14,9,11,30,41,22,36,32,16,20,8,29,11,20,29,7,9,34,20,32,25,25
"ENSG00000186350",272,69,132,15,107,138,139,151,88,50,389,92,136,225,102,184,277,92,44,242,520,90,78,101,74,90,114,230,34,69
"ENSG00000186352",20,44,123,17,31,90,77,112,44,62,120,97,128,120,120,69,187,25,167,106,51,163,80,142,134,97,92,59,134,171
"ENSG00000186395",36,36,61,8,43,64,51,75,46,28,71,32,114,62,20,61,79,52,48,16,32,64,89,70,10,28,36,41,15,9
"ENSG00000186416",59,43,42,26,24,42,35,36,42,6,31,45,30,23,44,41,22,31,24,35,53,24,38,9,21,37,25,52,29,54
"ENSG00000186448",14,25,38,14,5,23,30,21,20,10,16,14,25,28,37,44,22,26,14,19,8,18,27,6,9,30,21,12,28,26
"ENSG00000186462",24,89,31,17,38,14,25,47,5,1,27,3,7,1,31,48,26,46,11,10,0,5,13,6,5,23,20,59,26,12
"ENSG00000186468",219,2505,2106,945,1461,2435,2532,1392,2021,792,633,1104,3257,1316,2366,1857,1332,2292,1532,893,242,1912,3398,954,1260,2493,1077,818,1967,1432
"ENSG00000186469",701,811,683,517,397,426,597,645,923,379,615,625,826,448,1001,760,750,770,787,940,873,604,719,307,552,939,538,819,785,1052
"ENSG00000186470",18,102,119,58,31,105,105,137,114,75,74,204,84,99,141,134,50,87,164,82,34,182,61,76,37,99,85,125,152,170
"ENSG00000186517",16,88,31,66,19,35,27,52,77,17,15,31,43,23,87,70,9,75,16,23,21,33,36,5,29,41,62,10,74,51
"ENSG00000186564",14,16,16,3,5,19,17,10,14,14,13,17,22,20,20,28,21,12,15,15,21,11,11,17,3,12,19,20,13,19
"ENSG00000186566",1315,1006,1020,677,694,867,946,1114,887,763,1002,928,700,1106,1169,1259,738,1400,638,1813,1613,771,557,688,476,972,1061,1506,697,897
"ENSG00000186575",144,131,87,58,67,77,92,118,85,38,83,76,118,103,121,146,68,115,61,163,129,68,44,34,39,89,124,171,80,106
"ENSG00000186577",21,110,79,29,30,67,62,106,67,40,41,44,111,56,75,86,72,79,70,72,34,90,105,41,46,61,39,66,66,41
"ENSG00000186583",32,24,5,19,4,44,15,32,22,208,22,11,38,74,30,39,29,10,20,31,13,32,31,15,6,5,6,86,10,24
"ENSG00000186603",173,129,172,31,172,181,150,167,181,36,46,175,165,146,63,197,138,109,90,61,103,43,57,181,14,44,397,75,81,100
"ENSG00000186615",19,14,13,11,9,30,24,18,31,16,14,25,55,25,37,39,24,20,19,20,13,20,23,17,11,11,11,37,22,22
"ENSG00000186628",29,41,14,38,8,39,21,19,15,32,8,23,11,25,33,17,14,27,29,17,11,30,15,13,22,39,13,39,30,32
"ENSG00000186635",113,164,138,95,102,123,93,230,114,78,178,121,130,195,152,182,47,94,62,164,99,144,100,45,72,158,228,136,136,149
"ENSG00000186638",29,30,9,22,7,18,20,36,17,5,16,24,4,20,12,15,1,23,16,30,12,22,7,13,4,7,34,27,15,26
"ENSG00000186648",9,6,26,12,10,10,19,24,18,13,10,71,8,11,9,10,2,22,27,18,36,17,3,69,15,16,5,48,11,5
"ENSG00000186652",11,7,16,3,9,34,45,32,19,162,32,25,57,33,14,38,36,31,45,7,12,39,31,36,13,16,15,12,32,27
"ENSG00000186665",12,24,28,6,16,20,17,13,27,4,9,25,15,18,19,16,17,33,18,7,4,23,11,9,7,36,29,10,7,11
"ENSG00000186666",25,116,52,45,36,62,71,64,78,31,37,68,96,40,101,80,23,112,68,50,28,35,69,34,24,100,73,45,97,72
"ENSG00000186765",18,13,27,6,29,17,22,29,24,71,21,45,21,35,20,30,20,37,14,19,24,40,16,19,19,30,35,15,12,15
"ENSG00000186767",47,131,111,92,38,122,97,96,144,31,91,79,80,48,91,117,24,106,69,134,45,52,71,43,15,71,106,106,100,194
"ENSG00000186806",14,17,9,5,10,3,15,10,1,4,16,11,13,12,7,18,13,13,10,5,15,8,5,7,8,14,12,11,12,9
"ENSG00000186810",281,400,144,62,203,167,132,1119,207,159,167,532,47,249,35,43,83,243,275,190,53,198,67,196,54,240,344,543,170,323
"ENSG00000186812",8,18,24,12,10,28,22,16,6,13,24,16,22,25,24,21,24,27,12,17,14,20,13,12,11,12,14,14,16,21
"ENSG00000186814",13,10,11,17,9,11,16,12,17,5,15,7,11,14,22,24,4,19,6,18,10,9,14,4,17,14,20,13,16,10
"ENSG00000186815",284,240,257,210,151,279,290,263,285,439,360,254,205,338,346,322,101,360,138,298,267,348,268,155,151,197,350,175,292,327
"ENSG00000186827",8,38,20,7,15,87,20,15,29,28,81,21,65,78,59,78,95,36,10,12,34,103,67,32,20,25,6,16,13,12
"ENSG00000186834",981,1261,786,322,726,776,746,1167,932,1308,688,1310,873,1072,741,710,748,1111,912,676,483,966,776,903,217,1044,1020,965,628,559
"ENSG00000186860",3,5,1,1,0,26,20,10,54,8,9,7,44,6,9,21,17,8,35,3,0,4,38,1,2,2,1,55,0,11
"ENSG00000186871",121,268,127,135,71,182,167,116,194,28,70,131,74,69,169,185,53,155,120,115,50,68,84,53,24,122,196,187,186,227
"ENSG00000186891",9,16,43,1,32,110,26,9,4,2,43,45,69,61,11,52,69,32,29,4,4,80,51,14,14,28,20,9,11,14
"ENSG00000186907",2,2,2,5,2,3,2,1,17,18,5,1,2,8,25,7,5,8,7,20,3,11,10,2,2,2,2,1,7,5
"ENSG00000186908",15,32,46,31,24,25,32,33,35,22,24,26,19,26,59,50,6,37,12,34,16,29,27,10,23,38,24,30,30,46
"ENSG00000187049",28,21,43,18,15,33,39,39,24,13,39,31,34,20,47,40,55,25,18,37,27,44,34,16,23,36,24,41,30,41
"ENSG00000187079",5,3,0,7,11,2,103,1,0,1,4,1,10,17,0,4,1,40,4,4,5,0,4,3,12,5,7,4,1,7
"ENSG00000187097",42,69,53,53,31,53,98,58,52,64,34,69,51,60,92,88,30,58,58,66,35,59,51,31,44,53,59,53,67,86
"ENSG00000187105",8,30,15,9,20,26,11,9,18,16,8,44,15,14,28,19,30,24,30,8,13,17,12,8,15,33,16,25,10,11
"ENSG00000187109",97,558,815,251,430,856,737,287,715,164,662,395,987,383,844,920,497,733,483,421,200,417,722,418,384,782,507,272,584,591
"ENSG00000187118",0,29,9,6,2,13,12,3,13,4,2,10,25,3,15,15,5,7,17,3,1,14,14,6,4,11,5,6,22,22
"ENSG00000187145",108,343,226,120,136,202,231,208,270,184,125,301,329,280,261,238,243,221,365,174,113,280,275,189,122,223,201,236,234,260
"ENSG00000187187",0,15,11,7,0,7,10,7,8,10,1,4,7,0,9,6,0,10,6,4,0,7,5,4,6,11,5,3,15,11
"ENSG00000187189",523,588,294,300,322,298,260,274,405,258,205,200,395,191,468,436,262,462,191,301,294,272,411,141,186,277,465,319,308,278
"ENSG00000187193",1,11,3,6,3,15,13,6,10,32,20,16,14,7,6,10,5,3,27,2,1,7,12,3,1,1,12,5,5,11
"ENSG00000187210",13,30,8,0,20,3,5,6,0,3,34,4,4,12,4,4,4,17,5,3,28,1,4,3,5,26,7,4,2,3
"ENSG00000187257",1,17,8,7,3,26,31,12,16,7,8,15,13,13,19,11,9,14,14,10,5,13,8,5,3,11,14,6,7,18
"ENSG00000187266",56,67,94,30,24,99,97,108,41,41,116,73,70,74,68,74,78,68,96,84,96,86,40,74,36,60,84,92,45,86
"ENSG00000187325",47,55,24,28,33,32,30,24,39,10,14,25,14,20,27,25,16,39,27,41,24,31,20,24,12,27,39,72,32,33
"ENSG00000187446",174,617,348,315,249,348,464,460,563,193,254,458,579,315,642,462,180,480,372,461,207,434,158,145,229,475,337,469,557,668
"ENSG00000187461",21,78,68,19,29,105,34,38,54,4,39,35,67,21,62,97,33,65,24,22,124,31,109,22,80,41,32,28,27,36
"ENSG00000187486",1,6,9,0,1,6,3,17,18,3,3,13,8,21,2,14,1,4,2,4,9,12,2,2,0,18,2,25,5,6
"ENSG00000187510",8,9,16,25,3,10,23,36,18,39,15,55,4,17,9,11,7,17,27,32,7,19,8,20,2,15,3,22,26,21
"ENSG00000187531",442,530,371,226,348,522,357,513,396,969,348,496,544,564,391,385,369,532,438,422,294,467,412,380,107,507,443,435,298,288
"ENSG00000187535",42,22,52,28,17,36,46,27,41,68,52,22,33,57,51,53,19,61,27,49,34,29,37,20,16,48,50,20,40,36
"ENSG00000187555",1276,1758,1455,844,1072,1419,1430,1430,1437,711,1295,1628,1644,1300,1955,1736,1104,1787,1241,2007,1568,1235,958,709,648,1408,1410,2809,1493,1971
"ENSG00000187566",9,12,12,3,2,12,12,10,23,3,11,6,23,5,11,16,12,14,2,11,17,6,21,2,6,7,7,11,9,5
"ENSG00000187601",305,203,143,103,98,190,196,208,176,151,248,240,241,198,160,163,209,157,242,164,263,186,209,215,40,149,173,216,184,179
"ENSG00000187607",5,10,8,11,8,11,21,10,8,10,9,12,18,21,34,15,10,9,16,19,14,3,13,10,10,10,15,15,14,20
"ENSG00000187608",1612,6189,2332,4334,736,6645,4169,6382,10120,3207,1519,2588,6308,5638,5205,4702,1687,4376,7404,3467,2285,7461,4134,4429,730,3004,1179,1635,4018,4331
"ENSG00000187624",123,3,42,19,27,51,58,27,24,29,2,38,71,54,28,42,6,36,38,0,2,39,7,26,13,31,6,59,49,24
"ENSG00000187626",5,12,12,9,5,14,21,10,12,8,8,11,22,13,24,15,5,12,13,10,5,16,16,8,7,14,11,12,13,14
"ENSG00000187630",13,14,6,5,10,20,23,14,4,2,7,2,11,9,5,20,3,7,4,0,12,2,2,11,7,6,30,9,10,7
"ENSG00000187642",6,3,8,2,5,11,10,16,8,6,11,27,16,10,7,8,10,7,9,13,7,11,11,25,1,5,2,19,5,2
"ENSG00000187650",40,75,45,41,49,55,55,64,59,154,53,107,66,54,51,52,39,109,37,53,36,66,61,37,26,84,67,35,56,45
"ENSG00000187653",157,1545,978,824,488,3714,1116,533,1582,933,254,2013,2007,1479,1024,842,163,459,1738,291,339,1638,2446,612,733,1310,1220,509,1235,1664
"ENSG00000187713",294,684,376,275,298,619,395,363,536,254,347,388,735,395,604,588,359,506,399,348,218,407,576,262,186,425,480,311,401,423
"ENSG00000187726",0,9,7,2,0,8,5,11,3,17,12,9,8,8,7,10,1,5,9,13,1,12,6,15,0,1,2,18,4,13
"ENSG00000187741",32,65,72,42,34,70,50,28,74,63,29,46,39,40,68,83,22,51,35,35,12,35,59,23,23,43,104,42,35,60
"ENSG00000187778",379,901,546,503,433,797,641,674,798,723,464,536,858,695,732,663,476,698,633,523,222,570,709,849,257,559,719,563,478,528
"ENSG00000187790",80,225,85,167,59,104,131,109,141,70,56,124,74,52,154,182,25,86,145,122,59,86,63,65,65,123,124,141,166,265
"ENSG00000187792",48,52,51,41,41,39,64,59,22,62,40,52,52,71,76,65,20,94,16,88,39,29,29,26,29,72,58,60,49,42
"ENSG00000187808",44,63,164,12,35,78,130,203,39,15,168,153,97,73,12,129,150,69,120,19,187,126,79,170,49,130,62,104,73,65
"ENSG00000187824",6,12,15,10,6,13,12,1,13,4,5,12,31,9,19,14,11,18,12,17,5,14,21,10,6,14,11,35,16,13
"ENSG00000187837",511,1718,512,1782,285,1589,1919,2681,730,6587,449,1081,956,886,988,1338,215,1500,4668,655,109,715,861,1408,202,588,362,489,951,1976
"ENSG00000187838",558,698,450,318,305,464,731,733,574,392,506,521,570,626,540,565,408,710,504,475,444,721,377,371,192,463,382,787,358,354
"ENSG00000187840",315,408,679,138,291,529,595,412,691,221,461,324,653,531,617,522,767,552,653,674,531,525,558,549,166,326,279,950,242,300
"ENSG00000187866",245,228,244,119,119,244,215,284,195,122,166,212,233,256,263,257,163,201,223,288,226,243,207,154,74,195,194,313,191,230
"ENSG00000187912",184,454,499,477,344,512,322,369,347,669,271,388,516,430,838,699,311,777,210,317,261,471,442,163,445,366,542,72,579,317
"ENSG00000187954",20,33,34,13,18,27,33,34,32,29,28,26,56,39,28,29,39,50,28,29,42,37,40,17,10,33,18,22,36,23
"ENSG00000187990",10,19,16,29,11,15,15,23,17,44,11,2,11,14,16,6,13,26,22,17,4,11,10,7,4,11,6,20,14,14
"ENSG00000187994",416,730,514,237,255,488,491,584,334,267,495,583,603,682,498,463,325,650,490,437,305,707,495,292,201,494,679,359,493,441
"ENSG00000187997",13,72,29,36,16,56,38,5,9,57,28,35,35,94,34,31,52,51,42,24,22,43,30,21,71,34,25,12,30,25
"ENSG00000188021",553,872,866,509,547,722,591,537,652,247,614,472,849,586,880,954,512,755,336,702,737,449,622,181,459,712,677,480,562,539
"ENSG00000188026",15,10,36,2,33,18,23,10,33,24,17,27,48,23,67,41,42,40,8,21,50,37,37,20,23,20,17,20,18,13
"ENSG00000188042",93,335,332,410,151,513,36,788,556,141,491,585,442,256,122,602,150,283,496,224,169,910,141,339,267,216,153,90,245,897
"ENSG00000188089",2,4,0,0,2,15,8,1,2,12,1,3,12,6,10,13,2,5,7,9,1,9,8,4,0,0,0,5,4,17
"ENSG00000188126",8,3,13,25,15,21,17,94,19,75,33,17,28,22,25,29,14,90,4,82,12,29,55,75,3,26,3,28,58,15
"ENSG00000188167",25,36,37,47,37,56,34,37,60,33,14,29,37,22,75,88,11,59,14,52,12,33,44,8,14,61,32,24,40,43
"ENSG00000188177",5,38,36,16,17,44,51,30,33,115,23,97,22,18,35,35,41,44,138,31,11,72,4,69,26,45,20,59,48,56
"ENSG00000188211",14,21,28,18,20,9,18,8,6,3,11,9,26,8,7,34,1,21,16,9,40,11,11,9,8,14,12,3,19,9
"ENSG00000188215",15,51,30,26,9,39,29,35,20,29,15,44,49,37,45,44,21,29,23,26,13,52,26,10,8,30,21,32,21,32
"ENSG00000188223",152,102,194,57,118,132,169,169,92,201,168,152,180,164,112,114,320,139,185,186,177,179,148,225,47,150,100,232,72,64
"ENSG00000188227",13,33,15,15,13,7,31,11,5,13,7,3,17,15,25,31,9,41,48,12,5,6,8,14,5,23,27,7,20,7
"ENSG00000188229",2759,3048,907,1221,1064,1805,1369,1826,1622,693,1373,1222,1409,1395,1038,1501,1374,1322,1726,1026,889,1238,1100,1522,385,1102,2281,2582,987,1469
"ENSG00000188266",1,10,5,5,6,3,7,7,4,21,8,8,12,7,0,11,7,13,5,12,6,6,5,16,3,2,7,26,6,6
"ENSG00000188277",52,25,55,34,15,50,48,42,81,91,51,66,99,71,45,62,70,76,34,82,69,95,74,35,59,31,18,44,34,45
"ENSG00000188283",9,40,51,27,17,45,34,29,45,26,32,40,43,21,64,54,11,50,33,37,10,39,34,11,23,45,25,29,58,63
"ENSG00000188290",20,30,31,17,10,307,46,39,97,35,97,42,276,86,254,155,143,47,80,55,19,224,211,43,3,12,15,40,50,99
"ENSG00000188305",1,11,9,6,11,17,11,20,42,55,17,25,16,13,12,12,17,30,18,13,10,17,4,20,13,13,10,12,14,12
"ENSG00000188312",48,38,8,10,9,32,22,17,18,24,25,18,15,20,23,19,24,15,34,26,43,17,13,31,11,13,28,30,18,33
"ENSG00000188321",16,69,47,26,24,42,51,26,54,28,29,19,57,27,83,61,17,78,30,32,14,28,36,13,18,40,33,30,68,60
"ENSG00000188322",17,9,6,7,4,1,3,10,17,5,2,2,5,2,9,7,1,13,6,9,0,5,6,9,1,7,7,15,8,2
"ENSG00000188342",15,31,21,20,19,32,42,16,30,9,25,29,47,13,40,37,40,35,24,29,13,23,34,25,17,39,10,35,23,26
"ENSG00000188352",498,1369,537,587,303,819,671,1140,880,191,623,609,828,486,840,810,278,682,479,664,343,682,554,300,466,512,688,1154,1087,1103
"ENSG00000188368",10,12,6,4,4,6,5,35,7,3,2,9,4,4,3,9,6,6,5,2,12,7,1,10,0,10,8,8,6,4
"ENSG00000188373",46,119,5,7,2,86,41,299,114,9,21,153,14,49,13,82,3,15,38,42,3,638,35,47,4,33,17,245,20,46
"ENSG00000188375",174,592,329,223,143,341,270,282,373,104,125,237,412,322,350,394,179,404,201,217,111,272,364,139,118,309,310,218,274,261
"ENSG00000188379",1,8,2,18,0,9,5,4,8,9,2,2,20,5,21,26,8,7,7,1,0,26,32,1,0,4,1,3,10,5
"ENSG00000188389",23,16,47,1,7,29,29,39,0,2,82,23,26,14,13,46,42,22,19,26,101,55,13,29,11,11,9,63,8,18
"ENSG00000188483",19,23,55,9,19,82,30,43,47,12,32,53,98,41,19,44,116,27,51,20,50,42,103,123,3,44,14,93,14,33
"ENSG00000188486",3261,2596,1313,734,950,2363,1985,2200,2380,1365,1561,1782,1656,1606,1319,1507,1640,1717,2613,1887,1565,1031,1134,2435,247,1116,2211,2958,1091,1856
"ENSG00000188493",84,126,111,48,34,129,98,119,83,59,86,89,116,97,135,148,61,84,54,82,52,78,85,36,48,84,126,78,86,114
"ENSG00000188522",218,170,161,74,88,167,140,146,119,38,282,118,150,275,208,271,74,215,54,205,309,116,113,39,86,139,237,131,80,88
"ENSG00000188542",5,19,15,10,11,16,20,12,13,25,7,18,25,11,27,14,12,18,27,11,5,13,16,20,5,12,4,5,24,19
"ENSG00000188554",412,688,696,409,409,612,690,820,582,287,655,484,635,659,819,747,301,750,286,837,525,699,551,166,431,680,611,611,607,697
"ENSG00000188566",807,426,208,240,218,282,231,356,243,585,263,326,253,319,258,264,159,440,231,281,339,316,260,226,95,264,504,353,178,218
"ENSG00000188603",66,120,95,92,56,118,94,109,132,146,63,66,135,115,121,132,95,114,63,86,144,138,159,43,64,98,83,82,62,71
"ENSG00000188612",2,43,18,21,15,13,32,9,32,5,8,25,34,10,25,30,15,15,24,12,6,9,35,4,16,26,9,10,21,56
"ENSG00000188613",28,7,9,2,2,12,17,5,19,7,17,15,18,6,13,9,27,11,1,7,4,2,17,5,5,5,10,3,9,4
"ENSG00000188620",424,73,301,11,880,17,40,2,117,36,223,18,45,130,75,47,501,394,27,50,313,9,57,41,180,260,360,4,41,0
"ENSG00000188629",2,9,7,5,4,13,5,1,1,16,2,1,10,6,12,4,1,9,11,3,0,10,7,1,2,4,2,3,5,7
"ENSG00000188636",69,73,31,6,66,6,7,32,82,7,22,59,44,64,179,59,48,182,11,58,47,35,40,26,8,28,40,122,34,41
"ENSG00000188659",0,0,1,1,7,1,13,0,1,0,11,0,0,1,1,13,7,2,6,0,0,0,13,1,0,1,13,4,0,0
"ENSG00000188699",183,544,269,211,171,379,396,252,385,211,218,512,449,333,386,371,310,361,623,219,170,406,349,386,163,354,307,288,425,467
"ENSG00000188707",145,192,102,101,139,129,149,151,264,180,68,57,108,174,314,66,94,194,137,145,54,119,179,91,73,187,181,82,98,65
"ENSG00000188725",102,247,168,131,123,219,168,210,226,53,108,166,226,172,234,281,98,198,112,179,80,135,183,86,73,150,179,102,158,189
"ENSG00000188735",121,100,101,55,70,88,79,109,74,62,87,100,88,111,78,112,70,117,62,76,103,94,88,94,45,105,113,62,55,90
"ENSG00000188747",1,6,10,0,116,72,2,19,13,123,29,36,30,3,15,7,6,9,33,4,38,13,8,101,2,3,18,29,1,7
"ENSG00000188760",16,6,4,5,4,2,2,8,10,17,8,21,3,10,9,7,6,7,12,19,13,14,2,5,0,10,10,19,3,5
"ENSG00000188763",1,3,17,0,0,8,2,4,1,1,10,1,25,7,4,11,12,1,2,3,32,15,11,4,6,4,0,7,0,3
"ENSG00000188785",89,99,156,45,65,150,107,103,82,97,133,131,144,141,144,113,75,186,118,160,79,98,151,69,52,153,101,156,122,125
"ENSG00000188786",16,44,25,21,19,24,22,29,33,14,15,21,25,17,30,38,9,29,12,21,16,21,18,5,15,33,29,20,29,24
"ENSG00000188816",456,56,279,6,241,55,26,3,54,1,151,224,64,130,21,63,445,180,38,22,235,12,46,479,154,349,245,7,39,3
"ENSG00000188820",12,67,32,30,6,42,27,13,85,48,28,14,56,32,57,49,28,43,57,58,27,68,24,38,34,77,14,20,55,76
"ENSG00000188822",222,368,411,287,303,463,399,286,342,376,305,265,337,464,545,441,220,482,269,366,371,208,270,360,407,646,369,138,297,140
"ENSG00000188825",4,10,5,4,6,14,2,9,12,18,10,9,17,6,6,5,5,10,5,4,6,4,9,6,4,7,12,11,2,12
"ENSG00000188827",98,43,55,57,45,30,66,57,55,56,63,60,34,44,64,68,16,61,24,107,66,47,45,22,10,47,98,71,51,84
"ENSG00000188848",26,90,24,79,3,79,53,87,77,24,17,53,45,39,209,116,6,53,29,81,1,56,78,8,45,16,28,41,70,63
"ENSG00000188859",37,43,35,24,14,37,43,79,11,22,19,13,46,43,39,51,33,19,27,19,22,57,53,10,11,6,13,14,30,23
"ENSG00000188863",27,29,35,16,33,29,25,38,21,5,38,25,33,24,28,39,29,29,17,48,10,17,18,19,11,28,37,57,20,27
"ENSG00000188868",5,26,27,9,7,13,15,20,9,15,18,17,23,22,22,26,9,17,22,9,14,16,12,9,13,14,15,16,26,27
"ENSG00000188878",129,99,28,43,84,26,29,82,52,74,48,53,54,52,43,34,25,104,47,46,38,61,38,24,30,57,89,60,44,33
"ENSG00000188895",592,895,535,444,399,679,671,698,627,588,886,923,710,725,802,850,601,805,585,833,549,761,667,441,356,742,692,853,806,909
"ENSG00000188917",8,15,6,11,6,10,11,11,9,10,9,12,7,15,13,7,3,16,9,15,3,16,11,5,3,13,13,12,14,14
"ENSG00000188921",3,46,18,17,5,16,36,20,11,7,12,39,21,15,38,18,14,18,21,14,3,22,18,8,12,37,16,18,33,41
"ENSG00000188931",14,15,10,7,7,13,10,12,12,3,15,10,14,10,18,18,7,8,7,8,18,14,14,7,6,10,10,7,14,20
"ENSG00000188938",34,67,35,36,45,59,41,65,58,24,37,54,49,59,52,41,44,79,40,51,27,40,37,27,16,52,63,36,47,37
"ENSG00000188971",235,340,109,240,112,131,128,283,295,154,139,146,139,98,213,208,49,277,75,263,171,146,55,53,117,158,153,206,206,209
"ENSG00000188986",843,1703,1104,800,809,1553,1085,1275,1649,1005,935,880,1546,1205,1507,1684,848,1376,812,1038,621,1228,1151,630,475,1128,1453,924,1015,1195
"ENSG00000188997",106,139,132,94,103,102,99,154,64,21,134,184,192,146,114,65,68,161,59,112,105,101,122,46,88,149,110,90,103,90
"ENSG00000189042",30,80,67,40,34,57,64,39,57,46,38,57,82,59,67,71,40,65,42,57,23,48,76,17,25,59,41,78,63,52
"ENSG00000189046",111,159,141,82,94,189,164,87,147,113,151,125,229,152,201,189,218,172,126,144,106,158,229,194,54,129,95,183,114,120
"ENSG00000189057",319,890,214,468,208,282,293,432,617,120,165,406,185,166,411,453,136,529,354,424,131,129,177,190,84,307,512,542,723,627
"ENSG00000189060",201,125,191,160,872,178,191,143,882,372,113,71,141,159,684,169,137,435,151,462,278,116,65,82,113,262,75,365,101,63
"ENSG00000189067",939,2699,2139,704,966,2426,2287,2194,1740,526,2123,2069,2998,1908,2460,3395,1908,2678,865,2301,1420,1727,2374,573,1406,2086,1856,1316,2305,1909
"ENSG00000189091",556,604,419,465,339,372,420,436,491,158,303,293,331,387,690,656,186,527,298,665,404,269,302,229,270,428,717,501,370,566
"ENSG00000189114",50,63,51,17,18,79,59,49,41,39,35,42,57,61,42,92,53,46,30,40,84,55,43,21,11,49,60,25,37,32
"ENSG00000189134",1,19,10,6,4,2,4,2,26,29,4,1,10,8,22,9,6,15,30,13,5,15,20,6,0,4,8,6,5,7
"ENSG00000189190",17,57,36,24,13,40,29,28,32,40,16,28,54,32,60,45,18,44,40,29,15,39,40,9,20,44,33,18,57,49
"ENSG00000189227",35,106,117,24,46,168,136,90,75,33,114,64,125,97,94,141,119,77,107,64,46,120,100,130,41,117,92,61,68,65
"ENSG00000189241",447,984,780,504,534,791,461,745,858,294,471,694,685,682,727,880,454,802,371,650,478,617,421,214,331,856,768,433,595,562
"ENSG00000189306",128,255,69,83,74,149,78,112,218,49,82,150,82,134,140,154,227,113,96,66,46,113,103,27,68,99,150,149,69,104
"ENSG00000189319",163,77,89,48,51,79,77,223,28,20,121,55,68,135,60,147,39,121,16,130,136,53,70,24,75,88,116,64,34,91
"ENSG00000189325",0,4,9,2,18,13,4,7,6,1,2,6,12,11,2,7,2,8,0,1,22,1,7,6,1,5,3,0,14,3
"ENSG00000189369",201,364,177,168,155,231,218,215,286,95,189,274,238,213,297,222,144,280,158,278,181,182,190,98,120,233,212,207,209,240
"ENSG00000189385",3,3,9,1,7,19,0,0,1,1,15,17,15,12,17,7,1,9,1,5,25,30,15,4,4,17,3,3,4,25
"ENSG00000189431",4,6,7,4,0,27,11,18,12,11,4,1,11,11,4,32,3,4,10,6,0,21,15,0,2,0,0,83,3,4
"ENSG00000196072",95,575,219,176,145,292,238,287,276,108,84,275,372,169,351,357,102,225,289,114,80,276,369,87,151,336,209,126,368,335
"ENSG00000196081",9,22,6,17,7,8,23,7,16,13,4,13,13,15,23,15,4,15,15,27,2,10,13,4,4,16,10,6,13,21
"ENSG00000196110",11,14,30,16,5,18,31,17,21,16,21,23,17,27,36,37,6,29,15,25,12,13,27,1,3,21,16,17,18,30
"ENSG00000196116",1,45,13,28,16,28,25,15,27,8,10,22,35,16,42,43,4,25,16,14,7,19,23,3,10,36,14,6,32,28
"ENSG00000196118",26,30,32,9,23,17,21,15,19,72,20,40,15,22,8,23,21,32,37,12,18,28,24,27,6,17,40,31,17,18
"ENSG00000196123",32,30,16,9,14,17,23,38,22,54,21,32,18,28,23,19,21,25,27,24,15,46,22,28,9,17,49,40,20,21
"ENSG00000196126",1071,2227,2576,390,1383,1928,1469,953,1100,605,2786,226,2126,1969,1282,2686,1858,2552,663,1928,970,2487,1976,507,722,3103,639,1023,1597,1112
"ENSG00000196150",9,16,12,6,5,13,16,10,8,22,21,11,13,8,15,17,11,18,13,18,10,17,15,14,5,13,11,28,12,8
"ENSG00000196151",8,108,125,63,54,98,78,61,95,51,41,44,122,45,205,114,50,141,57,55,30,77,113,39,60,134,46,68,119,114
"ENSG00000196152",135,208,92,68,66,149,102,137,99,99,106,150,158,146,169,109,82,156,76,111,69,178,145,51,43,107,132,127,119,129
"ENSG00000196154",124,164,304,239,24,413,108,144,327,240,135,124,481,125,157,308,475,123,223,116,159,155,445,507,256,144,43,83,106,175
"ENSG00000196155",8,4,3,6,5,15,13,3,9,11,2,4,10,5,22,20,2,10,6,4,1,7,13,4,1,8,7,10,4,7
"ENSG00000196167",0,7,11,3,3,4,7,4,14,41,3,17,3,6,16,13,4,21,15,8,3,15,19,10,3,9,7,6,6,5
"ENSG00000196172",9,20,16,25,1,8,24,9,9,7,6,6,23,11,32,28,7,10,25,17,11,12,6,9,4,21,20,15,31,26
"ENSG00000196176",2,21,6,5,3,6,8,5,13,1,2,4,3,2,10,6,3,5,11,2,1,6,5,19,2,2,9,6,12,30
"ENSG00000196177",5,15,8,18,14,10,22,5,29,2,5,7,13,14,21,27,8,16,0,15,10,20,12,2,20,21,38,6,17,8
"ENSG00000196218",7,36,25,8,4,40,20,59,3,12,26,18,52,27,47,45,51,6,20,15,22,29,20,30,8,28,10,20,24,10
"ENSG00000196223",10,32,9,15,5,16,15,17,14,69,8,27,19,12,12,20,11,28,36,11,7,30,8,18,5,10,15,22,19,17
"ENSG00000196227",2,12,10,10,3,6,8,5,6,2,3,5,4,9,11,11,4,10,2,7,3,6,5,1,4,6,11,7,7,9
"ENSG00000196230",119,535,140,300,171,225,193,228,309,83,79,107,172,138,223,224,68,206,167,159,72,171,175,99,165,192,259,259,292,483
"ENSG00000196235",427,429,317,216,261,248,291,418,330,260,372,326,276,295,369,361,230,381,178,542,318,236,184,190,142,304,463,433,216,243
"ENSG00000196247",5,5,6,9,0,9,13,9,4,0,3,7,7,3,21,16,13,14,9,9,4,10,2,3,7,7,8,12,8,13
"ENSG00000196296",38,28,20,9,18,39,33,33,22,125,32,27,38,30,19,20,19,28,41,27,21,42,26,40,7,30,22,59,24,33
"ENSG00000196313",70,31,30,20,32,20,28,29,27,10,41,12,16,36,40,40,35,62,3,37,72,19,25,6,18,26,51,25,23,17
"ENSG00000196323",72,154,198,195,95,181,209,125,228,54,145,103,166,173,358,316,85,184,60,259,109,128,123,35,59,161,145,177,143,227
"ENSG00000196331",11,7,2,12,3,8,11,19,3,31,9,1,3,12,4,3,7,14,11,10,1,5,2,6,0,7,0,13,2,15
"ENSG00000196338",2,7,14,6,2,14,9,7,4,35,3,21,6,5,8,11,0,11,7,5,2,14,6,5,3,14,4,13,6,8
"ENSG00000196357",4,36,17,11,8,26,14,25,11,15,10,15,23,12,25,22,12,23,18,16,1,29,19,9,9,29,17,24,28,21
"ENSG00000196363",526,854,496,372,397,675,441,445,675,401,358,398,735,424,700,739,358,648,411,442,328,413,639,295,234,561,595,412,463,567
"ENSG00000196365",1736,3086,4240,1427,2522,3874,3450,3118,3886,1693,2770,2256,3683,3695,3714,4667,2383,2862,2392,3274,2409,3187,2761,2021,1708,3518,3437,3300,2026,2671
"ENSG00000196371",129,299,95,210,47,382,142,165,400,253,75,115,273,125,433,459,65,312,137,178,92,223,301,57,25,67,51,191,237,249
"ENSG00000196374",15,10,11,5,4,14,13,12,15,13,18,8,8,12,6,9,11,25,10,29,6,5,6,10,1,11,12,36,7,17
"ENSG00000196378",39,45,51,18,22,52,80,50,39,61,61,53,68,78,65,42,78,61,63,76,59,70,49,49,25,55,41,111,43,60
"ENSG00000196387",6,39,45,22,24,44,44,25,35,27,21,38,63,43,71,43,6,62,29,31,12,44,32,23,19,48,33,30,27,43
"ENSG00000196388",48,43,35,18,9,40,44,28,20,71,41,32,35,44,40,38,16,64,26,24,11,49,40,38,23,41,36,22,35,31
"ENSG00000196396",2637,2326,1588,1131,905,1654,2083,2538,2183,1376,2317,2104,1602,2152,1797,2332,1553,1987,1176,2250,2306,2011,1545,879,717,1584,2386,2131,1896,2023
"ENSG00000196405",1732,2044,4286,596,1989,2633,2431,2317,2305,1745,2637,1740,3932,2708,2092,2390,2943,2989,2643,2369,4041,2884,1724,2564,1293,2950,2294,2686,1845,1866
"ENSG00000196407",5,0,25,2,7,9,11,7,6,1,5,6,18,3,4,10,11,10,7,9,30,3,19,3,6,10,12,8,9,9
"ENSG00000196408",10,18,2,6,3,4,4,7,12,9,5,8,6,17,3,11,10,5,14,9,5,14,7,2,0,9,6,15,2,3
"ENSG00000196422",10,6,4,10,2,26,19,11,27,4,13,5,16,7,36,49,5,18,3,39,4,20,22,1,2,3,2,22,1,17
"ENSG00000196437",3,50,18,25,9,30,33,17,37,10,7,19,40,20,65,59,13,23,31,18,6,34,21,13,12,33,27,22,49,43
"ENSG00000196449",95,435,222,155,128,368,215,220,289,50,99,176,424,168,331,375,171,233,171,87,55,224,485,106,152,204,179,97,211,232
"ENSG00000196453",358,312,387,152,295,315,368,322,358,137,318,240,453,420,442,400,321,405,159,495,622,241,271,147,133,342,331,474,175,211
"ENSG00000196458",18,57,39,37,15,48,60,31,56,76,35,64,71,22,78,72,21,88,61,55,22,46,44,65,25,63,42,64,58,71
"ENSG00000196465",299,338,350,183,201,370,455,341,306,290,382,322,468,453,342,351,499,439,458,372,294,437,312,712,165,401,280,355,335,254
"ENSG00000196470",38,189,235,81,80,243,200,99,151,246,91,130,236,149,279,246,84,225,161,115,57,218,203,82,77,283,102,129,156,191
"ENSG00000196476",72,47,61,30,34,42,54,44,29,74,32,49,63,44,60,27,37,42,67,51,36,62,47,39,16,41,75,72,58,59
"ENSG00000196497",1496,1685,837,730,892,949,879,975,1152,686,630,621,921,921,1285,1126,688,1217,415,1113,852,725,700,395,508,923,1546,799,726,716
"ENSG00000196507",11,18,3,2,14,13,14,20,6,6,19,9,16,11,9,10,22,13,15,8,8,15,11,20,1,8,3,20,6,2
"ENSG00000196531",174,702,677,336,561,863,700,394,667,305,341,874,1169,612,762,587,439,597,977,367,236,805,1130,743,368,855,425,383,691,741
"ENSG00000196532",10,17,15,13,1,15,22,20,4,42,21,11,14,17,8,13,4,20,30,18,3,7,11,53,1,7,3,22,12,15
"ENSG00000196535",1526,1616,1378,1099,903,1669,1857,2068,1832,1978,1793,1534,1534,1775,1698,1866,667,1331,1107,2610,1249,1759,1004,698,622,1495,1545,2072,1246,2029
"ENSG00000196544",123,154,164,38,112,135,126,191,150,53,158,105,134,189,113,128,158,130,56,122,261,132,115,70,46,144,142,69,103,83
"ENSG00000196547",294,255,466,205,383,312,242,285,228,356,393,434,276,407,398,359,125,515,188,251,341,346,324,257,226,540,589,186,211,219
"ENSG00000196584",81,84,33,49,29,78,80,44,43,52,35,55,40,41,63,62,14,69,90,52,34,34,29,31,20,59,77,78,65,110
"ENSG00000196605",4,20,14,15,1,19,24,10,10,27,15,20,25,18,17,21,10,35,35,8,5,17,13,9,2,32,8,11,16,17
"ENSG00000196614",21,7,7,2,6,7,1,5,6,12,0,7,7,9,10,7,4,12,2,3,8,3,8,7,3,5,14,6,3,4
"ENSG00000196628",456,633,650,461,454,490,715,771,594,527,470,749,272,648,701,751,337,873,545,666,420,419,246,657,229,693,670,460,422,327
"ENSG00000196652",12,16,12,9,7,4,6,7,7,4,16,14,10,6,14,12,3,9,4,9,10,8,5,6,6,9,11,22,6,7
"ENSG00000196655",70,249,85,110,60,109,97,147,151,47,30,72,157,77,139,167,32,131,57,50,27,90,184,44,53,115,111,74,112,135
"ENSG00000196659",7,18,8,4,5,11,7,10,11,3,5,7,12,6,13,16,2,8,3,2,6,6,2,2,1,10,16,6,5,11
"ENSG00000196663",154,181,58,85,45,63,59,123,84,52,53,65,73,54,90,88,42,136,39,128,81,65,54,41,30,60,151,79,56,68
"ENSG00000196678",10,46,21,28,9,27,24,23,26,10,8,13,22,21,44,36,4,32,12,18,4,15,22,4,14,17,36,11,36,40
"ENSG00000196684",1705,1339,1863,812,1237,1704,1694,1846,1868,2220,1509,2427,1140,2229,1188,933,1494,2504,1934,1870,1403,2198,1273,2008,518,1871,1404,1724,1055,1221
"ENSG00000196689",28,28,19,15,23,23,25,34,9,34,13,27,27,35,24,26,19,26,8,21,14,21,29,16,14,24,28,23,9,14
"ENSG00000196700",970,1015,718,578,514,762,762,635,938,974,472,925,612,734,1388,826,304,1200,395,1015,555,747,499,421,421,815,1024,735,533,473
"ENSG00000196704",265,260,206,93,123,229,291,260,131,75,236,176,279,234,223,228,339,218,207,354,209,219,200,174,79,194,172,512,184,263
"ENSG00000196705",25,40,36,21,23,44,39,28,32,27,24,43,36,25,40,43,25,37,38,40,22,25,35,20,16,51,30,36,33,60
"ENSG00000196715",146,248,202,154,114,211,190,206,197,71,178,186,215,169,317,308,152,227,162,297,213,152,161,138,73,194,202,244,168,220
"ENSG00000196724",5,22,4,18,4,3,7,0,6,38,0,5,34,6,41,33,1,27,28,36,3,23,14,10,6,27,6,14,15,22
"ENSG00000196741",5,26,4,10,10,13,19,4,14,13,6,28,13,9,19,11,9,21,29,3,3,13,16,10,12,15,12,9,14,22
"ENSG00000196743",79,294,377,106,147,418,297,288,159,79,197,140,343,308,285,366,88,293,144,194,122,346,279,57,212,405,167,136,233,253
"ENSG00000196754",1,15,7,2,3,7,1,5,5,9,2,6,13,5,9,8,7,3,17,1,1,25,16,16,11,0,0,2,5,7
"ENSG00000196757",8,95,52,35,18,86,57,35,69,139,25,82,70,29,76,58,14,90,88,29,18,50,45,42,30,73,38,35,103,102
"ENSG00000196787",11,34,10,23,16,10,16,28,27,20,19,30,20,12,35,14,8,22,20,21,6,10,7,11,2,20,14,14,16,13
"ENSG00000196792",75,263,175,152,77,212,202,161,223,132,108,232,206,136,306,309,81,239,161,183,105,169,127,90,75,201,144,151,198,266
"ENSG00000196812",42,101,64,51,37,75,77,71,31,82,39,77,67,42,89,54,50,98,86,83,23,71,68,39,25,91,49,96,57,68
"ENSG00000196821",89,260,240,144,110,168,196,215,138,55,192,178,175,236,286,326,82,173,78,245,124,198,123,38,122,197,318,115,215,210
"ENSG00000196839",253,1251,560,222,435,602,682,356,318,345,378,543,922,753,396,448,489,613,511,480,281,856,848,281,341,562,529,255,509,485
"ENSG00000196843",320,247,346,89,178,287,253,297,208,231,443,165,434,374,232,415,300,295,124,282,379,336,367,124,115,191,225,243,165,179
"ENSG00000196850",457,722,966,353,426,554,551,460,368,230,618,610,622,525,830,1075,354,508,283,575,810,477,551,206,569,728,695,466,492,645
"ENSG00000196865",8,31,34,9,22,24,21,18,33,18,19,29,25,37,44,46,7,32,27,25,10,18,29,3,18,26,32,13,24,38
"ENSG00000196867",3,3,30,15,0,16,40,2,5,30,4,2,40,24,80,59,17,44,14,52,13,6,29,2,5,16,3,1,13,22
"ENSG00000196914",426,902,703,507,650,597,544,637,873,249,410,525,513,429,1079,991,183,1180,244,586,480,427,284,167,442,977,768,432,527,606
"ENSG00000196922",12,24,26,16,16,14,26,13,35,6,8,17,25,10,40,28,7,18,6,16,10,5,13,1,12,20,19,11,17,24
"ENSG00000196935",60,32,7,19,3,16,11,8,23,53,10,20,12,8,47,48,19,36,12,93,23,16,28,5,6,8,22,26,20,14
"ENSG00000196943",268,490,176,304,147,208,224,196,316,144,128,165,193,197,380,343,76,322,90,217,139,185,146,52,130,236,438,120,252,259
"ENSG00000196954",65,56,61,22,24,51,64,67,51,16,53,66,50,68,44,49,66,80,26,131,107,56,48,26,18,51,30,99,43,48
"ENSG00000196961",1896,2024,1128,760,900,1086,1080,1757,1183,1092,1254,945,1108,1543,1006,1076,798,1316,976,1237,1286,1211,808,814,656,928,1807,1402,1019,1186
"ENSG00000196966",2,7,7,11,5,5,3,7,8,17,4,6,16,7,15,9,1,8,0,4,2,12,17,2,3,13,1,0,5,4
"ENSG00000196967",3,17,16,10,7,26,20,16,16,11,15,7,26,31,23,15,14,24,22,10,5,16,38,15,11,16,9,3,16,18
"ENSG00000196968",43,38,146,23,44,51,103,101,49,65,227,69,32,136,55,72,133,50,65,197,164,93,42,60,38,106,75,137,72,112
"ENSG00000196976",71,262,116,78,91,218,132,138,170,105,74,125,318,129,142,175,110,168,173,62,53,212,246,186,51,133,192,64,100,91
"ENSG00000196981",16,72,49,40,32,52,54,49,31,48,28,44,64,30,95,60,17,67,59,32,19,55,53,31,28,72,34,32,57,68
"ENSG00000197006",158,397,387,180,248,426,526,167,594,142,236,382,441,307,526,419,235,418,298,310,167,244,327,170,185,474,480,306,449,458
"ENSG00000197008",0,15,8,6,2,12,15,11,8,10,3,12,15,7,12,10,4,9,15,5,1,12,15,5,3,2,7,4,7,19
"ENSG00000197013",10,36,24,35,19,16,18,23,25,64,16,25,15,14,41,25,10,50,57,30,11,18,13,9,17,30,18,26,29,36
"ENSG00000197016",14,32,28,16,14,21,38,6,30,18,11,15,40,5,50,35,15,32,8,34,13,22,20,3,11,25,26,8,19,22
"ENSG00000197019",90,258,132,80,101,195,114,168,145,139,85,152,206,158,104,136,72,187,129,70,52,130,178,99,48,144,161,89,106,102
"ENSG00000197020",13,30,15,24,13,16,24,12,31,11,12,23,17,10,42,42,3,21,40,29,8,17,6,10,11,22,19,23,48,40
"ENSG00000197024",25,33,19,15,31,15,26,26,22,12,20,24,13,29,20,36,18,42,4,41,37,14,10,7,9,27,22,23,7,14
"ENSG00000197025",11,25,33,30,6,17,10,6,1,6,11,6,16,19,50,49,7,35,15,21,2,5,22,8,2,8,9,7,15,12
"ENSG00000197045",18,63,17,26,18,37,13,18,36,4,8,16,28,8,56,42,6,35,5,23,7,14,36,7,16,33,26,14,23,40
"ENSG00000197046",3,36,28,16,1,0,14,10,73,13,2,2,31,11,111,27,22,19,1,28,179,33,19,3,23,6,0,0,30,19
"ENSG00000197050",4,51,31,21,13,28,29,15,26,6,20,11,41,13,62,50,12,33,12,29,9,22,29,7,19,42,23,11,30,38
"ENSG00000197061",45,231,46,81,19,46,116,48,117,52,25,126,86,57,68,90,34,114,233,56,20,78,6,155,22,45,83,111,147,97
"ENSG00000197063",351,911,826,375,417,1081,708,568,756,548,553,597,728,837,1248,1241,694,1027,503,642,471,923,771,316,483,807,496,459,613,493
"ENSG00000197065",4,11,16,7,5,15,12,22,15,2,8,27,11,13,13,9,8,11,24,20,2,16,4,10,10,12,6,15,18,34
"ENSG00000197102",3112,4826,2787,2775,2750,2485,2849,3370,3586,1698,1747,2602,2483,2590,4674,3856,1011,4301,1696,3019,2463,3106,1731,1313,1751,3106,4826,3048,3128,3759
"ENSG00000197111",1313,945,1215,522,958,996,1219,974,926,413,1817,687,1152,1126,1305,1155,2058,1116,445,1612,2344,719,812,718,505,1006,992,1014,766,824
"ENSG00000197119",134,167,284,122,66,581,88,369,411,559,122,232,545,340,321,377,348,295,224,137,72,500,302,126,68,130,147,416,113,91
"ENSG00000197124",4,37,10,27,2,15,14,8,16,43,5,14,15,6,18,21,4,30,39,13,3,7,13,6,2,5,12,12,21,20
"ENSG00000197128",11,22,21,9,9,9,10,7,10,11,7,8,6,13,20,37,4,16,6,21,3,8,15,5,7,25,13,10,11,21
"ENSG00000197136",1029,1018,586,528,569,717,488,845,658,1288,511,710,691,654,708,563,498,1126,425,730,532,695,594,493,253,681,831,689,496,478
"ENSG00000197162",85,79,126,64,64,109,97,100,60,141,84,123,94,138,104,113,66,145,90,101,63,110,64,65,31,86,101,85,66,78
"ENSG00000197170",105,505,175,164,133,273,181,205,419,102,66,261,285,95,311,419,77,179,189,127,95,172,231,67,98,227,261,148,230,305
"ENSG00000197191",17,26,11,6,4,13,15,12,9,88,7,16,18,24,15,20,17,14,15,11,13,25,20,13,6,9,22,17,6,6
"ENSG00000197249",13,152,6,47,52,133,11,164,298,25,156,28,213,76,2,18,19,15,7,18,14,286,44,136,38,28,3,20,34,1
"ENSG00000197256",227,300,211,199,71,232,342,318,351,210,213,326,175,107,244,302,37,252,131,305,374,168,121,137,34,90,386,569,202,323
"ENSG00000197272",5,20,1,9,2,17,11,10,2,13,7,6,9,10,5,30,4,2,8,4,5,16,11,6,2,4,6,16,2,4
"ENSG00000197279",21,49,47,10,16,66,41,13,37,13,19,48,59,32,41,34,13,46,33,18,6,30,27,22,7,55,19,16,25,34
"ENSG00000197296",25,61,34,33,20,43,53,30,48,44,15,58,41,20,43,45,6,46,33,32,30,33,34,17,16,26,44,26,51,51
"ENSG00000197299",167,527,245,289,221,287,332,269,398,122,172,500,230,200,364,392,132,395,385,313,152,130,141,257,135,391,424,300,388,536
"ENSG00000197312",32,24,24,20,16,16,23,15,14,10,17,14,21,18,47,30,5,30,5,27,26,13,11,5,5,14,33,11,11,20
"ENSG00000197324",110,364,214,167,130,181,192,312,403,118,183,214,178,256,243,223,89,418,110,228,143,226,175,76,92,250,283,103,222,223
"ENSG00000197329",25,76,93,12,36,69,67,57,43,34,85,36,73,69,43,106,41,72,34,44,26,67,83,36,18,47,111,20,41,41
"ENSG00000197345",228,352,214,135,188,288,213,201,262,114,85,253,291,233,272,325,271,199,226,162,224,269,255,165,154,255,207,212,251,194
"ENSG00000197355",33,16,96,23,33,93,69,47,48,65,65,35,53,110,106,141,22,54,33,50,42,114,74,16,29,84,37,43,19,32
"ENSG00000197358",84,139,393,41,147,280,298,221,184,56,354,287,314,301,301,358,398,174,202,621,310,343,213,199,161,215,128,642,290,329
"ENSG00000197362",68,159,88,55,58,94,79,92,119,55,63,91,120,125,87,123,75,162,63,89,90,97,82,40,44,133,118,93,80,52
"ENSG00000197363",31,19,37,19,36,44,41,49,48,62,31,36,55,53,47,41,20,34,14,47,46,47,41,12,18,53,33,28,23,19
"ENSG00000197372",8,35,32,10,9,21,38,22,16,9,23,28,26,26,40,35,16,32,27,37,15,17,22,7,21,40,18,32,32,36
"ENSG00000197405",25,128,45,28,13,114,5,44,44,5,6,5,21,18,95,284,31,79,1,57,195,96,78,8,14,34,6,226,20,3
"ENSG00000197409",18,31,12,24,4,18,22,35,12,72,24,10,14,27,17,14,15,26,35,11,8,11,15,21,6,5,16,10,12,13
"ENSG00000197417",238,399,312,215,264,312,308,303,383,181,194,243,287,268,333,346,113,352,171,262,167,204,216,111,110,303,404,224,251,325
"ENSG00000197442",53,111,53,61,49,53,61,70,89,56,49,52,53,64,121,63,38,116,35,64,59,49,55,35,31,68,91,32,103,61
"ENSG00000197448",25,85,100,33,40,81,92,119,78,58,41,75,68,79,70,61,50,69,55,47,23,92,67,28,31,71,70,62,49,72
"ENSG00000197451",72,316,85,108,90,202,144,71,202,59,41,168,199,78,196,178,87,162,159,55,28,99,143,98,58,151,157,85,164,254
"ENSG00000197457",8,3,9,1,5,9,8,1,5,26,10,10,8,9,6,6,8,12,7,4,2,10,2,9,0,16,5,3,2,5
"ENSG00000197459",3,17,5,7,1,14,6,3,11,13,6,5,8,5,10,9,0,7,12,5,1,6,3,14,0,7,6,21,7,13
"ENSG00000197471",1311,1126,1271,817,939,910,999,250,1927,682,818,1060,1229,1276,1557,1570,739,1880,573,1715,1844,977,1113,276,618,1278,1355,885,961,817
"ENSG00000197483",299,250,238,54,182,221,199,286,260,186,329,164,247,286,209,261,197,290,140,252,336,229,123,179,68,186,271,258,124,111
"ENSG00000197497",2,14,1,7,2,4,6,0,2,2,1,1,12,2,9,8,7,6,7,18,0,0,6,3,0,2,10,2,11,15
"ENSG00000197498",25,23,9,9,18,15,13,8,19,4,19,17,13,16,26,18,48,17,17,13,24,13,21,26,16,13,9,21,29,22
"ENSG00000197555",1423,1962,2135,1895,1276,2258,2055,2127,1983,1809,1801,1514,1996,1968,3032,2789,1359,2363,1316,3048,1358,2316,1599,1114,1023,1899,1971,1729,1653,2302
"ENSG00000197557",5,37,21,10,10,8,14,11,26,6,3,19,20,8,21,11,3,16,16,15,7,12,8,10,18,18,26,6,20,28
"ENSG00000197562",196,216,239,110,160,273,208,257,210,236,219,179,260,242,229,289,214,266,178,208,209,199,196,152,60,240,224,292,133,145
"ENSG00000197563",56,279,103,166,84,187,203,107,324,103,79,133,128,99,275,302,36,161,150,168,54,155,150,42,114,192,204,128,270,273
"ENSG00000197568",37,32,35,24,9,28,28,24,26,13,27,19,34,51,60,13,48,16,26,24,35,33,23,27,7,35,15,43,66,23
"ENSG00000197579",244,421,278,189,232,255,252,261,324,162,202,335,292,218,403,368,256,365,261,308,253,236,232,234,110,310,262,393,310,314
"ENSG00000197601",44,115,106,81,42,91,78,88,133,31,52,81,76,46,151,127,14,125,35,81,32,62,87,12,66,93,83,54,77,116
"ENSG00000197604",7,23,9,23,1,28,17,26,24,11,19,29,15,18,16,23,12,24,12,45,11,15,8,8,2,11,14,45,11,30
"ENSG00000197608",26,70,35,37,16,47,39,69,22,75,35,37,51,43,82,48,11,79,77,67,9,73,37,28,21,52,28,22,85,52
"ENSG00000197622",217,365,281,221,228,344,194,350,284,108,245,293,358,241,434,450,180,411,135,424,174,326,386,76,177,256,284,247,294,234
"ENSG00000197629",175,208,145,121,18,277,74,421,145,767,334,334,483,102,702,546,132,817,267,351,88,377,183,293,284,781,223,175,192,91
"ENSG00000197646",20,163,57,110,38,139,77,162,126,121,78,51,194,54,221,221,33,153,83,119,48,158,98,32,65,47,40,58,126,123
"ENSG00000197696",18,11,22,16,26,20,14,16,35,30,7,9,20,18,23,46,31,21,18,6,7,11,34,7,4,19,16,11,10,11
"ENSG00000197713",1,11,8,8,4,12,4,1,15,6,1,7,4,1,12,13,4,6,2,4,0,6,4,2,6,6,3,7,8,9
"ENSG00000197714",19,53,123,29,43,73,127,45,47,60,49,78,79,72,146,193,30,77,54,92,34,100,103,13,122,130,47,42,78,85
"ENSG00000197724",106,80,79,40,72,87,81,120,83,48,97,97,87,95,84,99,93,92,61,131,131,62,81,81,33,90,78,148,50,53
"ENSG00000197728",20,65,18,15,30,41,47,47,54,13,19,38,26,26,27,30,28,43,40,30,18,31,37,41,8,25,37,35,26,32
"ENSG00000197747",0,2,24,0,4,15,34,4,2,9,6,5,21,3,15,2,3,12,1,10,0,1,11,12,0,29,0,24,4,26
"ENSG00000197756",531,1915,1160,767,875,1305,1189,629,1356,502,882,830,1704,770,1470,1544,2403,1821,929,1878,620,1477,2070,1060,1039,1747,579,600,1430,1241
"ENSG00000197766",5,14,24,2,3,14,7,21,40,6,21,18,8,10,2,7,5,19,18,12,4,4,7,47,1,14,14,21,10,10
"ENSG00000197771",148,329,356,191,192,290,304,232,326,64,150,157,247,184,471,449,125,322,93,265,144,144,260,49,124,316,313,224,198,327
"ENSG00000197774",130,45,36,24,43,57,32,48,32,158,38,65,30,49,35,41,19,83,15,51,35,114,68,27,23,60,90,27,40,15
"ENSG00000197775",3,22,7,9,7,7,13,12,20,5,6,9,11,6,13,22,4,23,14,18,1,5,14,9,3,5,16,22,15,13
"ENSG00000197776",7,6,4,5,3,9,1,6,9,24,10,12,9,5,7,15,4,15,10,7,10,11,7,6,3,14,5,10,6,5
"ENSG00000197780",8,97,32,43,19,36,23,39,50,21,16,46,85,24,53,55,19,55,31,21,5,42,27,20,27,52,35,22,52,37
"ENSG00000197782",1,15,8,0,3,13,15,1,4,23,12,18,7,13,16,17,7,12,14,7,3,16,14,8,1,11,9,6,12,14
"ENSG00000197798",80,220,69,119,99,121,70,119,110,61,48,102,174,117,149,152,90,187,88,92,68,98,128,56,59,122,122,109,121,95
"ENSG00000197813",154,32,64,36,64,105,77,81,50,547,91,105,84,118,53,81,132,65,153,69,191,100,74,159,32,97,49,142,46,41
"ENSG00000197837",12,24,29,21,12,26,21,27,23,72,25,37,19,21,26,20,6,33,43,16,4,34,19,21,13,29,17,24,33,42
"ENSG00000197841",3,12,7,7,3,5,9,8,4,2,4,7,11,4,11,9,2,14,3,12,2,7,7,2,4,9,2,3,14,9
"ENSG00000197852",6,26,5,9,2,6,3,12,2,3,5,7,9,11,3,10,4,9,4,10,1,16,3,4,5,9,7,9,4,9
"ENSG00000197858",398,1107,412,360,318,600,426,736,829,722,361,508,552,519,525,510,284,576,452,432,234,539,559,373,208,541,950,399,525,612
"ENSG00000197860",22,39,22,33,17,36,44,16,25,9,29,32,40,32,52,71,16,28,18,34,18,35,52,7,15,32,19,38,33,54
"ENSG00000197863",9,56,23,33,8,34,47,21,42,50,11,48,49,37,96,63,24,51,53,42,17,44,32,24,12,57,34,43,49,43
"ENSG00000197879",2075,2831,2235,1407,2033,2841,3203,2948,2705,4260,3141,2365,3347,3605,3329,4042,2434,3668,1651,2998,2485,3477,3041,1547,1279,2337,2300,3399,1919,1978
"ENSG00000197885",20,57,35,35,27,59,43,43,58,37,29,52,71,32,77,54,18,53,56,51,11,34,63,9,32,40,30,52,59,69
"ENSG00000197888",12,147,18,52,32,38,40,20,145,50,5,15,8,27,0,39,3,47,34,3,4,0,15,14,14,35,45,15,110,52
"ENSG00000197903",7,11,1,38,7,11,6,14,4,19,3,4,2,8,3,8,0,11,15,5,4,10,10,7,2,6,3,7,5,11
"ENSG00000197905",33,56,93,6,12,126,46,13,10,16,24,13,91,4,7,29,47,12,9,81,1,57,61,7,15,54,11,10,3,20
"ENSG00000197921",2,2,8,4,2,11,5,26,2,17,15,3,93,5,14,24,22,7,7,8,6,18,35,12,2,3,0,27,6,0
"ENSG00000197930",241,546,686,179,278,508,442,431,615,63,642,478,459,410,802,840,430,511,476,520,407,465,624,135,347,584,537,419,602,826
"ENSG00000197933",5,7,1,12,4,11,7,11,10,5,2,3,3,8,11,14,2,7,13,10,5,6,4,4,4,5,3,17,7,23
"ENSG00000197937",7,28,16,11,4,12,23,9,12,5,3,9,21,3,14,21,1,38,9,13,1,0,9,6,1,6,19,1,28,27
"ENSG00000197943",3523,4276,5725,1306,3113,3532,3920,7158,2678,1331,3813,5462,3239,5191,2177,2835,2485,4371,3232,4237,3811,4127,2465,2880,2239,5021,6622,4698,3857,4789
"ENSG00000197951",164,211,186,80,99,154,158,129,155,106,140,100,209,169,162,218,98,202,82,166,164,119,127,46,47,146,164,97,107,93
"ENSG00000197956",22,140,205,68,26,230,60,36,72,158,57,115,294,140,177,204,243,94,204,46,14,222,200,333,104,103,25,31,50,48
"ENSG00000197958",3,12,10,8,23,13,10,5,18,9,1,6,25,10,14,11,3,17,10,31,1,15,19,12,12,20,6,5,12,9
"ENSG00000197961",62,99,130,94,71,119,166,63,111,85,85,96,126,81,156,145,64,157,80,87,53,89,81,26,58,156,111,101,131,148
"ENSG00000197976",964,676,705,356,555,766,748,843,383,836,1223,1089,526,1015,643,607,647,888,546,859,912,1196,727,481,308,929,781,894,487,627
"ENSG00000197982",99,33,20,5,34,44,42,20,30,22,69,36,37,60,18,35,117,61,28,40,46,31,42,18,7,28,46,27,19,13
"ENSG00000197989",47,63,22,20,17,68,62,55,30,92,40,38,52,65,69,42,25,61,99,61,12,94,51,63,16,32,37,69,82,70
"ENSG00000198001",61,362,149,170,84,185,190,144,227,138,98,225,182,135,254,208,67,209,183,136,47,200,142,92,111,209,137,108,365,313
"ENSG00000198003",21,7,57,2,1,67,48,18,86,9,76,47,117,52,85,80,61,26,100,119,42,196,75,55,19,24,22,171,19,55
"ENSG00000198015",97,310,153,153,121,258,216,148,256,54,132,231,214,128,321,332,167,180,257,159,134,191,220,123,105,264,128,199,244,330
"ENSG00000198042",13,14,12,11,10,11,14,7,19,8,8,6,17,12,37,25,10,16,8,8,15,6,20,4,11,21,12,11,11,14
"ENSG00000198053",64,84,102,13,324,76,118,23,29,47,101,26,110,72,57,124,148,210,42,55,82,93,88,73,95,249,46,34,42,14
"ENSG00000198056",49,183,107,95,63,132,176,89,189,47,70,102,144,68,201,163,71,124,129,116,49,73,101,72,43,115,115,178,159,250
"ENSG00000198081",97,225,161,164,105,177,203,196,263,180,122,190,160,131,292,171,75,266,196,259,128,146,130,69,64,255,175,258,209,222
"ENSG00000198093",52,55,71,43,25,39,39,25,55,27,18,39,44,26,67,55,20,53,18,59,27,26,42,32,10,27,17,46,42,38
"ENSG00000198105",11,17,5,3,5,12,6,8,7,18,10,17,12,11,8,6,7,23,5,22,5,7,11,7,7,12,8,23,22,11
"ENSG00000198113",720,678,609,259,440,927,483,778,992,393,868,509,772,892,840,1109,409,841,268,723,965,550,551,277,230,506,754,641,384,474
"ENSG00000198133",8,4,1,11,4,1,4,8,41,5,0,1,1,9,10,11,5,4,0,15,4,3,0,3,4,8,1,12,8,6
"ENSG00000198142",32,13,120,1,73,10,65,11,151,68,76,7,89,9,0,14,145,92,30,51,83,25,32,2,17,13,57,34,53,21
"ENSG00000198146",62,241,139,134,125,119,154,126,136,50,95,143,124,104,242,209,41,168,88,163,103,96,95,25,119,177,168,101,183,189
"ENSG00000198153",3,11,4,18,2,12,16,3,6,6,7,15,5,10,18,13,1,12,16,6,4,6,9,3,2,8,9,3,14,13
"ENSG00000198157",4,106,19,69,23,53,76,59,152,61,18,91,27,29,55,47,20,41,210,47,5,54,22,74,15,47,34,109,101,144
"ENSG00000198168",123,256,137,120,110,224,149,143,222,202,127,254,213,130,158,178,155,173,341,129,53,205,152,180,79,158,140,190,189,200
"ENSG00000198169",50,91,84,63,62,149,58,53,70,280,73,54,174,86,128,110,60,115,123,106,47,109,114,68,56,108,58,74,79,75
"ENSG00000198182",32,66,66,49,31,42,78,28,40,50,45,31,78,66,81,99,51,91,43,61,32,57,62,37,21,75,82,38,76,74
"ENSG00000198185",25,68,6,25,4,10,17,3,12,54,13,30,61,41,63,18,18,42,56,44,7,32,51,6,8,32,5,4,66,60
"ENSG00000198211",3,2,33,7,8,48,10,5,15,5,58,2,259,20,7,24,4,15,15,4,20,5,8,9,2,2,1,19,2,18
"ENSG00000198216",176,1122,577,480,1126,742,56,450,352,749,233,339,481,267,353,705,411,1143,174,417,2321,677,262,564,445,933,1014,258,450,401
"ENSG00000198225",29,43,78,37,49,77,30,99,75,21,31,27,83,34,46,31,26,55,20,58,18,47,58,26,21,49,63,24,22,39
"ENSG00000198231",2185,2596,1777,1321,1637,1955,1794,1941,2235,1881,1347,1909,2045,1845,2620,2082,1381,2485,1621,2319,1680,1647,1574,1024,859,2245,2026,2286,1593,1789
"ENSG00000198242",9,37,24,29,21,35,22,9,56,15,6,16,33,11,42,38,20,22,16,3,2,40,42,4,36,33,11,7,62,36
"ENSG00000198252",99,250,175,155,89,132,153,150,196,103,133,162,194,104,274,308,65,167,182,209,115,123,136,70,103,175,137,196,202,237
"ENSG00000198258",72,457,191,150,141,317,284,362,330,180,116,192,475,171,306,246,161,293,307,119,56,288,481,256,104,301,174,184,300,315
"ENSG00000198265",414,510,741,205,392,390,640,318,326,162,487,536,290,495,703,555,369,707,324,780,487,520,279,175,263,550,648,708,611,715
"ENSG00000198270",10,51,37,32,11,29,56,28,44,42,29,32,32,36,41,37,9,37,35,44,9,14,27,35,12,39,25,39,29,39
"ENSG00000198315",58,51,132,83,39,95,89,68,56,54,108,94,52,88,161,129,21,116,31,133,97,72,89,18,53,117,108,85,78,122
"ENSG00000198327",8,5,8,1,0,7,13,3,1,10,6,2,7,2,10,4,6,5,17,5,3,5,1,24,3,4,6,16,6,9
"ENSG00000198331",101,205,164,110,102,158,187,100,159,97,83,136,140,112,168,180,99,154,163,184,60,99,140,81,39,189,170,216,129,150
"ENSG00000198339",12,17,15,12,8,17,8,17,13,36,9,12,18,10,14,5,13,14,21,12,7,14,9,15,2,14,9,16,11,17
"ENSG00000198355",141,221,493,44,199,809,487,339,258,172,656,337,683,530,447,833,361,367,174,308,313,697,632,145,216,422,301,202,151,190
"ENSG00000198356",852,1464,768,608,610,914,662,1102,996,465,579,617,974,751,784,961,937,886,651,785,740,867,838,559,329,843,788,1266,720,752
"ENSG00000198373",1059,993,766,549,571,866,684,961,1027,441,719,625,797,941,943,841,487,1174,404,920,1152,553,597,500,366,775,978,819,609,828
"ENSG00000198382",414,1107,1092,496,638,1060,1044,884,777,807,812,922,1196,1000,1232,1420,560,1214,699,964,716,923,933,509,730,1343,786,614,948,900
"ENSG00000198431",384,1215,669,699,395,1008,833,671,1057,234,366,635,1037,481,1301,1162,261,1011,498,701,354,443,831,362,280,848,754,615,803,1036
"ENSG00000198435",39,41,330,7,203,176,62,17,103,3,124,46,212,54,83,153,302,204,53,28,869,18,129,37,72,133,64,77,8,21
"ENSG00000198440",9,41,14,18,11,18,23,12,6,13,1,11,17,13,36,33,16,66,22,14,6,12,12,9,2,18,25,14,33,15
"ENSG00000198455",19,66,51,33,29,62,64,39,70,25,46,45,62,26,96,88,29,42,40,41,47,44,52,9,33,65,36,47,54,71
"ENSG00000198464",1,24,10,14,1,12,7,10,10,6,1,13,26,6,16,16,14,18,20,5,4,9,10,6,6,12,3,6,21,25
"ENSG00000198467",9,7,1,7,5,6,9,6,13,25,6,12,15,7,14,13,6,30,3,17,81,18,123,264,6,11,3,22,19,8
"ENSG00000198477",22,94,47,19,36,46,63,40,53,38,29,44,86,21,94,69,36,78,27,47,33,43,45,28,26,69,13,26,59,37
"ENSG00000198492",78,189,109,101,82,114,104,107,116,40,57,80,133,97,175,194,35,184,47,96,40,92,123,25,59,126,133,77,87,119
"ENSG00000198496",32,11,13,4,5,15,13,12,11,14,17,8,18,18,14,9,22,20,12,20,17,10,10,10,7,21,6,35,13,6
"ENSG00000198502",1862,2855,3139,135,1060,670,955,2259,842,823,419,1345,1707,2226,1119,5064,4193,899,423,498,939,1911,1899,595,362,1609,1304,312,2768,767
"ENSG00000198517",63,67,78,29,33,100,65,70,96,48,65,62,74,83,67,114,35,71,17,69,61,39,74,14,20,58,72,45,31,46
"ENSG00000198518",16,37,27,19,9,25,33,38,27,59,26,15,24,28,69,13,20,46,32,81,5,31,30,29,4,41,30,52,30,51
"ENSG00000198521",7,39,24,32,4,10,33,16,23,16,12,6,23,7,49,38,5,39,37,35,7,8,15,9,14,17,20,5,36,38
"ENSG00000198546",155,78,36,34,40,71,53,78,43,30,92,55,69,85,66,53,128,57,73,94,118,62,49,119,18,49,48,150,47,64
"ENSG00000198551",42,150,97,81,26,104,112,58,120,49,45,90,104,73,171,132,52,118,75,76,45,104,107,29,50,117,90,51,120,156
"ENSG00000198561",446,876,654,734,245,199,606,305,532,287,406,304,637,495,1028,732,173,948,350,820,331,726,650,149,427,308,321,178,755,704
"ENSG00000198576",2,3,11,1,3,11,0,1,0,4,7,2,50,5,2,10,40,1,16,0,1,0,24,39,1,1,1,2,2,2
"ENSG00000198585",97,204,108,84,71,173,106,103,186,77,61,94,149,109,158,191,82,147,108,85,58,154,162,65,41,71,150,76,108,141
"ENSG00000198598",14,30,40,34,14,22,47,63,527,435,68,71,54,14,128,89,54,63,53,177,59,140,57,167,10,14,5,68,36,27
"ENSG00000198604",998,2462,1013,1162,931,1736,1595,1517,1832,1179,888,2063,1302,1073,2057,1815,1038,2287,2072,1576,737,1573,847,1125,696,1662,1144,2077,1508,1808
"ENSG00000198642",131,714,516,554,253,545,665,308,605,229,276,420,538,260,962,966,141,504,343,364,172,501,635,123,298,506,446,300,642,716
"ENSG00000198663",163,72,87,63,61,56,67,87,67,26,78,70,41,80,103,110,59,139,41,135,181,54,63,22,31,102,119,92,73,79
"ENSG00000198668",126,1245,253,412,231,356,313,361,739,176,101,490,368,213,467,427,151,465,523,202,79,288,339,274,198,441,330,311,752,734
"ENSG00000198680",1,2,0,0,1,0,10,0,41,2,2,16,9,14,0,16,17,3,1,0,0,0,0,0,5,4,0,0,10,3
"ENSG00000198689",140,315,135,231,84,159,171,173,334,123,81,170,175,134,305,235,68,215,172,200,86,168,140,68,75,163,124,186,217,312
"ENSG00000198690",24,97,61,78,34,88,81,45,107,31,33,56,72,44,151,154,16,78,23,67,24,56,86,15,44,73,87,41,94,74
"ENSG00000198692",5,50,0,16,17,24,0,0,28,4,0,20,0,10,33,0,0,0,0,8,0,16,0,0,13,0,0,9,0,36
"ENSG00000198695",2265,5404,1156,1006,2077,1059,1210,2291,1274,6614,1257,3567,2127,2022,2067,1081,5210,3051,3132,1783,1158,2034,707,4578,745,2425,934,3776,2472,1766
"ENSG00000198707",136,386,164,184,116,271,243,157,239,254,163,384,208,121,265,280,170,259,406,215,95,280,118,258,93,280,144,331,312,372
"ENSG00000198712",2053,2334,712,916,2267,1190,722,1117,1038,2884,2013,1809,899,1193,1158,486,1921,2696,1731,1117,566,1219,1594,2470,469,1712,669,5262,978,946
"ENSG00000198718",68,87,161,86,89,90,64,108,83,72,81,88,61,112,174,168,56,118,68,146,117,95,93,19,93,141,112,81,80,112
"ENSG00000198719",10,12,16,10,7,36,7,10,66,7,25,7,21,11,50,23,7,30,11,43,39,14,33,11,4,25,11,7,14,20
"ENSG00000198720",42,21,36,3,34,23,61,28,34,6,18,34,9,44,14,33,26,42,15,11,22,31,16,10,6,28,41,37,17,23
"ENSG00000198721",60,107,42,59,19,62,77,84,62,8,78,71,97,69,78,69,72,76,29,95,63,57,44,39,40,87,97,140,81,76
"ENSG00000198727",13350,21317,11555,6166,13833,10389,9592,21556,8599,60329,6126,26128,14504,12176,18478,5882,36406,27393,20265,12116,6381,12693,8498,32356,3905,24620,9798,26419,13438,8956
"ENSG00000198728",122,100,79,49,56,68,85,91,78,103,83,73,56,87,79,78,50,120,46,115,80,87,57,43,37,66,88,93,70,94
"ENSG00000198730",783,1635,737,1104,602,1028,915,935,1437,621,499,1043,974,772,1337,1132,505,1103,1188,1011,645,749,678,657,405,979,1112,1363,1053,1155
"ENSG00000198736",32,75,38,35,18,52,64,83,82,17,54,55,54,66,57,60,41,33,74,83,24,70,50,103,20,30,90,74,65,49
"ENSG00000198743",307,583,634,557,210,607,333,419,448,196,354,634,541,272,1043,1274,198,609,437,669,305,897,580,139,249,589,351,341,714,847
"ENSG00000198746",7,18,14,7,7,12,13,7,30,14,6,8,22,12,22,12,7,9,6,10,1,8,7,5,10,11,12,9,10,9
"ENSG00000198752",727,641,476,274,627,328,472,451,921,605,287,577,245,295,459,720,380,645,335,322,692,520,443,446,230,611,854,611,383,318
"ENSG00000198755",49,274,190,128,184,305,245,94,210,119,143,103,210,176,214,247,150,228,153,121,50,158,338,84,139,235,206,61,219,169
"ENSG00000198763",452,1131,203,342,693,273,164,264,494,1094,179,408,317,185,426,202,391,490,297,175,118,315,547,511,199,453,188,1305,329,239
"ENSG00000198771",56,127,55,20,57,62,69,112,120,158,94,63,54,81,74,98,35,93,54,83,56,77,42,96,17,69,159,60,75,40
"ENSG00000198783",162,275,298,140,184,331,257,234,243,131,161,254,369,230,377,313,268,272,272,321,178,213,304,208,91,306,203,364,202,239
"ENSG00000198786",22064,24236,8132,6541,11774,8398,8991,14247,8514,47470,9208,23087,11404,13935,12072,7173,30513,20374,22018,13644,11109,14309,5191,31868,4158,15259,7783,30066,13517,10920
"ENSG00000198794",46,185,51,35,28,136,354,181,63,137,71,134,31,134,13,35,40,154,39,60,117,64,111,33,18,328,425,48,113,58
"ENSG00000198796",184,623,324,287,253,259,137,296,306,351,124,333,310,149,906,255,128,750,280,313,135,276,399,97,203,241,441,236,286,405
"ENSG00000198804",1598,4346,1418,1776,2515,3364,1138,1892,1426,3813,2081,2379,1213,2475,1386,1153,2005,2634,3330,1937,558,1944,2494,6195,1298,2545,1281,3773,2812,1811
"ENSG00000198805",507,2082,849,566,578,964,1112,1059,1143,300,605,706,698,731,549,1003,545,727,819,612,253,1063,924,497,116,561,1047,1130,1023,1490
"ENSG00000198807",8,11,1,2,2,7,4,51,2,0,11,0,23,22,2,4,7,4,0,1,30,3,9,4,1,1,20,1,2,9
"ENSG00000198816",323,295,241,77,198,118,362,108,316,238,190,70,522,121,401,397,636,612,136,644,552,282,311,122,58,127,165,337,96,124
"ENSG00000198824",4,17,6,4,6,7,7,11,15,0,4,6,12,6,22,9,5,14,11,8,2,2,8,2,2,17,15,4,9,12
"ENSG00000198826",112,628,236,332,118,369,401,231,515,66,155,289,251,183,563,536,53,376,302,358,88,166,191,88,187,332,396,343,479,616
"ENSG00000198829",3,5,5,35,0,18,11,4,68,9,5,1,14,8,70,64,0,19,3,16,0,29,2,0,1,3,0,17,9,23
"ENSG00000198830",0,17,9,14,7,8,17,16,21,19,4,19,4,11,18,10,3,18,17,11,3,18,10,4,11,14,13,8,11,32
"ENSG00000198840",5789,5586,2709,1430,3255,2843,3179,2892,4002,12576,2827,6359,4406,2879,4091,2945,12346,7632,6796,4188,5345,3355,3333,7923,1268,5030,2144,8331,3027,2408
"ENSG00000198841",214,549,492,154,272,487,307,335,379,170,242,293,537,430,382,510,284,328,253,302,200,339,549,213,118,324,396,243,279,317
"ENSG00000198846",408,95,43,116,307,15,72,45,83,9,89,58,27,85,43,23,42,47,41,23,296,1,23,14,79,352,75,4,43,19
"ENSG00000198851",29,2,9,4,8,15,6,25,4,1,13,61,4,31,1,10,17,14,7,3,3,11,4,7,1,16,6,9,4,30
"ENSG00000198855",90,128,98,71,51,52,90,126,81,118,61,136,58,122,78,114,49,115,83,94,66,72,60,93,35,83,110,98,74,88
"ENSG00000198856",1,19,11,3,6,7,8,17,17,5,3,14,12,19,19,17,4,10,10,12,4,9,18,1,7,13,10,6,18,20
"ENSG00000198858",1234,1043,952,402,666,1605,1398,1097,899,1391,1704,1339,1481,1549,952,1213,1479,1495,1315,1241,1472,1415,1199,1612,469,841,909,1337,792,722
"ENSG00000198860",3,38,17,13,7,21,11,18,37,4,0,11,12,7,29,21,10,22,8,20,2,7,23,9,7,14,14,20,21,19
"ENSG00000198863",197,426,313,193,250,294,254,381,264,216,233,311,216,323,263,286,245,342,302,294,152,406,201,228,160,320,339,326,259,304
"ENSG00000198865",0,63,19,31,19,37,28,6,47,1,6,48,53,0,12,31,1,12,25,14,1,18,17,0,2,37,10,23,35,15
"ENSG00000198879",39,39,45,26,23,30,33,30,29,37,22,21,15,36,43,42,22,37,11,63,35,30,17,10,25,28,61,20,28,28
"ENSG00000198885",48,92,98,46,48,81,102,59,80,17,62,65,60,47,82,105,34,93,36,60,39,69,88,21,56,113,84,54,50,84
"ENSG00000198886",9330,16789,6775,3821,8093,6922,6276,12416,5484,28159,5832,17156,10297,9540,9263,5047,32700,15151,13952,10668,10634,9726,5950,19843,4075,12988,4780,23966,8406,7504
"ENSG00000198888",25105,18566,11903,4887,13439,9562,10534,16466,8263,91991,11134,22304,16140,17030,17505,7519,45053,23424,17216,16962,13036,13624,10729,38111,4181,15064,9410,31072,8456,6292
"ENSG00000198890",181,451,335,224,210,399,252,213,416,90,206,166,332,284,482,500,155,448,186,231,184,179,296,130,171,340,377,255,238,250
"ENSG00000198894",124,365,283,131,193,239,270,220,242,104,223,261,228,229,370,390,121,329,176,227,283,204,186,80,90,340,211,148,266,257
"ENSG00000198899",283,662,218,180,647,199,151,553,285,2517,116,564,348,275,471,187,358,525,426,214,288,315,240,230,127,807,223,558,421,373
"ENSG00000198900",2498,2824,1053,1077,1125,1578,1749,1969,1359,1154,1186,2298,1120,1417,1416,1652,2114,2066,3017,1836,1440,1561,785,2967,683,1279,1644,2944,1540,1653
"ENSG00000198901",706,1450,992,724,427,1529,1302,1063,1292,485,932,996,1024,787,1224,1596,771,889,909,1371,727,767,929,799,397,965,1104,1702,1101,1709
"ENSG00000198909",531,673,467,439,351,430,476,585,622,675,485,438,530,484,656,694,273,629,383,543,572,363,363,288,223,474,608,495,469,474
"ENSG00000198912",207,387,328,181,225,444,268,290,293,243,243,251,422,352,440,492,370,279,313,289,190,392,277,149,186,375,296,341,306,337
"ENSG00000198915",1,7,15,2,0,10,8,1,3,1,7,1,23,6,9,27,2,2,3,12,2,11,10,3,1,1,0,9,1,5
"ENSG00000198920",143,264,164,149,126,196,164,126,211,140,109,173,179,151,289,240,92,270,144,195,130,150,159,99,103,199,180,147,186,214
"ENSG00000198923",16,32,21,9,12,44,27,40,12,10,7,14,37,25,19,30,26,31,35,52,23,31,23,22,2,27,16,55,17,20
"ENSG00000198924",4,28,17,8,9,17,15,6,23,7,6,10,11,6,42,42,2,15,2,12,2,5,14,0,10,18,22,7,24,32
"ENSG00000198931",997,1551,1134,532,915,1623,1111,1119,1284,859,1293,712,1750,1413,1028,814,1660,1112,1173,834,750,1459,1458,877,568,1105,1236,1106,886,958
"ENSG00000198933",31,179,77,44,24,357,104,227,356,205,149,114,331,157,268,130,76,102,41,146,12,372,330,44,79,108,66,157,41,178
"ENSG00000198934",40,43,34,17,23,15,46,29,27,7,46,34,34,12,35,27,23,58,31,20,53,15,25,35,8,40,43,21,23,7
"ENSG00000198937",134,314,138,149,121,375,327,302,222,143,291,201,416,297,225,317,428,280,364,238,78,327,360,327,128,280,301,267,215,207
"ENSG00000198938",7748,20166,8916,4833,10073,10296,7255,15510,6645,40302,5924,16716,13821,8834,13226,4380,18540,17774,18867,10972,3802,11070,7834,26686,3523,15807,7056,21535,12063,9709
"ENSG00000198944",5,10,33,0,7,23,12,17,19,3,26,5,88,18,36,56,7,20,13,13,6,7,40,3,19,8,6,19,9,12
"ENSG00000198945",51,110,54,73,49,81,89,76,164,200,111,122,68,61,140,86,32,148,88,93,93,68,68,59,53,112,85,61,98,121
"ENSG00000198951",101,185,149,94,118,129,133,161,162,74,128,90,127,179,130,144,71,153,61,130,146,119,117,74,58,136,170,104,166,146
"ENSG00000198954",14,42,16,15,13,9,10,25,24,7,7,22,31,9,29,13,6,30,15,25,16,7,27,8,12,25,17,28,20,12
"ENSG00000198961",13,7,13,11,6,2,7,15,8,3,24,5,3,6,18,15,7,13,3,33,17,5,1,2,7,12,12,20,8,11
"ENSG00000203667",5,49,12,18,2,26,16,12,0,12,9,37,9,5,12,12,5,19,46,1,1,5,4,15,5,20,4,3,19,6
"ENSG00000203668",98,344,161,233,103,145,146,109,261,31,57,143,187,89,432,366,34,277,103,166,79,83,138,31,95,195,167,144,246,260
"ENSG00000203705",0,20,10,8,4,11,10,5,23,2,1,15,12,5,21,15,1,10,10,3,1,13,11,2,6,11,8,5,17,22
"ENSG00000203727",2,104,13,82,4,140,16,35,245,63,30,9,56,57,271,168,6,33,34,81,1,150,54,4,11,10,3,82,76,132
"ENSG00000203760",88,371,108,136,56,251,168,194,268,89,89,137,170,160,139,165,139,150,427,123,38,128,146,250,48,139,190,249,210,246
"ENSG00000203778",1,21,5,8,4,11,8,12,14,5,2,6,10,2,6,11,7,6,12,8,2,17,8,3,2,6,6,19,4,6
"ENSG00000203782",16,5,0,1,0,18,5,23,8,34,9,10,16,8,14,13,23,5,6,6,10,38,23,20,0,3,3,25,4,12
"ENSG00000203813",7,18,10,18,10,23,13,16,16,30,5,6,17,23,23,9,10,17,14,3,4,15,12,13,1,17,4,5,10,15
"ENSG00000203871",1,5,5,9,5,4,4,6,1,46,2,5,8,5,11,5,4,14,17,5,1,11,10,9,4,4,5,8,7,7
"ENSG00000203872",2,4,8,4,4,9,9,11,6,29,1,19,8,5,7,8,7,18,14,7,5,8,2,11,1,11,3,14,6,7
"ENSG00000203880",76,136,89,79,73,102,113,56,167,107,60,130,105,89,206,139,39,167,92,109,68,98,83,78,58,140,121,106,139,133
"ENSG00000203883",10,21,338,5,13,33,50,285,67,13,66,111,52,13,345,36,92,16,68,155,734,30,30,27,20,104,29,405,3,5
"ENSG00000203905",9,7,23,12,13,16,14,8,8,14,32,12,19,9,16,31,8,19,8,14,9,22,14,14,7,10,19,8,4,5
"ENSG00000203950",46,69,72,25,39,79,54,58,65,77,43,67,96,61,55,44,85,45,75,67,43,60,81,98,25,43,40,54,41,46
"ENSG00000203993",128,137,71,60,52,121,101,92,74,152,116,119,119,103,94,106,114,155,121,124,70,112,116,92,40,97,119,104,86,94
"ENSG00000203995",27,55,67,29,26,113,45,39,8,32,37,112,25,24,9,119,16,46,25,41,49,26,23,60,8,49,103,2,22,12
"ENSG00000204070",5,14,10,6,7,10,18,4,10,8,10,9,21,15,19,16,13,16,2,16,4,11,6,2,2,7,1,3,5,2
"ENSG00000204110",13,84,46,31,10,64,17,13,91,26,35,16,68,49,131,92,10,64,22,72,41,128,91,8,81,133,90,14,52,33
"ENSG00000204138",166,124,97,79,67,90,115,133,138,80,107,77,96,127,171,159,105,157,71,279,162,81,66,36,39,82,87,184,106,137
"ENSG00000204160",56,74,116,35,62,96,77,115,65,58,128,99,107,116,104,125,70,118,40,112,64,122,81,36,49,85,79,75,51,57
"ENSG00000204161",16,20,12,16,3,20,19,14,30,15,35,11,34,36,48,28,11,18,7,41,13,44,20,6,8,9,10,31,34,23
"ENSG00000204186",78,94,101,108,136,81,74,196,214,88,192,314,105,113,230,248,45,165,100,252,188,104,172,67,130,195,299,47,226,243
"ENSG00000204217",14,19,28,17,13,11,18,24,10,6,35,15,19,17,33,35,13,43,7,38,21,17,8,5,20,16,27,17,21,21
"ENSG00000204220",231,664,340,215,276,488,368,357,416,437,174,704,573,391,381,388,422,417,948,248,165,467,497,696,152,418,364,441,332,409
"ENSG00000204227",502,832,568,336,519,782,670,926,639,702,474,702,934,724,728,651,696,823,735,694,450,692,675,690,205,544,533,769,446,474
"ENSG00000204228",61,111,145,44,43,144,123,144,121,57,125,93,159,133,121,136,130,124,108,72,68,117,80,59,32,93,148,112,84,128
"ENSG00000204237",155,362,214,98,259,368,212,311,269,526,186,231,437,278,338,247,223,245,317,219,97,318,348,385,78,252,265,250,205,227
"ENSG00000204264",152,1043,268,275,144,550,475,598,538,330,223,446,625,356,456,445,270,342,628,264,71,672,545,385,202,391,382,396,562,632
"ENSG00000204271",27,17,16,17,20,33,21,29,21,36,16,31,26,19,54,30,13,50,15,29,24,34,41,17,23,24,6,1,16,19
"ENSG00000204282",195,502,344,324,237,252,118,169,391,689,170,280,264,305,413,286,159,447,210,185,142,309,275,232,74,543,228,145,284,204
"ENSG00000204287",3712,4703,6750,1110,3704,5182,4866,2277,2444,1617,6277,3336,5410,7026,7429,7572,7391,5652,2505,4691,5561,4667,5958,1472,3078,8963,4328,2578,3932,2844
"ENSG00000204308",4,12,14,4,12,8,12,20,10,3,15,8,19,15,6,11,5,10,6,13,24,6,14,4,4,10,5,16,7,12
"ENSG00000204310",41,51,22,29,15,26,28,55,21,18,32,18,29,48,44,45,14,34,18,49,13,26,18,18,22,28,62,25,25,35
"ENSG00000204311",3,4,5,7,6,3,11,9,2,32,7,6,3,2,5,3,5,4,9,5,2,5,9,10,1,5,15,2,10,8
"ENSG00000204315",78,119,91,47,33,105,101,83,90,48,92,69,105,106,100,108,74,99,113,107,65,94,83,68,23,71,102,137,98,89
"ENSG00000204325",4,3,1,7,5,4,5,36,6,51,8,4,5,6,8,8,7,36,8,14,4,8,17,33,1,11,1,7,14,5
"ENSG00000204356",32,177,131,58,96,149,95,146,149,58,76,95,160,102,145,170,57,115,74,121,37,127,153,40,60,125,119,100,94,134
"ENSG00000204366",14,20,23,18,13,28,17,23,39,11,20,16,26,17,39,15,16,33,20,41,22,11,9,19,5,22,25,21,17,29
"ENSG00000204370",1,37,8,5,16,16,38,9,24,13,6,19,18,15,21,24,8,5,43,2,1,24,14,5,12,22,12,3,25,27
"ENSG00000204386",330,358,661,178,289,535,520,601,368,311,454,452,670,771,470,575,597,403,331,428,493,581,514,264,240,696,329,346,287,274
"ENSG00000204397",8,43,14,13,14,28,22,14,14,23,9,35,24,11,21,14,20,29,54,14,14,26,18,53,8,14,8,9,36,24
"ENSG00000204438",101,130,106,63,83,99,124,153,119,66,131,114,99,132,118,101,135,183,104,172,93,76,76,110,37,84,129,148,102,102
"ENSG00000204439",389,884,381,302,292,507,444,604,573,512,371,643,548,572,577,472,297,646,543,401,329,564,320,475,202,575,415,462,492,470
"ENSG00000204444",15,24,20,5,6,25,29,9,10,31,13,14,21,18,21,14,20,14,32,15,13,11,26,30,2,23,18,15,18,11
"ENSG00000204475",4,34,30,15,24,47,26,21,33,14,35,17,25,33,23,28,37,20,50,7,12,31,12,45,12,52,20,17,15,20
"ENSG00000204498",38,33,42,5,16,24,22,27,31,17,45,17,50,45,35,40,40,34,11,56,38,33,31,18,13,19,21,31,21,15
"ENSG00000204514",2,22,22,18,12,12,21,2,16,25,7,21,15,14,25,20,6,19,12,12,7,11,14,19,9,23,38,7,14,10
"ENSG00000204517",6,19,13,13,13,15,15,13,17,21,12,25,5,11,16,11,7,23,6,25,5,10,4,5,5,13,19,17,12,20
"ENSG00000204519",32,49,50,23,20,42,47,25,48,20,24,16,34,29,68,83,8,46,15,48,17,19,24,7,15,50,77,22,26,33
"ENSG00000204524",23,95,116,33,56,130,118,79,75,128,70,129,133,127,165,105,61,91,104,62,38,91,101,55,51,155,48,87,123,121
"ENSG00000204568",110,184,154,99,80,160,183,140,146,45,129,103,224,187,178,174,121,169,80,172,112,102,150,64,81,150,172,160,156,148
"ENSG00000204592",539,771,1199,345,605,798,733,2100,965,582,1668,713,1140,1276,1055,1156,839,1106,309,1591,881,1144,920,274,433,1359,684,884,706,620
"ENSG00000204597",1,16,7,7,8,16,24,8,7,17,10,21,29,6,24,28,8,32,2,12,4,2,9,4,1,8,11,8,19,15
"ENSG00000204604",7,10,13,6,8,13,5,7,7,3,10,4,15,7,22,10,3,11,3,13,6,7,10,5,6,10,13,2,17,4
"ENSG00000204611",41,67,52,35,18,59,66,45,43,22,54,70,69,62,75,78,32,81,46,63,59,42,40,34,26,56,65,34,93,96
"ENSG00000204619",326,354,346,170,236,327,315,429,297,164,336,463,424,464,358,301,471,389,308,494,367,405,347,274,109,297,222,613,235,276
"ENSG00000204620",20,9,13,1,7,9,10,12,8,9,12,7,11,12,7,7,7,7,2,13,8,10,4,4,1,11,12,12,6,5
"ENSG00000204632",37,118,43,33,35,7,77,161,8,111,99,39,120,164,118,1,186,1,55,152,42,197,154,52,30,70,94,79,55,49
"ENSG00000204644",0,44,0,0,0,0,0,0,1,61,6,70,48,170,207,19,0,22,2,1,2,0,0,0,0,0,0,0,50,1
"ENSG00000204659",10,8,12,3,4,9,10,7,8,25,7,10,7,5,5,8,5,3,12,6,6,16,3,8,1,12,8,2,2,11
"ENSG00000204666",1,3,16,1,0,15,1,13,0,2,3,10,1,0,7,4,5,3,1,10,2,5,1,0,3,3,1,22,2,5
"ENSG00000204733",18,40,27,6,11,35,30,41,27,81,63,45,56,46,25,42,16,43,38,30,22,32,24,52,8,33,20,35,21,39
"ENSG00000204752",18,16,21,18,16,39,26,13,33,51,14,18,22,25,30,25,13,46,16,23,25,28,19,18,12,32,16,18,17,16
"ENSG00000204839",59,45,55,40,33,37,120,54,35,103,118,74,94,119,75,52,59,63,50,41,90,77,36,48,15,47,45,84,37,39
"ENSG00000204856",102,280,290,114,138,238,308,170,257,97,166,238,258,202,250,290,210,153,314,180,105,212,188,328,111,254,258,237,254,294
"ENSG00000204899",10,43,51,21,10,76,33,28,45,10,38,48,60,23,59,96,6,35,37,12,6,33,52,26,19,37,32,16,39,65
"ENSG00000204920",60,75,72,42,43,69,83,58,80,124,44,54,107,70,83,67,74,105,67,70,46,57,78,82,17,71,43,114,77,59
"ENSG00000204922",260,260,237,112,159,334,289,187,262,214,288,175,415,278,217,278,388,203,335,256,281,245,266,390,52,180,257,328,145,165
"ENSG00000204923",5,21,24,12,10,23,25,14,14,4,7,15,26,14,22,29,13,25,19,27,13,14,13,9,13,29,11,27,20,25
"ENSG00000204954",43,95,85,52,46,92,98,66,62,85,80,82,139,73,117,108,105,79,101,70,48,77,118,151,37,86,53,79,79,78
"ENSG00000204957",13,9,6,6,3,8,5,14,3,6,12,6,6,5,14,11,9,20,4,12,16,13,6,5,1,7,16,15,14,11
"ENSG00000205036",22,26,11,14,11,14,19,8,8,23,8,17,17,10,6,7,5,29,13,15,7,13,9,6,2,7,24,13,14,9
"ENSG00000205038",5,92,69,73,23,76,56,39,100,26,23,36,118,38,81,54,22,61,62,63,8,50,32,50,46,48,26,26,90,129
"ENSG00000205039",5,3,10,7,11,10,8,6,5,56,10,31,4,10,2,9,12,30,28,8,7,20,7,16,5,15,5,15,15,13
"ENSG00000205041",7,7,6,6,12,10,13,6,6,32,13,18,3,9,10,16,1,19,8,12,11,5,2,11,5,8,7,10,7,13
"ENSG00000205045",3,33,3,15,5,24,17,23,21,35,7,14,11,12,12,15,6,14,9,7,1,22,8,9,4,3,4,24,37,25
"ENSG00000205047",121,109,83,96,56,140,89,113,90,189,47,104,75,71,110,76,27,168,46,132,51,142,86,52,43,136,82,104,58,79
"ENSG00000205057",1,132,1,1,7,3,1,0,34,2,29,9,6,11,0,2,1,4,7,6,1,5,3,13,18,4,0,2,43,4
"ENSG00000205078",19,10,14,10,10,37,17,9,27,118,10,10,15,19,31,16,35,36,21,38,3,13,15,29,2,7,7,40,7,5
"ENSG00000205084",13,14,22,14,26,16,19,9,19,36,14,18,18,10,19,36,9,22,16,16,27,15,15,11,15,36,25,14,19,14
"ENSG00000205138",190,295,232,92,174,339,278,255,307,171,257,279,390,317,262,322,273,242,271,231,148,325,295,259,97,255,252,257,180,206
"ENSG00000205141",376,480,321,168,189,256,303,417,252,245,224,644,243,354,288,331,248,313,402,307,204,279,192,283,85,349,281,250,343,499
"ENSG00000205155",137,278,198,100,138,281,229,220,202,189,132,362,365,292,229,221,254,226,394,191,103,324,319,300,75,220,124,192,198,192
"ENSG00000205189",24,42,67,44,19,53,57,16,54,3,41,11,40,35,110,142,23,80,5,99,8,25,65,6,54,44,33,60,70,56
"ENSG00000205208",9,36,35,17,14,33,23,30,32,8,16,28,28,15,52,39,5,34,28,89,18,16,34,24,6,32,15,80,17,39
"ENSG00000205220",484,1645,885,527,467,1206,954,1418,1014,824,719,859,1545,992,1002,1092,575,949,1020,668,372,1286,1139,819,338,875,999,624,809,887
"ENSG00000205250",2199,2139,1242,999,1197,1625,1429,1704,1470,1291,1085,1392,1597,1597,1461,1407,1411,1698,1046,1457,1548,1464,1506,979,580,1617,1615,1890,978,1090
"ENSG00000205269",32,297,75,157,90,130,103,44,169,59,51,94,144,46,296,335,19,175,96,79,59,80,103,34,95,103,182,84,281,198
"ENSG00000205277",17,15,16,11,13,20,13,18,24,47,8,28,27,19,35,21,24,27,30,33,10,21,36,55,7,13,8,26,17,14
"ENSG00000205323",35,249,139,119,112,161,127,164,226,82,64,222,205,96,190,160,79,161,176,133,33,156,191,106,95,189,95,155,180,214
"ENSG00000205336",14,17,80,6,46,44,35,23,3,4,47,45,172,79,8,93,160,42,27,16,23,31,42,6,41,63,60,31,10,25
"ENSG00000205339",158,285,218,194,133,213,232,168,257,76,156,179,222,133,364,471,125,246,111,253,166,174,185,57,123,257,251,162,229,254
"ENSG00000205352",29,97,42,53,42,62,43,36,90,36,24,124,65,36,74,59,15,40,90,38,40,59,67,31,40,118,44,41,60,116
"ENSG00000205413",220,432,154,520,152,147,200,338,500,120,98,179,164,133,696,317,54,523,100,315,168,157,117,65,58,253,196,216,350,310
"ENSG00000205423",9,22,24,13,17,28,18,22,25,24,8,33,24,17,30,26,14,27,18,17,13,25,29,15,16,22,20,23,35,28
"ENSG00000205476",16,5,3,5,8,15,13,10,27,2,23,5,9,3,10,28,1,11,0,20,4,4,6,2,0,5,20,35,1,8
"ENSG00000205517",0,3,15,0,0,15,8,10,47,1,9,11,12,2,0,8,3,7,5,2,6,45,8,0,3,6,1,42,1,6
"ENSG00000205533",25,16,9,14,10,10,8,7,18,15,7,20,10,7,21,15,13,22,5,22,28,5,12,13,8,13,10,19,16,8
"ENSG00000205542",1483,6007,2831,1423,2138,6011,4781,2982,4893,6129,1931,8112,3127,3129,2474,3930,1231,2547,12897,1499,1289,4978,4176,1998,1268,4225,3620,3370,4277,4597
"ENSG00000205544",203,343,334,132,255,448,535,385,329,234,381,447,524,573,320,325,530,436,574,323,211,463,458,455,144,381,315,360,345,340
"ENSG00000205579",34,26,10,8,11,32,28,10,11,11,28,25,23,29,14,13,10,1,23,8,22,10,16,4,3,10,25,11,3,7
"ENSG00000205629",66,249,248,123,127,227,267,183,274,176,150,209,294,211,207,232,184,205,237,145,108,260,232,122,102,244,180,155,210,231
"ENSG00000205643",30,26,24,12,15,18,26,11,21,21,27,9,27,18,22,27,20,17,11,24,13,20,26,16,4,8,24,17,13,26
"ENSG00000205659",87,232,101,137,108,89,99,133,115,70,68,149,86,78,172,102,91,148,101,144,67,88,123,44,51,108,93,154,135,142
"ENSG00000205683",5,18,2,9,19,1,3,28,36,3,32,14,1,1,4,6,2,5,7,5,18,15,10,1,22,22,15,12,2,9
"ENSG00000205707",3,52,22,11,23,20,17,17,33,12,6,41,27,13,32,25,3,37,29,17,2,32,17,15,15,28,12,14,33,24
"ENSG00000205730",151,181,170,86,57,139,52,78,117,22,89,191,179,115,240,274,103,243,125,157,186,116,130,58,68,201,99,60,215,230
"ENSG00000205744",2035,1277,1234,670,1043,1395,1411,1702,921,2043,1816,1861,1287,1652,1051,1050,1726,1624,1791,1336,1382,1685,1115,2007,511,1230,1261,1883,843,777
"ENSG00000205765",9,21,23,11,7,15,9,6,7,0,7,6,7,9,23,14,2,15,4,11,3,5,7,1,4,7,7,9,10,12
"ENSG00000205784",2,3,3,3,2,7,8,4,5,126,9,5,5,6,8,5,4,15,11,12,0,14,11,12,5,4,2,1,11,4
"ENSG00000205790",100,42,25,21,36,41,43,60,26,265,32,97,25,42,15,26,31,67,61,42,31,70,23,63,10,38,36,80,21,28
"ENSG00000205795",50,68,13,48,1,59,96,167,121,130,34,83,48,64,67,82,7,73,34,108,11,99,46,18,3,24,29,69,50,62
"ENSG00000205808",88,121,79,87,61,106,117,84,154,106,82,102,95,80,139,116,70,125,89,105,56,70,69,66,42,78,105,103,118,96
"ENSG00000205821",6,14,14,6,9,13,14,6,14,29,5,16,19,8,7,3,5,15,30,10,7,18,5,14,3,10,11,9,9,14
"ENSG00000205885",83,46,46,67,50,62,55,61,39,108,38,70,39,50,71,46,14,82,50,59,44,82,28,57,33,78,104,43,74,62
"ENSG00000205937",84,224,140,95,94,186,165,102,156,71,84,89,197,92,189,165,168,189,118,110,83,140,179,78,78,121,109,130,118,128
"ENSG00000206029",51,96,58,55,44,107,101,63,91,79,44,94,119,89,122,98,47,111,99,81,25,86,110,47,24,104,100,74,111,85
"ENSG00000206052",9,6,25,20,23,35,21,11,11,34,17,35,22,25,40,41,7,22,53,16,8,16,8,22,18,33,23,14,31,29
"ENSG00000206053",67,107,56,51,51,79,97,59,69,19,52,45,65,52,122,90,44,94,42,78,39,37,76,14,21,52,87,53,60,49
"ENSG00000206152",11,15,12,3,6,13,1,11,6,38,5,3,20,6,16,3,2,2,27,9,1,8,24,0,1,2,10,2,11,10
"ENSG00000206193",22,30,6,13,1,5,16,15,29,10,12,10,11,5,20,19,3,16,6,15,6,9,19,4,11,12,25,6,25,31
"ENSG00000206418",152,205,155,73,149,219,156,133,177,206,174,288,247,181,240,244,195,195,217,148,156,182,230,100,66,206,130,193,170,148
"ENSG00000206503",2050,3349,2495,1206,2512,1324,1450,5231,3510,2571,3185,1440,2351,4142,3742,3372,3786,2650,896,4861,2736,4037,1784,734,540,4338,1107,5269,1908,1650
"ENSG00000206535",19,33,12,15,9,26,24,23,20,12,8,32,22,14,21,15,16,17,25,28,6,19,21,20,7,10,37,26,33,36
"ENSG00000206557",4,36,10,62,9,51,33,34,56,26,14,2,17,11,171,180,0,20,2,55,1,48,5,0,3,5,1,47,16,21
"ENSG00000211450",587,1076,637,403,465,1062,987,741,990,625,686,690,1058,881,787,841,840,786,690,661,493,855,1102,561,313,784,533,462,666,747
"ENSG00000211455",667,934,890,448,677,609,647,542,571,215,402,986,731,510,690,725,534,984,522,480,857,409,581,295,536,922,749,357,807,679
"ENSG00000212123",30,29,4,13,26,27,23,15,30,83,9,23,18,17,33,13,26,43,23,23,19,19,29,37,10,18,22,26,9,16
"ENSG00000212658",0,8,0,1,0,24,13,10,23,6,5,7,32,5,5,15,10,7,17,2,0,1,13,0,2,2,0,69,1,4
"ENSG00000212670",19,30,21,13,11,31,15,29,23,37,31,28,34,25,31,25,18,29,23,29,13,36,11,27,10,27,22,28,30,44
"ENSG00000212673",0,11,6,7,4,4,4,0,8,7,0,23,3,2,7,7,1,11,24,0,0,9,0,5,1,14,9,4,13,16
"ENSG00000212712",11,23,2,4,11,11,13,19,13,11,9,8,10,18,7,12,12,16,3,13,1,6,4,5,3,13,14,5,7,9
"ENSG00000212734",23,21,49,13,35,36,44,33,27,48,50,55,34,34,21,19,33,62,46,56,20,39,32,44,10,59,31,30,34,21
"ENSG00000212736",51,101,41,58,53,75,55,71,78,242,26,104,62,57,62,51,38,110,81,54,21,65,80,55,23,61,54,80,72,84
"ENSG00000212864",190,155,105,21,42,181,164,101,235,205,284,167,331,342,202,240,466,159,230,124,215,230,249,232,32,32,99,264,47,89
"ENSG00000212884",62,189,131,264,137,231,173,224,142,87,67,156,155,99,197,110,72,240,104,191,43,72,115,4,81,82,60,134,136,145
"ENSG00000212907",1228,4230,2044,1326,1858,1867,1538,3358,1516,6824,1515,3432,2407,1671,2810,1373,2922,3214,3116,2429,641,2309,1765,5474,955,4291,1264,7448,1907,1869
"ENSG00000212916",49,64,47,50,33,18,35,31,45,41,12,59,46,41,67,39,18,69,40,55,23,27,52,27,22,47,68,43,38,23
"ENSG00000212998",7,7,13,14,8,16,9,7,6,10,4,16,6,12,19,18,5,8,5,14,8,16,10,3,6,7,16,11,10,16
"ENSG00000213015",607,392,547,121,499,468,497,667,487,796,921,741,719,927,399,497,882,725,496,631,1030,578,409,695,155,579,453,558,306,345
"ENSG00000213020",7,24,15,10,5,15,14,20,28,18,3,14,6,9,25,29,5,19,13,19,3,8,7,3,3,14,11,7,17,16
"ENSG00000213024",2672,2111,1673,956,1120,1409,1913,1985,1301,942,2018,1184,1760,1960,1592,1809,1386,1978,875,1816,2074,1533,1123,971,597,1479,2268,1692,1011,1087
"ENSG00000213054",2,34,4,0,3,19,5,5,0,3,0,5,22,2,0,3,8,8,5,4,2,7,27,28,3,1,5,0,16,8
"ENSG00000213062",6,10,10,14,2,10,4,3,6,11,3,11,7,0,14,18,0,19,8,13,1,6,5,3,1,4,10,6,16,13
"ENSG00000213064",5,43,28,17,19,34,26,19,40,17,8,18,20,17,58,55,15,44,12,15,3,20,31,8,15,43,31,6,35,34
"ENSG00000213088",3,15,0,4,3,5,3,3,2,14,0,4,0,4,10,7,9,12,0,5,6,2,21,0,6,4,12,2,11,3
"ENSG00000213139",6,16,13,6,5,23,7,14,9,65,9,7,24,13,15,4,11,15,18,6,2,18,16,14,2,21,7,15,16,10
"ENSG00000213145",32,364,84,26,61,331,101,128,95,70,57,390,662,147,100,336,135,149,273,15,17,341,327,174,33,97,50,91,113,93
"ENSG00000213185",2,17,16,3,5,13,8,7,13,9,5,5,21,7,12,23,10,15,11,15,2,23,21,13,24,6,7,5,7,14
"ENSG00000213190",181,269,131,119,73,136,167,94,151,135,97,141,119,120,264,197,92,217,195,136,85,234,204,86,65,73,76,129,290,125
"ENSG00000213203",4,6,14,5,7,0,7,22,17,0,4,16,1,2,10,1,1,8,1,3,8,6,5,0,6,15,5,4,6,3
"ENSG00000213246",266,621,403,269,322,412,388,342,505,310,239,429,470,296,456,379,303,562,255,344,167,335,395,270,169,471,289,397,395,383
"ENSG00000213250",5,13,22,0,1,15,17,0,3,4,17,3,18,5,11,14,9,13,6,27,27,23,8,7,11,14,6,21,14,4
"ENSG00000213281",522,1309,727,743,538,810,785,591,940,176,518,678,854,534,1504,1606,365,935,378,920,608,518,681,189,513,913,786,659,907,964
"ENSG00000213337",49,93,76,49,36,113,78,136,114,87,62,65,116,105,79,70,80,74,95,67,37,112,112,72,21,66,108,85,67,68
"ENSG00000213339",158,232,217,129,171,324,205,186,174,746,141,200,256,214,187,202,266,211,276,125,49,297,209,338,90,243,245,148,144,144
"ENSG00000213341",25,24,9,15,16,16,15,16,14,12,12,6,16,17,17,25,15,19,17,10,8,11,17,3,7,6,16,7,22,27
"ENSG00000213347",0,16,3,2,3,15,8,5,18,27,13,14,12,15,9,16,12,9,20,6,1,10,18,13,4,8,21,7,14,7
"ENSG00000213398",159,89,92,46,58,81,100,96,33,360,84,206,79,98,63,64,106,98,105,60,64,119,81,112,10,91,103,108,76,61
"ENSG00000213402",3801,3730,3929,1916,2883,4048,4813,6331,6063,2991,5003,2907,2684,4538,3040,3657,4987,4902,3795,4790,3482,4567,1993,5937,1236,4794,2570,5312,2239,2357
"ENSG00000213445",2541,2846,2505,1136,1148,2616,2683,4086,2736,2236,3464,2058,2604,3338,2188,2702,2019,2901,2386,3009,2576,2969,1949,2271,952,1826,2631,3169,1950,1951
"ENSG00000213462",94,52,36,38,25,21,45,25,10,36,26,23,18,27,39,23,10,63,23,69,14,7,15,10,15,46,27,37,51,32
"ENSG00000213463",174,295,124,190,103,159,143,169,278,122,125,225,206,126,194,214,135,261,181,171,188,185,119,111,76,187,155,196,290,213
"ENSG00000213465",494,805,602,303,310,936,684,582,668,552,571,559,1032,726,633,698,1095,546,884,579,418,751,707,1068,253,498,589,812,453,520
"ENSG00000213523",499,957,304,406,359,521,524,862,399,554,411,627,674,527,440,504,626,741,507,443,248,715,564,489,181,539,541,607,431,429
"ENSG00000213563",207,221,292,91,157,468,463,245,359,284,338,279,474,395,454,396,297,398,238,313,201,368,333,274,74,219,206,181,224,154
"ENSG00000213588",178,270,226,172,110,197,152,189,183,89,102,147,295,165,242,239,108,212,122,156,136,147,175,70,84,218,183,160,114,146
"ENSG00000213593",198,161,166,114,180,199,136,197,180,78,142,107,169,168,190,187,147,204,67,234,180,116,149,72,78,175,163,210,104,123
"ENSG00000213614",253,666,633,363,364,784,712,926,623,762,400,774,624,674,749,554,401,710,611,551,232,1031,661,487,409,776,589,436,759,688
"ENSG00000213619",329,1231,522,485,435,924,742,598,751,793,346,669,997,748,783,777,454,662,1060,420,266,857,838,751,354,630,773,547,651,694
"ENSG00000213626",16,7,51,4,15,18,17,41,14,1,44,15,19,14,23,20,44,48,3,27,41,18,14,12,15,31,34,29,6,6
"ENSG00000213638",16,34,16,10,12,23,21,24,15,12,12,16,21,18,10,15,14,28,11,29,14,22,14,16,6,19,23,17,6,16
"ENSG00000213654",2549,2579,2215,1011,1706,2589,2711,4020,2641,2473,3854,2991,2630,4239,2576,2385,4246,3415,2463,3650,3063,3667,1969,2869,1310,2729,1963,3015,2081,1795
"ENSG00000213658",48,88,33,58,21,68,77,119,98,101,64,36,69,84,85,56,37,66,51,86,25,96,75,58,30,37,39,267,42,76
"ENSG00000213689",346,395,411,162,200,537,573,544,329,454,478,254,594,599,321,478,609,340,672,550,443,579,490,699,150,294,287,502,339,324
"ENSG00000213699",31,56,30,16,15,50,30,51,65,24,21,14,59,36,50,57,18,38,22,41,52,29,35,15,14,33,26,43,23,35
"ENSG00000213719",2712,2702,1690,1126,1052,2458,2745,2686,2329,1244,2269,2910,2300,2675,2146,2042,2781,2568,2835,3337,1920,2800,2027,2464,703,1910,1625,4020,2296,2569
"ENSG00000213722",17,16,18,8,3,28,22,26,27,36,20,19,33,22,30,30,17,37,39,29,7,31,27,28,3,20,18,23,18,25
"ENSG00000213741",16,35,13,9,23,27,17,15,15,8,17,17,17,18,25,15,17,26,15,11,7,29,36,25,16,18,8,9,15,32
"ENSG00000213762",141,313,190,161,154,213,238,172,271,95,133,149,252,210,352,290,121,302,109,252,124,183,211,58,116,228,235,179,204,213
"ENSG00000213782",62,238,216,109,127,238,152,152,198,60,87,155,256,148,261,262,81,251,91,114,66,196,286,49,138,271,217,109,182,208
"ENSG00000213859",77,194,143,56,90,116,153,221,189,144,177,174,165,172,134,138,124,166,133,127,144,192,97,110,72,131,145,137,153,169
"ENSG00000213903",84,84,52,95,63,107,62,98,148,459,50,96,100,92,103,81,47,108,151,60,25,133,78,123,20,66,88,88,85,63
"ENSG00000213906",67,23,14,57,19,32,22,33,36,49,22,29,11,30,32,28,4,37,17,30,18,31,16,17,15,26,55,36,33,40
"ENSG00000213918",30,40,38,32,22,38,30,38,26,48,29,34,23,29,36,16,21,32,39,42,13,40,15,37,22,43,46,36,18,29
"ENSG00000213928",250,698,629,349,338,711,637,756,505,841,375,716,655,678,634,510,401,755,553,578,242,850,662,482,247,647,401,529,505,590
"ENSG00000213965",172,337,238,88,201,260,209,133,312,77,142,141,364,148,362,425,129,212,110,174,160,168,111,57,129,218,236,118,183,188
"ENSG00000213971",4,19,10,32,6,8,16,12,16,32,4,14,10,13,30,20,4,19,8,22,2,10,11,1,3,12,6,4,16,14
"ENSG00000213977",264,483,128,133,135,253,236,220,236,479,139,224,361,215,220,164,180,193,226,157,108,201,179,140,62,142,245,243,178,192
"ENSG00000213983",476,863,559,463,370,634,541,741,531,844,400,582,457,655,625,651,293,770,427,537,388,789,569,288,253,652,737,470,575,565
"ENSG00000213995",67,99,106,35,53,124,80,132,84,62,58,81,90,96,114,108,36,90,36,49,68,142,120,31,45,105,106,39,59,92
"ENSG00000214000",17,22,18,12,16,25,26,19,24,116,21,41,14,33,10,13,10,41,35,18,5,41,18,29,4,27,31,15,18,28
"ENSG00000214013",18,35,11,14,19,23,24,15,19,7,27,30,16,28,41,42,10,32,15,28,14,22,20,7,12,33,38,21,33,42
"ENSG00000214014",113,52,36,7,52,50,46,55,54,57,84,38,48,126,37,33,74,77,34,53,116,71,42,41,13,43,74,34,13,14
"ENSG00000214029",0,26,17,15,5,18,19,7,17,7,7,15,22,8,34,31,11,24,11,29,6,8,15,4,4,16,12,16,21,22
"ENSG00000214046",5,9,20,15,11,29,23,19,13,18,13,16,19,36,21,17,13,19,19,10,19,12,23,18,5,23,21,11,10,17
"ENSG00000214063",39,66,23,38,9,60,93,17,159,57,22,15,120,79,81,99,104,79,30,85,19,56,114,62,35,3,17,64,50,49
"ENSG00000214087",56,67,56,45,67,80,62,18,67,85,44,48,76,57,86,74,97,110,54,56,24,71,71,33,51,84,66,63,62,61
"ENSG00000214106",34,39,37,33,15,22,35,41,25,54,33,28,24,43,25,23,42,46,33,58,61,19,18,24,8,24,13,44,29,38
"ENSG00000214163",19,16,6,2,4,4,15,9,9,9,9,24,11,22,10,10,11,6,23,11,27,18,13,15,0,3,8,30,4,9
"ENSG00000214182",6,22,13,18,25,15,15,10,15,5,14,15,11,9,18,25,12,10,16,17,4,15,16,7,19,20,9,29,27,42
"ENSG00000214212",80,79,88,46,40,95,87,158,81,76,101,143,151,112,96,68,271,101,101,134,42,149,105,235,82,98,111,103,112,99
"ENSG00000214215",20,11,13,10,0,2,10,18,13,8,14,14,1,12,2,12,4,10,2,25,13,7,3,8,1,5,8,6,12,7
"ENSG00000214253",148,602,225,171,198,300,205,233,355,236,158,197,295,239,237,274,229,314,207,179,98,296,336,121,157,183,201,198,250,256
"ENSG00000214262",4,36,38,20,12,29,29,11,38,7,11,42,25,11,45,60,3,28,17,13,6,22,23,5,19,51,24,10,36,55
"ENSG00000214274",8,10,13,4,5,16,19,23,15,5,15,16,17,21,6,11,16,17,25,19,6,17,10,41,5,7,6,31,8,34
"ENSG00000214290",4,6,9,3,6,1,18,11,9,145,4,8,14,10,36,15,10,9,5,14,11,17,29,29,2,2,5,17,3,6
"ENSG00000214300",3,16,9,4,8,14,10,10,17,6,3,7,21,12,9,9,5,10,10,11,4,9,13,6,4,16,15,5,8,12
"ENSG00000214309",4,15,9,9,1,7,7,10,10,16,2,13,7,12,11,12,4,12,7,4,9,4,9,6,3,7,12,2,7,8
"ENSG00000214367",5,6,6,4,15,4,7,12,4,7,7,11,8,5,6,9,1,10,6,12,5,4,7,0,2,9,2,21,10,7
"ENSG00000214391",188,625,129,264,98,204,146,234,269,37,91,99,148,73,206,256,92,174,70,76,75,137,138,100,123,141,205,97,263,300
"ENSG00000214435",6,50,13,22,9,45,11,1,14,2,2,17,16,5,14,5,0,2,54,23,2,5,9,10,2,15,33,4,10,8
"ENSG00000214517",134,340,405,146,139,279,225,239,251,74,217,164,273,237,358,400,153,204,146,263,189,246,231,84,220,285,257,181,313,320
"ENSG00000214530",256,348,340,113,253,511,359,368,276,390,545,328,667,498,444,514,601,345,251,312,330,595,610,464,177,252,277,324,219,162
"ENSG00000214575",11,9,22,5,0,13,4,23,3,1,4,25,3,6,7,41,3,15,3,8,9,7,11,2,14,22,3,91,5,2
"ENSG00000214613",1,0,32,0,0,10,24,11,5,0,2,0,18,0,2,6,2,35,1,0,0,8,1,0,0,0,0,0,55,33
"ENSG00000214717",610,354,220,232,182,197,244,288,298,110,276,120,210,323,325,366,117,441,67,517,567,201,174,90,92,209,407,257,177,197
"ENSG00000214730",1,36,7,17,3,16,17,7,40,7,2,20,19,8,34,17,7,16,28,5,2,5,19,14,6,16,17,7,10,32
"ENSG00000214753",3607,5066,2854,2026,2540,3615,3473,3514,4521,1669,3177,3805,3520,2822,3922,3813,2943,3632,2548,3728,3102,3052,2307,1975,1411,3261,4139,4300,3069,3707
"ENSG00000214756",17,27,26,18,29,26,19,17,48,30,16,24,26,12,20,17,11,33,18,20,4,18,18,18,6,32,21,13,12,36
"ENSG00000214826",8,4,2,4,4,12,3,10,14,11,5,5,2,19,2,6,0,19,10,9,1,5,6,8,1,8,11,16,10,8
"ENSG00000214872",30,30,9,20,11,29,21,23,22,34,34,26,11,25,25,22,8,40,26,24,16,47,17,25,6,27,16,20,17,29
"ENSG00000214882",10,45,18,32,10,43,56,44,79,19,23,49,42,30,100,57,17,51,43,69,20,42,51,10,19,21,30,40,47,61
"ENSG00000214900",12,32,23,7,17,28,12,6,9,34,3,11,19,8,17,16,16,30,8,9,24,10,12,23,15,11,6,12,12,11
"ENSG00000214934",31,21,7,20,9,9,21,14,26,8,4,9,9,6,9,9,12,40,4,9,14,8,2,0,3,18,14,17,6,1
"ENSG00000214941",1,16,3,14,6,8,21,7,12,6,3,4,27,6,25,9,3,6,15,7,1,5,11,1,4,11,6,6,16,13
"ENSG00000214999",3,1,3,1,1,6,13,9,19,1,8,5,16,9,13,13,3,2,19,15,5,23,19,3,3,1,2,14,5,16
"ENSG00000215021",1998,3071,2568,1203,2024,2694,2631,2272,2413,1013,2417,1500,3084,2589,2610,2563,2497,2865,1434,2455,1862,1961,2782,1645,1412,2579,2777,2215,1970,1971
"ENSG00000215027",8,13,5,11,3,4,7,2,7,2,5,5,7,7,15,15,3,6,1,5,4,9,15,2,5,9,4,3,7,13
"ENSG00000215039",17,36,25,23,14,22,17,28,41,46,14,40,32,20,21,26,36,27,67,51,17,58,35,30,18,9,25,42,78,38
"ENSG00000215041",536,634,367,360,324,419,359,492,390,765,291,417,398,449,525,473,171,539,269,405,367,553,346,225,205,486,546,355,336,353
"ENSG00000215042",531,777,535,319,330,540,403,564,494,230,380,377,443,496,541,546,307,464,456,587,580,471,299,210,243,524,600,761,510,572
"ENSG00000215045",2,2,16,0,3,5,12,1,4,4,8,11,4,0,3,1,0,8,10,6,4,5,3,5,2,4,3,6,1,13
"ENSG00000215099",7,10,12,10,3,12,11,4,3,58,7,15,3,6,8,2,11,13,24,5,9,4,13,6,5,7,7,13,10,7
"ENSG00000215153",4,10,3,5,5,8,6,4,4,27,8,4,12,10,5,3,12,6,6,3,4,10,2,9,1,4,0,7,4,6
"ENSG00000215193",88,107,82,42,92,49,51,60,95,20,56,69,37,74,56,83,27,125,18,58,90,59,40,17,65,48,137,28,77,49
"ENSG00000215218",28,93,135,103,47,119,52,76,49,185,38,11,274,83,270,254,125,152,32,211,166,141,99,9,105,67,55,127,32,54
"ENSG00000215244",2,3,10,0,0,6,8,4,3,3,8,15,7,4,7,8,11,7,11,0,1,14,3,1,4,5,5,3,7,16
"ENSG00000215251",426,743,278,298,261,385,354,402,477,164,236,439,462,328,420,454,214,452,295,317,244,303,420,167,173,393,395,394,386,393
"ENSG00000215252",1,12,1,1,4,18,14,5,7,31,3,23,10,2,15,6,0,20,27,0,2,21,17,2,7,16,7,2,11,8
"ENSG00000215256",6,36,22,10,7,22,36,23,25,8,18,13,24,22,20,23,15,25,18,24,19,18,24,6,8,16,30,36,18,34
"ENSG00000215271",420,527,382,234,240,344,369,358,263,144,286,398,435,365,402,397,292,497,225,535,435,312,309,209,147,405,350,411,297,316
"ENSG00000215273",4,11,4,21,5,7,15,6,12,3,8,14,9,2,12,14,4,16,12,9,6,11,9,2,6,12,3,7,13,19
"ENSG00000215301",4,15,9,14,9,14,12,16,17,2,5,9,15,6,24,29,3,17,9,8,6,9,20,0,6,20,21,6,11,6
"ENSG00000215315",14,98,41,53,24,84,54,34,30,27,58,34,63,85,64,80,53,73,22,37,27,59,65,7,28,66,34,21,34,33
"ENSG00000215421",73,147,90,130,79,90,96,92,136,32,59,60,77,65,205,138,30,156,34,129,92,57,82,22,73,142,153,83,94,143
"ENSG00000215440",138,164,139,97,113,172,140,160,206,570,150,203,172,170,170,164,96,223,103,163,127,353,186,133,73,207,228,140,130,88
"ENSG00000215472",3,11,3,4,3,5,5,1,11,3,3,4,6,3,4,12,0,0,2,1,2,7,8,4,12,10,6,2,7,7
"ENSG00000215490",26,58,48,38,29,36,45,22,47,56,52,34,67,36,48,58,18,48,40,31,14,38,29,21,19,34,51,40,41,47
"ENSG00000215570",8,20,7,11,7,12,14,11,15,4,5,10,13,8,11,17,6,17,3,13,1,7,4,6,5,10,12,14,14,23
"ENSG00000215621",19,11,14,6,4,34,15,12,11,50,8,20,22,13,20,29,3,34,10,15,8,21,16,9,6,25,11,10,18,11
"ENSG00000215644",34,47,4,42,2,96,9,14,22,661,11,6,48,14,27,23,23,4,44,20,6,121,62,9,6,1,0,17,16,12
"ENSG00000215712",2,22,9,13,2,29,8,16,12,4,7,15,22,8,20,26,4,10,7,5,1,21,31,0,2,11,6,7,13,26
"ENSG00000215717",7,21,17,8,3,22,24,12,18,10,15,13,25,26,44,28,8,21,18,3,1,23,35,1,18,15,16,3,26,36
"ENSG00000215769",33,68,54,29,23,37,24,61,48,31,10,17,60,21,74,39,14,50,20,37,34,41,46,10,20,58,26,52,43,57
"ENSG00000215781",21,25,39,11,23,58,67,16,54,24,42,37,72,91,66,17,149,98,75,117,27,22,17,24,30,24,22,106,118,49
"ENSG00000215845",64,94,88,23,22,107,122,83,49,51,87,118,213,134,76,86,134,63,96,96,65,132,114,79,22,117,44,123,104,67
"ENSG00000216490",3397,8595,6325,4107,2471,10310,5590,10779,6610,5751,6218,5020,10580,6672,7131,9563,8946,6105,6117,3735,4934,12148,10764,4784,3743,4224,3161,4997,4630,3650
"ENSG00000216895",2,12,7,9,3,11,18,11,12,16,6,13,8,4,10,8,0,10,17,1,2,10,12,4,5,11,16,1,16,7
"ENSG00000217128",6,5,13,3,11,13,10,10,13,2,14,6,18,17,19,25,3,11,1,9,5,11,19,0,10,16,15,5,6,7
"ENSG00000217442",0,8,1,3,1,2,12,6,1,6,13,7,5,8,1,2,15,1,5,18,0,15,2,5,1,1,0,8,8,0
"ENSG00000217555",7,57,46,0,73,29,45,75,9,0,34,68,52,44,20,8,12,133,36,11,10,32,27,93,25,79,128,48,7,49
"ENSG00000217930",330,184,124,60,116,239,179,155,148,190,190,173,308,200,160,197,503,202,318,155,361,227,237,496,58,150,126,256,101,132
"ENSG00000218537",1,3,10,5,8,20,9,7,8,23,7,2,14,8,5,5,3,3,7,8,7,14,15,14,5,14,14,12,6,12
"ENSG00000218739",8,28,22,13,10,38,43,37,32,15,16,32,37,17,35,28,22,34,41,19,4,23,24,8,13,34,30,14,30,25
"ENSG00000218823",27,34,21,15,12,24,23,23,23,4,18,26,22,23,21,33,19,26,17,17,29,13,23,14,9,22,22,13,25,28
"ENSG00000218891",453,275,328,55,181,356,393,174,258,371,491,331,384,409,269,321,410,357,314,381,634,423,229,366,70,200,236,352,157,131
"ENSG00000218940",142,115,163,33,133,133,133,153,94,136,163,162,115,259,60,89,121,119,157,144,150,153,83,150,42,141,111,270,66,92
"ENSG00000219200",927,1592,1420,521,977,2007,1533,1476,1275,1260,1867,1964,2431,2199,1389,1734,2678,1425,1626,1179,1329,2387,2249,1855,724,1532,959,1247,1029,890
"ENSG00000219607",17,6,31,0,15,4,9,29,13,10,12,48,10,15,12,13,47,6,20,18,12,15,8,23,12,24,20,18,15,9
"ENSG00000219665",1,7,8,5,2,14,13,3,10,10,4,14,17,8,16,12,5,14,11,2,0,12,15,6,4,12,9,5,15,12
"ENSG00000220008",16,35,39,17,60,23,24,44,198,113,38,56,12,28,54,33,30,75,29,33,16,36,9,39,9,59,44,14,39,24
"ENSG00000220023",3,13,34,10,6,3,49,27,26,50,14,36,48,31,32,56,14,18,38,27,10,66,11,33,23,10,29,23,22,25
"ENSG00000220205",145,156,203,80,126,202,173,247,183,234,190,157,229,196,180,208,288,193,183,244,187,217,192,218,80,159,126,264,118,111
"ENSG00000221821",49,63,42,22,33,63,63,67,60,161,66,40,98,63,34,43,63,73,72,45,39,56,50,77,16,54,55,44,42,40
"ENSG00000221823",78,198,133,78,80,125,130,95,182,23,114,89,100,100,193,187,77,222,51,140,123,69,91,40,59,172,131,114,149,179
"ENSG00000221843",14,13,13,11,2,17,10,9,16,10,5,20,25,12,22,24,4,30,9,11,7,10,15,1,9,21,11,5,18,13
"ENSG00000221869",78,48,54,44,51,103,26,91,276,175,42,29,162,52,84,124,87,54,119,229,32,121,125,33,4,47,8,178,30,42
"ENSG00000221874",10,15,13,11,9,11,17,3,9,22,7,13,11,5,11,11,7,19,12,8,2,11,14,8,6,15,12,12,30,8
"ENSG00000221883",9,14,12,4,10,21,16,12,9,29,18,13,19,22,13,12,16,19,22,18,5,17,12,20,4,16,15,8,13,7
"ENSG00000221886",13,61,20,24,13,30,29,11,15,22,8,15,38,10,52,44,4,15,32,13,9,36,30,15,11,29,15,9,48,43
"ENSG00000221887",4,28,7,5,15,37,28,12,20,16,13,23,31,17,37,27,37,38,44,11,6,10,37,15,6,11,10,17,29,18
"ENSG00000221899",42,52,37,22,28,37,80,47,37,178,110,76,72,72,63,24,56,84,124,49,36,61,42,130,10,55,44,64,62,40
"ENSG00000221909",18,68,39,31,29,54,60,26,55,21,38,46,53,35,73,57,16,56,44,47,11,38,55,19,20,43,37,59,43,63
"ENSG00000221916",9,8,9,0,2,10,9,5,5,9,5,9,14,9,5,4,8,6,11,5,10,13,11,15,1,10,7,7,5,6
"ENSG00000221944",10,6,6,3,8,4,8,7,3,23,3,14,8,7,12,4,13,9,11,6,3,4,11,8,1,5,8,7,4,9
"ENSG00000221963",282,693,228,258,195,232,319,582,619,99,211,296,123,218,357,438,89,371,168,389,300,312,155,86,115,216,307,355,328,475
"ENSG00000221968",58,34,56,50,36,60,54,81,119,92,49,63,52,55,68,96,63,82,44,67,129,79,95,45,10,45,45,113,21,29
"ENSG00000221983",1357,4021,3808,1477,2229,4770,3953,3203,3094,2741,2351,2577,4896,4306,3419,3292,3382,3179,4887,2217,1594,4174,4347,3250,2091,4349,3063,2558,2826,2955
"ENSG00000221990",49,87,36,31,48,54,43,55,62,137,32,57,49,70,52,36,36,81,92,45,9,60,32,62,18,54,63,32,41,28
"ENSG00000221995",181,241,125,100,82,204,213,229,190,304,210,159,194,218,160,179,146,95,286,227,176,287,95,158,65,126,128,258,126,213
"ENSG00000223496",210,248,266,60,218,339,252,211,395,195,192,182,313,307,237,357,228,294,160,208,111,256,238,162,69,235,323,231,130,136
"ENSG00000223526",7,23,8,13,4,7,9,14,11,19,9,11,6,8,17,13,0,14,6,12,2,14,13,5,4,14,14,10,14,15
"ENSG00000223547",2,20,29,19,1,9,13,4,6,4,4,8,10,11,27,34,6,27,8,10,3,6,10,4,5,27,22,5,18,12
"ENSG00000224051",93,63,47,9,22,42,26,52,19,16,42,31,47,62,31,45,45,36,19,56,78,27,27,26,15,27,55,55,16,26
"ENSG00000224236",11,48,37,42,28,39,45,38,40,26,19,39,44,40,46,46,15,41,38,25,14,42,43,17,30,54,33,17,43,41
"ENSG00000224383",12,24,50,11,17,39,27,18,30,26,29,17,26,24,38,35,30,48,24,28,17,15,27,14,4,36,26,20,12,18
"ENSG00000224420",37,26,14,6,16,28,17,27,17,103,12,34,16,24,20,24,45,27,37,21,13,30,21,37,3,8,23,21,8,5
"ENSG00000224470",551,576,705,399,379,581,563,483,496,428,584,742,516,656,891,890,207,791,317,808,557,613,569,165,315,724,656,539,616,698
"ENSG00000224557",4,22,52,3,11,10,13,1,5,8,54,14,29,17,20,7,33,40,8,1,17,6,14,9,13,47,12,2,7,7
"ENSG00000224694",171,294,335,99,237,408,365,217,308,334,218,282,604,337,310,386,372,333,370,290,134,320,455,335,103,294,274,288,232,237
"ENSG00000224877",102,293,111,101,123,225,148,165,191,194,63,181,249,146,156,147,121,189,291,81,59,211,267,138,62,180,214,69,128,150
"ENSG00000224975",12,9,17,6,12,13,14,21,19,29,12,43,13,9,14,20,6,39,26,13,8,32,8,12,7,30,20,20,22,26
"ENSG00000224997",20,17,11,12,13,25,20,27,13,52,14,18,18,15,21,18,10,36,15,22,9,23,9,8,5,21,23,15,19,24
"ENSG00000225138",43,233,142,58,117,93,106,128,172,310,42,51,160,174,126,92,35,100,159,32,35,283,167,21,57,143,56,33,103,96
"ENSG00000225190",25,40,17,12,22,28,15,27,34,25,16,38,38,23,33,32,10,38,11,17,22,31,23,15,11,28,26,12,17,26
"ENSG00000225307",9,15,13,11,9,12,13,9,17,23,7,17,13,10,14,22,10,28,11,10,9,9,9,11,8,23,12,16,21,18
"ENSG00000225485",19,55,8,34,4,36,53,25,26,38,70,14,25,75,32,36,12,38,9,85,30,62,22,12,9,9,29,120,4,29
"ENSG00000225556",13,1,30,2,8,37,16,16,4,7,13,10,68,13,11,22,53,11,8,16,44,8,59,12,2,8,10,24,3,20
"ENSG00000225566",4,6,12,1,5,10,10,2,6,10,4,7,7,9,8,9,3,8,15,3,1,4,6,11,2,3,2,3,9,10
"ENSG00000225614",104,104,15,104,50,42,34,59,76,231,22,27,81,62,319,86,7,128,17,226,29,96,64,35,39,93,20,66,71,36
"ENSG00000225663",62,93,96,48,95,109,51,81,99,117,68,52,181,108,120,114,135,166,57,88,44,100,107,43,29,89,84,45,52,42
"ENSG00000225921",129,266,170,108,110,225,147,181,208,89,84,197,265,150,201,205,140,178,190,208,120,177,204,80,65,183,146,313,184,178
"ENSG00000226049",17,68,42,32,33,32,37,29,33,18,20,33,45,23,57,36,17,68,17,58,13,36,38,12,13,43,30,37,44,42
"ENSG00000226138",67,78,64,35,43,61,69,83,58,36,34,47,63,55,60,70,71,73,50,52,47,88,54,47,29,66,49,77,62,52
"ENSG00000226232",3,6,1,4,3,3,7,7,6,10,3,19,3,6,4,6,4,11,3,3,2,8,6,4,0,10,2,7,7,13
"ENSG00000226372",9,12,17,14,17,15,14,21,11,40,14,32,21,37,16,21,12,29,13,13,15,23,14,20,6,16,21,17,19,18
"ENSG00000226397",5,24,18,1,6,33,37,13,3,2,15,19,9,20,9,29,6,35,23,6,4,10,8,18,1,16,12,11,2,13
"ENSG00000226650",35,81,49,43,25,47,70,56,80,11,26,34,32,43,79,56,14,56,36,48,19,38,31,17,17,43,86,69,62,84
"ENSG00000226742",8,5,49,5,61,48,53,22,16,18,54,15,73,86,30,55,17,7,19,47,24,5,45,8,3,55,7,8,19,27
"ENSG00000226777",22,26,10,27,1,48,1,0,62,3,25,15,37,10,32,54,27,47,135,130,8,5,21,2,9,95,29,46,53,120
"ENSG00000226848",0,13,4,3,1,5,3,2,9,11,0,4,14,0,3,9,0,1,10,1,2,12,14,2,2,7,4,0,12,15
"ENSG00000226924",3,7,10,4,2,14,3,3,10,12,1,2,11,5,17,12,7,6,8,4,0,4,15,3,3,6,1,10,8,11
"ENSG00000226976",159,128,65,39,46,144,80,120,92,82,53,81,84,169,54,98,59,39,167,60,189,126,101,66,30,82,96,124,80,95
"ENSG00000226979",591,860,1455,772,1178,1245,757,976,1255,150,1344,706,1605,2126,1459,1727,794,936,677,578,1627,619,902,715,1300,1328,595,425,566,319
"ENSG00000226982",17,10,14,9,8,10,22,13,16,9,12,14,3,10,20,14,8,13,14,26,24,9,5,4,6,13,20,18,6,13
"ENSG00000227268",9,10,6,16,9,10,7,5,14,9,7,11,8,6,11,6,1,11,6,18,9,8,4,9,1,10,8,10,9,12
"ENSG00000227507",238,330,604,278,635,455,351,280,902,432,879,628,375,1312,296,302,687,653,509,140,199,517,333,1090,302,1180,316,61,327,127
"ENSG00000227571",339,215,227,53,128,183,213,305,168,247,339,168,228,268,165,189,216,204,108,286,362,238,152,132,73,195,194,195,118,142
"ENSG00000227808",9,11,18,15,13,24,14,12,8,33,3,20,8,20,16,11,2,29,8,8,7,27,20,4,4,24,25,5,22,14
"ENSG00000227825",39,33,55,19,23,35,39,18,28,25,66,30,22,55,58,70,26,40,20,59,94,47,17,16,22,58,48,25,24,21
"ENSG00000227976",6,5,9,1,8,11,10,10,9,21,11,17,8,15,9,13,12,14,12,11,6,7,12,10,3,16,10,11,5,5
"ENSG00000228253",916,926,59,242,163,216,216,120,107,135,205,101,107,50,167,72,204,356,90,88,269,74,240,728,36,174,34,1580,143,62
"ENSG00000228344",18,29,18,4,18,17,15,14,17,11,18,6,34,17,12,19,13,24,9,22,11,15,23,17,4,18,14,8,15,10
"ENSG00000228594",42,19,71,16,51,31,36,12,194,45,12,41,31,11,64,23,122,78,18,30,44,19,16,16,8,66,31,45,16,13
"ENSG00000228642",6,11,12,6,4,7,7,9,6,30,11,7,13,13,11,10,9,14,12,14,7,7,10,2,7,10,8,10,15,9
"ENSG00000228672",173,97,75,31,70,108,83,126,105,40,114,84,117,117,99,158,66,125,38,100,102,69,89,50,21,63,178,60,54,65
"ENSG00000228975",13,9,52,21,2,32,31,7,22,11,51,35,18,24,38,30,11,42,13,38,56,4,11,16,5,25,26,2,13,33
"ENSG00000229070",4,9,9,13,7,23,17,11,8,84,7,34,13,16,12,20,11,24,34,14,1,33,7,23,1,15,1,29,22,22
"ENSG00000229113",5,11,27,8,15,18,15,24,14,4,17,18,22,11,19,35,20,21,9,37,4,13,14,6,5,20,8,17,30,12
"ENSG00000229117",30,19,10,4,6,54,35,9,8,30,71,35,12,28,9,24,121,30,46,18,15,18,17,43,3,16,25,12,16,5
"ENSG00000229164",0,30,8,8,4,41,22,10,14,7,3,10,34,6,20,26,3,10,12,10,1,14,22,6,16,7,13,10,22,44
"ENSG00000229474",59,110,137,49,52,102,56,86,64,215,150,168,93,73,128,71,84,91,100,78,50,126,118,166,51,110,78,71,85,117
"ENSG00000229644",48,269,258,137,113,317,324,223,207,33,144,148,369,169,511,488,124,401,131,256,76,292,276,48,173,268,172,172,239,286
"ENSG00000229689",8,33,22,9,13,39,32,17,19,59,13,47,22,41,27,12,3,37,34,16,4,31,8,29,8,39,21,20,31,16
"ENSG00000229729",1,13,12,10,3,4,8,11,10,7,3,9,2,5,22,11,0,9,3,2,0,6,4,2,10,9,10,3,15,18
"ENSG00000229809",119,165,100,40,90,151,116,179,156,250,109,196,138,165,120,107,146,161,157,130,64,179,119,182,39,117,127,136,99,94
"ENSG00000229833",17,50,31,25,29,64,35,51,42,55,24,70,52,31,36,40,40,54,116,29,13,60,63,87,16,47,29,57,41,58
"ENSG00000230055",62,177,96,48,115,206,93,197,130,83,103,155,191,93,96,174,123,92,166,96,79,135,152,72,46,80,197,114,82,128
"ENSG00000230329",35,21,12,8,22,18,17,15,35,104,22,32,11,23,11,11,13,42,25,13,23,31,29,37,2,21,16,23,16,11
"ENSG00000230989",53,411,161,169,129,273,232,208,310,131,130,197,291,133,266,301,203,241,264,172,62,195,251,228,66,185,125,273,230,234
"ENSG00000231452",199,271,201,67,119,299,196,275,170,102,291,269,166,259,173,178,196,251,192,118,120,229,148,198,56,159,244,257,114,172
"ENSG00000231500",17,90,37,48,56,65,48,24,90,37,32,41,65,29,64,73,39,86,48,59,5,95,112,39,96,93,29,34,117,88
"ENSG00000232040",3,15,22,27,12,13,18,8,24,19,11,7,21,18,4,42,12,49,8,20,4,4,11,2,4,23,19,33,23,13
"ENSG00000232098",33,27,32,22,7,24,13,33,17,47,22,52,22,36,26,31,11,26,21,39,52,35,29,9,6,42,41,34,35,36
"ENSG00000232297",24,26,34,23,31,45,24,34,44,107,20,41,15,34,30,20,21,47,29,31,8,31,26,29,19,46,17,38,32,23
"ENSG00000232371",2,8,2,13,2,11,6,2,18,6,2,4,15,4,31,15,1,9,9,6,1,9,14,2,1,4,6,11,12,10
"ENSG00000232387",11,47,22,12,20,27,31,16,44,11,12,26,36,12,29,35,22,18,42,25,10,21,26,25,8,16,13,35,38,66
"ENSG00000232427",65,54,42,8,34,76,50,54,34,87,104,68,106,95,43,63,103,54,51,52,116,69,56,71,8,29,43,74,26,27
"ENSG00000232434",26,19,16,7,10,19,6,51,12,44,58,39,27,41,17,22,17,30,8,7,17,41,21,4,3,19,31,28,4,8
"ENSG00000232629",50,10,140,15,72,147,181,47,55,124,122,98,338,150,288,295,25,72,131,48,21,249,245,90,116,199,189,44,83,92
"ENSG00000232810",45,24,28,17,34,33,26,43,37,21,55,51,32,49,21,32,30,24,22,20,57,18,53,19,10,37,28,21,13,11
"ENSG00000232856",57,144,113,76,224,121,151,108,147,79,136,85,113,139,135,151,135,176,98,267,83,132,161,62,108,167,113,135,130,104
"ENSG00000232956",44,130,184,69,82,171,180,115,118,111,72,131,156,120,188,137,106,135,150,95,34,169,139,111,56,193,112,71,95,118
"ENSG00000233276",82,119,33,40,85,54,71,36,73,58,51,48,43,91,34,33,71,47,57,36,56,87,69,67,49,35,76,38,50,63
"ENSG00000233280",7,11,21,27,18,3,1,4,25,3,1,36,0,4,16,35,0,20,2,14,65,15,6,3,4,12,5,3,15,8
"ENSG00000233404",11,7,1,5,1,15,11,3,8,13,3,9,6,14,8,19,0,25,4,6,3,7,7,1,3,3,3,1,3,6
"ENSG00000233493",58,38,67,8,31,93,71,52,93,35,116,50,101,77,60,73,110,32,77,56,56,63,64,57,10,68,58,51,29,43
"ENSG00000233525",1,19,16,10,0,12,14,8,19,3,5,4,35,9,23,14,3,14,7,1,4,15,22,3,4,8,11,3,25,30
"ENSG00000233822",14,4,8,7,8,6,10,23,7,12,14,7,6,17,9,10,13,16,10,22,2,7,10,9,3,7,2,25,7,13
"ENSG00000233927",2,32,1,3,23,9,2,6,3,3,5,0,6,5,2,2,5,10,2,5,6,5,14,4,5,6,2,5,19,10
"ENSG00000233959",12,2,8,4,5,5,9,5,1,10,9,8,6,4,10,7,3,10,0,9,14,5,9,3,4,6,9,2,4,3
"ENSG00000234965",43,23,133,6,11,49,20,66,24,78,136,46,79,35,44,66,77,38,47,50,16,113,34,27,17,57,26,17,15,11
"ENSG00000235103",60,14,20,4,23,23,15,25,17,37,15,38,12,27,17,10,15,42,8,18,31,24,15,18,6,25,17,16,11,9
"ENSG00000235194",27,43,99,37,37,83,93,81,60,218,86,154,70,90,104,73,89,95,141,90,36,134,60,95,44,103,42,88,104,108
"ENSG00000235568",4,11,9,4,0,10,5,14,7,2,2,3,16,9,17,17,4,9,1,15,15,6,7,1,5,5,3,5,5,4
"ENSG00000235796",25,20,2,6,5,14,36,3,10,25,29,27,0,14,9,16,31,9,16,2,3,7,12,14,1,2,36,0,8,12
"ENSG00000235863",55,115,113,44,61,126,121,176,158,142,149,144,156,174,88,129,84,127,123,139,88,195,106,76,43,107,68,87,111,127
"ENSG00000235865",0,4,0,6,0,3,1,3,3,9,5,7,1,2,5,11,0,10,9,2,1,12,3,2,0,1,2,10,3,11
"ENSG00000235935",1,5,1,2,1,6,6,6,2,29,2,8,1,5,5,10,1,9,11,3,5,8,0,7,6,4,0,20,7,12
"ENSG00000236104",56,45,51,38,20,42,40,64,49,37,61,49,44,77,49,58,24,59,22,76,84,53,59,26,29,62,44,33,48,47
"ENSG00000236287",152,459,245,255,165,313,332,228,320,315,169,359,329,170,462,346,124,371,312,278,150,261,329,121,143,356,234,267,414,396
"ENSG00000236320",12,4,3,15,7,15,11,18,7,68,1,16,8,19,7,6,2,10,18,8,4,14,5,16,2,5,2,18,10,12
"ENSG00000236901",70,147,208,54,125,195,137,76,101,122,220,359,124,193,150,104,81,374,174,108,56,154,95,98,80,432,284,79,209,196
"ENSG00000237172",77,49,62,17,40,45,57,149,42,46,76,74,65,79,48,43,22,54,43,58,61,69,52,32,8,46,43,55,33,36
"ENSG00000237190",74,82,47,15,49,64,58,55,57,50,68,35,98,66,47,68,60,68,59,38,37,64,67,54,17,33,72,72,40,39
"ENSG00000237493",44,172,94,43,2,54,70,41,69,16,25,59,194,110,101,118,97,91,42,95,24,178,125,66,89,27,19,64,189,74
"ENSG00000237541",3,2,57,9,72,40,242,139,30,116,61,335,190,31,399,702,408,89,3,77,127,38,323,68,42,499,460,11,4,53
"ENSG00000237765",20,16,16,8,9,13,18,17,12,12,11,18,22,21,20,8,26,25,28,26,11,10,11,14,3,17,4,28,18,12
"ENSG00000237785",12,71,56,50,31,67,75,44,40,145,36,63,94,41,50,42,47,58,82,49,14,97,61,72,18,94,25,84,64,63
"ENSG00000237969",2,5,3,2,2,1,4,17,10,0,3,12,1,7,1,2,1,14,6,2,3,5,2,3,0,4,3,20,7,4
"ENSG00000238105",13,3,8,5,6,5,18,6,8,16,11,32,8,12,9,15,6,11,15,12,10,18,14,22,1,17,7,30,19,8
"ENSG00000238174",4,10,4,4,4,14,14,10,9,6,12,10,6,20,11,13,12,21,8,13,7,8,2,6,6,9,9,3,7,2
"ENSG00000239961",0,9,8,0,1,9,2,1,0,0,14,2,8,36,15,5,15,2,1,7,13,2,2,2,2,1,3,1,0,0
"ENSG00000240065",515,1769,539,509,218,1002,654,1127,1166,425,421,518,1077,663,967,1187,443,547,754,633,303,1002,941,441,300,638,587,632,1026,1100
"ENSG00000240184",133,65,70,128,103,66,25,94,68,27,47,57,22,51,9,114,23,148,13,34,130,89,43,48,78,174,114,14,14,89
"ENSG00000240230",6,15,10,0,5,10,8,11,10,3,7,12,11,13,9,12,2,4,9,9,4,4,11,2,2,9,5,13,7,12
"ENSG00000240505",1143,1677,1672,990,739,1305,1671,3204,1986,1380,1488,2115,1285,1615,1410,1575,1086,1449,2354,1942,993,2503,1032,2283,512,1159,1291,2099,1913,1978
"ENSG00000240563",124,36,1,14,0,0,0,0,0,4,1,0,9,2,15,0,2,2,48,2,1,12,0,0,97,0,0,1,3,66
"ENSG00000240857",11,141,48,49,14,74,68,29,71,16,18,77,79,42,92,111,34,72,80,26,3,59,76,39,30,55,37,30,83,85
"ENSG00000241043",9,21,16,13,4,15,14,12,12,15,7,14,8,7,12,21,5,15,19,9,4,8,17,5,5,15,14,17,18,10
"ENSG00000241058",7,31,12,15,9,33,20,30,20,18,19,22,20,17,27,25,17,23,38,15,14,26,9,18,7,16,19,23,24,27
"ENSG00000241370",6,18,21,5,10,26,9,17,13,15,20,9,38,14,20,23,25,29,18,18,1,24,20,27,3,13,4,11,14,9
"ENSG00000241399",19,21,22,30,10,29,36,18,58,26,33,35,45,18,64,43,23,40,31,62,9,24,21,18,15,33,17,18,42,63
"ENSG00000241519",1271,1437,1557,672,694,1283,1443,1947,1080,647,1551,2058,1298,1728,1225,1356,921,1562,950,2119,1369,1048,926,694,432,1575,1813,1537,1315,1692
"ENSG00000242110",12,28,9,7,2,20,12,19,34,4,6,2,17,15,15,18,4,23,9,10,3,13,6,2,4,10,6,13,10,13
"ENSG00000242114",54,109,105,20,47,139,117,119,94,29,123,45,142,146,83,171,117,85,45,93,75,99,99,50,53,97,114,88,64,85
"ENSG00000242259",21,24,37,5,21,49,37,27,37,55,34,17,64,31,23,49,31,44,44,29,12,35,32,44,11,21,32,28,24,13
"ENSG00000242372",103,123,103,64,62,97,97,107,100,46,89,46,122,121,103,93,105,115,57,97,87,95,132,64,43,127,98,78,64,81
"ENSG00000242550",5,57,44,11,27,46,33,2,9,5,26,4,64,17,27,31,18,45,3,10,18,1,49,9,40,46,21,3,14,13
"ENSG00000242574",68,710,250,84,225,400,187,175,237,218,169,390,302,366,422,234,172,731,320,162,85,276,285,167,132,531,241,160,338,210
"ENSG00000242732",24,30,33,21,35,10,20,12,34,77,14,3,6,19,18,28,13,58,7,13,67,26,18,7,11,53,15,4,11,2
"ENSG00000243056",12,6,41,1,19,49,29,5,17,18,46,6,60,19,43,33,85,25,12,27,73,16,40,11,4,27,5,4,4,9
"ENSG00000243364",27,35,46,22,17,41,42,56,38,36,62,67,47,47,32,31,56,46,77,24,32,54,33,44,29,37,47,58,36,38
"ENSG00000243449",51,53,62,3,51,87,40,100,75,62,66,62,90,57,20,61,127,64,87,28,81,93,49,150,13,45,50,56,13,21
"ENSG00000243477",10,13,13,5,11,11,11,15,7,31,12,11,13,15,8,8,15,12,11,25,10,23,5,12,1,9,21,22,4,9
"ENSG00000243710",15,28,17,23,3,9,13,12,7,61,5,9,0,27,16,10,5,12,2,13,17,11,4,11,5,11,17,16,20,12
"ENSG00000243749",2,22,12,13,2,36,16,12,19,14,1,7,19,10,21,19,9,13,12,1,2,20,27,6,5,10,16,4,23,9
"ENSG00000243811",9,18,11,10,6,11,16,27,14,8,8,20,15,10,18,13,8,17,8,11,12,16,19,7,3,16,11,15,17,22
"ENSG00000243927",159,647,296,236,213,438,321,497,498,253,220,428,480,276,380,356,276,447,583,315,115,534,442,254,166,339,287,312,467,504
"ENSG00000244187",77,48,15,16,19,32,27,35,30,24,47,30,38,47,25,25,62,24,29,24,38,55,34,34,9,23,22,44,30,28
"ENSG00000244291",10,57,76,34,66,107,77,65,58,58,30,52,99,61,71,104,102,104,100,53,53,53,108,73,46,42,27,54,79,39
"ENSG00000244462",157,129,96,105,94,97,104,145,142,29,116,98,94,89,166,233,79,200,28,259,154,58,97,32,49,115,176,209,71,114
"ENSG00000244509",106,216,74,89,68,129,135,176,127,82,68,157,87,119,117,117,62,137,156,165,66,209,55,60,45,113,110,149,124,155
"ENSG00000244617",11,9,13,4,1,7,6,11,3,30,3,24,17,8,4,9,5,6,8,4,1,12,6,2,2,5,3,8,7,17
"ENSG00000245317",3,1,11,4,11,12,12,4,5,17,14,13,22,8,10,11,5,11,12,17,1,8,14,16,3,8,5,10,6,5
"ENSG00000245680",0,12,8,4,1,4,5,4,7,5,2,2,13,8,14,14,1,12,6,11,1,2,5,0,4,10,5,4,10,8
"ENSG00000247746",37,76,47,38,17,26,55,17,43,31,26,25,33,27,41,41,44,54,41,41,14,46,27,25,20,30,33,50,50,40
"ENSG00000248098",500,520,904,228,540,659,795,803,620,254,865,425,758,987,738,891,618,585,239,1044,540,567,547,216,367,636,591,858,458,631
"ENSG00000248099",33,12,9,9,9,23,13,22,4,107,8,12,7,17,8,5,9,6,19,9,14,19,4,57,2,12,14,9,7,12
"ENSG00000248485",7,19,4,1,1,5,8,8,48,8,18,13,4,1,25,15,11,10,29,34,1,6,22,2,6,11,1,72,33,22
"ENSG00000248541",11,16,11,15,8,22,12,19,9,98,34,11,8,10,22,9,10,18,27,16,19,7,17,12,4,8,6,30,7,12
"ENSG00000249115",320,325,343,165,158,362,301,269,282,322,281,204,286,332,274,332,163,307,265,301,161,290,238,168,96,291,378,244,179,252
"ENSG00000249124",486,318,333,86,288,377,346,399,361,350,318,319,519,559,344,326,531,266,559,338,615,501,429,342,125,300,372,568,216,232
"ENSG00000249233",33,8,12,23,8,9,8,6,19,58,4,10,4,37,8,8,1,13,19,42,7,19,14,3,14,23,40,18,27,9
"ENSG00000249471",71,94,70,36,47,78,65,77,94,50,62,57,86,93,91,87,71,87,40,73,121,70,59,35,41,76,84,74,63,75
"ENSG00000249679",3,0,3,0,27,5,14,5,3,16,25,39,1,11,1,1,44,5,10,9,2,7,4,21,0,8,23,2,3,3
"ENSG00000249760",16,69,31,31,4,30,30,30,20,9,24,22,39,25,69,53,21,45,22,51,18,14,32,20,11,49,33,30,44,30
"ENSG00000249992",1,2,9,1,10,211,12,10,10,0,18,2,49,9,11,106,10,17,2,7,5,41,36,2,0,6,1,108,0,9
"ENSG00000250254",7,12,14,5,7,41,55,23,11,12,13,52,10,23,17,12,18,9,55,9,10,19,18,30,3,9,18,16,10,22
"ENSG00000250317",4,28,23,13,9,22,12,19,22,7,15,22,30,11,30,23,19,18,18,10,0,23,47,8,14,32,23,8,46,38
"ENSG00000250479",313,367,339,46,274,268,276,338,65,89,321,405,441,403,138,178,723,198,622,89,265,272,273,617,175,300,475,175,165,184
"ENSG00000250486",10,21,14,13,9,16,27,13,13,63,4,25,21,19,32,12,5,20,43,16,5,23,10,30,4,19,12,43,19,42
"ENSG00000250959",16,7,12,5,5,9,6,6,4,37,17,15,2,8,6,6,10,12,6,11,9,12,7,3,5,8,7,7,8,11
"ENSG00000251247",1,16,14,8,4,6,24,2,17,17,2,13,19,7,20,12,5,27,13,10,1,13,25,5,8,19,11,8,21,9
"ENSG00000251369",34,54,114,42,54,70,94,62,65,83,81,50,48,83,104,102,34,102,40,103,44,74,73,32,38,87,69,72,54,72
"ENSG00000253159",12,11,24,21,4,28,14,5,1,7,18,4,1,4,18,37,7,40,3,10,67,19,4,4,24,10,22,18,2,4
"ENSG00000253200",28,48,33,28,21,55,34,26,35,169,22,44,27,26,41,38,24,68,25,36,21,54,33,37,14,42,36,48,52,44
"ENSG00000253251",2,41,14,18,14,19,17,12,14,11,4,16,34,14,16,23,5,13,16,5,4,16,24,8,4,13,5,14,26,15
"ENSG00000253276",220,263,158,108,198,163,164,186,220,98,176,110,248,201,186,160,164,287,117,162,162,100,178,73,71,162,182,137,101,103
"ENSG00000253506",127,350,248,107,126,315,413,108,187,135,254,201,334,345,244,355,470,254,203,139,123,372,353,603,190,249,128,116,264,171
"ENSG00000253669",3,16,4,2,3,8,12,8,5,9,4,16,2,12,3,5,2,8,14,9,2,5,2,12,2,5,10,7,13,22
"ENSG00000253719",455,1543,989,860,629,1038,1128,879,1515,538,790,1050,1354,758,1776,1261,478,1567,748,921,483,919,1214,612,468,1209,976,629,1267,1241
"ENSG00000253731",9,2,7,13,3,8,4,7,3,23,6,3,5,1,4,8,5,20,8,5,13,11,1,0,2,4,3,8,7,5
"ENSG00000253831",89,36,16,1,18,30,7,38,3,32,11,21,17,36,15,62,92,18,12,14,41,23,115,17,13,5,23,10,21,13
"ENSG00000253846",4,2,13,10,11,4,3,27,13,4,2,4,7,1,6,9,2,12,4,5,10,17,4,6,5,10,16,13,3,9
"ENSG00000253873",14,7,7,20,18,10,5,21,4,9,7,3,3,10,11,14,5,6,3,15,3,11,8,5,6,16,11,4,1,7
"ENSG00000253910",5,3,13,8,2,10,6,9,13,12,1,4,2,4,5,8,0,5,9,17,25,5,1,1,6,6,5,7,2,10
"ENSG00000253950",1565,1260,2220,485,1206,1654,1728,1213,1080,930,1982,1211,1700,2102,1339,1784,2008,1557,969,1736,3013,1931,1321,1213,875,1433,1340,1494,840,1053
"ENSG00000253954",25,13,4,6,7,18,15,7,16,5,13,16,6,13,4,9,10,7,18,7,10,5,16,15,3,9,31,5,6,14
"ENSG00000253958",3,21,19,1,2,24,11,28,7,9,18,7,33,23,9,17,26,20,8,15,6,13,19,5,0,4,7,24,6,5
"ENSG00000254004",3,7,6,5,1,10,7,5,4,9,21,7,5,12,11,12,10,13,10,20,8,5,7,1,6,11,11,10,6,7
"ENSG00000254128",2,29,12,23,4,44,10,15,56,37,4,8,25,17,45,33,23,23,22,40,30,20,11,15,6,12,11,25,15,11
